# IR Spectrum
# X-Axis:  Frequency (cm-1)
# Y-Axis:  &epsilon; (M-1 cm-1)

# Peak information
#                  X                   Y
#     107.7861000000      215.6440027598
#     218.5379000000       53.2569772194
#     349.1028000000       17.3790515550
#     406.4427000000        6.4114188268
#     524.4709000000       11.6296055284
#     541.4722000000       57.8658094449
#     658.1104000000      197.1959310128
#     843.2977000000       88.9321561055
#     972.6845000000      248.1959861546
#    1112.8422000000      350.4890406104
#    1174.0632000000      946.5538698043
#    1193.5486000000      344.5218285135
#    1300.7522000000      403.4794406917
#    1304.7320000000      393.0849754125
#    1439.1546000000       58.1904342927
#    1473.9248000000       29.2734938663
#    3093.7475000000       18.0450503069
#    3166.8488000000        8.0208730386

# Spectra
#                  X                   Y               DY/DX
        0.0000000000        0.0276926240        0.0005131374
        1.0000000000        0.0282129783        0.0005276613
        2.0000000000        0.0287481310        0.0005427384
        3.0000000000        0.0292986482        0.0005583950
        4.0000000000        0.0298651235        0.0005746594
        5.0000000000        0.0304481794        0.0005915613
        6.0000000000        0.0310484690        0.0006091322
        7.0000000000        0.0316666779        0.0006274055
        8.0000000000        0.0323035260        0.0006464167
        9.0000000000        0.0329597698        0.0006662034
       10.0000000000        0.0336362046        0.0006868055
       11.0000000000        0.0343336667        0.0007082654
       12.0000000000        0.0350530363        0.0007306282
       13.0000000000        0.0357952401        0.0007539419
       14.0000000000        0.0365612541        0.0007782575
       15.0000000000        0.0373521072        0.0008036294
       16.0000000000        0.0381688843        0.0008301155
       17.0000000000        0.0390127301        0.0008577776
       18.0000000000        0.0398848535        0.0008866818
       19.0000000000        0.0407865311        0.0009168984
       20.0000000000        0.0417191127        0.0009485027
       21.0000000000        0.0426840258        0.0009815752
       22.0000000000        0.0436827813        0.0010162023
       23.0000000000        0.0447169793        0.0010524761
       24.0000000000        0.0457883154        0.0010904958
       25.0000000000        0.0468985880        0.0011303674
       26.0000000000        0.0480497055        0.0011722052
       27.0000000000        0.0492436945        0.0012161316
       28.0000000000        0.0504827088        0.0012622786
       29.0000000000        0.0517690391        0.0013107881
       30.0000000000        0.0531051234        0.0013618131
       31.0000000000        0.0544935587        0.0014155187
       32.0000000000        0.0559371136        0.0014720831
       33.0000000000        0.0574387419        0.0015316989
       34.0000000000        0.0590015978        0.0015945744
       35.0000000000        0.0606290522        0.0016609352
       36.0000000000        0.0623247112        0.0017310260
       37.0000000000        0.0640924358        0.0018051123
       38.0000000000        0.0659363635        0.0018834825
       39.0000000000        0.0678609330        0.0019664505
       40.0000000000        0.0698709106        0.0020543580
       41.0000000000        0.0719714194        0.0021475777
       42.0000000000        0.0741679720        0.0022465166
       43.0000000000        0.0764665067        0.0023516193
       44.0000000000        0.0788734270        0.0024633728
       45.0000000000        0.0813956466        0.0025823110
       46.0000000000        0.0840406384        0.0027090196
       47.0000000000        0.0868164899        0.0028441428
       48.0000000000        0.0897319645        0.0029883898
       49.0000000000        0.0927965706        0.0031425426
       50.0000000000        0.0960206386        0.0033074649
       51.0000000000        0.0994154075        0.0034841120
       52.0000000000        0.1029931227        0.0036735430
       53.0000000000        0.1067671452        0.0038769332
       54.0000000000        0.1107520763        0.0040955901
       55.0000000000        0.1149638979        0.0043309704
       56.0000000000        0.1194201316        0.0045847005
       57.0000000000        0.1241400197        0.0048586001
       58.0000000000        0.1291447322        0.0051547093
       59.0000000000        0.1407917733        0.0055546765
       60.0000000000        0.1465186755        0.0059038798
       61.0000000000        0.1526095403        0.0062831180
       62.0000000000        0.1590960176        0.0066956893
       63.0000000000        0.1660132715        0.0071453353
       64.0000000000        0.1734004584        0.0076363117
       65.0000000000        0.1813012821        0.0081734729
       66.0000000000        0.1897646410        0.0087623717
       67.0000000000        0.1988453845        0.0094093794
       68.0000000000        0.2086052013        0.0101218293
       69.0000000000        0.2191136651        0.0109081901
       70.0000000000        0.2304494720        0.0117782754
       71.0000000000        0.2427019075        0.0127434986
       72.0000000000        0.2559725978        0.0138171839
       73.0000000000        0.2703776046        0.0150149488
       74.0000000000        0.2860499455        0.0163551751
       75.0000000000        0.3031426406        0.0178595943
       76.0000000000        0.3218324133        0.0195540169
       77.0000000000        0.3423242096        0.0214692489
       78.0000000000        0.3648567494        0.0236422485
       79.0000000000        0.3897093850        0.0261175981
       80.0000000000        0.4172106274        0.0289493881
       81.0000000000        0.4477488179        0.0322036477
       82.0000000000        0.4817855768        0.0359615052
       83.0000000000        0.5198728785        0.0403233299
       84.0000000000        0.5626749023        0.0454142093
       85.0000000000        0.6109962259        0.0513912569
       86.0000000000        0.6658185267        0.0584534589
       87.0000000000        0.7283488052        0.0668550745
       88.0000000000        0.8000833793        0.0769240725
       89.0000000000        0.8828937007        0.0890877777
       90.0000000000        0.9791427164        0.1039089690
       91.0000000000        1.0918444963        0.1221373025
       92.0000000000        1.2248858957        0.1447834691
       93.0000000000        1.3833382596        0.1732274458
       94.0000000000        1.5739013890        0.2093783508
       95.0000000000        1.8055438918        0.2559128674
       96.0000000000        2.0904376077        0.3166332534
       97.0000000000        2.4453339862        0.3970050393
       98.0000000000        2.8936007072        0.5049542717
       99.0000000000        3.4682192810        0.6520015534
      100.0000000000        4.2160821773        0.8546990107
      101.0000000000        5.2036968078        1.1358308500
      102.0000000000        6.5231510564        1.5230713190
      103.0000000000        8.2926803773        2.0374811036
      104.0000000000       10.6328980838        2.6513635295
      105.0000000000       13.5705688929        3.1795463401
      106.0000000000       16.8011050622        3.1253422329
      107.0000000000       19.3999138371        1.8344038738
      108.0000000000       20.0914982173       -0.5350748559
      109.0000000000       18.4510994904       -2.5615112359
      110.0000000000       15.4275887844       -3.2650740566
      111.0000000000       12.2502393100       -2.9870210085
      112.0000000000        9.5580532839       -2.3824651699
      113.0000000000        7.4747727951       -1.8011635268
      114.0000000000        5.9139636930       -1.3421637504
      115.0000000000        4.7500344996       -1.0037578097
      116.0000000000        3.8751353195       -0.7593718844
      117.0000000000        3.2087306046       -0.5828871117
      118.0000000000        2.6934745936       -0.4542591711
      119.0000000000        2.2890469279       -0.3592727879
      120.0000000000        1.9670223840       -0.2881069901
      121.0000000000        1.7071673477       -0.2340061595
      122.0000000000        1.4948949284       -0.1922967472
      123.0000000000        1.3195428030       -0.1597117125
      124.0000000000        1.1732080549       -0.1339384272
      125.0000000000        1.0499532894       -0.1133179653
      126.0000000000        0.9452599772       -0.0966443729
      127.0000000000        0.8556474275       -0.0830295483
      128.0000000000        0.7784038043       -0.0718112984
      129.0000000000        0.7113938042       -0.0624900268
      130.0000000000        0.6529194277       -0.0546846004
      131.0000000000        0.6016179740       -0.0481012074
      132.0000000000        0.5563864503       -0.0425111192
      133.0000000000        0.5163249471       -0.0377346274
      134.0000000000        0.4806937849       -0.0336293132
      135.0000000000        0.4488807679       -0.0300813905
      136.0000000000        0.4203759331       -0.0269992531
      137.0000000000        0.3947519109       -0.0243086196
      138.0000000000        0.3716485261       -0.0219488478
      139.0000000000        0.3507606319       -0.0198701122
      140.0000000000        0.3318284286       -0.0180312259
      141.0000000000        0.3146297065       -0.0163979467
      142.0000000000        0.2989735916       -0.0149416499
      143.0000000000        0.2846954719       -0.0136382813
      144.0000000000        0.2716528584       -0.0124675262
      145.0000000000        0.2597219895       -0.0114121452
      146.0000000000        0.2487950325       -0.0104574406
      147.0000000000        0.2387777650       -0.0095908245
      148.0000000000        0.2295876464       -0.0088014686
      149.0000000000        0.2211522066       -0.0080800172
      150.0000000000        0.2134076948       -0.0074183517
      151.0000000000        0.2062979428       -0.0068093965
      152.0000000000        0.1997734048       -0.0062469572
      153.0000000000        0.1937903459       -0.0057255864
      154.0000000000        0.1883101530       -0.0052404706
      155.0000000000        0.1832987495       -0.0047873356
      156.0000000000        0.1787260980       -0.0043623650
      157.0000000000        0.1745657771       -0.0039621326
      158.0000000000        0.1707946220       -0.0035835422
      159.0000000000        0.1673924201       -0.0032237776
      160.0000000000        0.1643416542       -0.0028802574
      161.0000000000        0.1616272875       -0.0025505961
      162.0000000000        0.1592365853       -0.0022325692
      163.0000000000        0.1571589705       -0.0019240814
      164.0000000000        0.1553859086       -0.0016231379
      165.0000000000        0.1539108210       -0.0013278174
      166.0000000000        0.1527290242       -0.0010362466
      167.0000000000        0.1518376947       -0.0007465751
      168.0000000000        0.1512358580       -0.0004569508
      169.0000000000        0.1509244031       -0.0001654949
      170.0000000000        0.1509061217        0.0001297241
      171.0000000000        0.1511857752        0.0004307185
      172.0000000000        0.1517701896        0.0007396105
      173.0000000000        0.1526683821        0.0010586662
      174.0000000000        0.1538917228        0.0013903318
      175.0000000000        0.1554541357        0.0017372763
      176.0000000000        0.1573723447        0.0021024394
      177.0000000000        0.1596661722        0.0024890885
      178.0000000000        0.1623588988        0.0029008845
      179.0000000000        0.1654776949        0.0033419604
      180.0000000000        0.1690541384        0.0038170152
      181.0000000000        0.1731248350        0.0043314262
      182.0000000000        0.1777321628        0.0048913857
      183.0000000000        0.1829251670        0.0055040664
      184.0000000000        0.1887606390        0.0061778250
      185.0000000000        0.1953044208        0.0069224528
      186.0000000000        0.2026329897        0.0077494863
      187.0000000000        0.2108353895        0.0086725947
      188.0000000000        0.2200155981        0.0097080673
      189.0000000000        0.2302954427        0.0108754288
      190.0000000000        0.2451381994        0.0122399311
      191.0000000000        0.2581152460        0.0137475239
      192.0000000000        0.2727061307        0.0154740320
      193.0000000000        0.2891504717        0.0174623637
      194.0000000000        0.3077357026        0.0197656646
      195.0000000000        0.3288087112        0.0224502616
      196.0000000000        0.3527908927        0.0255995997
      197.0000000000        0.3801977917        0.0293195601
      198.0000000000        0.4116649756        0.0337457165
      199.0000000000        0.4479824595        0.0390533439
      200.0000000000        0.4901409964        0.0454713833
      201.0000000000        0.5393950244        0.0533021538
      202.0000000000        0.5973492792        0.0629495196
      203.0000000000        0.6660794388        0.0749596317
      204.0000000000        0.7483023185        0.0900805782
      205.0000000000        0.8476190490        0.1093507041
      206.0000000000        0.9688668869        0.1342306119
      207.0000000000        1.1186339304        0.1668015373
      208.0000000000        1.3060185853        0.2100628168
      209.0000000000        1.5437532183        0.2683700092
      210.0000000000        1.8498515484        0.3480466201
      211.0000000000        2.2499410342        0.4581177052
      212.0000000000        2.7802513633        0.6107627341
      213.0000000000        3.4903483667        0.8199060352
      214.0000000000        4.4416925630        1.0929602540
      215.0000000000        5.6897186527        1.4032225790
      216.0000000000        7.2209022715        1.6255359010
      217.0000000000        8.8158689761        1.4707406086
      218.0000000000        9.9348382463        0.6536508901
      219.0000000000        9.9807397597       -0.5675448806
      220.0000000000        8.9248033993       -1.4343180895
      221.0000000000        7.3424028845       -1.6324334589
      222.0000000000        5.7941797127       -1.4265290921
      223.0000000000        4.5218472921       -1.1167391002
      224.0000000000        3.5488289057       -0.8391933476
      225.0000000000        2.8218882616       -0.6252807763
      226.0000000000        2.2790486604       -0.4688427112
      227.0000000000        1.8696900009       -0.3560165610
      228.0000000000        1.5566499568       -0.2743983553
      229.0000000000        1.3136072832       -0.2147307338
      230.0000000000        1.1220612720       -0.1705115200
      231.0000000000        0.9689437248       -0.1372596732
      232.0000000000        0.8449246933       -0.1118904786
      233.0000000000        0.7432551455       -0.0922650595
      234.0000000000        0.6589846048       -0.0768837709
      235.0000000000        0.5884311583       -0.0646815948
      236.0000000000        0.5288194830       -0.0548920173
      237.0000000000        0.4780308667       -0.0469560038
      238.0000000000        0.4344284219       -0.0404605718
      239.0000000000        0.3967333032       -0.0350968719
      240.0000000000        0.3639359268       -0.0306312343
      241.0000000000        0.3352315044       -0.0268849251
      242.0000000000        0.3099726757       -0.0237198190
      243.0000000000        0.2876343102       -0.0210281377
      244.0000000000        0.2677870717       -0.0187250191
      245.0000000000        0.2500773623       -0.0167430741
      246.0000000000        0.2342119610       -0.0150283616
      247.0000000000        0.2213660534       -0.0135195801
      248.0000000000        0.2085123424       -0.0122166589
      249.0000000000        0.1968796238       -0.0110732429
      250.0000000000        0.1863206551       -0.0100655673
      251.0000000000        0.1767098347       -0.0091739646
      252.0000000000        0.1679395205       -0.0083820668
      253.0000000000        0.1599170550       -0.0076761797
      254.0000000000        0.1525623490       -0.0070447882
      255.0000000000        0.1458059059       -0.0064781635
      256.0000000000        0.1395871990       -0.0059680480
      257.0000000000        0.1338533309       -0.0055074029
      258.0000000000        0.1285579209       -0.0050902028
      259.0000000000        0.1236601775       -0.0047112697
      260.0000000000        0.1191241214       -0.0043661365
      261.0000000000        0.1149179327       -0.0040509352
      262.0000000000        0.1110133988       -0.0037623047
      263.0000000000        0.1073854473       -0.0034973142
      264.0000000000        0.1040117487       -0.0032533993
      265.0000000000        0.1008723767       -0.0030283093
      266.0000000000        0.0979495185       -0.0028200616
      267.0000000000        0.0952272253       -0.0026269050
      268.0000000000        0.0801477676       -0.0022908010
      269.0000000000        0.0779402045       -0.0021262328
      270.0000000000        0.0758916848       -0.0019725205
      271.0000000000        0.0739919129       -0.0018285639
      272.0000000000        0.0722316356       -0.0016933750
      273.0000000000        0.0706025381       -0.0015660633
      274.0000000000        0.0690971526       -0.0014458232
      275.0000000000        0.0677087791       -0.0013319231
      276.0000000000        0.0664314163       -0.0012236955
      277.0000000000        0.0652597015       -0.0011205291
      278.0000000000        0.0641888590       -0.0010218610
      279.0000000000        0.0632146543       -0.0009271699
      280.0000000000        0.0623333554       -0.0008359711
      281.0000000000        0.0615416999       -0.0007478100
      282.0000000000        0.0608368659       -0.0006622583
      283.0000000000        0.0602164492       -0.0005789092
      284.0000000000        0.0596784433       -0.0004973731
      285.0000000000        0.0592212240       -0.0004172743
      286.0000000000        0.0588435378       -0.0003382466
      287.0000000000        0.0585444935       -0.0002599307
      288.0000000000        0.0583235580       -0.0001819700
      289.0000000000        0.0581805542       -0.0001040074
      290.0000000000        0.0581156640       -0.0000256820
      291.0000000000        0.0581294338        0.0000533747
      292.0000000000        0.0582227837        0.0001335426
      293.0000000000        0.0583970209        0.0002152168
      294.0000000000        0.0586538573        0.0002988120
      295.0000000000        0.0589954313        0.0003847672
      296.0000000000        0.0594243342        0.0004735509
      297.0000000000        0.0599436433        0.0005656667
      298.0000000000        0.0605569597        0.0006616602
      299.0000000000        0.0612684537        0.0007621257
      300.0000000000        0.0620829183        0.0008677153
      301.0000000000        0.0630058312        0.0009791482
      302.0000000000        0.0640434274        0.0010972221
      303.0000000000        0.0652027841        0.0012228258
      304.0000000000        0.0664919195        0.0013569551
      305.0000000000        0.0679199079        0.0015007300
      306.0000000000        0.0694970147        0.0016554163
      307.0000000000        0.0712348542        0.0018224504
      308.0000000000        0.0731465745        0.0020034690
      309.0000000000        0.0752470750        0.0022003451
      310.0000000000        0.0775532640        0.0024152303
      311.0000000000        0.0800843617        0.0026506069
      312.0000000000        0.0828622615        0.0029093504
      313.0000000000        0.0859119602        0.0031948059
      314.0000000000        0.0892620727        0.0035108820
      315.0000000000        0.0929454509        0.0038621653
      316.0000000000        0.0969999307        0.0042540639
      317.0000000000        0.1014692391        0.0046929843
      318.0000000000        0.1064040994        0.0051865546
      319.0000000000        0.1118635876        0.0057439043
      320.0000000000        0.1179168046        0.0063760204
      321.0000000000        0.1246449517        0.0070962022
      322.0000000000        0.1321439226        0.0079206457
      323.0000000000        0.1405275630        0.0088692026
      324.0000000000        0.1499317996        0.0099663717
      325.0000000000        0.1605199103        0.0112426065
      326.0000000000        0.1724893067        0.0127360545
      327.0000000000        0.1860803377        0.0144948931
      328.0000000000        0.2015878228        0.0165804997
      329.0000000000        0.2193763079        0.0190717952
      330.0000000000        0.2399004544        0.0220712677
      331.0000000000        0.2637325868        0.0257134169
      332.0000000000        0.2916003422        0.0301767381
      333.0000000000        0.3244387459        0.0357009374
      334.0000000000        0.3634631487        0.0426119654
      335.0000000000        0.4102726894        0.0513588544
      336.0000000000        0.4669989411        0.0625685001
      337.0000000000        0.5365220560        0.0771277882
      338.0000000000        0.6227883141        0.0963070543
      339.0000000000        0.7312796733        0.1219442681
      340.0000000000        0.8697071201        0.1567117628
      341.0000000000        1.0490164036        0.2044717362
      342.0000000000        1.2847682944        0.2706415998
      343.0000000000        1.5987502521        0.3621745612
      344.0000000000        2.0198722989        0.4857654830
      345.0000000000        2.5808806065        0.6402625871
      346.0000000000        3.3011891037        0.7947574452
      347.0000000000        4.1378179931        0.8482124190
      348.0000000000        4.9047538430        0.6259882129
      349.0000000000        5.2727876104        0.0676815363
      350.0000000000        5.0247404700       -0.5340751325
      351.0000000000        4.3115393229       -0.8303834057
      352.0000000000        3.4685376323       -0.8185669829
      353.0000000000        2.7178433712       -0.6735242673
      354.0000000000        2.1251151325       -0.5148667552
      355.0000000000        1.6783728251       -0.3842907041
      356.0000000000        1.3454697461       -0.2866107414
      357.0000000000        1.0961866951       -0.2158116956
      358.0000000000        0.9072881075       -0.1647411353
      359.0000000000        0.7620674242       -0.1276366917
      360.0000000000        0.6487586930       -0.1003426069
      361.0000000000        0.5590839020       -0.0799730880
      362.0000000000        0.4871727376       -0.0645430568
      363.0000000000        0.4288125102       -0.0526824552
      364.0000000000        0.3809392513       -0.0434367853
      365.0000000000        0.3446160616       -0.0360912646
      366.0000000000        0.3115523197       -0.0302472729
      367.0000000000        0.2837518395       -0.0255153454
      368.0000000000        0.2602370049       -0.0216394388
      369.0000000000        0.2402516654       -0.0184289615
      370.0000000000        0.2232055587       -0.0157401692
      371.0000000000        0.2086343149       -0.0134632297
      372.0000000000        0.1961703600       -0.0115131111
      373.0000000000        0.1855215476       -0.0098230755
      374.0000000000        0.1764553450       -0.0083399656
      375.0000000000        0.1687870716       -0.0070207384
      376.0000000000        0.1623711434       -0.0058298684
      377.0000000000        0.1570945910       -0.0047373607
      378.0000000000        0.1528723406       -0.0037171859
      379.0000000000        0.1433824452       -0.0026680066
      380.0000000000        0.1411870771       -0.0017254956
      381.0000000000        0.1399294405       -0.0007890117
      382.0000000000        0.1566806342        0.0003769241
      383.0000000000        0.1575506599        0.0013716148
      384.0000000000        0.1594452794        0.0024306878
      385.0000000000        0.1624433684        0.0035839563
      386.0000000000        0.1666564280        0.0048672108
      387.0000000000        0.1722357323        0.0063246800
      388.0000000000        0.1793823515        0.0080123802
      389.0000000000        0.1883611390        0.0100027763
      390.0000000000        0.1995202870        0.0123913897
      391.0000000000        0.2133188487        0.0153063179
      392.0000000000        0.2303658236        0.0189221452
      393.0000000000        0.2514762565        0.0234805256
      394.0000000000        0.2777526485        0.0293209381
      395.0000000000        0.3107043200        0.0369268916
      396.0000000000        0.3524237506        0.0469951320
      397.0000000000        0.4058475252        0.0605372432
      398.0000000000        0.4751382742        0.0790202999
      399.0000000000        0.5662224302        0.1045311829
      400.0000000000        0.6874680933        0.1398603976
      401.0000000000        0.8502633285        0.1881071795
      402.0000000000        1.0685053210        0.2505734546
      403.0000000000        1.3539697228        0.3199492386
      404.0000000000        1.7008102337        0.3651099663
      405.0000000000        2.0535943178        0.3182612193
      406.0000000000        2.2856550605        0.1214634037
      407.0000000000        2.2695601844       -0.1517262501
      408.0000000000        2.0150408735       -0.3317189312
      409.0000000000        1.6568676232       -0.3639174894
      410.0000000000        1.3146448201       -0.3132189316
      411.0000000000        1.0362381259       -0.2437065557
      412.0000000000        0.8241359183       -0.1827912438
      413.0000000000        0.6658111498       -0.1361966337
      414.0000000000        0.5475341238       -0.1021964642
      415.0000000000        0.4582661512       -0.0776709636
      416.0000000000        0.3899468944       -0.0599061311
      417.0000000000        0.3368762617       -0.0468943484
      418.0000000000        0.2950472793       -0.0372297610
      419.0000000000        0.2616270511       -0.0299441243
      420.0000000000        0.2345905533       -0.0243705956
      421.0000000000        0.2124709395       -0.0200463395
      422.0000000000        0.1941907791       -0.0166464403
      423.0000000000        0.1789476655       -0.0139398349
      424.0000000000        0.1661360134       -0.0117599895
      425.0000000000        0.1552929886       -0.0099852765
      426.0000000000        0.1460606564       -0.0085257178
      427.0000000000        0.1381591422       -0.0073139289
      428.0000000000        0.1313673577       -0.0062988562
      429.0000000000        0.1255089903       -0.0054413931
      430.0000000000        0.1204421965       -0.0047112732
      431.0000000000        0.1160519356       -0.0040848434
      432.0000000000        0.1122442065       -0.0035434491
      433.0000000000        0.1089416715       -0.0030722497
      434.0000000000        0.1060803014       -0.0026593427
      435.0000000000        0.1036067820       -0.0022951071
      436.0000000000        0.1014764903       -0.0019717089
      437.0000000000        0.0996519053       -0.0016827242
      438.0000000000        0.0981013486       -0.0014228491
      439.0000000000        0.0967979810       -0.0011876761
      440.0000000000        0.0957189976       -0.0009735188
      441.0000000000        0.0948449774       -0.0007772750
      442.0000000000        0.0941593564       -0.0005963175
      443.0000000000        0.0936479966       -0.0004284079
      444.0000000000        0.0932988341       -0.0002716267
      445.0000000000        0.0931015882       -0.0001243179
      446.0000000000        0.0930475222        0.0000149569
      447.0000000000        0.0931292449        0.0001474555
      448.0000000000        0.0933405451        0.0002742857
      449.0000000000        0.0936762556        0.0003964304
      450.0000000000        0.0941321382        0.0005147688
      451.0000000000        0.0947047896        0.0006300938
      452.0000000000        0.0953915626        0.0007431270
      453.0000000000        0.0961905012        0.0008545313
      454.0000000000        0.0971002877        0.0009649219
      455.0000000000        0.0981201996        0.0010748754
      456.0000000000        0.0992500753        0.0011849384
      457.0000000000        0.1004902876        0.0012956346
      458.0000000000        0.1018417248        0.0014074714
      459.0000000000        0.1033057765        0.0015209462
      460.0000000000        0.1048843272        0.0016365513
      461.0000000000        0.1065797536        0.0017547801
      462.0000000000        0.1083949280        0.0018761313
      463.0000000000        0.1103332266        0.0020011144
      464.0000000000        0.1123985422        0.0021302545
      465.0000000000        0.1145953029        0.0022640974
      466.0000000000        0.1169284949        0.0024032149
      467.0000000000        0.1194036915        0.0025482100
      468.0000000000        0.1220270871        0.0026997231
      469.0000000000        0.1248055379        0.0028584383
      470.0000000000        0.1277466085        0.0030250898
      471.0000000000        0.1308586265        0.0032004705
      472.0000000000        0.1341507448        0.0033854395
      473.0000000000        0.1376330124        0.0035809320
      474.0000000000        0.1413164562        0.0037879700
      475.0000000000        0.1452131733        0.0040076744
      476.0000000000        0.1493364368        0.0042412785
      477.0000000000        0.1537008158        0.0044901442
      478.0000000000        0.1583223133        0.0047557799
      479.0000000000        0.1632185223        0.0050398618
      480.0000000000        0.1684088057        0.0053442575
      481.0000000000        0.1739145018        0.0056710552
      482.0000000000        0.1797591607        0.0060225965
      483.0000000000        0.1859688167        0.0064015150
      484.0000000000        0.1925723028        0.0068107828
      485.0000000000        0.1996016152        0.0072537645
      486.0000000000        0.2070923378        0.0077342818
      487.0000000000        0.2150841360        0.0082566911
      488.0000000000        0.2236213369        0.0088259758
      489.0000000000        0.2327536106        0.0094478587
      490.0000000000        0.2425367749        0.0101289376
      491.0000000000        0.2530337502        0.0108768507
      492.0000000000        0.2643156983        0.0117004797
      493.0000000000        0.2764633868        0.0126102005
      494.0000000000        0.2895688328        0.0136181943
      495.0000000000        0.3037372951        0.0147388360
      496.0000000000        0.3190897036        0.0159891838
      497.0000000000        0.3357656402        0.0173896000
      498.0000000000        0.3539270229        0.0189645436
      499.0000000000        0.4447715213        0.0216356025
      500.0000000000        0.4674034750        0.0236718016
      501.0000000000        0.4922099372        0.0259927855
      502.0000000000        0.5195020686        0.0286532861
      503.0000000000        0.5496522613        0.0317216292
      504.0000000000        0.5831097173        0.0352839181
      505.0000000000        0.6204209372        0.0394497615
      506.0000000000        0.6622569738        0.0443602063
      507.0000000000        0.7094501146        0.0501988644
      508.0000000000        0.7630438795        0.0572077168
      509.0000000000        0.8243620606        0.0657098540
      510.0000000000        0.8918589525        0.0761829427
      511.0000000000        0.9742819668        0.0891460321
      512.0000000000        1.0712697262        0.1054765348
      513.0000000000        1.1867456940        0.1263556320
      514.0000000000        1.3260519908        0.1534722303
      515.0000000000        1.4965692928        0.1892618426
      516.0000000000        1.7086213761        0.2372378710
      517.0000000000        1.9767480567        0.3023824135
      518.0000000000        2.3213182011        0.3913634402
      519.0000000000        2.7699499903        0.5116786766
      520.0000000000        3.3565056222        0.6669255600
      521.0000000000        4.1107672082        0.8413207190
      522.0000000000        5.0232464955        0.9646838675
      523.0000000000        5.9713639067        0.8809966355
      524.0000000000        6.6659695273        0.4510507860
      525.0000000000        6.8084932882       -0.1627699648
      526.0000000000        6.4162026368       -0.5612661078
      527.0000000000        5.8082451692       -0.6036623471
      528.0000000000        5.2786934581       -0.4354058483
      529.0000000000        4.9571370007       -0.2047019727
      530.0000000000        4.8693550562        0.0279416467
      531.0000000000        5.0114547770        0.2565296116
      532.0000000000        5.3862531172        0.4968923516
      533.0000000000        6.0173403752        0.7737643716
      534.0000000000        6.9562828218        1.1183804455
      535.0000000000        8.2893174439        1.5687978590
      536.0000000000       10.1428735503        2.1656901573
      537.0000000000       12.6769378741        2.9284013891
      538.0000000000       16.0308921071        3.7757466927
      539.0000000000       20.1418972120        4.3463519250
      540.0000000000       24.3648311575        3.8367829726
      541.0000000000       27.1957222593        1.5271970145
      542.0000000000       27.0757238579       -1.7561218442
      543.0000000000       24.0605683340       -3.9697773097
      544.0000000000       19.7496781565       -4.3983673796
      545.0000000000       15.6032706249       -3.8026935516
      546.0000000000       12.2192917520       -2.9651585304
      547.0000000000        9.6371588266       -2.2264698027
      548.0000000000        7.7080356394       -1.6600650670
      549.0000000000        6.2659931216       -1.2463590602
      550.0000000000        5.1769944767       -0.9478373482
      551.0000000000        4.3429915190       -0.7315949302
      552.0000000000        3.6945955385       -0.5732245009
      553.0000000000        3.1830135961       -0.4556164708
      554.0000000000        2.7737447324       -0.3669823685
      555.0000000000        2.4421245836       -0.2992023869
      556.0000000000        2.1702854656       -0.2466408226
      557.0000000000        1.9451013288       -0.2053414867
      558.0000000000        1.7567947739       -0.1724910397
      559.0000000000        1.5979848067       -0.1460618456
      560.0000000000        1.4630285177       -0.1245729925
      561.0000000000        1.3475602551       -0.1069288758
      562.0000000000        1.2481648866       -0.0923089358
      563.0000000000        1.1621431714       -0.0800914201
      564.0000000000        1.0873411897       -0.0698000211
      565.0000000000        1.0220248660       -0.0610660674
      566.0000000000        0.9647866232       -0.0536014176
      567.0000000000        0.9130749288       -0.0471613732
      568.0000000000        0.8687593310       -0.0416003194
      569.0000000000        0.8296358547       -0.0367554908
      570.0000000000        0.7950489113       -0.0325096970
      571.0000000000        0.7644487731       -0.0287675351
      572.0000000000        0.7373721831       -0.0254507997
      573.0000000000        0.7134269968       -0.0224949571
      574.0000000000        0.6922799326       -0.0198464154
      575.0000000000        0.6736467380       -0.0174603945
      576.0000000000        0.6572842483       -0.0152992523
      577.0000000000        0.6429839360       -0.0133311601
      578.0000000000        0.6305666451       -0.0115290469
      579.0000000000        0.6198782714       -0.0098697533
      580.0000000000        0.6107862051       -0.0083333486
      581.0000000000        0.6031763881       -0.0069025763
      582.0000000000        0.5969508741       -0.0055624010
      583.0000000000        0.5920257997       -0.0042996362
      584.0000000000        0.5883296945       -0.0031026359
      585.0000000000        0.5858020721       -0.0019610386
      586.0000000000        0.5843922569       -0.0008655516
      587.0000000000        0.5840584085        0.0001922303
      588.0000000000        0.5847667134        0.0012199800
      589.0000000000        0.5864907210        0.0022247709
      590.0000000000        0.5892108032        0.0032131928
      591.0000000000        0.5929137228        0.0041914534
      592.0000000000        0.5975922974        0.0051654692
      593.0000000000        0.6032451501        0.0061409472
      594.0000000000        0.6098765376        0.0071234605
      595.0000000000        0.6174962527        0.0081185189
      596.0000000000        0.6261195944        0.0091316366
      597.0000000000        0.6357674057        0.0101683981
      598.0000000000        0.6464661765        0.0112345237
      599.0000000000        0.6582482126        0.0123359366
      600.0000000000        0.6711518733        0.0134788318
      601.0000000000        0.6852218791        0.0146697496
      602.0000000000        0.7005096957        0.0159156536
      603.0000000000        0.7170739991        0.0172240160
      604.0000000000        0.7349812310        0.0186029119
      605.0000000000        0.7543062524        0.0200611238
      606.0000000000        0.7751331092        0.0216082595
      607.0000000000        0.7975559224        0.0232548853
      608.0000000000        0.8216799216        0.0250126792
      609.0000000000        0.8476226416        0.0268946052
      610.0000000000        0.8755153080        0.0289151166
      611.0000000000        0.9055044402        0.0310903905
      612.0000000000        0.9377537095        0.0334386027
      613.0000000000        0.9724460938        0.0359802490
      614.0000000000        1.0097863821        0.0387385239
      615.0000000000        1.0500040908        0.0417397686
      616.0000000000        1.0933568679        0.0450140019
      617.0000000000        1.1401344782        0.0485955541
      618.0000000000        1.1906634829        0.0525238252
      619.0000000000        1.2453127506        0.0568441973
      620.0000000000        1.3044999732        0.0616091358
      621.0000000000        1.3686993949        0.0668795259
      622.0000000000        1.4384510205        0.0727263023
      623.0000000000        1.5143716282        0.0792324456
      624.0000000000        1.5971680016        0.0864954406
      625.0000000000        1.6876529021        0.0946303213
      626.0000000000        1.7867644425        0.1037734617
      627.0000000000        1.8955897121        0.1140873249
      628.0000000000        2.0153937413        0.1257664492
      629.0000000000        2.1476552221        0.1390450429
      630.0000000000        2.2941108282        0.1542066872
      631.0000000000        2.4568105658        0.1715968219
      632.0000000000        2.6381873716        0.1916389365
      633.0000000000        2.8411452665        0.2148557355
      634.0000000000        3.0691718703        0.2418970426
      635.0000000000        3.3264831872        0.2735769235
      636.0000000000        3.6182115316        0.3109235406
      637.0000000000        3.9506516956        0.3552467814
      638.0000000000        4.3315865543        0.4082309656
      639.0000000000        4.7707221981        0.4720633414
      640.0000000000        5.2802757953        0.5496142518
      641.0000000000        5.8757789450        0.6446927792
      642.0000000000        6.5771887814        0.7624139475
      643.0000000000        7.4104440068        0.9097326556
      644.0000000000        8.4096719964        1.0962292791
      645.0000000000        9.6203594305        1.3352779099
      646.0000000000       11.1039623393        1.6457976169
      647.0000000000       12.9446784686        2.0548851582
      648.0000000000       15.2594611527        2.6017430512
      649.0000000000       18.2128069334        3.3433701607
      650.0000000000       22.0382107150        4.3621538511
      651.0000000000       27.0676303950        5.7737010379
      652.0000000000       33.7659635207        7.7265551115
      653.0000000000       42.7504999213       10.3643282129
      654.0000000000       54.7218520442       13.6648900069
      655.0000000000       70.1002672511       16.9748543591
      656.0000000000       87.9827445532       18.1474483504
      657.0000000000      104.4187514077       13.4509099469
      658.0000000000      112.3763666767        1.5484890410
      659.0000000000      107.1626620888      -11.3516377596
      660.0000000000       91.9491246739      -17.7496745393
      661.0000000000       73.9083988040      -17.5337755933
      662.0000000000       57.8198290863      -14.4412786235
      663.0000000000       45.1073367534      -11.0454819546
      664.0000000000       35.5214356557       -8.2476065350
      665.0000000000       28.3752464803       -6.1539551473
      666.0000000000       23.0213444065       -4.6365457312
      667.0000000000       18.9614934529       -3.5422673048
      668.0000000000       15.8373344694       -2.7475954408
      669.0000000000       13.3964438757       -2.1634060059
      670.0000000000       11.4612051659       -1.7278043161
      671.0000000000        9.9056410714       -1.3982174777
      672.0000000000        8.6393215321       -1.1452683956
      673.0000000000        7.5964442242       -0.9484969957
      674.0000000000        6.7284540540       -0.7934809669
      675.0000000000        5.9990284965       -0.6699195241
      676.0000000000        5.3806372167       -0.5703566490
      677.0000000000        4.8521537612       -0.4893242835
      678.0000000000        4.3971765239       -0.4227614462
      679.0000000000        4.0028331639       -0.3676158063
      680.0000000000        3.6589185171       -0.3215670512
      681.0000000000        3.3572653960       -0.2828324514
      682.0000000000        3.0912800108       -0.2500285478
      683.0000000000        2.8555951451       -0.2220716120
      684.0000000000        2.6867472357       -0.1975915417
      685.0000000000        2.4964620974       -0.1768826336
      686.0000000000        2.3287433086       -0.1589751596
      687.0000000000        2.1777404975       -0.1433842487
      688.0000000000        2.0413236837       -0.1297488743
      689.0000000000        1.9176901231       -0.1177730945
      690.0000000000        1.8053061130       -0.1072128385
      691.0000000000        1.7028604596       -0.0978656555
      692.0000000000        1.6092270266       -0.0895627034
      693.0000000000        1.5234344018       -0.0821624439
      694.0000000000        1.4446411867       -0.0755456485
      695.0000000000        1.3721157510       -0.0696114168
      696.0000000000        1.3052195591       -0.0642739839
      697.0000000000        1.2433933676       -0.0594601455
      698.0000000000        1.1861457445       -0.0551071694
      699.0000000000        1.1330434769       -0.0511610940
      700.0000000000        1.0837035203       -0.0475753342
      701.0000000000        1.0377862137       -0.0443095342
      702.0000000000        0.9781467009       -0.0411189060
      703.0000000000        0.9384091825       -0.0383961619
      704.0000000000        0.9012785920       -0.0359008825
      705.0000000000        0.8665394450       -0.0336096144
      706.0000000000        0.8339982622       -0.0315017302
      707.0000000000        0.8034809434       -0.0295590398
      708.0000000000        0.7748304991       -0.0277654610
      709.0000000000        0.7479050864       -0.0261067400
      710.0000000000        0.7225763030       -0.0245702133
      711.0000000000        0.6987277008       -0.0231446042
      712.0000000000        0.6762534885       -0.0218198489
      713.0000000000        0.6550573958       -0.0205869464
      714.0000000000        0.6350516764       -0.0194378294
      715.0000000000        0.6161562314       -0.0183652533
      716.0000000000        0.5982978365       -0.0173626986
      717.0000000000        0.5814094591       -0.0164242881
      718.0000000000        0.5654296540       -0.0155447130
      719.0000000000        0.5503020275       -0.0147191695
      720.0000000000        0.5359747605       -0.0139433029
      721.0000000000        0.5224001849       -0.0132131587
      722.0000000000        0.5095344048       -0.0125251400
      723.0000000000        0.4973369589       -0.0118759688
      724.0000000000        0.4857705180       -0.0112626537
      725.0000000000        0.4748006138       -0.0106824595
      726.0000000000        0.4643953959       -0.0101328816
      727.0000000000        0.4545254130       -0.0096116226
      728.0000000000        0.4451634165       -0.0091165717
      729.0000000000        0.4362841829       -0.0086457861
      730.0000000000        0.4278643542       -0.0081974751
      731.0000000000        0.4198822938       -0.0077699848
      732.0000000000        0.4123179556       -0.0073617853
      733.0000000000        0.4051527665       -0.0069714590
      734.0000000000        0.3983695196       -0.0065976896
      735.0000000000        0.3919522774       -0.0062392527
      736.0000000000        0.3858862846       -0.0058950070
      737.0000000000        0.3801578889       -0.0055638869
      738.0000000000        0.3747544688       -0.0052448948
      739.0000000000        0.3696643691       -0.0049370950
      740.0000000000        0.3648768420       -0.0046396074
      741.0000000000        0.3603819939       -0.0043516026
      742.0000000000        0.3561707376       -0.0040722967
      743.0000000000        0.3522347491       -0.0038009464
      744.0000000000        0.3485664287       -0.0035368455
      745.0000000000        0.3451588666       -0.0032793201
      746.0000000000        0.3420058117       -0.0030277259
      747.0000000000        0.3391016444       -0.0027814438
      748.0000000000        0.3364413524       -0.0025398774
      749.0000000000        0.3340205102       -0.0023024498
      750.0000000000        0.3318352603       -0.0020686004
      751.0000000000        0.3298822991       -0.0018377825
      752.0000000000        0.3281588635       -0.0016094604
      753.0000000000        0.3266627222       -0.0013831068
      754.0000000000        0.3253921675       -0.0011582005
      755.0000000000        0.3243460114       -0.0009342234
      756.0000000000        0.3235235832       -0.0007106585
      757.0000000000        0.3229247298       -0.0004869871
      758.0000000000        0.3225498188       -0.0002626861
      759.0000000000        0.3223997440       -0.0000372258
      760.0000000000        0.3224759333        0.0001899330
      761.0000000000        0.3227803598        0.0004193417
      762.0000000000        0.3233155553        0.0006515670
      763.0000000000        0.3240846273        0.0008871937
      764.0000000000        0.3250912782        0.0011268280
      765.0000000000        0.3263398292        0.0013711012
      766.0000000000        0.3278352463        0.0016206728
      767.0000000000        0.3295831712        0.0018762350
      768.0000000000        0.3315899559        0.0021385170
      769.0000000000        0.3338627015        0.0024082892
      770.0000000000        0.3364093029        0.0026863688
      771.0000000000        0.3392384973        0.0029736249
      772.0000000000        0.3423599200        0.0032709852
      773.0000000000        0.3457841658        0.0035794424
      774.0000000000        0.3495228580        0.0039000618
      775.0000000000        0.3535887245        0.0042339894
      776.0000000000        0.3579956839        0.0045824618
      777.0000000000        0.3627589406        0.0049468156
      778.0000000000        0.3678950905        0.0053284996
      779.0000000000        0.3734222397        0.0057290878
      780.0000000000        0.3793601367        0.0061502932
      781.0000000000        0.3857303195        0.0065939849
      782.0000000000        0.3925562810        0.0070622065
      783.0000000000        0.3998636529        0.0075571964
      784.0000000000        0.4076804130        0.0080814121
      785.0000000000        0.4160371171        0.0086375569
      786.0000000000        0.4249671596        0.0092286103
      787.0000000000        0.4345070671        0.0098578634
      788.0000000000        0.4446968294        0.0105289586
      789.0000000000        0.4555802732        0.0112459356
      790.0000000000        0.4672054855        0.0120132843
      791.0000000000        0.4796252927        0.0128360052
      792.0000000000        0.4928978066        0.0137196804
      793.0000000000        0.5070870447        0.0146705545
      794.0000000000        0.5222636396        0.0156956296
      795.0000000000        0.5385056498        0.0168027755
      796.0000000000        0.5558994905        0.0180008590
      797.0000000000        0.5745410039        0.0192998948
      798.0000000000        0.5945366940        0.0207112235
      799.0000000000        0.6160051545        0.0222477221
      800.0000000000        0.6390787256        0.0239240520
      801.0000000000        0.6639054225        0.0257569549
      802.0000000000        0.6906511864        0.0277656056
      803.0000000000        0.7195025223        0.0299720337
      804.0000000000        0.7506696000        0.0324016320
      805.0000000000        0.7843899138        0.0350837692
      806.0000000000        0.8209326184        0.0380525334
      807.0000000000        0.8606036864        0.0413476387
      808.0000000000        0.9037520697        0.0450155342
      809.0000000000        0.9507770930        0.0491107691
      810.0000000000        1.0021373690        0.0536976820
      811.0000000000        1.0583615990        0.0588525020
      812.0000000000        1.1200617279        0.0646659775
      813.0000000000        1.3190953363        0.0728882246
      814.0000000000        1.3956574338        0.0803979752
      815.0000000000        1.4802431134        0.0889643400
      816.0000000000        1.5740019297        0.0987795808
      817.0000000000        1.6782964380        0.1100791226
      818.0000000000        1.7947509073        0.1231531781
      819.0000000000        1.8558654301        0.1392248157
      820.0000000000        2.0037423753        0.1570033384
      821.0000000000        2.1709218341        0.1779361413
      822.0000000000        2.3609047949        0.2027461132
      823.0000000000        2.5780127274        0.2323611376
      824.0000000000        2.8276255586        0.2679838848
      825.0000000000        3.1165025071        0.3111894529
      826.0000000000        3.4532195647        0.3640636023
      827.0000000000        3.8487731845        0.4294008558
      828.0000000000        4.3174237108        0.5109918939
      829.0000000000        4.8778888479        0.6140455026
      830.0000000000        5.5550541140        0.7458148801
      831.0000000000        6.3824544250        0.9165353708
      832.0000000000        7.4059133831        1.1408342520
      833.0000000000        8.6889202414        1.4398396353
      834.0000000000       10.3205791519        1.8442605977
      835.0000000000       12.4272030357        2.3985897964
      836.0000000000       15.1884762805        3.1657880236
      837.0000000000       18.8572495746        4.2287424232
      838.0000000000       23.7742521300        5.6748411955
      839.0000000000       30.3436985790        7.5225697335
      840.0000000000       38.8694342672        9.4952756370
      841.0000000000       49.0430656705       10.5523906092
      842.0000000000       58.9779422378        8.6301749538
      843.0000000000       64.8100018290        2.3941633513
      844.0000000000       63.2281038538       -5.3643203214
      845.0000000000       55.2116820494       -9.9066931772
      846.0000000000       44.8176320450      -10.3430901000
      847.0000000000       35.2035352158       -8.7185175530
      848.0000000000       27.4903159662       -6.7271315998
      849.0000000000       21.6444503335       -5.0330182138
      850.0000000000       17.2853076366       -3.7508584792
      851.0000000000       14.0259412033       -2.8185350890
      852.0000000000       11.5617260207       -2.1463468668
      853.0000000000        9.6718434195       -1.6590729104
      854.0000000000        8.2004545311       -1.3017316800
      855.0000000000        7.0379824205       -1.0359774074
      856.0000000000        6.1068567519       -0.8354208736
      857.0000000000        5.3515312045       -0.6818742133
      858.0000000000        4.7316931828       -0.5626957025
      859.0000000000        4.2176749927       -0.4689952773
      860.0000000000        3.7873404001       -0.3944392070
      861.0000000000        3.4239529391       -0.3344543023
      862.0000000000        3.1146994947       -0.2856947489
      863.0000000000        2.8496548339       -0.2456813839
      864.0000000000        2.6210460438       -0.2125548296
      865.0000000000        2.4227233806       -0.1849044845
      866.0000000000        2.2497749314       -0.1616486008
      867.0000000000        2.0982427032       -0.1419491663
      868.0000000000        1.9649111039       -0.1251507776
      869.0000000000        1.8471476913       -0.1107362467
      870.0000000000        1.7427820754       -0.0982940126
      871.0000000000        1.6500129665       -0.0874939723
      872.0000000000        1.5673361952       -0.0780693824
      873.0000000000        1.4934885053       -0.0698031807
      874.0000000000        1.4274033189       -0.0625175578
      875.0000000000        1.3681756641       -0.0560659407
      876.0000000000        1.3150341740       -0.0503267824
      877.0000000000        1.2673185833       -0.0451987142
      878.0000000000        1.2244615304       -0.0405967344
      879.0000000000        1.1859737559       -0.0364491935
      880.0000000000        1.1514319968       -0.0326953917
      881.0000000000        1.1204690337       -0.0292836543
      882.0000000000        1.0927654692       -0.0261697802
      883.0000000000        1.0680429046       -0.0233157844
      884.0000000000        1.0460582538       -0.0206888729
      885.0000000000        1.0265989855       -0.0182606030
      886.0000000000        1.0094791290       -0.0160061921
      887.0000000000        0.9945359090       -0.0139039449
      888.0000000000        0.9816269035       -0.0119347782
      889.0000000000        0.9706276363       -0.0100818227
      890.0000000000        0.9614295352       -0.0083300890
      891.0000000000        0.9539381965       -0.0066661858
      892.0000000000        0.9480719104       -0.0050780806
      893.0000000000        0.9437604061       -0.0035548956
      894.0000000000        0.9409437878       -0.0020867323
      895.0000000000        0.9395716321       -0.0006645204
      896.0000000000        0.9396022275        0.0007201137
      897.0000000000        0.9410019365        0.0020749626
      898.0000000000        0.9437446664        0.0034073395
      899.0000000000        0.9478114367        0.0047241697
      900.0000000000        0.9531900324        0.0060320722
      901.0000000000        0.9598747365        0.0073374355
      902.0000000000        0.9678661337        0.0086464865
      903.0000000000        0.9771709829        0.0099653566
      904.0000000000        0.9878021522        0.0113001434
      905.0000000000        0.9997786160        0.0126569720
      906.0000000000        1.0131255125        0.0140420544
      907.0000000000        1.0278742602        0.0154617498
      908.0000000000        1.0440627361        0.0169226261
      909.0000000000        1.0617355157        0.0184315234
      910.0000000000        1.0809441786        0.0199956211
      911.0000000000        1.1017476826        0.0216225092
      912.0000000000        1.1242128133        0.0233202656
      913.0000000000        1.1484147126        0.0250975403
      914.0000000000        1.1744374965        0.0269636480
      915.0000000000        1.2023749705        0.0289286707
      916.0000000000        1.2323314533        0.0310035732
      917.0000000000        1.2644227229        0.0332003323
      918.0000000000        1.2987771005        0.0355320833
      919.0000000000        1.3355366903        0.0380132870
      920.0000000000        1.3748587983        0.0406599197
      921.0000000000        1.4169175543        0.0434896922
      922.0000000000        1.4619057696        0.0465223013
      923.0000000000        1.5100370650        0.0497797216
      924.0000000000        1.5615483130        0.0532865428
      925.0000000000        1.6167024455        0.0570703644
      926.0000000000        1.6757916871        0.0611622554
      927.0000000000        1.7391412878        0.0655972952
      928.0000000000        1.8071138424        0.0704152089
      929.0000000000        1.8801143016        0.0756611195
      930.0000000000        1.9585958028        0.0813864387
      931.0000000000        2.0430664740        0.0876499290
      932.0000000000        2.1340973994        0.0945189716
      933.0000000000        2.2323319763        0.1020710893
      934.0000000000        2.3384969458        0.1103957817
      935.0000000000        2.4534154435        0.1195967464
      936.0000000000        2.5780225051        0.1297945810
      937.0000000000        2.7133835600        0.1411300838
      938.0000000000        2.8607165897        0.1537683085
      939.0000000000        3.0214187965        0.1679035684
      940.0000000000        3.1970988558        0.1837656492
      941.0000000000        3.3896161212        0.2016275642
      942.0000000000        3.6011285355        0.2218152957
      943.0000000000        3.8341515124        0.2447201074
      944.0000000000        4.0916307331        0.2708142121
      945.0000000000        4.3770327135        0.3006708484
      946.0000000000        4.6944582304        0.3349902006
      947.0000000000        5.0487853797        0.3746331226
      948.0000000000        5.4458513531        0.4206653828
      949.0000000000        5.8926852420        0.4744162159
      950.0000000000        6.3978086926        0.5375565280
      951.0000000000        6.9716276455        0.6122043670
      952.0000000000        7.6269475699        0.7010686261
      953.0000000000        8.5911238448        0.8102912312
      954.0000000000        9.4637861385        0.9391958894
      955.0000000000       10.4789244033        1.0963928317
      956.0000000000       11.6686457847        1.2899038583
      957.0000000000       13.0744029038        1.5305576125
      958.0000000000       14.7503478533        1.8331587567
      959.0000000000       16.7681155364        2.2182163982
      960.0000000000       19.2237314714        2.7145242898
      961.0000000000       22.2477028676        3.3630366939
      962.0000000000       26.0198934700        4.2226863939
      963.0000000000       30.7915344831        5.3789893806
      964.0000000000       36.9175747328        6.9561985474
      965.0000000000       44.9028375826        9.1323908484
      966.0000000000       55.4624792717       12.1508619570
      967.0000000000       69.5822531469       16.3005402643
      968.0000000000       88.5112884413       21.7770022197
      969.0000000000      113.4681281677       28.1927148382
      970.0000000000      144.5222261126       33.3627217152
      971.0000000000      177.9676648010       31.7720064196
      972.0000000000      203.5233733836       16.8935717223
      973.0000000000      208.1833753835       -8.1432275219
      974.0000000000      189.0671051231      -28.0015906290
      975.0000000000      156.9909072092      -33.9564662468
      976.0000000000      124.3155990245      -30.4507525450
      977.0000000000       96.9964977180      -24.0885204082
      978.0000000000       75.9672456788      -18.1604837824
      979.0000000000       60.2341565825      -13.5292875027
      980.0000000000       48.4971863427      -10.1271926761
      981.0000000000       39.6645360356       -7.6719637499
      982.0000000000       32.9270165439       -5.8977694933
      983.0000000000       27.7098209235       -4.6031012718
      984.0000000000       23.6088912609       -3.6456602469
      985.0000000000       20.3391589147       -2.9272494442
      986.0000000000       17.6974636151       -2.3803051678
      987.0000000000       15.5371404232       -1.9580446086
      988.0000000000       13.7508314677       -1.6277248069
      989.0000000000       12.2588514127       -1.3661372721
      990.0000000000       11.0012526785       -1.1566111464
      991.0000000000        9.9323551870       -0.9870113910
      992.0000000000        9.0169286401       -0.8483899025
      993.0000000000        8.2274939067       -0.7340665811
      994.0000000000        7.5423910525       -0.6389957749
      995.0000000000        6.9443789778       -0.5593240890
      996.0000000000        6.4196082303       -0.4920779791
      997.0000000000        5.9568589520       -0.4349404029
      998.0000000000        5.5469694114       -0.3860893093
      999.0000000000        5.1824030758       -0.3440795581
     1000.0000000000        4.8569174753       -0.3077556908
     1001.0000000000        4.5653086212       -0.2761868495
     1002.0000000000        4.3032120502       -0.2486177640
     1003.0000000000        4.0669466944       -0.2244315097
     1004.0000000000        3.8131647891       -0.2026206445
     1005.0000000000        3.6201558049       -0.1837756861
     1006.0000000000        3.4449115822       -0.1670381260
     1007.0000000000        3.2854747915       -0.1521163932
     1008.0000000000        3.1401556151       -0.1387654663
     1009.0000000000        3.0074895718       -0.1267784416
     1010.0000000000        2.8862028930       -0.1159797949
     1011.0000000000        2.7751839488       -0.1062199639
     1012.0000000000        2.6734595531       -0.0973709674
     1013.0000000000        2.5801752230       -0.0893228457
     1014.0000000000        2.4945786601       -0.0819807514
     1015.0000000000        3.0244350085       -0.0676172408
     1016.0000000000        2.9600165611       -0.0613056872
     1017.0000000000        2.9016615343       -0.0554806908
     1018.0000000000        2.8489112670       -0.0500876520
     1019.0000000000        2.8013582987       -0.0450785966
     1020.0000000000        2.7586402336       -0.0404112237
     1021.0000000000        2.7204344804       -0.0360481028
     1022.0000000000        2.6864537301       -0.0319559959
     1023.0000000000        2.6564420595       -0.0281052804
     1024.0000000000        2.6301715679       -0.0244694590
     1025.0000000000        2.6074394672       -0.0210247385
     1026.0000000000        2.5880655628       -0.0177496698
     1027.0000000000        2.5718900687       -0.0146248363
     1028.0000000000        2.5587717134       -0.0116325840
     1029.0000000000        2.5485860965       -0.0087567881
     1030.0000000000        2.5412242649       -0.0059826472
     1031.0000000000        2.5365914806       -0.0032965039
     1032.0000000000        2.5346061580       -0.0006856860
     1033.0000000000        2.5351989507        0.0018616345
     1034.0000000000        2.7620733591        0.0071597368
     1035.0000000000        2.7704892420        0.0096661196
     1036.0000000000        2.7813954312        0.0121419876
     1037.0000000000        2.7947662632        0.0145969832
     1038.0000000000        2.8105855514        0.0170404322
     1039.0000000000        2.8288463108        0.0194814255
     1040.0000000000        2.8495505631        0.0219288980
     1041.0000000000        2.8727092176        0.0243917026
     1042.0000000000        2.8983420266        0.0268786843
     1043.0000000000        2.9264776132        0.0293987515
     1044.0000000000        2.9571535709        0.0319609493
     1045.0000000000        2.9904166370        0.0345745323
     1046.0000000000        3.0263229401        0.0372490413
     1047.0000000000        3.0649383251        0.0399943817
     1048.0000000000        3.1063387596        0.0428209080
     1049.0000000000        3.1506108268        0.0457395126
     1050.0000000000        3.1978523119        0.0487617231
     1051.0000000000        3.2481728880        0.0518998069
     1052.0000000000        3.3016949136        0.0551668871
     1053.0000000000        3.3585543507        0.0585770702
     1054.0000000000        3.4189018183        0.0621455887
     1055.0000000000        3.4829037962        0.0658889600
     1056.0000000000        3.5507439981        0.0698251662
     1057.0000000000        3.6226249356        0.0739738567
     1058.0000000000        3.6987696981        0.0783565788
     1059.0000000000        3.7794239791        0.0829970404
     1060.0000000000        3.8648583839        0.0879214107
     1061.0000000000        3.9553710600        0.0931586661
     1062.0000000000        4.0512906978        0.0987409883
     1063.0000000000        4.1529799616        0.1047042253
     1064.0000000000        4.2608394163        0.1110884263
     1065.0000000000        4.3753120320        0.1179384652
     1066.0000000000        4.4968883636        0.1253047680
     1067.0000000000        4.6261125179        0.1332441669
     1068.0000000000        4.7635890486        0.1418209050
     1069.0000000000        4.9099909434        0.1511078222
     1070.0000000000        5.0660689042        0.1611877611
     1071.0000000000        5.2326621609        0.1721552398
     1072.0000000000        5.4107111161        0.1841184491
     1073.0000000000        5.6012721790        0.1972016476
     1074.0000000000        5.8055352298        0.2115480466
     1075.0000000000        6.0248442610        0.2273232979
     1076.0000000000        6.2607218677        0.2447197327
     1077.0000000000        6.5148984267        0.2639615358
     1078.0000000000        6.7893470150        0.2853110932
     1079.0000000000        7.0863253870        0.3090768210
     1080.0000000000        7.4084266820        0.3356228731
     1081.0000000000        7.7586409898        0.3653812471
     1082.0000000000        8.1404304981        0.3988669734
     1083.0000000000        8.5578217363        0.4366972914
     1084.0000000000        9.0155194776        0.4796160230
     1085.0000000000        9.5190482687        0.5285247666
     1086.0000000000       10.0749294536        0.5845231174
     1087.0000000000       10.6909041447        0.6489609303
     1088.0000000000       11.3762161551        0.7235067885
     1089.0000000000       12.1419738340        0.8102384827
     1090.0000000000       13.0016166694        0.9117636736
     1091.0000000000       13.9715223063        1.0313823623
     1092.0000000000       15.0718036344        1.1733078839
     1093.0000000000       16.3273658534        1.3429707290
     1094.0000000000       17.7693230502        1.5474409278
     1095.0000000000       19.4369176474        1.7960221447
     1096.0000000000       21.3801516487        2.1010974002
     1097.0000000000       23.6634377519        2.4793478366
     1098.0000000000       26.3707297576        2.9535306008
     1099.0000000000       29.6128244344        3.5551025956
     1100.0000000000       33.5378858311        4.3281318606
     1101.0000000000       38.3467931196        5.3351692919
     1102.0000000000       44.3157374584        6.6660696216
     1103.0000000000       51.8296561685        8.4510867705
     1104.0000000000       61.4314772212       10.8795685543
     1105.0000000000       73.8928810568       14.2238909944
     1106.0000000000       90.3088650025       18.8604088064
     1107.0000000000      112.1989851663       25.2514464418
     1108.0000000000      141.5272525252       33.7681767731
     1109.0000000000      180.3417093373       44.0268855143
     1110.0000000000      229.2599106734       53.1404039462
     1111.0000000000      283.6295270488       53.0985987972
     1112.0000000000      328.5564292608       32.7617418739
     1113.0000000000      342.5244413029       -6.4907435282
     1114.0000000000      317.0862542165      -41.4716984936
     1115.0000000000      267.2079115039      -54.5121688875
     1116.0000000000      213.8142773071      -50.4405322900
     1117.0000000000      168.2494378560      -40.3852525453
     1118.0000000000      132.9285114563      -30.5292011915
     1119.0000000000      106.4994377080      -22.6942706258
     1120.0000000000       86.8552188668      -16.9016222448
     1121.0000000000       72.1620465790      -12.7124692513
     1122.0000000000       61.0446430274       -9.6839093006
     1123.0000000000       52.5226319778       -7.4734929571
     1124.0000000000       45.9069470741       -5.8376966015
     1125.0000000000       40.7124105810       -4.6081106077
     1126.0000000000       36.5943397262       -3.6688519065
     1127.0000000000       33.3049219582       -2.9397362185
     1128.0000000000       30.6636900622       -2.3646869044
     1129.0000000000       28.5375591203       -1.9039706177
     1130.0000000000       26.8272409265       -1.5290312975
     1131.0000000000       25.4579058688       -1.2190412897
     1132.0000000000       24.3726909684       -0.9585790050
     1133.0000000000       23.3980177068       -0.7344250523
     1134.0000000000       22.7624197063       -0.5409899978
     1135.0000000000       22.3086627600       -0.3697267924
     1136.0000000000       22.0174091147       -0.2151687235
     1137.0000000000       21.8742422136       -0.0728845702
     1138.0000000000       21.8687826299        0.0608101051
     1139.0000000000       21.9940550315        0.1890707389
     1140.0000000000       22.2460471092        0.3146930233
     1141.0000000000       22.9082841554        0.4438136877
     1142.0000000000       23.4158078842        0.5718377981
     1143.0000000000       24.0535800912        0.7047261679
     1144.0000000000       24.8277328712        0.8450391519
     1145.0000000000       26.0254948610        0.9990223287
     1146.0000000000       27.1051866114        1.1628494202
     1147.0000000000       28.3567822574        1.3434621997
     1148.0000000000       29.7990731752        1.5449880560
     1149.0000000000       31.4553615480        1.7723584357
     1150.0000000000       33.3543863083        2.0315635629
     1151.0000000000       35.5315407051        2.3299853134
     1152.0000000000       38.0304743280        2.6768393843
     1153.0000000000       40.9052097252        3.0837711046
     1154.0000000000       44.2229572890        3.5656689359
     1155.0000000000       48.0678899549        4.1417894010
     1156.0000000000       52.5462539744        4.8373323170
     1157.0000000000       57.7933630610        5.6856745123
     1158.0000000000       63.9832811027        6.7315774884
     1159.0000000000       71.3423914459        8.0358515155
     1160.0000000000       80.1686538368        9.6822189469
     1161.0000000000       90.8592797671       11.7875218475
     1162.0000000000      103.9509853199       14.5170245065
     1163.0000000000      120.1791365924       18.1074124748
     1164.0000000000      140.5652012137       22.9010770037
     1165.0000000000      166.5458203480       29.3956642382
     1166.0000000000      200.1597736121       38.3097586295
     1167.0000000000      244.3036326268       50.6490707244
     1168.0000000000      303.0269590946       67.6968205804
     1169.0000000000      381.6832458588       90.6617897473
     1170.0000000000      486.2719538165      119.2198018460
     1171.0000000000      620.1325543302      147.3586720008
     1172.0000000000      774.6645492614      155.9266112978
     1173.0000000000      914.5480386654      112.8015575860
     1174.0000000000      979.1110348952        8.9741049511
     1175.0000000000      930.7743293624      -99.7162440778
     1176.0000000000      799.7243802679     -151.0732221470
     1177.0000000000      647.4162918250     -146.9857951815
     1178.0000000000      513.3352397276     -119.5982854966
     1179.0000000000      408.7487482625      -90.1344910128
     1180.0000000000      331.2945044210      -65.7874884711
     1181.0000000000      275.2220005477      -47.2443426009
     1182.0000000000      235.2716498560      -33.3012244356
     1183.0000000000      207.5589261346      -22.5484006511
     1184.0000000000      189.5128520917      -13.7893027407
     1185.0000000000      179.6416016667       -6.0508139533
     1186.0000000000      177.3510004318        1.5055641182
     1187.0000000000      182.8547298006        9.6671934349
     1188.0000000000      197.1361006097       19.1734669209
     1189.0000000000      221.8084305971       30.4643937007
     1190.0000000000      258.4302269574       42.7403547877
     1191.0000000000      306.2637734911       51.7196470669
     1192.0000000000      357.4346372175       47.3060491437
     1193.0000000000      392.8015207092       19.3779093071
     1194.0000000000      391.0345144487      -23.1880033888
     1195.0000000000      350.7214896073      -53.5858013203
     1196.0000000000      291.9841258391      -60.4149812231
     1197.0000000000      234.6605655492      -52.8972290998
     1198.0000000000      187.3485804997      -41.6769209542
     1199.0000000000      150.8819815104      -31.6105292591
     1200.0000000000      123.3545434935      -23.8242706808
     1201.0000000000      102.5434349043      -18.1014697734
     1202.0000000000       86.6293083090      -13.9481387010
     1203.0000000000       74.2730196823      -10.9211744049
     1204.0000000000       64.5230373051       -8.6892750648
     1205.0000000000       56.7079566455       -7.0192966328
     1206.0000000000       50.3513589620       -5.7502104112
     1207.0000000000       45.1113209015       -4.7708766858
     1208.0000000000       40.7390369134       -4.0039984982
     1209.0000000000       37.0508045042       -3.3951893194
     1210.0000000000       33.9090122014       -2.9056702724
     1211.0000000000       31.2091274973       -2.5074060984
     1212.0000000000       28.8706890200       -2.1798483789
     1213.0000000000       26.8309909113       -1.9077343848
     1214.0000000000       25.0405963061       -1.6795823368
     1215.0000000000       23.4601083813       -1.4866500297
     1216.0000000000       22.0578168598       -1.3222050501
     1217.0000000000       20.8079616284       -1.1810069711
     1218.0000000000       19.6894367361       -1.0589354890
     1219.0000000000       18.6848124103       -0.9527202430
     1220.0000000000       17.7795893630       -0.8597423165
     1221.0000000000       16.9616246295       -0.7778868452
     1222.0000000000       16.2206853929       -0.7054324617
     1223.0000000000       15.5480992534       -0.6409675718
     1224.0000000000       14.9364778552       -0.5833263695
     1225.0000000000       14.3794968127       -0.5315395105
     1226.0000000000       13.8717192089       -0.4847957723
     1227.0000000000       13.4084530934       -0.4424120183
     1228.0000000000       12.9856357096       -0.4038094890
     1229.0000000000       12.5997388965       -0.3684949532
     1230.0000000000       12.2476913810       -0.3360456176
     1231.0000000000       11.9268146362       -0.3060969638
     1232.0000000000       11.6347697097       -0.2783328803
     1233.0000000000       11.3695129802       -0.2524776027
     1234.0000000000       11.1292592287       -0.2282890899
     1235.0000000000       10.9124507411       -0.2055535415
     1236.0000000000       10.7177314196       -0.1840808303
     1237.0000000000       10.5439250811       -0.1637006687
     1238.0000000000       10.3900172825       -0.1442593658
     1239.0000000000       10.2551401438       -0.1256170602
     1240.0000000000       10.1385597388       -0.1076453359
     1241.0000000000       10.0396657106       -0.0902251464
     1242.0000000000        9.9579628360       -0.0732449833
     1243.0000000000        9.8930643202       -0.0565992382
     1244.0000000000        9.8446866531       -0.0401867132
     1245.0000000000        9.8126458950       -0.0239092420
     1246.0000000000        9.7968553022       -0.0076703872
     1247.0000000000        9.7973242283        0.0086258163
     1248.0000000000        9.8141582734        0.0250761027
     1249.0000000000        9.8475606762        0.0417792269
     1250.0000000000        9.8978349775        0.0588372578
     1251.0000000000        9.9653890077        0.0763569406
     1252.0000000000       10.0507402856        0.0944511615
     1253.0000000000       10.1545229473        0.1132405487
     1254.0000000000       10.2774963604        0.1328552508
     1255.0000000000       10.4205556246        0.1534369386
     1256.0000000000       10.5847442080        0.1751410835
     1257.0000000000       10.7712690263        0.1981395792
     1258.0000000000       10.9815183471        0.2226237822
     1259.0000000000       11.2170829837        0.2488080682
     1260.0000000000       11.4797813490        0.2769340188
     1261.0000000000       11.7716890708        0.3072753825
     1262.0000000000       12.0951740280        0.3401439883
     1263.0000000000       12.4529378666        0.3758968348
     1264.0000000000       12.8480653063        0.4149446337
     1265.0000000000       13.2840828630        0.4577621645
     1266.0000000000       13.7650290143        0.5049008898
     1267.0000000000       14.2955383455        0.5570044119
     1268.0000000000       14.8809428751        0.6148275148
     1269.0000000000       15.5273946082        0.6792597610
     1270.0000000000       16.2420144757        0.7513549086
     1271.0000000000       17.0330742754        0.8323678133
     1272.0000000000       17.9102201492        0.9238010247
     1273.0000000000       18.6741148297        1.0300927170
     1274.0000000000       19.7619206856        1.1481292038
     1275.0000000000       20.9760652795        1.2832619293
     1276.0000000000       22.3352284014        1.4387718506
     1277.0000000000       23.8617424103        1.6187149753
     1278.0000000000       25.5824725808        1.8281434344
     1279.0000000000       27.5299536775        2.0734008618
     1280.0000000000       29.7896672961        2.3630961435
     1281.0000000000       32.3193835629        2.7063574569
     1282.0000000000       35.2247984236        3.1170000406
     1283.0000000000       38.5815436262        3.6123036218
     1284.0000000000       42.4851375397        4.2150530029
     1285.0000000000       47.0574813978        4.9556477893
     1286.0000000000       52.4559051730        5.8751550300
     1287.0000000000       58.8859262138        7.0297790270
     1288.0000000000       66.6194759317        8.4974760923
     1289.0000000000       76.0212549761       10.3878204773
     1290.0000000000       87.5872339575       12.8567512548
     1291.0000000000      102.0012426251       16.1284102026
     1292.0000000000      120.2179442027       20.5263975807
     1293.0000000000      143.5820151824       26.5144243951
     1294.0000000000      173.9888645613       34.7348228721
     1295.0000000000      214.0641398964       45.9922933943
     1296.0000000000      267.2350051885       61.0059904623
     1297.0000000000      337.2570904525       79.4531368755
     1298.0000000000      426.0847353545       97.4777508240
     1299.0000000000      528.5208505920      104.2162065540
     1300.0000000000      625.8237240785       85.4996727128
     1301.0000000000      691.9575384550       45.2413505937
     1302.0000000000      718.7893852689       11.6342496583
     1303.0000000000      721.1522219472       -5.5949531118
     1304.0000000000      705.3541914309      -29.0029476153
     1305.0000000000      657.4139778312      -68.0960127787
     1306.0000000000      572.2065403813      -98.4440579339
     1307.0000000000      469.7696264864     -102.1585014893
     1308.0000000000      373.9572566284      -87.7462672112
     1309.0000000000      295.6778479999      -68.8463483075
     1310.0000000000      235.4563172284      -52.1998129458
     1311.0000000000      189.9928787970      -39.3521559641
     1312.0000000000      155.6203448268      -29.8901294200
     1313.0000000000      129.3565343578      -23.0007736756
     1314.0000000000      109.0270440575      -17.9629026671
     1315.0000000000       93.0179694812      -14.2381559236
     1316.0000000000       80.2412236202      -11.4457826076
     1317.0000000000       69.9044902054       -9.3218046313
     1318.0000000000       61.4364633172       -7.6830833622
     1319.0000000000       54.4196659379       -6.4015613656
     1320.0000000000       48.5447474004       -5.3866594709
     1321.0000000000       43.5793039696       -4.5734689302
     1322.0000000000       39.3464222007       -3.9148487889
     1323.0000000000       35.7097436392       -3.3761070304
     1324.0000000000       32.5629373622       -2.9313863695
     1325.0000000000       29.8221834552       -2.5611801418
     1326.0000000000       27.4207377713       -2.2506039769
     1327.0000000000       25.3049531898       -1.9881783689
     1328.0000000000       23.4313327515       -1.7649606343
     1329.0000000000       21.7643226637       -1.5739186598
     1330.0000000000       20.2746419677       -1.4094739639
     1331.0000000000       18.9380057976       -1.2671646908
     1332.0000000000       17.7341403480       -1.1433945080
     1333.0000000000       16.6460162064       -1.0352436919
     1334.0000000000       15.6592466959       -0.9403256934
     1335.0000000000       14.1672581969       -0.8492956701
     1336.0000000000       13.3556397845       -0.7754279295
     1337.0000000000       12.6136416655       -0.7098495219
     1338.0000000000       11.9335567406       -0.6514290788
     1339.0000000000       11.3087163017       -0.5992151444
     1340.0000000000       10.7333269571       -0.5524037249
     1341.0000000000       10.2023366191       -0.5103123429
     1342.0000000000        9.7113237952       -0.4723591688
     1343.0000000000        9.2564056741       -0.4380461418
     1344.0000000000        8.8341614532       -0.4069452430
     1345.0000000000        8.4415680931       -0.3786872764
     1346.0000000000        8.0759462512       -0.3529526525
     1347.0000000000        7.7349145982       -0.3294637841
     1348.0000000000        7.4163510648       -0.3079787823
     1349.0000000000        7.1183598459       -0.2882862098
     1350.0000000000        6.8392432074       -0.2702006945
     1351.0000000000        6.5774773135       -0.2535592501
     1352.0000000000        6.3316914350       -0.2382181761
     1353.0000000000        6.1006500095       -0.2240504378
     1354.0000000000        5.6619851287       -0.2081872881
     1355.0000000000        5.4599216417       -0.1960918563
     1356.0000000000        5.2695114016       -0.1848667860
     1357.0000000000        5.0899245452       -0.1744325678
     1358.0000000000        4.9204064449       -0.1647180570
     1359.0000000000        4.7602698683       -0.1556594495
     1360.0000000000        4.6088880905       -0.1471993974
     1361.0000000000        4.4656888302       -0.1392862424
     1362.0000000000        4.3301489008       -0.1318733497
     1363.0000000000        4.2017894842       -0.1249185275
     1364.0000000000        4.0801719465       -0.1183835197
     1365.0000000000        3.9648941293       -0.1122335618
     1366.0000000000        3.8555870579       -0.1064369905
     1367.0000000000        3.7519120154       -0.1009648994
     1368.0000000000        3.6535579411       -0.0957908349
     1369.0000000000        3.5602391149       -0.0908905271
     1370.0000000000        3.4716930960       -0.0862416493
     1371.0000000000        3.3876788890       -0.0818236042
     1372.0000000000        3.3079753120       -0.0776173315
     1373.0000000000        3.2323795473       -0.0736051353
     1374.0000000000        3.1607058571       -0.0697705274
     1375.0000000000        3.0927844480       -0.0660980843
     1376.0000000000        3.0284604723       -0.0625733169
     1377.0000000000        2.9675931552       -0.0591825497
     1378.0000000000        2.9100550377       -0.0559128079
     1379.0000000000        2.8557313296       -0.0527517119
     1380.0000000000        2.8045193648       -0.0496873764
     1381.0000000000        2.7563281560       -0.0467083134
     1382.0000000000        2.7110780447       -0.0438033372
     1383.0000000000        2.6687004463       -0.0409614707
     1384.0000000000        2.6291376880       -0.0381718507
     1385.0000000000        2.5923429436       -0.0354236314
     1386.0000000000        2.5582802658       -0.0327058837
     1387.0000000000        2.5269247216       -0.0300074896
     1388.0000000000        2.4982626376       -0.0273170283
     1389.0000000000        2.4722919634       -0.0246226531
     1390.0000000000        2.4490227644       -0.0219119551
     1391.0000000000        2.4284778585       -0.0191718120
     1392.0000000000        2.4106936125       -0.0163882170
     1393.0000000000        2.3957209225       -0.0135460846
     1394.0000000000        2.3836264012       -0.0106290268
     1395.0000000000        2.3744938064       -0.0076190948
     1396.0000000000        2.3684257491       -0.0044964766
     1397.0000000000        2.3655457290       -0.0012391433
     1398.0000000000        2.3660005548        0.0021775709
     1399.0000000000        2.3699632232        0.0057814663
     1400.0000000000        2.3776363422        0.0096040738
     1401.0000000000        2.3892562087        0.0136813715
     1402.0000000000        2.4050976754        0.0180546510
     1403.0000000000        2.4254799727        0.0227715705
     1404.0000000000        2.4507736984        0.0278874427
     1405.0000000000        2.4814092351        0.0334668170
     1406.0000000000        2.5178869304        0.0395854368
     1407.0000000000        2.5607894630        0.0463326722
     1408.0000000000        2.6107969343        0.0538145658
     1409.0000000000        2.6687053836        0.0621576667
     1410.0000000000        2.7354496273        0.0715138918
     1411.0000000000        2.8121316022        0.0820667312
     1412.0000000000        2.9000557588        0.0940392288
     1413.0000000000        3.0007735598        0.1077043233
     1414.0000000000        3.1161398246        0.1233983592
     1415.0000000000        3.2483846213        0.1415388886
     1416.0000000000        3.4002057391        0.1626483408
     1417.0000000000        3.5748886593        0.1873857911
     1418.0000000000        3.7764636284        0.2165900320
     1419.0000000000        4.0099133078        0.2513385815
     1420.0000000000        4.2814501176        0.2930294245
     1421.0000000000        4.5988907058        0.3434955556
     1422.0000000000        4.9721673777        0.4051674126
     1423.0000000000        5.4140350031        0.4813060533
     1424.0000000000        5.9410603720        0.5763420144
     1425.0000000000        6.5750246292        0.6963736221
     1426.0000000000        7.3449367267        0.8499076755
     1427.0000000000        8.2899593272        1.0489694514
     1428.0000000000        9.4637052256        1.3107714436
     1429.0000000000       10.9405889645        1.6602048101
     1430.0000000000       12.8252090677        2.1334561506
     1431.0000000000       15.2659785373        2.7828604428
     1432.0000000000       18.4739149539        3.6820098666
     1433.0000000000       22.7448870659        4.9260483509
     1434.0000000000       28.4732079330        6.6090893839
     1435.0000000000       36.1115301598        8.7259546746
     1436.0000000000       45.9491785745       10.8834593001
     1437.0000000000       57.4636378325       11.7502147110
     1438.0000000000       68.2118773585        8.9354123623
     1439.0000000000       73.6981496836        1.4138086475
     1440.0000000000       70.7216067026       -7.0062310325
     1441.0000000000       61.1122490498      -11.3550490737
     1442.0000000000       49.4911278543      -11.3517740167
     1443.0000000000       39.0489438845       -9.3897583809
     1444.0000000000       30.7796019730       -7.1847971800
     1445.0000000000       24.5490991655       -5.3540826086
     1446.0000000000       19.9180948665       -3.9789516854
     1447.0000000000       16.4659118618       -2.9793905269
     1448.0000000000       13.8674919813       -2.2560200309
     1449.0000000000       11.8890338164       -1.7279296862
     1450.0000000000       10.3662823289       -1.3364815502
     1451.0000000000        9.1842901614       -1.0407897956
     1452.0000000000        8.2623067465       -0.8125666224
     1453.0000000000        7.5433042597       -0.6320886364
     1454.0000000000        6.9869223366       -0.4853558906
     1455.0000000000        6.5647754077       -0.3621549558
     1456.0000000000        6.2573685042       -0.2547360076
     1457.0000000000        6.0521238321       -0.1568832951
     1458.0000000000        5.9422078002       -0.0632217735
     1459.0000000000        5.9259823006        0.0313546861
     1460.0000000000        6.0070058201        0.1322255961
     1461.0000000000        5.9114925417        0.2491748716
     1462.0000000000        6.2254665736        0.3829564192
     1463.0000000000        6.6876851708        0.5477126472
     1464.0000000000        7.3360408436        0.7581195290
     1465.0000000000        7.9494127912        1.0384949128
     1466.0000000000        9.1649101945        1.4115862964
     1467.0000000000       10.8182030696        1.9219145010
     1468.0000000000       13.0715059657        2.6204748853
     1469.0000000000       16.1371676781        3.5510683845
     1470.0000000000       20.2435385348        4.6835574420
     1471.0000000000       25.4828643880        5.7326638310
     1472.0000000000       31.4105961131        5.8657218121
     1473.0000000000       36.4808427527        3.8352952174
     1474.0000000000       38.3084423147       -0.4045583992
     1475.0000000000       35.7516652901       -4.4185694654
     1476.0000000000       30.2962639549       -6.0648140689
     1477.0000000000       24.2941515267       -5.7177380276
     1478.0000000000       19.1021702349       -4.6232317500
     1479.0000000000       15.0457381248       -3.5173219363
     1480.0000000000       11.9927121433       -2.6293004558
     1481.0000000000        9.7102380694       -1.9704299952
     1482.0000000000        7.9911950681       -1.4935901348
     1483.0000000000        6.6790786482       -1.1490896028
     1484.0000000000        5.6619871730       -0.8980534815
     1485.0000000000        4.8611636276       -0.7127249529
     1486.0000000000        4.2211059893       -0.5738873937
     1487.0000000000        3.7023428607       -0.4683214609
     1488.0000000000        3.2764483154       -0.3868900036
     1489.0000000000        2.9226648189       -0.3232138248
     1490.0000000000        2.6256193071       -0.2727835970
     1491.0000000000        2.3737687308       -0.2323690529
     1492.0000000000        2.1583311780       -0.1996249195
     1493.0000000000        1.9725419754       -0.1728259863
     1494.0000000000        1.8111293231       -0.1506870973
     1495.0000000000        1.6699399115       -0.1322393893
     1496.0000000000        1.5456682477       -0.1167441528
     1497.0000000000        1.4356585844       -0.1036321400
     1498.0000000000        1.3377582923       -0.0924602859
     1499.0000000000        1.2502081212       -0.0828804888
     1500.0000000000        1.1715592095       -0.0746168375
     1501.0000000000        1.1006097063       -0.0674488241
     1502.0000000000        1.0363559196       -0.0611988438
     1503.0000000000        0.9779543316       -0.0557227974
     1504.0000000000        0.9246918186       -0.0509029623
     1505.0000000000        0.8759621211       -0.0466425384
     1506.0000000000        0.8312471152       -0.0428614397
     1507.0000000000        0.7901018009       -0.0394930240
     1508.0000000000        0.7521421906       -0.0364815316
     1509.0000000000        0.7170354759       -0.0337800652
     1510.0000000000        0.6844919969       -0.0313489869
     1511.0000000000        0.6542586471       -0.0291546378
     1512.0000000000        0.6261134268       -0.0271683089
     1513.0000000000        0.5998609241       -0.0253654098
     1514.0000000000        0.5753285453       -0.0237247926
     1515.0000000000        0.5523633575       -0.0222282006
     1516.0000000000        0.5308294313       -0.0208598153
     1517.0000000000        0.5106055955       -0.0196058825
     1518.0000000000        0.4915835318       -0.0184544033
     1519.0000000000        0.4736661523       -0.0173948767
     1520.0000000000        0.4567662126       -0.0164180841
     1521.0000000000        0.4408051219       -0.0155159096
     1522.0000000000        0.4257119185       -0.0146811873
     1523.0000000000        0.4114223856       -0.0139075737
     1524.0000000000        0.3978782851       -0.0131894385
     1525.0000000000        0.3850266917       -0.0125217720
     1526.0000000000        0.3728194129       -0.0119001059
     1527.0000000000        0.3612124824       -0.0113204460
     1528.0000000000        0.3501657157       -0.0107792139
     1529.0000000000        0.3396423200       -0.0102731964
     1530.0000000000        0.3296085513       -0.0097995030
     1531.0000000000        0.3200334106       -0.0093555280
     1532.0000000000        0.3108883761       -0.0089389179
     1533.0000000000        0.3021471652       -0.0085475431
     1534.0000000000        0.2937855234       -0.0081794734
     1535.0000000000        0.2857810360       -0.0078329560
     1536.0000000000        0.2781129603       -0.0075063967
     1537.0000000000        0.2707620755       -0.0071983432
     1538.0000000000        0.2637105483       -0.0069074704
     1539.0000000000        0.2569418125       -0.0066325676
     1540.0000000000        0.2504404602       -0.0063725267
     1541.0000000000        0.2441921446       -0.0061263322
     1542.0000000000        0.2381834917       -0.0058930524
     1543.0000000000        0.2324020212       -0.0056718309
     1544.0000000000        0.2268360738       -0.0054618800
     1545.0000000000        0.2214747468       -0.0052624739
     1546.0000000000        0.2163078346       -0.0050729433
     1547.0000000000        0.2113257749       -0.0048926700
     1548.0000000000        0.2065195998       -0.0047210825
     1549.0000000000        0.2018808914       -0.0045576520
     1550.0000000000        0.1974017407       -0.0044018883
     1551.0000000000        0.1930747110       -0.0042533370
     1552.0000000000        0.1888928036       -0.0041115761
     1553.0000000000        0.1848494264       -0.0039762134
     1554.0000000000        0.1809383659       -0.0038468840
     1555.0000000000        0.1771537608       -0.0037232482
     1556.0000000000        0.1734900774       -0.0036049894
     1557.0000000000        0.1699420883       -0.0034918122
     1558.0000000000        0.1665048513       -0.0033834407
     1559.0000000000        0.1631736910       -0.0032796173
     1560.0000000000        0.1599441812       -0.0031801010
     1561.0000000000        0.1568121288       -0.0030846660
     1562.0000000000        0.1537735592       -0.0029931012
     1563.0000000000        0.1508247026       -0.0029052083
     1564.0000000000        0.1479619808       -0.0028208015
     1565.0000000000        0.1451819959       -0.0027397063
     1566.0000000000        0.1424815191       -0.0026617586
     1567.0000000000        0.1398574809       -0.0025868045
     1568.0000000000        0.1373069609       -0.0025146987
     1569.0000000000        0.1348271797       -0.0024453047
     1570.0000000000        0.1324154905       -0.0023784939
     1571.0000000000        0.1300693713       -0.0023141450
     1572.0000000000        0.1277864181       -0.0022521436
     1573.0000000000        0.1255643377       -0.0021923816
     1574.0000000000        0.1234009423       -0.0021347572
     1575.0000000000        0.1212941430       -0.0020791739
     1576.0000000000        0.1192419447       -0.0020255405
     1577.0000000000        0.1172424408       -0.0019737709
     1578.0000000000        0.1152938089       -0.0019237834
     1579.0000000000        0.1133943058       -0.0018755007
     1580.0000000000        0.1115422636       -0.0018288496
     1581.0000000000        0.1097360860       -0.0017837605
     1582.0000000000        0.1079742439       -0.0017401677
     1583.0000000000        0.1062552728       -0.0016980085
     1584.0000000000        0.1045777689       -0.0016572236
     1585.0000000000        0.1029403864       -0.0016177565
     1586.0000000000        0.1013418345       -0.0015795537
     1587.0000000000        0.0997808747       -0.0015425641
     1588.0000000000        0.0982563181       -0.0015067393
     1589.0000000000        0.0967670233       -0.0014720330
     1590.0000000000        0.0953118939       -0.0014384014
     1591.0000000000        0.0938898763       -0.0014058025
     1592.0000000000        0.0924999580       -0.0013741964
     1593.0000000000        0.0911411652       -0.0013435451
     1594.0000000000        0.0898125615       -0.0013138123
     1595.0000000000        0.0885132459       -0.0012849634
     1596.0000000000        0.0872423511       -0.0012569653
     1597.0000000000        0.0859990422       -0.0012297865
     1598.0000000000        0.0847825151       -0.0012033968
     1599.0000000000        0.0835919952       -0.0011777673
     1600.0000000000        0.0375872703       -0.0005956679
     1601.0000000000        0.0369986060       -0.0005817340
     1602.0000000000        0.0364236586       -0.0005682312
     1603.0000000000        0.0358620053       -0.0005551430
     1604.0000000000        0.0353132397       -0.0005424536
     1605.0000000000        0.0347769703       -0.0005301478
     1606.0000000000        0.0342528210       -0.0005182113
     1607.0000000000        0.0337404292       -0.0005066304
     1608.0000000000        0.0332394460       -0.0004953919
     1609.0000000000        0.0327495354       -0.0004844833
     1610.0000000000        0.0322703734       -0.0004738926
     1611.0000000000        0.0318016481       -0.0004636082
     1612.0000000000        0.0313430586       -0.0004536191
     1613.0000000000        0.0308943149       -0.0004439149
     1614.0000000000        0.0304551372       -0.0004344855
     1615.0000000000        0.0300252555       -0.0004253212
     1616.0000000000        0.0296044095       -0.0004164127
     1617.0000000000        0.0291923477       -0.0004077513
     1618.0000000000        0.0287888274       -0.0003993283
     1619.0000000000        0.0283936143       -0.0003911357
     1620.0000000000        0.0280064818       -0.0003831656
     1621.0000000000        0.0276272113       -0.0003754106
     1622.0000000000        0.0272555914       -0.0003678633
     1623.0000000000        0.0268914177       -0.0003605170
     1624.0000000000        0.0265344927       -0.0003533649
     1625.0000000000        0.0261846253       -0.0003464008
     1626.0000000000        0.0258416306       -0.0003396184
     1627.0000000000        0.0255053299       -0.0003330118
     1628.0000000000        0.0251755502       -0.0003265755
     1629.0000000000        0.0248521240       -0.0003203040
     1630.0000000000        0.0245348891       -0.0003141919
     1631.0000000000        0.0242236886       -0.0003082344
     1632.0000000000        0.0239183705       -0.0003024265
     1633.0000000000        0.0236187873       -0.0002967636
     1634.0000000000        0.0000000000        0.0000000000
     1635.0000000000        0.0000000000        0.0000000000
     1636.0000000000        0.0000000000        0.0000000000
     1637.0000000000        0.0000000000        0.0000000000
     1638.0000000000        0.0000000000        0.0000000000
     1639.0000000000        0.0000000000        0.0000000000
     1640.0000000000        0.0000000000        0.0000000000
     1641.0000000000        0.0000000000        0.0000000000
     1642.0000000000        0.0000000000        0.0000000000
     1643.0000000000        0.0000000000        0.0000000000
     1644.0000000000        0.0000000000        0.0000000000
     1645.0000000000        0.0000000000        0.0000000000
     1646.0000000000        0.0000000000        0.0000000000
     1647.0000000000        0.0000000000        0.0000000000
     1648.0000000000        0.0000000000        0.0000000000
     1649.0000000000        0.0000000000        0.0000000000
     1650.0000000000        0.0000000000        0.0000000000
     1651.0000000000        0.0000000000        0.0000000000
     1652.0000000000        0.0000000000        0.0000000000
     1653.0000000000        0.0000000000        0.0000000000
     1654.0000000000        0.0000000000        0.0000000000
     1655.0000000000        0.0000000000        0.0000000000
     1656.0000000000        0.0000000000        0.0000000000
     1657.0000000000        0.0000000000        0.0000000000
     1658.0000000000        0.0000000000        0.0000000000
     1659.0000000000        0.0000000000        0.0000000000
     1660.0000000000        0.0000000000        0.0000000000
     1661.0000000000        0.0000000000        0.0000000000
     1662.0000000000        0.0000000000        0.0000000000
     1663.0000000000        0.0000000000        0.0000000000
     1664.0000000000        0.0000000000        0.0000000000
     1665.0000000000        0.0000000000        0.0000000000
     1666.0000000000        0.0000000000        0.0000000000
     1667.0000000000        0.0000000000        0.0000000000
     1668.0000000000        0.0000000000        0.0000000000
     1669.0000000000        0.0000000000        0.0000000000
     1670.0000000000        0.0000000000        0.0000000000
     1671.0000000000        0.0000000000        0.0000000000
     1672.0000000000        0.0000000000        0.0000000000
     1673.0000000000        0.0000000000        0.0000000000
     1674.0000000000        0.0000000000        0.0000000000
     1675.0000000000        0.0000000000        0.0000000000
     1676.0000000000        0.0000000000        0.0000000000
     1677.0000000000        0.0000000000        0.0000000000
     1678.0000000000        0.0000000000        0.0000000000
     1679.0000000000        0.0000000000        0.0000000000
     1680.0000000000        0.0000000000        0.0000000000
     1681.0000000000        0.0000000000        0.0000000000
     1682.0000000000        0.0000000000        0.0000000000
     1683.0000000000        0.0000000000        0.0000000000
     1684.0000000000        0.0000000000        0.0000000000
     1685.0000000000        0.0000000000        0.0000000000
     1686.0000000000        0.0000000000        0.0000000000
     1687.0000000000        0.0000000000        0.0000000000
     1688.0000000000        0.0000000000        0.0000000000
     1689.0000000000        0.0000000000        0.0000000000
     1690.0000000000        0.0000000000        0.0000000000
     1691.0000000000        0.0000000000        0.0000000000
     1692.0000000000        0.0000000000        0.0000000000
     1693.0000000000        0.0000000000        0.0000000000
     1694.0000000000        0.0000000000        0.0000000000
     1695.0000000000        0.0000000000        0.0000000000
     1696.0000000000        0.0000000000        0.0000000000
     1697.0000000000        0.0000000000        0.0000000000
     1698.0000000000        0.0000000000        0.0000000000
     1699.0000000000        0.0000000000        0.0000000000
     1700.0000000000        0.0000000000        0.0000000000
     1701.0000000000        0.0000000000        0.0000000000
     1702.0000000000        0.0000000000        0.0000000000
     1703.0000000000        0.0000000000        0.0000000000
     1704.0000000000        0.0000000000        0.0000000000
     1705.0000000000        0.0000000000        0.0000000000
     1706.0000000000        0.0000000000        0.0000000000
     1707.0000000000        0.0000000000        0.0000000000
     1708.0000000000        0.0000000000        0.0000000000
     1709.0000000000        0.0000000000        0.0000000000
     1710.0000000000        0.0000000000        0.0000000000
     1711.0000000000        0.0000000000        0.0000000000
     1712.0000000000        0.0000000000        0.0000000000
     1713.0000000000        0.0000000000        0.0000000000
     1714.0000000000        0.0000000000        0.0000000000
     1715.0000000000        0.0000000000        0.0000000000
     1716.0000000000        0.0000000000        0.0000000000
     1717.0000000000        0.0000000000        0.0000000000
     1718.0000000000        0.0000000000        0.0000000000
     1719.0000000000        0.0000000000        0.0000000000
     1720.0000000000        0.0000000000        0.0000000000
     1721.0000000000        0.0000000000        0.0000000000
     1722.0000000000        0.0000000000        0.0000000000
     1723.0000000000        0.0000000000        0.0000000000
     1724.0000000000        0.0000000000        0.0000000000
     1725.0000000000        0.0000000000        0.0000000000
     1726.0000000000        0.0000000000        0.0000000000
     1727.0000000000        0.0000000000        0.0000000000
     1728.0000000000        0.0000000000        0.0000000000
     1729.0000000000        0.0000000000        0.0000000000
     1730.0000000000        0.0000000000        0.0000000000
     1731.0000000000        0.0000000000        0.0000000000
     1732.0000000000        0.0000000000        0.0000000000
     1733.0000000000        0.0000000000        0.0000000000
     1734.0000000000        0.0000000000        0.0000000000
     1735.0000000000        0.0000000000        0.0000000000
     1736.0000000000        0.0000000000        0.0000000000
     1737.0000000000        0.0000000000        0.0000000000
     1738.0000000000        0.0000000000        0.0000000000
     1739.0000000000        0.0000000000        0.0000000000
     1740.0000000000        0.0000000000        0.0000000000
     1741.0000000000        0.0000000000        0.0000000000
     1742.0000000000        0.0000000000        0.0000000000
     1743.0000000000        0.0000000000        0.0000000000
     1744.0000000000        0.0000000000        0.0000000000
     1745.0000000000        0.0000000000        0.0000000000
     1746.0000000000        0.0000000000        0.0000000000
     1747.0000000000        0.0000000000        0.0000000000
     1748.0000000000        0.0000000000        0.0000000000
     1749.0000000000        0.0000000000        0.0000000000
     1750.0000000000        0.0000000000        0.0000000000
     1751.0000000000        0.0000000000        0.0000000000
     1752.0000000000        0.0000000000        0.0000000000
     1753.0000000000        0.0000000000        0.0000000000
     1754.0000000000        0.0000000000        0.0000000000
     1755.0000000000        0.0000000000        0.0000000000
     1756.0000000000        0.0000000000        0.0000000000
     1757.0000000000        0.0000000000        0.0000000000
     1758.0000000000        0.0000000000        0.0000000000
     1759.0000000000        0.0000000000        0.0000000000
     1760.0000000000        0.0000000000        0.0000000000
     1761.0000000000        0.0000000000        0.0000000000
     1762.0000000000        0.0000000000        0.0000000000
     1763.0000000000        0.0000000000        0.0000000000
     1764.0000000000        0.0000000000        0.0000000000
     1765.0000000000        0.0000000000        0.0000000000
     1766.0000000000        0.0000000000        0.0000000000
     1767.0000000000        0.0000000000        0.0000000000
     1768.0000000000        0.0000000000        0.0000000000
     1769.0000000000        0.0000000000        0.0000000000
     1770.0000000000        0.0000000000        0.0000000000
     1771.0000000000        0.0000000000        0.0000000000
     1772.0000000000        0.0000000000        0.0000000000
     1773.0000000000        0.0000000000        0.0000000000
     1774.0000000000        0.0000000000        0.0000000000
     1775.0000000000        0.0000000000        0.0000000000
     1776.0000000000        0.0000000000        0.0000000000
     1777.0000000000        0.0000000000        0.0000000000
     1778.0000000000        0.0000000000        0.0000000000
     1779.0000000000        0.0000000000        0.0000000000
     1780.0000000000        0.0000000000        0.0000000000
     1781.0000000000        0.0000000000        0.0000000000
     1782.0000000000        0.0000000000        0.0000000000
     1783.0000000000        0.0000000000        0.0000000000
     1784.0000000000        0.0000000000        0.0000000000
     1785.0000000000        0.0000000000        0.0000000000
     1786.0000000000        0.0000000000        0.0000000000
     1787.0000000000        0.0000000000        0.0000000000
     1788.0000000000        0.0000000000        0.0000000000
     1789.0000000000        0.0000000000        0.0000000000
     1790.0000000000        0.0000000000        0.0000000000
     1791.0000000000        0.0000000000        0.0000000000
     1792.0000000000        0.0000000000        0.0000000000
     1793.0000000000        0.0000000000        0.0000000000
     1794.0000000000        0.0000000000        0.0000000000
     1795.0000000000        0.0000000000        0.0000000000
     1796.0000000000        0.0000000000        0.0000000000
     1797.0000000000        0.0000000000        0.0000000000
     1798.0000000000        0.0000000000        0.0000000000
     1799.0000000000        0.0000000000        0.0000000000
     1800.0000000000        0.0000000000        0.0000000000
     1801.0000000000        0.0000000000        0.0000000000
     1802.0000000000        0.0000000000        0.0000000000
     1803.0000000000        0.0000000000        0.0000000000
     1804.0000000000        0.0000000000        0.0000000000
     1805.0000000000        0.0000000000        0.0000000000
     1806.0000000000        0.0000000000        0.0000000000
     1807.0000000000        0.0000000000        0.0000000000
     1808.0000000000        0.0000000000        0.0000000000
     1809.0000000000        0.0000000000        0.0000000000
     1810.0000000000        0.0000000000        0.0000000000
     1811.0000000000        0.0000000000        0.0000000000
     1812.0000000000        0.0000000000        0.0000000000
     1813.0000000000        0.0000000000        0.0000000000
     1814.0000000000        0.0000000000        0.0000000000
     1815.0000000000        0.0000000000        0.0000000000
     1816.0000000000        0.0000000000        0.0000000000
     1817.0000000000        0.0000000000        0.0000000000
     1818.0000000000        0.0000000000        0.0000000000
     1819.0000000000        0.0000000000        0.0000000000
     1820.0000000000        0.0000000000        0.0000000000
     1821.0000000000        0.0000000000        0.0000000000
     1822.0000000000        0.0000000000        0.0000000000
     1823.0000000000        0.0000000000        0.0000000000
     1824.0000000000        0.0000000000        0.0000000000
     1825.0000000000        0.0000000000        0.0000000000
     1826.0000000000        0.0000000000        0.0000000000
     1827.0000000000        0.0000000000        0.0000000000
     1828.0000000000        0.0000000000        0.0000000000
     1829.0000000000        0.0000000000        0.0000000000
     1830.0000000000        0.0000000000        0.0000000000
     1831.0000000000        0.0000000000        0.0000000000
     1832.0000000000        0.0000000000        0.0000000000
     1833.0000000000        0.0000000000        0.0000000000
     1834.0000000000        0.0000000000        0.0000000000
     1835.0000000000        0.0000000000        0.0000000000
     1836.0000000000        0.0000000000        0.0000000000
     1837.0000000000        0.0000000000        0.0000000000
     1838.0000000000        0.0000000000        0.0000000000
     1839.0000000000        0.0000000000        0.0000000000
     1840.0000000000        0.0000000000        0.0000000000
     1841.0000000000        0.0000000000        0.0000000000
     1842.0000000000        0.0000000000        0.0000000000
     1843.0000000000        0.0000000000        0.0000000000
     1844.0000000000        0.0000000000        0.0000000000
     1845.0000000000        0.0000000000        0.0000000000
     1846.0000000000        0.0000000000        0.0000000000
     1847.0000000000        0.0000000000        0.0000000000
     1848.0000000000        0.0000000000        0.0000000000
     1849.0000000000        0.0000000000        0.0000000000
     1850.0000000000        0.0000000000        0.0000000000
     1851.0000000000        0.0000000000        0.0000000000
     1852.0000000000        0.0000000000        0.0000000000
     1853.0000000000        0.0000000000        0.0000000000
     1854.0000000000        0.0000000000        0.0000000000
     1855.0000000000        0.0000000000        0.0000000000
     1856.0000000000        0.0000000000        0.0000000000
     1857.0000000000        0.0000000000        0.0000000000
     1858.0000000000        0.0000000000        0.0000000000
     1859.0000000000        0.0000000000        0.0000000000
     1860.0000000000        0.0000000000        0.0000000000
     1861.0000000000        0.0000000000        0.0000000000
     1862.0000000000        0.0000000000        0.0000000000
     1863.0000000000        0.0000000000        0.0000000000
     1864.0000000000        0.0000000000        0.0000000000
     1865.0000000000        0.0000000000        0.0000000000
     1866.0000000000        0.0000000000        0.0000000000
     1867.0000000000        0.0000000000        0.0000000000
     1868.0000000000        0.0000000000        0.0000000000
     1869.0000000000        0.0000000000        0.0000000000
     1870.0000000000        0.0000000000        0.0000000000
     1871.0000000000        0.0000000000        0.0000000000
     1872.0000000000        0.0000000000        0.0000000000
     1873.0000000000        0.0000000000        0.0000000000
     1874.0000000000        0.0000000000        0.0000000000
     1875.0000000000        0.0000000000        0.0000000000
     1876.0000000000        0.0000000000        0.0000000000
     1877.0000000000        0.0000000000        0.0000000000
     1878.0000000000        0.0000000000        0.0000000000
     1879.0000000000        0.0000000000        0.0000000000
     1880.0000000000        0.0000000000        0.0000000000
     1881.0000000000        0.0000000000        0.0000000000
     1882.0000000000        0.0000000000        0.0000000000
     1883.0000000000        0.0000000000        0.0000000000
     1884.0000000000        0.0000000000        0.0000000000
     1885.0000000000        0.0000000000        0.0000000000
     1886.0000000000        0.0000000000        0.0000000000
     1887.0000000000        0.0000000000        0.0000000000
     1888.0000000000        0.0000000000        0.0000000000
     1889.0000000000        0.0000000000        0.0000000000
     1890.0000000000        0.0000000000        0.0000000000
     1891.0000000000        0.0000000000        0.0000000000
     1892.0000000000        0.0000000000        0.0000000000
     1893.0000000000        0.0000000000        0.0000000000
     1894.0000000000        0.0000000000        0.0000000000
     1895.0000000000        0.0000000000        0.0000000000
     1896.0000000000        0.0000000000        0.0000000000
     1897.0000000000        0.0000000000        0.0000000000
     1898.0000000000        0.0000000000        0.0000000000
     1899.0000000000        0.0000000000        0.0000000000
     1900.0000000000        0.0000000000        0.0000000000
     1901.0000000000        0.0000000000        0.0000000000
     1902.0000000000        0.0000000000        0.0000000000
     1903.0000000000        0.0000000000        0.0000000000
     1904.0000000000        0.0000000000        0.0000000000
     1905.0000000000        0.0000000000        0.0000000000
     1906.0000000000        0.0000000000        0.0000000000
     1907.0000000000        0.0000000000        0.0000000000
     1908.0000000000        0.0000000000        0.0000000000
     1909.0000000000        0.0000000000        0.0000000000
     1910.0000000000        0.0000000000        0.0000000000
     1911.0000000000        0.0000000000        0.0000000000
     1912.0000000000        0.0000000000        0.0000000000
     1913.0000000000        0.0000000000        0.0000000000
     1914.0000000000        0.0000000000        0.0000000000
     1915.0000000000        0.0000000000        0.0000000000
     1916.0000000000        0.0000000000        0.0000000000
     1917.0000000000        0.0000000000        0.0000000000
     1918.0000000000        0.0000000000        0.0000000000
     1919.0000000000        0.0000000000        0.0000000000
     1920.0000000000        0.0000000000        0.0000000000
     1921.0000000000        0.0000000000        0.0000000000
     1922.0000000000        0.0000000000        0.0000000000
     1923.0000000000        0.0000000000        0.0000000000
     1924.0000000000        0.0000000000        0.0000000000
     1925.0000000000        0.0000000000        0.0000000000
     1926.0000000000        0.0000000000        0.0000000000
     1927.0000000000        0.0000000000        0.0000000000
     1928.0000000000        0.0000000000        0.0000000000
     1929.0000000000        0.0000000000        0.0000000000
     1930.0000000000        0.0000000000        0.0000000000
     1931.0000000000        0.0000000000        0.0000000000
     1932.0000000000        0.0000000000        0.0000000000
     1933.0000000000        0.0000000000        0.0000000000
     1934.0000000000        0.0000000000        0.0000000000
     1935.0000000000        0.0000000000        0.0000000000
     1936.0000000000        0.0000000000        0.0000000000
     1937.0000000000        0.0000000000        0.0000000000
     1938.0000000000        0.0000000000        0.0000000000
     1939.0000000000        0.0000000000        0.0000000000
     1940.0000000000        0.0000000000        0.0000000000
     1941.0000000000        0.0000000000        0.0000000000
     1942.0000000000        0.0000000000        0.0000000000
     1943.0000000000        0.0000000000        0.0000000000
     1944.0000000000        0.0000000000        0.0000000000
     1945.0000000000        0.0000000000        0.0000000000
     1946.0000000000        0.0000000000        0.0000000000
     1947.0000000000        0.0000000000        0.0000000000
     1948.0000000000        0.0000000000        0.0000000000
     1949.0000000000        0.0000000000        0.0000000000
     1950.0000000000        0.0000000000        0.0000000000
     1951.0000000000        0.0000000000        0.0000000000
     1952.0000000000        0.0000000000        0.0000000000
     1953.0000000000        0.0000000000        0.0000000000
     1954.0000000000        0.0000000000        0.0000000000
     1955.0000000000        0.0000000000        0.0000000000
     1956.0000000000        0.0000000000        0.0000000000
     1957.0000000000        0.0000000000        0.0000000000
     1958.0000000000        0.0000000000        0.0000000000
     1959.0000000000        0.0000000000        0.0000000000
     1960.0000000000        0.0000000000        0.0000000000
     1961.0000000000        0.0000000000        0.0000000000
     1962.0000000000        0.0000000000        0.0000000000
     1963.0000000000        0.0000000000        0.0000000000
     1964.0000000000        0.0000000000        0.0000000000
     1965.0000000000        0.0000000000        0.0000000000
     1966.0000000000        0.0000000000        0.0000000000
     1967.0000000000        0.0000000000        0.0000000000
     1968.0000000000        0.0000000000        0.0000000000
     1969.0000000000        0.0000000000        0.0000000000
     1970.0000000000        0.0000000000        0.0000000000
     1971.0000000000        0.0000000000        0.0000000000
     1972.0000000000        0.0000000000        0.0000000000
     1973.0000000000        0.0000000000        0.0000000000
     1974.0000000000        0.0000000000        0.0000000000
     1975.0000000000        0.0000000000        0.0000000000
     1976.0000000000        0.0000000000        0.0000000000
     1977.0000000000        0.0000000000        0.0000000000
     1978.0000000000        0.0000000000        0.0000000000
     1979.0000000000        0.0000000000        0.0000000000
     1980.0000000000        0.0000000000        0.0000000000
     1981.0000000000        0.0000000000        0.0000000000
     1982.0000000000        0.0000000000        0.0000000000
     1983.0000000000        0.0000000000        0.0000000000
     1984.0000000000        0.0000000000        0.0000000000
     1985.0000000000        0.0000000000        0.0000000000
     1986.0000000000        0.0000000000        0.0000000000
     1987.0000000000        0.0000000000        0.0000000000
     1988.0000000000        0.0000000000        0.0000000000
     1989.0000000000        0.0000000000        0.0000000000
     1990.0000000000        0.0000000000        0.0000000000
     1991.0000000000        0.0000000000        0.0000000000
     1992.0000000000        0.0000000000        0.0000000000
     1993.0000000000        0.0000000000        0.0000000000
     1994.0000000000        0.0000000000        0.0000000000
     1995.0000000000        0.0000000000        0.0000000000
     1996.0000000000        0.0000000000        0.0000000000
     1997.0000000000        0.0000000000        0.0000000000
     1998.0000000000        0.0000000000        0.0000000000
     1999.0000000000        0.0000000000        0.0000000000
     2000.0000000000        0.0000000000        0.0000000000
     2001.0000000000        0.0000000000        0.0000000000
     2002.0000000000        0.0000000000        0.0000000000
     2003.0000000000        0.0000000000        0.0000000000
     2004.0000000000        0.0000000000        0.0000000000
     2005.0000000000        0.0000000000        0.0000000000
     2006.0000000000        0.0000000000        0.0000000000
     2007.0000000000        0.0000000000        0.0000000000
     2008.0000000000        0.0000000000        0.0000000000
     2009.0000000000        0.0000000000        0.0000000000
     2010.0000000000        0.0000000000        0.0000000000
     2011.0000000000        0.0000000000        0.0000000000
     2012.0000000000        0.0000000000        0.0000000000
     2013.0000000000        0.0000000000        0.0000000000
     2014.0000000000        0.0000000000        0.0000000000
     2015.0000000000        0.0000000000        0.0000000000
     2016.0000000000        0.0000000000        0.0000000000
     2017.0000000000        0.0000000000        0.0000000000
     2018.0000000000        0.0000000000        0.0000000000
     2019.0000000000        0.0000000000        0.0000000000
     2020.0000000000        0.0000000000        0.0000000000
     2021.0000000000        0.0000000000        0.0000000000
     2022.0000000000        0.0000000000        0.0000000000
     2023.0000000000        0.0000000000        0.0000000000
     2024.0000000000        0.0000000000        0.0000000000
     2025.0000000000        0.0000000000        0.0000000000
     2026.0000000000        0.0000000000        0.0000000000
     2027.0000000000        0.0000000000        0.0000000000
     2028.0000000000        0.0000000000        0.0000000000
     2029.0000000000        0.0000000000        0.0000000000
     2030.0000000000        0.0000000000        0.0000000000
     2031.0000000000        0.0000000000        0.0000000000
     2032.0000000000        0.0000000000        0.0000000000
     2033.0000000000        0.0000000000        0.0000000000
     2034.0000000000        0.0000000000        0.0000000000
     2035.0000000000        0.0000000000        0.0000000000
     2036.0000000000        0.0000000000        0.0000000000
     2037.0000000000        0.0000000000        0.0000000000
     2038.0000000000        0.0000000000        0.0000000000
     2039.0000000000        0.0000000000        0.0000000000
     2040.0000000000        0.0000000000        0.0000000000
     2041.0000000000        0.0000000000        0.0000000000
     2042.0000000000        0.0000000000        0.0000000000
     2043.0000000000        0.0000000000        0.0000000000
     2044.0000000000        0.0000000000        0.0000000000
     2045.0000000000        0.0000000000        0.0000000000
     2046.0000000000        0.0000000000        0.0000000000
     2047.0000000000        0.0000000000        0.0000000000
     2048.0000000000        0.0000000000        0.0000000000
     2049.0000000000        0.0000000000        0.0000000000
     2050.0000000000        0.0000000000        0.0000000000
     2051.0000000000        0.0000000000        0.0000000000
     2052.0000000000        0.0000000000        0.0000000000
     2053.0000000000        0.0000000000        0.0000000000
     2054.0000000000        0.0000000000        0.0000000000
     2055.0000000000        0.0000000000        0.0000000000
     2056.0000000000        0.0000000000        0.0000000000
     2057.0000000000        0.0000000000        0.0000000000
     2058.0000000000        0.0000000000        0.0000000000
     2059.0000000000        0.0000000000        0.0000000000
     2060.0000000000        0.0000000000        0.0000000000
     2061.0000000000        0.0000000000        0.0000000000
     2062.0000000000        0.0000000000        0.0000000000
     2063.0000000000        0.0000000000        0.0000000000
     2064.0000000000        0.0000000000        0.0000000000
     2065.0000000000        0.0000000000        0.0000000000
     2066.0000000000        0.0000000000        0.0000000000
     2067.0000000000        0.0000000000        0.0000000000
     2068.0000000000        0.0000000000        0.0000000000
     2069.0000000000        0.0000000000        0.0000000000
     2070.0000000000        0.0000000000        0.0000000000
     2071.0000000000        0.0000000000        0.0000000000
     2072.0000000000        0.0000000000        0.0000000000
     2073.0000000000        0.0000000000        0.0000000000
     2074.0000000000        0.0000000000        0.0000000000
     2075.0000000000        0.0000000000        0.0000000000
     2076.0000000000        0.0000000000        0.0000000000
     2077.0000000000        0.0000000000        0.0000000000
     2078.0000000000        0.0000000000        0.0000000000
     2079.0000000000        0.0000000000        0.0000000000
     2080.0000000000        0.0000000000        0.0000000000
     2081.0000000000        0.0000000000        0.0000000000
     2082.0000000000        0.0000000000        0.0000000000
     2083.0000000000        0.0000000000        0.0000000000
     2084.0000000000        0.0000000000        0.0000000000
     2085.0000000000        0.0000000000        0.0000000000
     2086.0000000000        0.0000000000        0.0000000000
     2087.0000000000        0.0000000000        0.0000000000
     2088.0000000000        0.0000000000        0.0000000000
     2089.0000000000        0.0000000000        0.0000000000
     2090.0000000000        0.0000000000        0.0000000000
     2091.0000000000        0.0000000000        0.0000000000
     2092.0000000000        0.0000000000        0.0000000000
     2093.0000000000        0.0000000000        0.0000000000
     2094.0000000000        0.0000000000        0.0000000000
     2095.0000000000        0.0000000000        0.0000000000
     2096.0000000000        0.0000000000        0.0000000000
     2097.0000000000        0.0000000000        0.0000000000
     2098.0000000000        0.0000000000        0.0000000000
     2099.0000000000        0.0000000000        0.0000000000
     2100.0000000000        0.0000000000        0.0000000000
     2101.0000000000        0.0000000000        0.0000000000
     2102.0000000000        0.0000000000        0.0000000000
     2103.0000000000        0.0000000000        0.0000000000
     2104.0000000000        0.0000000000        0.0000000000
     2105.0000000000        0.0000000000        0.0000000000
     2106.0000000000        0.0000000000        0.0000000000
     2107.0000000000        0.0000000000        0.0000000000
     2108.0000000000        0.0000000000        0.0000000000
     2109.0000000000        0.0000000000        0.0000000000
     2110.0000000000        0.0000000000        0.0000000000
     2111.0000000000        0.0000000000        0.0000000000
     2112.0000000000        0.0000000000        0.0000000000
     2113.0000000000        0.0000000000        0.0000000000
     2114.0000000000        0.0000000000        0.0000000000
     2115.0000000000        0.0000000000        0.0000000000
     2116.0000000000        0.0000000000        0.0000000000
     2117.0000000000        0.0000000000        0.0000000000
     2118.0000000000        0.0000000000        0.0000000000
     2119.0000000000        0.0000000000        0.0000000000
     2120.0000000000        0.0000000000        0.0000000000
     2121.0000000000        0.0000000000        0.0000000000
     2122.0000000000        0.0000000000        0.0000000000
     2123.0000000000        0.0000000000        0.0000000000
     2124.0000000000        0.0000000000        0.0000000000
     2125.0000000000        0.0000000000        0.0000000000
     2126.0000000000        0.0000000000        0.0000000000
     2127.0000000000        0.0000000000        0.0000000000
     2128.0000000000        0.0000000000        0.0000000000
     2129.0000000000        0.0000000000        0.0000000000
     2130.0000000000        0.0000000000        0.0000000000
     2131.0000000000        0.0000000000        0.0000000000
     2132.0000000000        0.0000000000        0.0000000000
     2133.0000000000        0.0000000000        0.0000000000
     2134.0000000000        0.0000000000        0.0000000000
     2135.0000000000        0.0000000000        0.0000000000
     2136.0000000000        0.0000000000        0.0000000000
     2137.0000000000        0.0000000000        0.0000000000
     2138.0000000000        0.0000000000        0.0000000000
     2139.0000000000        0.0000000000        0.0000000000
     2140.0000000000        0.0000000000        0.0000000000
     2141.0000000000        0.0000000000        0.0000000000
     2142.0000000000        0.0000000000        0.0000000000
     2143.0000000000        0.0000000000        0.0000000000
     2144.0000000000        0.0000000000        0.0000000000
     2145.0000000000        0.0000000000        0.0000000000
     2146.0000000000        0.0000000000        0.0000000000
     2147.0000000000        0.0000000000        0.0000000000
     2148.0000000000        0.0000000000        0.0000000000
     2149.0000000000        0.0000000000        0.0000000000
     2150.0000000000        0.0000000000        0.0000000000
     2151.0000000000        0.0000000000        0.0000000000
     2152.0000000000        0.0000000000        0.0000000000
     2153.0000000000        0.0000000000        0.0000000000
     2154.0000000000        0.0000000000        0.0000000000
     2155.0000000000        0.0000000000        0.0000000000
     2156.0000000000        0.0000000000        0.0000000000
     2157.0000000000        0.0000000000        0.0000000000
     2158.0000000000        0.0000000000        0.0000000000
     2159.0000000000        0.0000000000        0.0000000000
     2160.0000000000        0.0000000000        0.0000000000
     2161.0000000000        0.0000000000        0.0000000000
     2162.0000000000        0.0000000000        0.0000000000
     2163.0000000000        0.0000000000        0.0000000000
     2164.0000000000        0.0000000000        0.0000000000
     2165.0000000000        0.0000000000        0.0000000000
     2166.0000000000        0.0000000000        0.0000000000
     2167.0000000000        0.0000000000        0.0000000000
     2168.0000000000        0.0000000000        0.0000000000
     2169.0000000000        0.0000000000        0.0000000000
     2170.0000000000        0.0000000000        0.0000000000
     2171.0000000000        0.0000000000        0.0000000000
     2172.0000000000        0.0000000000        0.0000000000
     2173.0000000000        0.0000000000        0.0000000000
     2174.0000000000        0.0000000000        0.0000000000
     2175.0000000000        0.0000000000        0.0000000000
     2176.0000000000        0.0000000000        0.0000000000
     2177.0000000000        0.0000000000        0.0000000000
     2178.0000000000        0.0000000000        0.0000000000
     2179.0000000000        0.0000000000        0.0000000000
     2180.0000000000        0.0000000000        0.0000000000
     2181.0000000000        0.0000000000        0.0000000000
     2182.0000000000        0.0000000000        0.0000000000
     2183.0000000000        0.0000000000        0.0000000000
     2184.0000000000        0.0000000000        0.0000000000
     2185.0000000000        0.0000000000        0.0000000000
     2186.0000000000        0.0000000000        0.0000000000
     2187.0000000000        0.0000000000        0.0000000000
     2188.0000000000        0.0000000000        0.0000000000
     2189.0000000000        0.0000000000        0.0000000000
     2190.0000000000        0.0000000000        0.0000000000
     2191.0000000000        0.0000000000        0.0000000000
     2192.0000000000        0.0000000000        0.0000000000
     2193.0000000000        0.0000000000        0.0000000000
     2194.0000000000        0.0000000000        0.0000000000
     2195.0000000000        0.0000000000        0.0000000000
     2196.0000000000        0.0000000000        0.0000000000
     2197.0000000000        0.0000000000        0.0000000000
     2198.0000000000        0.0000000000        0.0000000000
     2199.0000000000        0.0000000000        0.0000000000
     2200.0000000000        0.0000000000        0.0000000000
     2201.0000000000        0.0000000000        0.0000000000
     2202.0000000000        0.0000000000        0.0000000000
     2203.0000000000        0.0000000000        0.0000000000
     2204.0000000000        0.0000000000        0.0000000000
     2205.0000000000        0.0000000000        0.0000000000
     2206.0000000000        0.0000000000        0.0000000000
     2207.0000000000        0.0000000000        0.0000000000
     2208.0000000000        0.0000000000        0.0000000000
     2209.0000000000        0.0000000000        0.0000000000
     2210.0000000000        0.0000000000        0.0000000000
     2211.0000000000        0.0000000000        0.0000000000
     2212.0000000000        0.0000000000        0.0000000000
     2213.0000000000        0.0000000000        0.0000000000
     2214.0000000000        0.0000000000        0.0000000000
     2215.0000000000        0.0000000000        0.0000000000
     2216.0000000000        0.0000000000        0.0000000000
     2217.0000000000        0.0000000000        0.0000000000
     2218.0000000000        0.0000000000        0.0000000000
     2219.0000000000        0.0000000000        0.0000000000
     2220.0000000000        0.0000000000        0.0000000000
     2221.0000000000        0.0000000000        0.0000000000
     2222.0000000000        0.0000000000        0.0000000000
     2223.0000000000        0.0000000000        0.0000000000
     2224.0000000000        0.0000000000        0.0000000000
     2225.0000000000        0.0000000000        0.0000000000
     2226.0000000000        0.0000000000        0.0000000000
     2227.0000000000        0.0000000000        0.0000000000
     2228.0000000000        0.0000000000        0.0000000000
     2229.0000000000        0.0000000000        0.0000000000
     2230.0000000000        0.0000000000        0.0000000000
     2231.0000000000        0.0000000000        0.0000000000
     2232.0000000000        0.0000000000        0.0000000000
     2233.0000000000        0.0000000000        0.0000000000
     2234.0000000000        0.0000000000        0.0000000000
     2235.0000000000        0.0000000000        0.0000000000
     2236.0000000000        0.0000000000        0.0000000000
     2237.0000000000        0.0000000000        0.0000000000
     2238.0000000000        0.0000000000        0.0000000000
     2239.0000000000        0.0000000000        0.0000000000
     2240.0000000000        0.0000000000        0.0000000000
     2241.0000000000        0.0000000000        0.0000000000
     2242.0000000000        0.0000000000        0.0000000000
     2243.0000000000        0.0000000000        0.0000000000
     2244.0000000000        0.0000000000        0.0000000000
     2245.0000000000        0.0000000000        0.0000000000
     2246.0000000000        0.0000000000        0.0000000000
     2247.0000000000        0.0000000000        0.0000000000
     2248.0000000000        0.0000000000        0.0000000000
     2249.0000000000        0.0000000000        0.0000000000
     2250.0000000000        0.0000000000        0.0000000000
     2251.0000000000        0.0000000000        0.0000000000
     2252.0000000000        0.0000000000        0.0000000000
     2253.0000000000        0.0000000000        0.0000000000
     2254.0000000000        0.0000000000        0.0000000000
     2255.0000000000        0.0000000000        0.0000000000
     2256.0000000000        0.0000000000        0.0000000000
     2257.0000000000        0.0000000000        0.0000000000
     2258.0000000000        0.0000000000        0.0000000000
     2259.0000000000        0.0000000000        0.0000000000
     2260.0000000000        0.0000000000        0.0000000000
     2261.0000000000        0.0000000000        0.0000000000
     2262.0000000000        0.0000000000        0.0000000000
     2263.0000000000        0.0000000000        0.0000000000
     2264.0000000000        0.0000000000        0.0000000000
     2265.0000000000        0.0000000000        0.0000000000
     2266.0000000000        0.0000000000        0.0000000000
     2267.0000000000        0.0000000000        0.0000000000
     2268.0000000000        0.0000000000        0.0000000000
     2269.0000000000        0.0000000000        0.0000000000
     2270.0000000000        0.0000000000        0.0000000000
     2271.0000000000        0.0000000000        0.0000000000
     2272.0000000000        0.0000000000        0.0000000000
     2273.0000000000        0.0000000000        0.0000000000
     2274.0000000000        0.0000000000        0.0000000000
     2275.0000000000        0.0000000000        0.0000000000
     2276.0000000000        0.0000000000        0.0000000000
     2277.0000000000        0.0000000000        0.0000000000
     2278.0000000000        0.0000000000        0.0000000000
     2279.0000000000        0.0000000000        0.0000000000
     2280.0000000000        0.0000000000        0.0000000000
     2281.0000000000        0.0000000000        0.0000000000
     2282.0000000000        0.0000000000        0.0000000000
     2283.0000000000        0.0000000000        0.0000000000
     2284.0000000000        0.0000000000        0.0000000000
     2285.0000000000        0.0000000000        0.0000000000
     2286.0000000000        0.0000000000        0.0000000000
     2287.0000000000        0.0000000000        0.0000000000
     2288.0000000000        0.0000000000        0.0000000000
     2289.0000000000        0.0000000000        0.0000000000
     2290.0000000000        0.0000000000        0.0000000000
     2291.0000000000        0.0000000000        0.0000000000
     2292.0000000000        0.0000000000        0.0000000000
     2293.0000000000        0.0000000000        0.0000000000
     2294.0000000000        0.0000000000        0.0000000000
     2295.0000000000        0.0000000000        0.0000000000
     2296.0000000000        0.0000000000        0.0000000000
     2297.0000000000        0.0000000000        0.0000000000
     2298.0000000000        0.0000000000        0.0000000000
     2299.0000000000        0.0000000000        0.0000000000
     2300.0000000000        0.0000000000        0.0000000000
     2301.0000000000        0.0000000000        0.0000000000
     2302.0000000000        0.0000000000        0.0000000000
     2303.0000000000        0.0000000000        0.0000000000
     2304.0000000000        0.0000000000        0.0000000000
     2305.0000000000        0.0000000000        0.0000000000
     2306.0000000000        0.0000000000        0.0000000000
     2307.0000000000        0.0000000000        0.0000000000
     2308.0000000000        0.0000000000        0.0000000000
     2309.0000000000        0.0000000000        0.0000000000
     2310.0000000000        0.0000000000        0.0000000000
     2311.0000000000        0.0000000000        0.0000000000
     2312.0000000000        0.0000000000        0.0000000000
     2313.0000000000        0.0000000000        0.0000000000
     2314.0000000000        0.0000000000        0.0000000000
     2315.0000000000        0.0000000000        0.0000000000
     2316.0000000000        0.0000000000        0.0000000000
     2317.0000000000        0.0000000000        0.0000000000
     2318.0000000000        0.0000000000        0.0000000000
     2319.0000000000        0.0000000000        0.0000000000
     2320.0000000000        0.0000000000        0.0000000000
     2321.0000000000        0.0000000000        0.0000000000
     2322.0000000000        0.0000000000        0.0000000000
     2323.0000000000        0.0000000000        0.0000000000
     2324.0000000000        0.0000000000        0.0000000000
     2325.0000000000        0.0000000000        0.0000000000
     2326.0000000000        0.0000000000        0.0000000000
     2327.0000000000        0.0000000000        0.0000000000
     2328.0000000000        0.0000000000        0.0000000000
     2329.0000000000        0.0000000000        0.0000000000
     2330.0000000000        0.0000000000        0.0000000000
     2331.0000000000        0.0000000000        0.0000000000
     2332.0000000000        0.0000000000        0.0000000000
     2333.0000000000        0.0000000000        0.0000000000
     2334.0000000000        0.0000000000        0.0000000000
     2335.0000000000        0.0000000000        0.0000000000
     2336.0000000000        0.0000000000        0.0000000000
     2337.0000000000        0.0000000000        0.0000000000
     2338.0000000000        0.0000000000        0.0000000000
     2339.0000000000        0.0000000000        0.0000000000
     2340.0000000000        0.0000000000        0.0000000000
     2341.0000000000        0.0000000000        0.0000000000
     2342.0000000000        0.0000000000        0.0000000000
     2343.0000000000        0.0000000000        0.0000000000
     2344.0000000000        0.0000000000        0.0000000000
     2345.0000000000        0.0000000000        0.0000000000
     2346.0000000000        0.0000000000        0.0000000000
     2347.0000000000        0.0000000000        0.0000000000
     2348.0000000000        0.0000000000        0.0000000000
     2349.0000000000        0.0000000000        0.0000000000
     2350.0000000000        0.0000000000        0.0000000000
     2351.0000000000        0.0000000000        0.0000000000
     2352.0000000000        0.0000000000        0.0000000000
     2353.0000000000        0.0000000000        0.0000000000
     2354.0000000000        0.0000000000        0.0000000000
     2355.0000000000        0.0000000000        0.0000000000
     2356.0000000000        0.0000000000        0.0000000000
     2357.0000000000        0.0000000000        0.0000000000
     2358.0000000000        0.0000000000        0.0000000000
     2359.0000000000        0.0000000000        0.0000000000
     2360.0000000000        0.0000000000        0.0000000000
     2361.0000000000        0.0000000000        0.0000000000
     2362.0000000000        0.0000000000        0.0000000000
     2363.0000000000        0.0000000000        0.0000000000
     2364.0000000000        0.0000000000        0.0000000000
     2365.0000000000        0.0000000000        0.0000000000
     2366.0000000000        0.0000000000        0.0000000000
     2367.0000000000        0.0000000000        0.0000000000
     2368.0000000000        0.0000000000        0.0000000000
     2369.0000000000        0.0000000000        0.0000000000
     2370.0000000000        0.0000000000        0.0000000000
     2371.0000000000        0.0000000000        0.0000000000
     2372.0000000000        0.0000000000        0.0000000000
     2373.0000000000        0.0000000000        0.0000000000
     2374.0000000000        0.0000000000        0.0000000000
     2375.0000000000        0.0000000000        0.0000000000
     2376.0000000000        0.0000000000        0.0000000000
     2377.0000000000        0.0000000000        0.0000000000
     2378.0000000000        0.0000000000        0.0000000000
     2379.0000000000        0.0000000000        0.0000000000
     2380.0000000000        0.0000000000        0.0000000000
     2381.0000000000        0.0000000000        0.0000000000
     2382.0000000000        0.0000000000        0.0000000000
     2383.0000000000        0.0000000000        0.0000000000
     2384.0000000000        0.0000000000        0.0000000000
     2385.0000000000        0.0000000000        0.0000000000
     2386.0000000000        0.0000000000        0.0000000000
     2387.0000000000        0.0000000000        0.0000000000
     2388.0000000000        0.0000000000        0.0000000000
     2389.0000000000        0.0000000000        0.0000000000
     2390.0000000000        0.0000000000        0.0000000000
     2391.0000000000        0.0000000000        0.0000000000
     2392.0000000000        0.0000000000        0.0000000000
     2393.0000000000        0.0000000000        0.0000000000
     2394.0000000000        0.0000000000        0.0000000000
     2395.0000000000        0.0000000000        0.0000000000
     2396.0000000000        0.0000000000        0.0000000000
     2397.0000000000        0.0000000000        0.0000000000
     2398.0000000000        0.0000000000        0.0000000000
     2399.0000000000        0.0000000000        0.0000000000
     2400.0000000000        0.0000000000        0.0000000000
     2401.0000000000        0.0000000000        0.0000000000
     2402.0000000000        0.0000000000        0.0000000000
     2403.0000000000        0.0000000000        0.0000000000
     2404.0000000000        0.0000000000        0.0000000000
     2405.0000000000        0.0000000000        0.0000000000
     2406.0000000000        0.0000000000        0.0000000000
     2407.0000000000        0.0000000000        0.0000000000
     2408.0000000000        0.0000000000        0.0000000000
     2409.0000000000        0.0000000000        0.0000000000
     2410.0000000000        0.0000000000        0.0000000000
     2411.0000000000        0.0000000000        0.0000000000
     2412.0000000000        0.0000000000        0.0000000000
     2413.0000000000        0.0000000000        0.0000000000
     2414.0000000000        0.0000000000        0.0000000000
     2415.0000000000        0.0000000000        0.0000000000
     2416.0000000000        0.0000000000        0.0000000000
     2417.0000000000        0.0000000000        0.0000000000
     2418.0000000000        0.0000000000        0.0000000000
     2419.0000000000        0.0000000000        0.0000000000
     2420.0000000000        0.0000000000        0.0000000000
     2421.0000000000        0.0000000000        0.0000000000
     2422.0000000000        0.0000000000        0.0000000000
     2423.0000000000        0.0000000000        0.0000000000
     2424.0000000000        0.0000000000        0.0000000000
     2425.0000000000        0.0000000000        0.0000000000
     2426.0000000000        0.0000000000        0.0000000000
     2427.0000000000        0.0000000000        0.0000000000
     2428.0000000000        0.0000000000        0.0000000000
     2429.0000000000        0.0000000000        0.0000000000
     2430.0000000000        0.0000000000        0.0000000000
     2431.0000000000        0.0000000000        0.0000000000
     2432.0000000000        0.0000000000        0.0000000000
     2433.0000000000        0.0000000000        0.0000000000
     2434.0000000000        0.0000000000        0.0000000000
     2435.0000000000        0.0000000000        0.0000000000
     2436.0000000000        0.0000000000        0.0000000000
     2437.0000000000        0.0000000000        0.0000000000
     2438.0000000000        0.0000000000        0.0000000000
     2439.0000000000        0.0000000000        0.0000000000
     2440.0000000000        0.0000000000        0.0000000000
     2441.0000000000        0.0000000000        0.0000000000
     2442.0000000000        0.0000000000        0.0000000000
     2443.0000000000        0.0000000000        0.0000000000
     2444.0000000000        0.0000000000        0.0000000000
     2445.0000000000        0.0000000000        0.0000000000
     2446.0000000000        0.0000000000        0.0000000000
     2447.0000000000        0.0000000000        0.0000000000
     2448.0000000000        0.0000000000        0.0000000000
     2449.0000000000        0.0000000000        0.0000000000
     2450.0000000000        0.0000000000        0.0000000000
     2451.0000000000        0.0000000000        0.0000000000
     2452.0000000000        0.0000000000        0.0000000000
     2453.0000000000        0.0000000000        0.0000000000
     2454.0000000000        0.0000000000        0.0000000000
     2455.0000000000        0.0000000000        0.0000000000
     2456.0000000000        0.0000000000        0.0000000000
     2457.0000000000        0.0000000000        0.0000000000
     2458.0000000000        0.0000000000        0.0000000000
     2459.0000000000        0.0000000000        0.0000000000
     2460.0000000000        0.0000000000        0.0000000000
     2461.0000000000        0.0000000000        0.0000000000
     2462.0000000000        0.0000000000        0.0000000000
     2463.0000000000        0.0000000000        0.0000000000
     2464.0000000000        0.0000000000        0.0000000000
     2465.0000000000        0.0000000000        0.0000000000
     2466.0000000000        0.0000000000        0.0000000000
     2467.0000000000        0.0000000000        0.0000000000
     2468.0000000000        0.0000000000        0.0000000000
     2469.0000000000        0.0000000000        0.0000000000
     2470.0000000000        0.0000000000        0.0000000000
     2471.0000000000        0.0000000000        0.0000000000
     2472.0000000000        0.0000000000        0.0000000000
     2473.0000000000        0.0000000000        0.0000000000
     2474.0000000000        0.0000000000        0.0000000000
     2475.0000000000        0.0000000000        0.0000000000
     2476.0000000000        0.0000000000        0.0000000000
     2477.0000000000        0.0000000000        0.0000000000
     2478.0000000000        0.0000000000        0.0000000000
     2479.0000000000        0.0000000000        0.0000000000
     2480.0000000000        0.0000000000        0.0000000000
     2481.0000000000        0.0000000000        0.0000000000
     2482.0000000000        0.0000000000        0.0000000000
     2483.0000000000        0.0000000000        0.0000000000
     2484.0000000000        0.0000000000        0.0000000000
     2485.0000000000        0.0000000000        0.0000000000
     2486.0000000000        0.0000000000        0.0000000000
     2487.0000000000        0.0000000000        0.0000000000
     2488.0000000000        0.0000000000        0.0000000000
     2489.0000000000        0.0000000000        0.0000000000
     2490.0000000000        0.0000000000        0.0000000000
     2491.0000000000        0.0000000000        0.0000000000
     2492.0000000000        0.0000000000        0.0000000000
     2493.0000000000        0.0000000000        0.0000000000
     2494.0000000000        0.0000000000        0.0000000000
     2495.0000000000        0.0000000000        0.0000000000
     2496.0000000000        0.0000000000        0.0000000000
     2497.0000000000        0.0000000000        0.0000000000
     2498.0000000000        0.0000000000        0.0000000000
     2499.0000000000        0.0000000000        0.0000000000
     2500.0000000000        0.0000000000        0.0000000000
     2501.0000000000        0.0000000000        0.0000000000
     2502.0000000000        0.0000000000        0.0000000000
     2503.0000000000        0.0000000000        0.0000000000
     2504.0000000000        0.0000000000        0.0000000000
     2505.0000000000        0.0000000000        0.0000000000
     2506.0000000000        0.0000000000        0.0000000000
     2507.0000000000        0.0000000000        0.0000000000
     2508.0000000000        0.0000000000        0.0000000000
     2509.0000000000        0.0000000000        0.0000000000
     2510.0000000000        0.0000000000        0.0000000000
     2511.0000000000        0.0000000000        0.0000000000
     2512.0000000000        0.0000000000        0.0000000000
     2513.0000000000        0.0000000000        0.0000000000
     2514.0000000000        0.0000000000        0.0000000000
     2515.0000000000        0.0000000000        0.0000000000
     2516.0000000000        0.0000000000        0.0000000000
     2517.0000000000        0.0000000000        0.0000000000
     2518.0000000000        0.0000000000        0.0000000000
     2519.0000000000        0.0000000000        0.0000000000
     2520.0000000000        0.0000000000        0.0000000000
     2521.0000000000        0.0000000000        0.0000000000
     2522.0000000000        0.0000000000        0.0000000000
     2523.0000000000        0.0000000000        0.0000000000
     2524.0000000000        0.0000000000        0.0000000000
     2525.0000000000        0.0000000000        0.0000000000
     2526.0000000000        0.0000000000        0.0000000000
     2527.0000000000        0.0000000000        0.0000000000
     2528.0000000000        0.0000000000        0.0000000000
     2529.0000000000        0.0000000000        0.0000000000
     2530.0000000000        0.0000000000        0.0000000000
     2531.0000000000        0.0000000000        0.0000000000
     2532.0000000000        0.0000000000        0.0000000000
     2533.0000000000        0.0000000000        0.0000000000
     2534.0000000000        0.0000000000        0.0000000000
     2535.0000000000        0.0000000000        0.0000000000
     2536.0000000000        0.0000000000        0.0000000000
     2537.0000000000        0.0000000000        0.0000000000
     2538.0000000000        0.0000000000        0.0000000000
     2539.0000000000        0.0000000000        0.0000000000
     2540.0000000000        0.0000000000        0.0000000000
     2541.0000000000        0.0000000000        0.0000000000
     2542.0000000000        0.0000000000        0.0000000000
     2543.0000000000        0.0000000000        0.0000000000
     2544.0000000000        0.0000000000        0.0000000000
     2545.0000000000        0.0000000000        0.0000000000
     2546.0000000000        0.0000000000        0.0000000000
     2547.0000000000        0.0000000000        0.0000000000
     2548.0000000000        0.0000000000        0.0000000000
     2549.0000000000        0.0000000000        0.0000000000
     2550.0000000000        0.0000000000        0.0000000000
     2551.0000000000        0.0000000000        0.0000000000
     2552.0000000000        0.0000000000        0.0000000000
     2553.0000000000        0.0000000000        0.0000000000
     2554.0000000000        0.0000000000        0.0000000000
     2555.0000000000        0.0000000000        0.0000000000
     2556.0000000000        0.0000000000        0.0000000000
     2557.0000000000        0.0000000000        0.0000000000
     2558.0000000000        0.0000000000        0.0000000000
     2559.0000000000        0.0000000000        0.0000000000
     2560.0000000000        0.0000000000        0.0000000000
     2561.0000000000        0.0000000000        0.0000000000
     2562.0000000000        0.0000000000        0.0000000000
     2563.0000000000        0.0000000000        0.0000000000
     2564.0000000000        0.0000000000        0.0000000000
     2565.0000000000        0.0000000000        0.0000000000
     2566.0000000000        0.0000000000        0.0000000000
     2567.0000000000        0.0000000000        0.0000000000
     2568.0000000000        0.0000000000        0.0000000000
     2569.0000000000        0.0000000000        0.0000000000
     2570.0000000000        0.0000000000        0.0000000000
     2571.0000000000        0.0000000000        0.0000000000
     2572.0000000000        0.0000000000        0.0000000000
     2573.0000000000        0.0000000000        0.0000000000
     2574.0000000000        0.0000000000        0.0000000000
     2575.0000000000        0.0000000000        0.0000000000
     2576.0000000000        0.0000000000        0.0000000000
     2577.0000000000        0.0000000000        0.0000000000
     2578.0000000000        0.0000000000        0.0000000000
     2579.0000000000        0.0000000000        0.0000000000
     2580.0000000000        0.0000000000        0.0000000000
     2581.0000000000        0.0000000000        0.0000000000
     2582.0000000000        0.0000000000        0.0000000000
     2583.0000000000        0.0000000000        0.0000000000
     2584.0000000000        0.0000000000        0.0000000000
     2585.0000000000        0.0000000000        0.0000000000
     2586.0000000000        0.0000000000        0.0000000000
     2587.0000000000        0.0000000000        0.0000000000
     2588.0000000000        0.0000000000        0.0000000000
     2589.0000000000        0.0000000000        0.0000000000
     2590.0000000000        0.0000000000        0.0000000000
     2591.0000000000        0.0000000000        0.0000000000
     2592.0000000000        0.0000000000        0.0000000000
     2593.0000000000        0.0000000000        0.0000000000
     2594.0000000000        0.0000000000        0.0000000000
     2595.0000000000        0.0000000000        0.0000000000
     2596.0000000000        0.0000000000        0.0000000000
     2597.0000000000        0.0000000000        0.0000000000
     2598.0000000000        0.0000000000        0.0000000000
     2599.0000000000        0.0000000000        0.0000000000
     2600.0000000000        0.0000000000        0.0000000000
     2601.0000000000        0.0000000000        0.0000000000
     2602.0000000000        0.0000000000        0.0000000000
     2603.0000000000        0.0000000000        0.0000000000
     2604.0000000000        0.0000000000        0.0000000000
     2605.0000000000        0.0000000000        0.0000000000
     2606.0000000000        0.0000000000        0.0000000000
     2607.0000000000        0.0000000000        0.0000000000
     2608.0000000000        0.0000000000        0.0000000000
     2609.0000000000        0.0000000000        0.0000000000
     2610.0000000000        0.0000000000        0.0000000000
     2611.0000000000        0.0000000000        0.0000000000
     2612.0000000000        0.0000000000        0.0000000000
     2613.0000000000        0.0000000000        0.0000000000
     2614.0000000000        0.0000000000        0.0000000000
     2615.0000000000        0.0000000000        0.0000000000
     2616.0000000000        0.0000000000        0.0000000000
     2617.0000000000        0.0000000000        0.0000000000
     2618.0000000000        0.0000000000        0.0000000000
     2619.0000000000        0.0000000000        0.0000000000
     2620.0000000000        0.0000000000        0.0000000000
     2621.0000000000        0.0000000000        0.0000000000
     2622.0000000000        0.0000000000        0.0000000000
     2623.0000000000        0.0000000000        0.0000000000
     2624.0000000000        0.0000000000        0.0000000000
     2625.0000000000        0.0000000000        0.0000000000
     2626.0000000000        0.0000000000        0.0000000000
     2627.0000000000        0.0000000000        0.0000000000
     2628.0000000000        0.0000000000        0.0000000000
     2629.0000000000        0.0000000000        0.0000000000
     2630.0000000000        0.0000000000        0.0000000000
     2631.0000000000        0.0000000000        0.0000000000
     2632.0000000000        0.0000000000        0.0000000000
     2633.0000000000        0.0000000000        0.0000000000
     2634.0000000000        0.0000000000        0.0000000000
     2635.0000000000        0.0000000000        0.0000000000
     2636.0000000000        0.0000000000        0.0000000000
     2637.0000000000        0.0000000000        0.0000000000
     2638.0000000000        0.0000000000        0.0000000000
     2639.0000000000        0.0000000000        0.0000000000
     2640.0000000000        0.0000000000        0.0000000000
     2641.0000000000        0.0000000000        0.0000000000
     2642.0000000000        0.0000000000        0.0000000000
     2643.0000000000        0.0000000000        0.0000000000
     2644.0000000000        0.0000000000        0.0000000000
     2645.0000000000        0.0000000000        0.0000000000
     2646.0000000000        0.0000000000        0.0000000000
     2647.0000000000        0.0000000000        0.0000000000
     2648.0000000000        0.0000000000        0.0000000000
     2649.0000000000        0.0000000000        0.0000000000
     2650.0000000000        0.0000000000        0.0000000000
     2651.0000000000        0.0000000000        0.0000000000
     2652.0000000000        0.0000000000        0.0000000000
     2653.0000000000        0.0000000000        0.0000000000
     2654.0000000000        0.0000000000        0.0000000000
     2655.0000000000        0.0000000000        0.0000000000
     2656.0000000000        0.0000000000        0.0000000000
     2657.0000000000        0.0000000000        0.0000000000
     2658.0000000000        0.0000000000        0.0000000000
     2659.0000000000        0.0000000000        0.0000000000
     2660.0000000000        0.0000000000        0.0000000000
     2661.0000000000        0.0000000000        0.0000000000
     2662.0000000000        0.0000000000        0.0000000000
     2663.0000000000        0.0000000000        0.0000000000
     2664.0000000000        0.0000000000        0.0000000000
     2665.0000000000        0.0000000000        0.0000000000
     2666.0000000000        0.0000000000        0.0000000000
     2667.0000000000        0.0000000000        0.0000000000
     2668.0000000000        0.0000000000        0.0000000000
     2669.0000000000        0.0000000000        0.0000000000
     2670.0000000000        0.0000000000        0.0000000000
     2671.0000000000        0.0000000000        0.0000000000
     2672.0000000000        0.0000000000        0.0000000000
     2673.0000000000        0.0000000000        0.0000000000
     2674.0000000000        0.0000000000        0.0000000000
     2675.0000000000        0.0000000000        0.0000000000
     2676.0000000000        0.0000000000        0.0000000000
     2677.0000000000        0.0000000000        0.0000000000
     2678.0000000000        0.0000000000        0.0000000000
     2679.0000000000        0.0000000000        0.0000000000
     2680.0000000000        0.0000000000        0.0000000000
     2681.0000000000        0.0000000000        0.0000000000
     2682.0000000000        0.0000000000        0.0000000000
     2683.0000000000        0.0000000000        0.0000000000
     2684.0000000000        0.0000000000        0.0000000000
     2685.0000000000        0.0000000000        0.0000000000
     2686.0000000000        0.0000000000        0.0000000000
     2687.0000000000        0.0000000000        0.0000000000
     2688.0000000000        0.0000000000        0.0000000000
     2689.0000000000        0.0000000000        0.0000000000
     2690.0000000000        0.0000000000        0.0000000000
     2691.0000000000        0.0000000000        0.0000000000
     2692.0000000000        0.0000000000        0.0000000000
     2693.0000000000        0.0000000000        0.0000000000
     2694.0000000000        0.0000000000        0.0000000000
     2695.0000000000        0.0000000000        0.0000000000
     2696.0000000000        0.0000000000        0.0000000000
     2697.0000000000        0.0000000000        0.0000000000
     2698.0000000000        0.0000000000        0.0000000000
     2699.0000000000        0.0000000000        0.0000000000
     2700.0000000000        0.0000000000        0.0000000000
     2701.0000000000        0.0000000000        0.0000000000
     2702.0000000000        0.0000000000        0.0000000000
     2703.0000000000        0.0000000000        0.0000000000
     2704.0000000000        0.0000000000        0.0000000000
     2705.0000000000        0.0000000000        0.0000000000
     2706.0000000000        0.0000000000        0.0000000000
     2707.0000000000        0.0000000000        0.0000000000
     2708.0000000000        0.0000000000        0.0000000000
     2709.0000000000        0.0000000000        0.0000000000
     2710.0000000000        0.0000000000        0.0000000000
     2711.0000000000        0.0000000000        0.0000000000
     2712.0000000000        0.0000000000        0.0000000000
     2713.0000000000        0.0000000000        0.0000000000
     2714.0000000000        0.0000000000        0.0000000000
     2715.0000000000        0.0000000000        0.0000000000
     2716.0000000000        0.0000000000        0.0000000000
     2717.0000000000        0.0000000000        0.0000000000
     2718.0000000000        0.0000000000        0.0000000000
     2719.0000000000        0.0000000000        0.0000000000
     2720.0000000000        0.0000000000        0.0000000000
     2721.0000000000        0.0000000000        0.0000000000
     2722.0000000000        0.0000000000        0.0000000000
     2723.0000000000        0.0000000000        0.0000000000
     2724.0000000000        0.0000000000        0.0000000000
     2725.0000000000        0.0000000000        0.0000000000
     2726.0000000000        0.0000000000        0.0000000000
     2727.0000000000        0.0000000000        0.0000000000
     2728.0000000000        0.0000000000        0.0000000000
     2729.0000000000        0.0000000000        0.0000000000
     2730.0000000000        0.0000000000        0.0000000000
     2731.0000000000        0.0000000000        0.0000000000
     2732.0000000000        0.0000000000        0.0000000000
     2733.0000000000        0.0000000000        0.0000000000
     2734.0000000000        0.0000000000        0.0000000000
     2735.0000000000        0.0000000000        0.0000000000
     2736.0000000000        0.0000000000        0.0000000000
     2737.0000000000        0.0000000000        0.0000000000
     2738.0000000000        0.0000000000        0.0000000000
     2739.0000000000        0.0000000000        0.0000000000
     2740.0000000000        0.0000000000        0.0000000000
     2741.0000000000        0.0000000000        0.0000000000
     2742.0000000000        0.0000000000        0.0000000000
     2743.0000000000        0.0000000000        0.0000000000
     2744.0000000000        0.0000000000        0.0000000000
     2745.0000000000        0.0000000000        0.0000000000
     2746.0000000000        0.0000000000        0.0000000000
     2747.0000000000        0.0000000000        0.0000000000
     2748.0000000000        0.0000000000        0.0000000000
     2749.0000000000        0.0000000000        0.0000000000
     2750.0000000000        0.0000000000        0.0000000000
     2751.0000000000        0.0000000000        0.0000000000
     2752.0000000000        0.0000000000        0.0000000000
     2753.0000000000        0.0000000000        0.0000000000
     2754.0000000000        0.0000000000        0.0000000000
     2755.0000000000        0.0000000000        0.0000000000
     2756.0000000000        0.0000000000        0.0000000000
     2757.0000000000        0.0000000000        0.0000000000
     2758.0000000000        0.0000000000        0.0000000000
     2759.0000000000        0.0000000000        0.0000000000
     2760.0000000000        0.0000000000        0.0000000000
     2761.0000000000        0.0000000000        0.0000000000
     2762.0000000000        0.0000000000        0.0000000000
     2763.0000000000        0.0000000000        0.0000000000
     2764.0000000000        0.0000000000        0.0000000000
     2765.0000000000        0.0000000000        0.0000000000
     2766.0000000000        0.0000000000        0.0000000000
     2767.0000000000        0.0000000000        0.0000000000
     2768.0000000000        0.0000000000        0.0000000000
     2769.0000000000        0.0000000000        0.0000000000
     2770.0000000000        0.0000000000        0.0000000000
     2771.0000000000        0.0000000000        0.0000000000
     2772.0000000000        0.0000000000        0.0000000000
     2773.0000000000        0.0000000000        0.0000000000
     2774.0000000000        0.0000000000        0.0000000000
     2775.0000000000        0.0000000000        0.0000000000
     2776.0000000000        0.0000000000        0.0000000000
     2777.0000000000        0.0000000000        0.0000000000
     2778.0000000000        0.0000000000        0.0000000000
     2779.0000000000        0.0000000000        0.0000000000
     2780.0000000000        0.0000000000        0.0000000000
     2781.0000000000        0.0000000000        0.0000000000
     2782.0000000000        0.0000000000        0.0000000000
     2783.0000000000        0.0000000000        0.0000000000
     2784.0000000000        0.0000000000        0.0000000000
     2785.0000000000        0.0000000000        0.0000000000
     2786.0000000000        0.0000000000        0.0000000000
     2787.0000000000        0.0000000000        0.0000000000
     2788.0000000000        0.0000000000        0.0000000000
     2789.0000000000        0.0000000000        0.0000000000
     2790.0000000000        0.0000000000        0.0000000000
     2791.0000000000        0.0000000000        0.0000000000
     2792.0000000000        0.0000000000        0.0000000000
     2793.0000000000        0.0000000000        0.0000000000
     2794.0000000000        0.0000000000        0.0000000000
     2795.0000000000        0.0000000000        0.0000000000
     2796.0000000000        0.0000000000        0.0000000000
     2797.0000000000        0.0000000000        0.0000000000
     2798.0000000000        0.0000000000        0.0000000000
     2799.0000000000        0.0000000000        0.0000000000
     2800.0000000000        0.0000000000        0.0000000000
     2801.0000000000        0.0000000000        0.0000000000
     2802.0000000000        0.0000000000        0.0000000000
     2803.0000000000        0.0000000000        0.0000000000
     2804.0000000000        0.0000000000        0.0000000000
     2805.0000000000        0.0000000000        0.0000000000
     2806.0000000000        0.0000000000        0.0000000000
     2807.0000000000        0.0000000000        0.0000000000
     2808.0000000000        0.0000000000        0.0000000000
     2809.0000000000        0.0000000000        0.0000000000
     2810.0000000000        0.0000000000        0.0000000000
     2811.0000000000        0.0000000000        0.0000000000
     2812.0000000000        0.0000000000        0.0000000000
     2813.0000000000        0.0000000000        0.0000000000
     2814.0000000000        0.0000000000        0.0000000000
     2815.0000000000        0.0000000000        0.0000000000
     2816.0000000000        0.0000000000        0.0000000000
     2817.0000000000        0.0000000000        0.0000000000
     2818.0000000000        0.0000000000        0.0000000000
     2819.0000000000        0.0000000000        0.0000000000
     2820.0000000000        0.0000000000        0.0000000000
     2821.0000000000        0.0000000000        0.0000000000
     2822.0000000000        0.0000000000        0.0000000000
     2823.0000000000        0.0000000000        0.0000000000
     2824.0000000000        0.0000000000        0.0000000000
     2825.0000000000        0.0000000000        0.0000000000
     2826.0000000000        0.0000000000        0.0000000000
     2827.0000000000        0.0000000000        0.0000000000
     2828.0000000000        0.0000000000        0.0000000000
     2829.0000000000        0.0000000000        0.0000000000
     2830.0000000000        0.0000000000        0.0000000000
     2831.0000000000        0.0000000000        0.0000000000
     2832.0000000000        0.0000000000        0.0000000000
     2833.0000000000        0.0000000000        0.0000000000
     2834.0000000000        0.0000000000        0.0000000000
     2835.0000000000        0.0000000000        0.0000000000
     2836.0000000000        0.0000000000        0.0000000000
     2837.0000000000        0.0000000000        0.0000000000
     2838.0000000000        0.0000000000        0.0000000000
     2839.0000000000        0.0000000000        0.0000000000
     2840.0000000000        0.0000000000        0.0000000000
     2841.0000000000        0.0000000000        0.0000000000
     2842.0000000000        0.0000000000        0.0000000000
     2843.0000000000        0.0000000000        0.0000000000
     2844.0000000000        0.0000000000        0.0000000000
     2845.0000000000        0.0000000000        0.0000000000
     2846.0000000000        0.0000000000        0.0000000000
     2847.0000000000        0.0000000000        0.0000000000
     2848.0000000000        0.0000000000        0.0000000000
     2849.0000000000        0.0000000000        0.0000000000
     2850.0000000000        0.0000000000        0.0000000000
     2851.0000000000        0.0000000000        0.0000000000
     2852.0000000000        0.0000000000        0.0000000000
     2853.0000000000        0.0000000000        0.0000000000
     2854.0000000000        0.0000000000        0.0000000000
     2855.0000000000        0.0000000000        0.0000000000
     2856.0000000000        0.0000000000        0.0000000000
     2857.0000000000        0.0000000000        0.0000000000
     2858.0000000000        0.0000000000        0.0000000000
     2859.0000000000        0.0000000000        0.0000000000
     2860.0000000000        0.0000000000        0.0000000000
     2861.0000000000        0.0000000000        0.0000000000
     2862.0000000000        0.0000000000        0.0000000000
     2863.0000000000        0.0000000000        0.0000000000
     2864.0000000000        0.0000000000        0.0000000000
     2865.0000000000        0.0000000000        0.0000000000
     2866.0000000000        0.0000000000        0.0000000000
     2867.0000000000        0.0000000000        0.0000000000
     2868.0000000000        0.0000000000        0.0000000000
     2869.0000000000        0.0000000000        0.0000000000
     2870.0000000000        0.0000000000        0.0000000000
     2871.0000000000        0.0000000000        0.0000000000
     2872.0000000000        0.0000000000        0.0000000000
     2873.0000000000        0.0000000000        0.0000000000
     2874.0000000000        0.0000000000        0.0000000000
     2875.0000000000        0.0000000000        0.0000000000
     2876.0000000000        0.0000000000        0.0000000000
     2877.0000000000        0.0000000000        0.0000000000
     2878.0000000000        0.0000000000        0.0000000000
     2879.0000000000        0.0000000000        0.0000000000
     2880.0000000000        0.0000000000        0.0000000000
     2881.0000000000        0.0000000000        0.0000000000
     2882.0000000000        0.0000000000        0.0000000000
     2883.0000000000        0.0000000000        0.0000000000
     2884.0000000000        0.0000000000        0.0000000000
     2885.0000000000        0.0000000000        0.0000000000
     2886.0000000000        0.0000000000        0.0000000000
     2887.0000000000        0.0000000000        0.0000000000
     2888.0000000000        0.0000000000        0.0000000000
     2889.0000000000        0.0000000000        0.0000000000
     2890.0000000000        0.0000000000        0.0000000000
     2891.0000000000        0.0000000000        0.0000000000
     2892.0000000000        0.0000000000        0.0000000000
     2893.0000000000        0.0000000000        0.0000000000
     2894.0000000000        0.0000000000        0.0000000000
     2895.0000000000        0.0000000000        0.0000000000
     2896.0000000000        0.0000000000        0.0000000000
     2897.0000000000        0.0000000000        0.0000000000
     2898.0000000000        0.0000000000        0.0000000000
     2899.0000000000        0.0000000000        0.0000000000
     2900.0000000000        0.0000000000        0.0000000000
     2901.0000000000        0.0000000000        0.0000000000
     2902.0000000000        0.0000000000        0.0000000000
     2903.0000000000        0.0000000000        0.0000000000
     2904.0000000000        0.0000000000        0.0000000000
     2905.0000000000        0.0000000000        0.0000000000
     2906.0000000000        0.0000000000        0.0000000000
     2907.0000000000        0.0000000000        0.0000000000
     2908.0000000000        0.0000000000        0.0000000000
     2909.0000000000        0.0000000000        0.0000000000
     2910.0000000000        0.0000000000        0.0000000000
     2911.0000000000        0.0000000000        0.0000000000
     2912.0000000000        0.0000000000        0.0000000000
     2913.0000000000        0.0000000000        0.0000000000
     2914.0000000000        0.0000000000        0.0000000000
     2915.0000000000        0.0000000000        0.0000000000
     2916.0000000000        0.0000000000        0.0000000000
     2917.0000000000        0.0000000000        0.0000000000
     2918.0000000000        0.0000000000        0.0000000000
     2919.0000000000        0.0000000000        0.0000000000
     2920.0000000000        0.0000000000        0.0000000000
     2921.0000000000        0.0000000000        0.0000000000
     2922.0000000000        0.0000000000        0.0000000000
     2923.0000000000        0.0000000000        0.0000000000
     2924.0000000000        0.0000000000        0.0000000000
     2925.0000000000        0.0000000000        0.0000000000
     2926.0000000000        0.0000000000        0.0000000000
     2927.0000000000        0.0000000000        0.0000000000
     2928.0000000000        0.0000000000        0.0000000000
     2929.0000000000        0.0000000000        0.0000000000
     2930.0000000000        0.0000000000        0.0000000000
     2931.0000000000        0.0000000000        0.0000000000
     2932.0000000000        0.0000000000        0.0000000000
     2933.0000000000        0.0000000000        0.0000000000
     2934.0000000000        0.0303032907        0.0003791521
     2935.0000000000        0.0306860299        0.0003863564
     2936.0000000000        0.0310760648        0.0003937444
     2937.0000000000        0.0314735819        0.0004013219
     2938.0000000000        0.0318787737        0.0004090950
     2939.0000000000        0.0322918392        0.0004170701
     2940.0000000000        0.0327129835        0.0004252538
     2941.0000000000        0.0331424186        0.0004336530
     2942.0000000000        0.0335803637        0.0004422748
     2943.0000000000        0.0340270449        0.0004511266
     2944.0000000000        0.0344826961        0.0004602162
     2945.0000000000        0.0349475591        0.0004695515
     2946.0000000000        0.0354218838        0.0004791410
     2947.0000000000        0.0359059287        0.0004889933
     2948.0000000000        0.0363999610        0.0004991175
     2949.0000000000        0.0369042575        0.0005095231
     2950.0000000000        0.0374191043        0.0005202199
     2951.0000000000        0.0379447977        0.0005312181
     2952.0000000000        0.0384816445        0.0005425284
     2953.0000000000        0.0390299623        0.0005541621
     2954.0000000000        0.0395900803        0.0005661307
     2955.0000000000        0.0401623393        0.0005784463
     2956.0000000000        0.0407470927        0.0005911216
     2957.0000000000        0.0413447068        0.0006041699
     2958.0000000000        0.0419555614        0.0006176050
     2959.0000000000        0.0425800505        0.0006314412
     2960.0000000000        0.0432185826        0.0006456937
     2961.0000000000        0.0438715819        0.0006603783
     2962.0000000000        0.0445394887        0.0006755114
     2963.0000000000        0.0452227600        0.0006911103
     2964.0000000000        0.0459218706        0.0007071931
     2965.0000000000        0.0466373137        0.0007237786
     2966.0000000000        0.0473696019        0.0007408866
     2967.0000000000        0.0481192680        0.0007585379
     2968.0000000000        0.0488868660        0.0007767542
     2969.0000000000        0.0496729723        0.0007955583
     2970.0000000000        0.0504781865        0.0008149740
     2971.0000000000        0.0513031326        0.0008350265
     2972.0000000000        0.0521484606        0.0008557421
     2973.0000000000        0.0530148470        0.0008771483
     2974.0000000000        0.0539029970        0.0008992742
     2975.0000000000        0.0548136455        0.0009221503
     2976.0000000000        0.0557475583        0.0009458086
     2977.0000000000        0.0567055346        0.0009702828
     2978.0000000000        0.0576884078        0.0009956085
     2979.0000000000        0.0586970477        0.0010218228
     2980.0000000000        0.0597323628        0.0010489653
     2981.0000000000        0.0607953014        0.0010770771
     2982.0000000000        0.0618868547        0.0011062021
     2983.0000000000        0.0630080587        0.0011363863
     2984.0000000000        0.0641599965        0.0011676782
     2985.0000000000        0.0653438013        0.0012001290
     2986.0000000000        0.0665606588        0.0012337929
     2987.0000000000        0.0678118106        0.0012687272
     2988.0000000000        0.0690985568        0.0013049922
     2989.0000000000        0.0704222598        0.0013426519
     2990.0000000000        0.0717843480        0.0013817740
     2991.0000000000        0.0731863191        0.0014224301
     2992.0000000000        0.0746297448        0.0014646961
     2993.0000000000        0.0761162747        0.0015086524
     2994.0000000000        0.0776476414        0.0015543843
     2995.0000000000        0.0792256653        0.0016019825
     2996.0000000000        0.0808522603        0.0016515428
     2997.0000000000        0.0825294391        0.0017031676
     2998.0000000000        0.0842593198        0.0017569653
     2999.0000000000        0.0860441325        0.0018130515
     3000.0000000000        0.0878862264        0.0018715489
     3001.0000000000        0.0897880777        0.0019325886
     3002.0000000000        0.0917522975        0.0019963100
     3003.0000000000        0.0937816411        0.0020628620
     3004.0000000000        0.0958790179        0.0021324034
     3005.0000000000        0.0980475008        0.0022051038
     3006.0000000000        0.1002903388        0.0022811445
     3007.0000000000        0.1163813352        0.0025329041
     3008.0000000000        0.1189572048        0.0026194905
     3009.0000000000        0.1216216652        0.0027101245
     3010.0000000000        0.1243788831        0.0028050470
     3011.0000000000        0.1272332748        0.0029045167
     3012.0000000000        0.1301895246        0.0030088113
     3013.0000000000        0.1332526047        0.0031182288
     3014.0000000000        0.1364277966        0.0032330902
     3015.0000000000        0.1397207145        0.0033537406
     3016.0000000000        0.1431373312        0.0034805520
     3017.0000000000        0.1466840055        0.0036139254
     3018.0000000000        0.1503675132        0.0037542937
     3019.0000000000        0.1541950801        0.0039021247
     3020.0000000000        0.1581744184        0.0040579244
     3021.0000000000        0.1623137671        0.0042222403
     3022.0000000000        0.1666219351        0.0043956663
     3023.0000000000        0.1711083504        0.0045788464
     3024.0000000000        0.1757831119        0.0047724805
     3025.0000000000        0.1806570490        0.0049773296
     3026.0000000000        0.1857417848        0.0051942223
     3027.0000000000        0.1910498083        0.0054240620
     3028.0000000000        0.1965945522        0.0056678348
     3029.0000000000        0.2023904805        0.0059266186
     3030.0000000000        0.2084531850        0.0062015929
     3031.0000000000        0.2147994927        0.0064940507
     3032.0000000000        0.2214475855        0.0068054107
     3033.0000000000        0.2284171331        0.0071372327
     3034.0000000000        0.2357294419        0.0074912334
     3035.0000000000        0.2434076216        0.0078693058
     3036.0000000000        0.2514767716        0.0082735400
     3037.0000000000        0.2599641901        0.0087062482
     3038.0000000000        0.2688996101        0.0091699923
     3039.0000000000        0.2783154645        0.0096676162
     3040.0000000000        0.2882471860        0.0102022823
     3041.0000000000        0.2987335466        0.0107775142
     3042.0000000000        0.3098170424        0.0113972455
     3043.0000000000        0.3215443316        0.0120658766
     3044.0000000000        0.3339667330        0.0127883403
     3045.0000000000        0.3471407962        0.0135701791
     3046.0000000000        0.3611289542        0.0144176336
     3047.0000000000        0.3760002731        0.0153377482
     3048.0000000000        0.3918313155        0.0163384936
     3049.0000000000        0.4087071376        0.0174289123
     3050.0000000000        0.4267224437        0.0186192896
     3051.0000000000        0.4459829283        0.0199213574
     3052.0000000000        0.4666068402        0.0213485362
     3053.0000000000        0.4887268118        0.0229162256
     3054.0000000000        0.5124920063        0.0246421508
     3055.0000000000        0.5380706465        0.0265467830
     3056.0000000000        0.5656530063        0.0286538456
     3057.0000000000        0.5954549610        0.0309909316
     3058.0000000000        0.6277222211        0.0335902569
     3059.0000000000        0.6627354019        0.0364895856
     3060.0000000000        0.7008161218        0.0397333716
     3061.0000000000        0.7423343752        0.0433741755
     3062.0000000000        0.7877174902        0.0474744328
     3063.0000000000        0.8374610709        0.0521086740
     3064.0000000000        0.8921424391        0.0573663293
     3065.0000000000        0.9524372460        0.0633552966
     3066.0000000000        1.0191401289        0.0702065112
     3067.0000000000        1.0931905703        0.0780798424
     3068.0000000000        1.1757054959        0.0871717627
     3069.0000000000        1.2680206751        0.0977254025
     3070.0000000000        1.3717437147        0.1100438503
     3071.0000000000        1.4888224600        0.1245079055
     3072.0000000000        1.6216340653        0.1416000058
     3073.0000000000        1.7731020719        0.1619368072
     3074.0000000000        1.9468518341        0.1863140217
     3075.0000000000        2.1474190328        0.2157688219
     3076.0000000000        2.3805325296        0.2516677153
     3077.0000000000        2.6535025701        0.2958317832
     3078.0000000000        2.9757601085        0.3507173744
     3079.0000000000        3.3596155866        0.4196799949
     3080.0000000000        3.8213402034        0.5073641566
     3081.0000000000        4.3827262158        0.6202850337
     3082.0000000000        5.0733647310        0.7677019938
     3083.0000000000        5.9340017822        0.9629303135
     3084.0000000000        7.0215044164        1.2252842592
     3085.0000000000        8.4161662115        1.5828338629
     3086.0000000000       10.2321618002        2.0758719522
     3087.0000000000       12.6313565220        2.7597095954
     3088.0000000000       15.8375011399        3.7009780880
     3089.0000000000       20.1364957383        4.9483457761
     3090.0000000000       25.8153061702        6.4268417721
     3091.0000000000       32.9206203949        7.6692478168
     3092.0000000000       40.6742125694        7.4509807523
     3093.0000000000       46.7950841162        4.2208001532
     3094.0000000000       48.2368515539       -1.5125432040
     3095.0000000000       44.1122314750       -6.2780581562
     3096.0000000000       36.7886933030       -7.8475151336
     3097.0000000000       29.1854992251       -7.1233288759
     3098.0000000000       22.7769959881       -5.6629826372
     3099.0000000000       17.8285580709       -4.2761203294
     3100.0000000000       14.1236993628       -3.1855917992
     3101.0000000000       11.3610232040       -2.3827002473
     3102.0000000000        9.2839735479       -1.8030098106
     3103.0000000000        7.7015361622       -1.3842535742
     3104.0000000000        6.4778297360       -1.0788767673
     3105.0000000000        5.5173274854       -0.8532103141
     3106.0000000000        4.7526686029       -0.6840036417
     3107.0000000000        4.1358857222       -0.5552616636
     3108.0000000000        3.6323831456       -0.4559149210
     3109.0000000000        3.2168627517       -0.3782214612
     3110.0000000000        2.8705671495       -0.3166978945
     3111.0000000000        2.5794006649       -0.2674083830
     3112.0000000000        2.3326349435       -0.2274899014
     3113.0000000000        2.1220063517       -0.1948325386
     3114.0000000000        1.9410785325       -0.1678618525
     3115.0000000000        1.7847864764       -0.1453889224
     3116.0000000000        1.6491063713       -0.1265057625
     3117.0000000000        1.5308136891       -0.1105114770
     3118.0000000000        1.4273039280       -0.0968594922
     3119.0000000000        1.3364583757       -0.0851194091
     3120.0000000000        1.2565425917       -0.0749491161
     3121.0000000000        1.1861289342       -0.0660741795
     3122.0000000000        1.1240369441       -0.0582724538
     3123.0000000000        1.0692871304       -0.0513624695
     3124.0000000000        1.0210649153       -0.0451945824
     3125.0000000000        0.9786923627       -0.0396441561
     3126.0000000000        0.9416059330       -0.0346062536
     3127.0000000000        0.9093389561       -0.0299914525
     3128.0000000000        0.8815078491       -0.0257225015
     3129.0000000000        0.8578013483       -0.0217316037
     3130.0000000000        0.8379722142       -0.0179581638
     3131.0000000000        0.8218310109       -0.0143468731
     3132.0000000000        0.8092416760       -0.0108460272
     3133.0000000000        0.8001186929       -0.0074059921
     3134.0000000000        0.7944257546       -0.0039777401
     3135.0000000000        0.7921758880       -0.0005113826
     3136.0000000000        0.7934330773        0.0030453747
     3137.0000000000        0.7983155058        0.0067489383
     3138.0000000000        0.8070006242        0.0106617916
     3139.0000000000        0.8197323623        0.0148548388
     3140.0000000000        0.8368309364        0.0194102832
     3141.0000000000        0.8587058858        0.0244252451
     3142.0000000000        0.8858732084        0.0300163977
     3143.0000000000        0.9189777964        0.0363260043
     3144.0000000000        0.9588228245        0.0435298932
     3145.0000000000        1.0064083863        0.0518481282
     3146.0000000000        1.0629825861        0.0615594663
     3147.0000000000        1.1301096140        0.0730211811
     3148.0000000000        1.2097612559        0.0866965785
     3149.0000000000        1.3044411435        0.1031936560
     3150.0000000000        1.4173553041        0.1233200985
     3151.0000000000        1.5526490142        0.1481624975
     3152.0000000000        1.7157397901        0.1792018764
     3153.0000000000        1.9137914618        0.2184841463
     3154.0000000000        2.1563975811        0.2688741781
     3155.0000000000        2.4565781384        0.3344371856
     3156.0000000000        2.8322471184        0.4210116700
     3157.0000000000        3.3083840053        0.5370601074
     3158.0000000000        3.9202325253        0.6948838639
     3159.0000000000        4.7178984365        0.9121804359
     3160.0000000000        5.7724987056        1.2134135588
     3161.0000000000        7.1827622063        1.6286734519
     3162.0000000000        9.0764009668        2.1822596235
     3163.0000000000       11.5869219591        2.8497799397
     3164.0000000000       14.7557450718        3.4448556160
     3165.0000000000       18.2832926167        3.4483332944
     3166.0000000000       21.2043557494        2.1337610449
     3167.0000000000       22.1171176836       -0.4186174492
     3168.0000000000       20.4614700456       -2.7043402254
     3169.0000000000       17.2043966036       -3.5635861218
     3170.0000000000       13.7106174945       -3.3036316325
     3171.0000000000       10.7236464925       -2.6501001903
     3172.0000000000        8.4033839926       -2.0080750360
     3173.0000000000        6.6625152738       -1.4974698674
     3174.0000000000        5.3637806722       -1.1200658281
     3175.0000000000        4.3875088374       -0.8473523371
     3176.0000000000        3.6438830897       -0.6504571023
     3177.0000000000        3.0688422729       -0.5070378385
     3178.0000000000        2.6173331953       -0.4012037719
     3179.0000000000        2.2576064260       -0.3219673188
     3180.0000000000        1.9670772732       -0.2617710751
     3181.0000000000        1.7294765455       -0.2153895509
     3182.0000000000        1.5329216627       -0.1791725083
     3183.0000000000        1.3686119520       -0.1505381399
     3184.0000000000        1.2299401892       -0.1276359475
     3185.0000000000        1.1118812589       -0.1091217971
     3186.0000000000        1.0105663738       -0.0940065909
     3187.0000000000        0.9229827359       -0.0815533696
     3188.0000000000        0.8467589619       -0.0712065108
     3189.0000000000        0.7800098616       -0.0625424130
     3190.0000000000        0.7212227962       -0.0552347220
     3191.0000000000        0.6691735213       -0.0490295188
     3192.0000000000        0.6228631835       -0.0437274094
     3193.0000000000        0.5814706681       -0.0391704540
     3194.0000000000        0.5443162041       -0.0352325272
     3195.0000000000        0.5108333136       -0.0318121370
     3196.0000000000        0.4805470041       -0.0288270255
     3197.0000000000        0.4530566759       -0.0262100711
     3198.0000000000        0.4280226219       -0.0239061538
     3199.0000000000        0.4051552869       -0.0218697360
     3200.0000000000        0.3842066639       -0.0200629829
     3201.0000000000        0.3649633571       -0.0184542900
     3202.0000000000        0.3472409545       -0.0170171229
     3203.0000000000        0.3308794355       -0.0157290963
     3204.0000000000        0.3157394036       -0.0145712383
     3205.0000000000        0.3016989782       -0.0135274004
     3206.0000000000        0.2886512187       -0.0125837798
     3207.0000000000        0.2765019789       -0.0117285328
     3208.0000000000        0.2651681111       -0.0109514578
     3209.0000000000        0.2545759583       -0.0102437366
     3210.0000000000        0.2446600805       -0.0095977204
     3211.0000000000        0.2353621771       -0.0090067532
     3212.0000000000        0.2266301693       -0.0084650245
     3213.0000000000        0.2184174179       -0.0079674469
     3214.0000000000        0.2106820534       -0.0075095531
     3215.0000000000        0.2033864000       -0.0070874096
     3216.0000000000        0.1964964793       -0.0066975437
     3217.0000000000        0.1899815817       -0.0063368816
     3218.0000000000        0.1838138939       -0.0060026961
     3219.0000000000        0.1779681755       -0.0056925616
     3220.0000000000        0.1724214771       -0.0054043159
     3221.0000000000        0.1671528936       -0.0051360274
     3222.0000000000        0.1621433481       -0.0048859671
     3223.0000000000        0.1573754021       -0.0046525837
     3224.0000000000        0.1528330881       -0.0044344829
     3225.0000000000        0.1485017621       -0.0042304091
     3226.0000000000        0.1443679730       -0.0040392296
     3227.0000000000        0.1404193472       -0.0038599205
     3228.0000000000        0.1366444851       -0.0036915550
     3229.0000000000        0.1330328704       -0.0035332924
     3230.0000000000        0.1295747879       -0.0033843692
     3231.0000000000        0.1262612510       -0.0032440909
     3232.0000000000        0.1230839362       -0.0031118244
     3233.0000000000        0.1200351246       -0.0029869924
     3234.0000000000        0.1171076495       -0.0028690672
     3235.0000000000        0.1142948494       -0.0027575658
     3236.0000000000        0.1115905246       -0.0026520458
     3237.0000000000        0.1089888995       -0.0025521014
     3238.0000000000        0.1064845878       -0.0024573596
     3239.0000000000        0.1040725607       -0.0023674775
     3240.0000000000        0.1017481186       -0.0022821391
     3241.0000000000        0.0995068652       -0.0022010534
     3242.0000000000        0.0973446841       -0.0021239514
     3243.0000000000        0.0952577174       -0.0020505850
     3244.0000000000        0.0932423459       -0.0019807242
     3245.0000000000        0.0912951715       -0.0019141564
     3246.0000000000        0.0894130013       -0.0018506843
     3247.0000000000        0.0875928321       -0.0017901250
     3248.0000000000        0.0858318372       -0.0017323085
     3249.0000000000        0.0841273536       -0.0016770768
     3250.0000000000        0.0824768712       -0.0016242828
     3251.0000000000        0.0808780212       -0.0015737896
     3252.0000000000        0.0793285677       -0.0015254695
     3253.0000000000        0.0778263976       -0.0014792034
     3254.0000000000        0.0462567911       -0.0010592982
     3255.0000000000        0.0452154006       -0.0010237522
     3256.0000000000        0.0442087629       -0.0009897779
     3257.0000000000        0.0432353495       -0.0009572895
     3258.0000000000        0.0422937153       -0.0009262067
     3259.0000000000        0.0413824927       -0.0008964543
     3260.0000000000        0.0405003868       -0.0008679619
     3261.0000000000        0.0396461710       -0.0008406635
     3262.0000000000        0.0388186824       -0.0008144974
     3263.0000000000        0.0380168182       -0.0007894054
     3264.0000000000        0.0372395318       -0.0007653330
     3265.0000000000        0.0364858295       -0.0007422290
     3266.0000000000        0.0357547671       -0.0007200452
     3267.0000000000        0.0350454476       -0.0006987362
     3268.0000000000        0.0343570174       -0.0006782594
     3269.0000000000        0.0336886649       -0.0006585745
     3270.0000000000        0.0330396171       -0.0006396437
     3271.0000000000        0.0324091380       -0.0006214312
     3272.0000000000        0.0317965264       -0.0006039033
     3273.0000000000        0.0312011138       -0.0005870282
     3274.0000000000        0.0306222625       -0.0005707757
     3275.0000000000        0.0300593644       -0.0005551173
     3276.0000000000        0.0295118388       -0.0005400263
     3277.0000000000        0.0289791312       -0.0005254771
     3278.0000000000        0.0284607120       -0.0005114457
     3279.0000000000        0.0279560749       -0.0004979092
     3280.0000000000        0.0274647358       -0.0004848461
     3281.0000000000        0.0269862319       -0.0004722357
     3282.0000000000        0.0265201200       -0.0004600587
     3283.0000000000        0.0260659761       -0.0004482967
     3284.0000000000        0.0256233941       -0.0004369320
     3285.0000000000        0.0251919851       -0.0004259482
     3286.0000000000        0.0247713761       -0.0004153293
     3287.0000000000        0.0243612099       -0.0004050603
     3288.0000000000        0.0239611437       -0.0003951270
     3289.0000000000        0.0235708487       -0.0003855157
     3290.0000000000        0.0231900093       -0.0003762135
     3291.0000000000        0.0228183228       -0.0003672081
     3292.0000000000        0.0224554982       -0.0003584877
     3293.0000000000        0.0221012561       -0.0003500412
     3294.0000000000        0.0217553281       -0.0003418579
     3295.0000000000        0.0214174560       -0.0003339276
     3296.0000000000        0.0210873918       -0.0003262406
     3297.0000000000        0.0207648968       -0.0003187877
     3298.0000000000        0.0204497413       -0.0003115600
     3299.0000000000        0.0201417044       -0.0003045492
     3300.0000000000        0.0198405734       -0.0002977470
     3301.0000000000        0.0195461435       -0.0002911458
     3302.0000000000        0.0192582172       -0.0002847383
     3303.0000000000        0.0189766046       -0.0002785174
     3304.0000000000        0.0187011225       -0.0002724763
     3305.0000000000        0.0184315941       -0.0002666087
     3306.0000000000        0.0181678494       -0.0002609083
     3307.0000000000        0.0179097238       -0.0002553692
     3308.0000000000        0.0176570592       -0.0002499857
     3309.0000000000        0.0174097024       -0.0002447525
     3310.0000000000        0.0171675059       -0.0002396642
     3311.0000000000        0.0169303272       -0.0002347161
     3312.0000000000        0.0166980287       -0.0002299031
     3313.0000000000        0.0164704774       -0.0002252209
     3314.0000000000        0.0162475449       -0.0002206648
     3315.0000000000        0.0160291070       -0.0002162309
     3316.0000000000        0.0158150438       -0.0002119149
     3317.0000000000        0.0156052393       -0.0002077129
     3318.0000000000        0.0153995812       -0.0002036213
     3319.0000000000        0.0151979611       -0.0001996365
     3320.0000000000        0.0150002738       -0.0001957549
     3321.0000000000        0.0148064180       -0.0001919733
     3322.0000000000        0.0146162950       -0.0001882884
     3323.0000000000        0.0144298099       -0.0001846972
     3324.0000000000        0.0142468703       -0.0001811968
     3325.0000000000        0.0140673870       -0.0001777842
     3326.0000000000        0.0138912735       -0.0001744568
     3327.0000000000        0.0000000000        0.0000000000
     3328.0000000000        0.0000000000        0.0000000000
     3329.0000000000        0.0000000000        0.0000000000
     3330.0000000000        0.0000000000        0.0000000000
     3331.0000000000        0.0000000000        0.0000000000
     3332.0000000000        0.0000000000        0.0000000000
     3333.0000000000        0.0000000000        0.0000000000
     3334.0000000000        0.0000000000        0.0000000000
     3335.0000000000        0.0000000000        0.0000000000
     3336.0000000000        0.0000000000        0.0000000000
     3337.0000000000        0.0000000000        0.0000000000
     3338.0000000000        0.0000000000        0.0000000000
     3339.0000000000        0.0000000000        0.0000000000
     3340.0000000000        0.0000000000        0.0000000000
     3341.0000000000        0.0000000000        0.0000000000
     3342.0000000000        0.0000000000        0.0000000000
     3343.0000000000        0.0000000000        0.0000000000
     3344.0000000000        0.0000000000        0.0000000000
     3345.0000000000        0.0000000000        0.0000000000
     3346.0000000000        0.0000000000        0.0000000000
     3347.0000000000        0.0000000000        0.0000000000
     3348.0000000000        0.0000000000        0.0000000000
     3349.0000000000        0.0000000000        0.0000000000
     3350.0000000000        0.0000000000        0.0000000000
     3351.0000000000        0.0000000000        0.0000000000
     3352.0000000000        0.0000000000        0.0000000000
     3353.0000000000        0.0000000000        0.0000000000
     3354.0000000000        0.0000000000        0.0000000000
     3355.0000000000        0.0000000000        0.0000000000
     3356.0000000000        0.0000000000        0.0000000000
     3357.0000000000        0.0000000000        0.0000000000
     3358.0000000000        0.0000000000        0.0000000000
     3359.0000000000        0.0000000000        0.0000000000
     3360.0000000000        0.0000000000        0.0000000000
     3361.0000000000        0.0000000000        0.0000000000
     3362.0000000000        0.0000000000        0.0000000000
     3363.0000000000        0.0000000000        0.0000000000
     3364.0000000000        0.0000000000        0.0000000000
     3365.0000000000        0.0000000000        0.0000000000
     3366.0000000000        0.0000000000        0.0000000000
     3367.0000000000        0.0000000000        0.0000000000
     3368.0000000000        0.0000000000        0.0000000000
     3369.0000000000        0.0000000000        0.0000000000
     3370.0000000000        0.0000000000        0.0000000000
     3371.0000000000        0.0000000000        0.0000000000
     3372.0000000000        0.0000000000        0.0000000000
     3373.0000000000        0.0000000000        0.0000000000
     3374.0000000000        0.0000000000        0.0000000000
     3375.0000000000        0.0000000000        0.0000000000
     3376.0000000000        0.0000000000        0.0000000000
     3377.0000000000        0.0000000000        0.0000000000
     3378.0000000000        0.0000000000        0.0000000000
     3379.0000000000        0.0000000000        0.0000000000
     3380.0000000000        0.0000000000        0.0000000000
     3381.0000000000        0.0000000000        0.0000000000
     3382.0000000000        0.0000000000        0.0000000000
     3383.0000000000        0.0000000000        0.0000000000
     3384.0000000000        0.0000000000        0.0000000000
     3385.0000000000        0.0000000000        0.0000000000
     3386.0000000000        0.0000000000        0.0000000000
     3387.0000000000        0.0000000000        0.0000000000
     3388.0000000000        0.0000000000        0.0000000000
     3389.0000000000        0.0000000000        0.0000000000
     3390.0000000000        0.0000000000        0.0000000000
     3391.0000000000        0.0000000000        0.0000000000
     3392.0000000000        0.0000000000        0.0000000000
     3393.0000000000        0.0000000000        0.0000000000
     3394.0000000000        0.0000000000        0.0000000000
     3395.0000000000        0.0000000000        0.0000000000
     3396.0000000000        0.0000000000        0.0000000000
     3397.0000000000        0.0000000000        0.0000000000
     3398.0000000000        0.0000000000        0.0000000000
     3399.0000000000        0.0000000000        0.0000000000
     3400.0000000000        0.0000000000        0.0000000000
     3401.0000000000        0.0000000000        0.0000000000
     3402.0000000000        0.0000000000        0.0000000000
     3403.0000000000        0.0000000000        0.0000000000
     3404.0000000000        0.0000000000        0.0000000000
     3405.0000000000        0.0000000000        0.0000000000
     3406.0000000000        0.0000000000        0.0000000000
     3407.0000000000        0.0000000000        0.0000000000
     3408.0000000000        0.0000000000        0.0000000000
     3409.0000000000        0.0000000000        0.0000000000
     3410.0000000000        0.0000000000        0.0000000000
     3411.0000000000        0.0000000000        0.0000000000
     3412.0000000000        0.0000000000        0.0000000000
     3413.0000000000        0.0000000000        0.0000000000
     3414.0000000000        0.0000000000        0.0000000000
     3415.0000000000        0.0000000000        0.0000000000
     3416.0000000000        0.0000000000        0.0000000000
     3417.0000000000        0.0000000000        0.0000000000
     3418.0000000000        0.0000000000        0.0000000000
     3419.0000000000        0.0000000000        0.0000000000
     3420.0000000000        0.0000000000        0.0000000000
     3421.0000000000        0.0000000000        0.0000000000
     3422.0000000000        0.0000000000        0.0000000000
     3423.0000000000        0.0000000000        0.0000000000
     3424.0000000000        0.0000000000        0.0000000000
     3425.0000000000        0.0000000000        0.0000000000
     3426.0000000000        0.0000000000        0.0000000000
     3427.0000000000        0.0000000000        0.0000000000
     3428.0000000000        0.0000000000        0.0000000000
     3429.0000000000        0.0000000000        0.0000000000
     3430.0000000000        0.0000000000        0.0000000000
     3431.0000000000        0.0000000000        0.0000000000
     3432.0000000000        0.0000000000        0.0000000000
     3433.0000000000        0.0000000000        0.0000000000
     3434.0000000000        0.0000000000        0.0000000000
     3435.0000000000        0.0000000000        0.0000000000
     3436.0000000000        0.0000000000        0.0000000000
     3437.0000000000        0.0000000000        0.0000000000
     3438.0000000000        0.0000000000        0.0000000000
     3439.0000000000        0.0000000000        0.0000000000
     3440.0000000000        0.0000000000        0.0000000000
     3441.0000000000        0.0000000000        0.0000000000
     3442.0000000000        0.0000000000        0.0000000000
     3443.0000000000        0.0000000000        0.0000000000
     3444.0000000000        0.0000000000        0.0000000000
     3445.0000000000        0.0000000000        0.0000000000
     3446.0000000000        0.0000000000        0.0000000000
     3447.0000000000        0.0000000000        0.0000000000
     3448.0000000000        0.0000000000        0.0000000000
     3449.0000000000        0.0000000000        0.0000000000
     3450.0000000000        0.0000000000        0.0000000000
     3451.0000000000        0.0000000000        0.0000000000
     3452.0000000000        0.0000000000        0.0000000000
     3453.0000000000        0.0000000000        0.0000000000
     3454.0000000000        0.0000000000        0.0000000000
     3455.0000000000        0.0000000000        0.0000000000
     3456.0000000000        0.0000000000        0.0000000000
     3457.0000000000        0.0000000000        0.0000000000
     3458.0000000000        0.0000000000        0.0000000000
     3459.0000000000        0.0000000000        0.0000000000
     3460.0000000000        0.0000000000        0.0000000000
     3461.0000000000        0.0000000000        0.0000000000
     3462.0000000000        0.0000000000        0.0000000000
     3463.0000000000        0.0000000000        0.0000000000
     3464.0000000000        0.0000000000        0.0000000000
     3465.0000000000        0.0000000000        0.0000000000
     3466.0000000000        0.0000000000        0.0000000000
     3467.0000000000        0.0000000000        0.0000000000
     3468.0000000000        0.0000000000        0.0000000000
     3469.0000000000        0.0000000000        0.0000000000
     3470.0000000000        0.0000000000        0.0000000000
     3471.0000000000        0.0000000000        0.0000000000
     3472.0000000000        0.0000000000        0.0000000000
     3473.0000000000        0.0000000000        0.0000000000
     3474.0000000000        0.0000000000        0.0000000000
     3475.0000000000        0.0000000000        0.0000000000
     3476.0000000000        0.0000000000        0.0000000000
     3477.0000000000        0.0000000000        0.0000000000
     3478.0000000000        0.0000000000        0.0000000000
     3479.0000000000        0.0000000000        0.0000000000
     3480.0000000000        0.0000000000        0.0000000000
     3481.0000000000        0.0000000000        0.0000000000
     3482.0000000000        0.0000000000        0.0000000000
     3483.0000000000        0.0000000000        0.0000000000
     3484.0000000000        0.0000000000        0.0000000000
     3485.0000000000        0.0000000000        0.0000000000
     3486.0000000000        0.0000000000        0.0000000000
     3487.0000000000        0.0000000000        0.0000000000
     3488.0000000000        0.0000000000        0.0000000000
     3489.0000000000        0.0000000000        0.0000000000
     3490.0000000000        0.0000000000        0.0000000000
     3491.0000000000        0.0000000000        0.0000000000
     3492.0000000000        0.0000000000        0.0000000000
     3493.0000000000        0.0000000000        0.0000000000
     3494.0000000000        0.0000000000        0.0000000000
     3495.0000000000        0.0000000000        0.0000000000
     3496.0000000000        0.0000000000        0.0000000000
     3497.0000000000        0.0000000000        0.0000000000
     3498.0000000000        0.0000000000        0.0000000000
     3499.0000000000        0.0000000000        0.0000000000
     3500.0000000000        0.0000000000        0.0000000000
     3501.0000000000        0.0000000000        0.0000000000
     3502.0000000000        0.0000000000        0.0000000000
     3503.0000000000        0.0000000000        0.0000000000
     3504.0000000000        0.0000000000        0.0000000000
     3505.0000000000        0.0000000000        0.0000000000
     3506.0000000000        0.0000000000        0.0000000000
     3507.0000000000        0.0000000000        0.0000000000
     3508.0000000000        0.0000000000        0.0000000000
     3509.0000000000        0.0000000000        0.0000000000
     3510.0000000000        0.0000000000        0.0000000000
     3511.0000000000        0.0000000000        0.0000000000
     3512.0000000000        0.0000000000        0.0000000000
     3513.0000000000        0.0000000000        0.0000000000
     3514.0000000000        0.0000000000        0.0000000000
     3515.0000000000        0.0000000000        0.0000000000
     3516.0000000000        0.0000000000        0.0000000000
     3517.0000000000        0.0000000000        0.0000000000
     3518.0000000000        0.0000000000        0.0000000000
     3519.0000000000        0.0000000000        0.0000000000
     3520.0000000000        0.0000000000        0.0000000000
     3521.0000000000        0.0000000000        0.0000000000
     3522.0000000000        0.0000000000        0.0000000000
     3523.0000000000        0.0000000000        0.0000000000
     3524.0000000000        0.0000000000        0.0000000000
     3525.0000000000        0.0000000000        0.0000000000
     3526.0000000000        0.0000000000        0.0000000000
     3527.0000000000        0.0000000000        0.0000000000
     3528.0000000000        0.0000000000        0.0000000000
     3529.0000000000        0.0000000000        0.0000000000
     3530.0000000000        0.0000000000        0.0000000000
     3531.0000000000        0.0000000000        0.0000000000
     3532.0000000000        0.0000000000        0.0000000000
     3533.0000000000        0.0000000000        0.0000000000
     3534.0000000000        0.0000000000        0.0000000000
     3535.0000000000        0.0000000000        0.0000000000
     3536.0000000000        0.0000000000        0.0000000000
     3537.0000000000        0.0000000000        0.0000000000
     3538.0000000000        0.0000000000        0.0000000000
     3539.0000000000        0.0000000000        0.0000000000
     3540.0000000000        0.0000000000        0.0000000000
     3541.0000000000        0.0000000000        0.0000000000
     3542.0000000000        0.0000000000        0.0000000000
     3543.0000000000        0.0000000000        0.0000000000
     3544.0000000000        0.0000000000        0.0000000000
     3545.0000000000        0.0000000000        0.0000000000
     3546.0000000000        0.0000000000        0.0000000000
     3547.0000000000        0.0000000000        0.0000000000
     3548.0000000000        0.0000000000        0.0000000000
     3549.0000000000        0.0000000000        0.0000000000
     3550.0000000000        0.0000000000        0.0000000000
     3551.0000000000        0.0000000000        0.0000000000
     3552.0000000000        0.0000000000        0.0000000000
     3553.0000000000        0.0000000000        0.0000000000
     3554.0000000000        0.0000000000        0.0000000000
     3555.0000000000        0.0000000000        0.0000000000
     3556.0000000000        0.0000000000        0.0000000000
     3557.0000000000        0.0000000000        0.0000000000
     3558.0000000000        0.0000000000        0.0000000000
     3559.0000000000        0.0000000000        0.0000000000
     3560.0000000000        0.0000000000        0.0000000000
     3561.0000000000        0.0000000000        0.0000000000
     3562.0000000000        0.0000000000        0.0000000000
     3563.0000000000        0.0000000000        0.0000000000
     3564.0000000000        0.0000000000        0.0000000000
     3565.0000000000        0.0000000000        0.0000000000
     3566.0000000000        0.0000000000        0.0000000000
     3567.0000000000        0.0000000000        0.0000000000
     3568.0000000000        0.0000000000        0.0000000000
     3569.0000000000        0.0000000000        0.0000000000
     3570.0000000000        0.0000000000        0.0000000000
     3571.0000000000        0.0000000000        0.0000000000
     3572.0000000000        0.0000000000        0.0000000000
     3573.0000000000        0.0000000000        0.0000000000
     3574.0000000000        0.0000000000        0.0000000000
     3575.0000000000        0.0000000000        0.0000000000
     3576.0000000000        0.0000000000        0.0000000000
     3577.0000000000        0.0000000000        0.0000000000
     3578.0000000000        0.0000000000        0.0000000000
     3579.0000000000        0.0000000000        0.0000000000
     3580.0000000000        0.0000000000        0.0000000000
     3581.0000000000        0.0000000000        0.0000000000
     3582.0000000000        0.0000000000        0.0000000000
     3583.0000000000        0.0000000000        0.0000000000
     3584.0000000000        0.0000000000        0.0000000000
     3585.0000000000        0.0000000000        0.0000000000
     3586.0000000000        0.0000000000        0.0000000000
     3587.0000000000        0.0000000000        0.0000000000
     3588.0000000000        0.0000000000        0.0000000000
     3589.0000000000        0.0000000000        0.0000000000
     3590.0000000000        0.0000000000        0.0000000000
     3591.0000000000        0.0000000000        0.0000000000
     3592.0000000000        0.0000000000        0.0000000000
     3593.0000000000        0.0000000000        0.0000000000
     3594.0000000000        0.0000000000        0.0000000000
     3595.0000000000        0.0000000000        0.0000000000
     3596.0000000000        0.0000000000        0.0000000000
     3597.0000000000        0.0000000000        0.0000000000
     3598.0000000000        0.0000000000        0.0000000000
     3599.0000000000        0.0000000000        0.0000000000
     3600.0000000000        0.0000000000        0.0000000000
     3601.0000000000        0.0000000000        0.0000000000
     3602.0000000000        0.0000000000        0.0000000000
     3603.0000000000        0.0000000000        0.0000000000
     3604.0000000000        0.0000000000        0.0000000000
     3605.0000000000        0.0000000000        0.0000000000
     3606.0000000000        0.0000000000        0.0000000000
     3607.0000000000        0.0000000000        0.0000000000
     3608.0000000000        0.0000000000        0.0000000000
     3609.0000000000        0.0000000000        0.0000000000
     3610.0000000000        0.0000000000        0.0000000000
     3611.0000000000        0.0000000000        0.0000000000
     3612.0000000000        0.0000000000        0.0000000000
     3613.0000000000        0.0000000000        0.0000000000
     3614.0000000000        0.0000000000        0.0000000000
     3615.0000000000        0.0000000000        0.0000000000
     3616.0000000000        0.0000000000        0.0000000000
     3617.0000000000        0.0000000000        0.0000000000
     3618.0000000000        0.0000000000        0.0000000000
     3619.0000000000        0.0000000000        0.0000000000
     3620.0000000000        0.0000000000        0.0000000000
     3621.0000000000        0.0000000000        0.0000000000
     3622.0000000000        0.0000000000        0.0000000000
     3623.0000000000        0.0000000000        0.0000000000
     3624.0000000000        0.0000000000        0.0000000000
     3625.0000000000        0.0000000000        0.0000000000
     3626.0000000000        0.0000000000        0.0000000000
     3627.0000000000        0.0000000000        0.0000000000
     3628.0000000000        0.0000000000        0.0000000000
     3629.0000000000        0.0000000000        0.0000000000
     3630.0000000000        0.0000000000        0.0000000000
     3631.0000000000        0.0000000000        0.0000000000
     3632.0000000000        0.0000000000        0.0000000000
     3633.0000000000        0.0000000000        0.0000000000
     3634.0000000000        0.0000000000        0.0000000000
     3635.0000000000        0.0000000000        0.0000000000
     3636.0000000000        0.0000000000        0.0000000000
     3637.0000000000        0.0000000000        0.0000000000
     3638.0000000000        0.0000000000        0.0000000000
     3639.0000000000        0.0000000000        0.0000000000
     3640.0000000000        0.0000000000        0.0000000000
     3641.0000000000        0.0000000000        0.0000000000
     3642.0000000000        0.0000000000        0.0000000000
     3643.0000000000        0.0000000000        0.0000000000
     3644.0000000000        0.0000000000        0.0000000000
     3645.0000000000        0.0000000000        0.0000000000
     3646.0000000000        0.0000000000        0.0000000000
     3647.0000000000        0.0000000000        0.0000000000
     3648.0000000000        0.0000000000        0.0000000000
     3649.0000000000        0.0000000000        0.0000000000
     3650.0000000000        0.0000000000        0.0000000000
     3651.0000000000        0.0000000000        0.0000000000
     3652.0000000000        0.0000000000        0.0000000000
     3653.0000000000        0.0000000000        0.0000000000
     3654.0000000000        0.0000000000        0.0000000000
     3655.0000000000        0.0000000000        0.0000000000
     3656.0000000000        0.0000000000        0.0000000000
     3657.0000000000        0.0000000000        0.0000000000
     3658.0000000000        0.0000000000        0.0000000000
     3659.0000000000        0.0000000000        0.0000000000
     3660.0000000000        0.0000000000        0.0000000000
     3661.0000000000        0.0000000000        0.0000000000
     3662.0000000000        0.0000000000        0.0000000000
     3663.0000000000        0.0000000000        0.0000000000
     3664.0000000000        0.0000000000        0.0000000000
     3665.0000000000        0.0000000000        0.0000000000
     3666.0000000000        0.0000000000        0.0000000000
     3667.0000000000        0.0000000000        0.0000000000
     3668.0000000000        0.0000000000        0.0000000000
     3669.0000000000        0.0000000000        0.0000000000
     3670.0000000000        0.0000000000        0.0000000000
     3671.0000000000        0.0000000000        0.0000000000
     3672.0000000000        0.0000000000        0.0000000000
     3673.0000000000        0.0000000000        0.0000000000
     3674.0000000000        0.0000000000        0.0000000000
     3675.0000000000        0.0000000000        0.0000000000
     3676.0000000000        0.0000000000        0.0000000000
     3677.0000000000        0.0000000000        0.0000000000
     3678.0000000000        0.0000000000        0.0000000000
     3679.0000000000        0.0000000000        0.0000000000
     3680.0000000000        0.0000000000        0.0000000000
     3681.0000000000        0.0000000000        0.0000000000
     3682.0000000000        0.0000000000        0.0000000000
     3683.0000000000        0.0000000000        0.0000000000
     3684.0000000000        0.0000000000        0.0000000000
     3685.0000000000        0.0000000000        0.0000000000
     3686.0000000000        0.0000000000        0.0000000000
     3687.0000000000        0.0000000000        0.0000000000
     3688.0000000000        0.0000000000        0.0000000000
     3689.0000000000        0.0000000000        0.0000000000
     3690.0000000000        0.0000000000        0.0000000000
     3691.0000000000        0.0000000000        0.0000000000
     3692.0000000000        0.0000000000        0.0000000000
     3693.0000000000        0.0000000000        0.0000000000
     3694.0000000000        0.0000000000        0.0000000000
     3695.0000000000        0.0000000000        0.0000000000
     3696.0000000000        0.0000000000        0.0000000000
     3697.0000000000        0.0000000000        0.0000000000
     3698.0000000000        0.0000000000        0.0000000000
     3699.0000000000        0.0000000000        0.0000000000
     3700.0000000000        0.0000000000        0.0000000000
     3701.0000000000        0.0000000000        0.0000000000
     3702.0000000000        0.0000000000        0.0000000000
     3703.0000000000        0.0000000000        0.0000000000
     3704.0000000000        0.0000000000        0.0000000000
     3705.0000000000        0.0000000000        0.0000000000
     3706.0000000000        0.0000000000        0.0000000000
     3707.0000000000        0.0000000000        0.0000000000
     3708.0000000000        0.0000000000        0.0000000000
     3709.0000000000        0.0000000000        0.0000000000
     3710.0000000000        0.0000000000        0.0000000000
     3711.0000000000        0.0000000000        0.0000000000
     3712.0000000000        0.0000000000        0.0000000000
     3713.0000000000        0.0000000000        0.0000000000
     3714.0000000000        0.0000000000        0.0000000000
     3715.0000000000        0.0000000000        0.0000000000
     3716.0000000000        0.0000000000        0.0000000000
     3717.0000000000        0.0000000000        0.0000000000
     3718.0000000000        0.0000000000        0.0000000000
     3719.0000000000        0.0000000000        0.0000000000
     3720.0000000000        0.0000000000        0.0000000000
     3721.0000000000        0.0000000000        0.0000000000
     3722.0000000000        0.0000000000        0.0000000000
     3723.0000000000        0.0000000000        0.0000000000
     3724.0000000000        0.0000000000        0.0000000000
     3725.0000000000        0.0000000000        0.0000000000
     3726.0000000000        0.0000000000        0.0000000000
     3727.0000000000        0.0000000000        0.0000000000
     3728.0000000000        0.0000000000        0.0000000000
     3729.0000000000        0.0000000000        0.0000000000
     3730.0000000000        0.0000000000        0.0000000000
     3731.0000000000        0.0000000000        0.0000000000
     3732.0000000000        0.0000000000        0.0000000000
     3733.0000000000        0.0000000000        0.0000000000
     3734.0000000000        0.0000000000        0.0000000000
     3735.0000000000        0.0000000000        0.0000000000
     3736.0000000000        0.0000000000        0.0000000000
     3737.0000000000        0.0000000000        0.0000000000
     3738.0000000000        0.0000000000        0.0000000000
     3739.0000000000        0.0000000000        0.0000000000
     3740.0000000000        0.0000000000        0.0000000000
     3741.0000000000        0.0000000000        0.0000000000
     3742.0000000000        0.0000000000        0.0000000000
     3743.0000000000        0.0000000000        0.0000000000
     3744.0000000000        0.0000000000        0.0000000000
     3745.0000000000        0.0000000000        0.0000000000
     3746.0000000000        0.0000000000        0.0000000000
     3747.0000000000        0.0000000000        0.0000000000
     3748.0000000000        0.0000000000        0.0000000000
     3749.0000000000        0.0000000000        0.0000000000
     3750.0000000000        0.0000000000        0.0000000000
     3751.0000000000        0.0000000000        0.0000000000
     3752.0000000000        0.0000000000        0.0000000000
     3753.0000000000        0.0000000000        0.0000000000
     3754.0000000000        0.0000000000        0.0000000000
     3755.0000000000        0.0000000000        0.0000000000
     3756.0000000000        0.0000000000        0.0000000000
     3757.0000000000        0.0000000000        0.0000000000
     3758.0000000000        0.0000000000        0.0000000000
     3759.0000000000        0.0000000000        0.0000000000
     3760.0000000000        0.0000000000        0.0000000000
     3761.0000000000        0.0000000000        0.0000000000
     3762.0000000000        0.0000000000        0.0000000000
     3763.0000000000        0.0000000000        0.0000000000
     3764.0000000000        0.0000000000        0.0000000000
     3765.0000000000        0.0000000000        0.0000000000
     3766.0000000000        0.0000000000        0.0000000000
     3767.0000000000        0.0000000000        0.0000000000
     3768.0000000000        0.0000000000        0.0000000000
     3769.0000000000        0.0000000000        0.0000000000
     3770.0000000000        0.0000000000        0.0000000000
     3771.0000000000        0.0000000000        0.0000000000
     3772.0000000000        0.0000000000        0.0000000000
     3773.0000000000        0.0000000000        0.0000000000
     3774.0000000000        0.0000000000        0.0000000000
     3775.0000000000        0.0000000000        0.0000000000
     3776.0000000000        0.0000000000        0.0000000000
     3777.0000000000        0.0000000000        0.0000000000
     3778.0000000000        0.0000000000        0.0000000000
     3779.0000000000        0.0000000000        0.0000000000
     3780.0000000000        0.0000000000        0.0000000000
     3781.0000000000        0.0000000000        0.0000000000
     3782.0000000000        0.0000000000        0.0000000000
     3783.0000000000        0.0000000000        0.0000000000
     3784.0000000000        0.0000000000        0.0000000000
     3785.0000000000        0.0000000000        0.0000000000
     3786.0000000000        0.0000000000        0.0000000000
     3787.0000000000        0.0000000000        0.0000000000
     3788.0000000000        0.0000000000        0.0000000000
     3789.0000000000        0.0000000000        0.0000000000
     3790.0000000000        0.0000000000        0.0000000000
     3791.0000000000        0.0000000000        0.0000000000
     3792.0000000000        0.0000000000        0.0000000000
     3793.0000000000        0.0000000000        0.0000000000
     3794.0000000000        0.0000000000        0.0000000000
     3795.0000000000        0.0000000000        0.0000000000
     3796.0000000000        0.0000000000        0.0000000000
     3797.0000000000        0.0000000000        0.0000000000
     3798.0000000000        0.0000000000        0.0000000000
     3799.0000000000        0.0000000000        0.0000000000
     3800.0000000000        0.0000000000        0.0000000000
     3801.0000000000        0.0000000000        0.0000000000
     3802.0000000000        0.0000000000        0.0000000000
     3803.0000000000        0.0000000000        0.0000000000
     3804.0000000000        0.0000000000        0.0000000000
     3805.0000000000        0.0000000000        0.0000000000
     3806.0000000000        0.0000000000        0.0000000000
     3807.0000000000        0.0000000000        0.0000000000
     3808.0000000000        0.0000000000        0.0000000000
     3809.0000000000        0.0000000000        0.0000000000
     3810.0000000000        0.0000000000        0.0000000000
     3811.0000000000        0.0000000000        0.0000000000
     3812.0000000000        0.0000000000        0.0000000000
     3813.0000000000        0.0000000000        0.0000000000
     3814.0000000000        0.0000000000        0.0000000000
     3815.0000000000        0.0000000000        0.0000000000
     3816.0000000000        0.0000000000        0.0000000000
     3817.0000000000        0.0000000000        0.0000000000
     3818.0000000000        0.0000000000        0.0000000000
     3819.0000000000        0.0000000000        0.0000000000
     3820.0000000000        0.0000000000        0.0000000000
     3821.0000000000        0.0000000000        0.0000000000
     3822.0000000000        0.0000000000        0.0000000000
     3823.0000000000        0.0000000000        0.0000000000
     3824.0000000000        0.0000000000        0.0000000000
     3825.0000000000        0.0000000000        0.0000000000
     3826.0000000000        0.0000000000        0.0000000000
     3827.0000000000        0.0000000000        0.0000000000
     3828.0000000000        0.0000000000        0.0000000000
     3829.0000000000        0.0000000000        0.0000000000
     3830.0000000000        0.0000000000        0.0000000000
     3831.0000000000        0.0000000000        0.0000000000
     3832.0000000000        0.0000000000        0.0000000000
     3833.0000000000        0.0000000000        0.0000000000
     3834.0000000000        0.0000000000        0.0000000000
     3835.0000000000        0.0000000000        0.0000000000
     3836.0000000000        0.0000000000        0.0000000000
     3837.0000000000        0.0000000000        0.0000000000
     3838.0000000000        0.0000000000        0.0000000000
     3839.0000000000        0.0000000000        0.0000000000
     3840.0000000000        0.0000000000        0.0000000000
     3841.0000000000        0.0000000000        0.0000000000
     3842.0000000000        0.0000000000        0.0000000000
     3843.0000000000        0.0000000000        0.0000000000
     3844.0000000000        0.0000000000        0.0000000000
     3845.0000000000        0.0000000000        0.0000000000
     3846.0000000000        0.0000000000        0.0000000000
     3847.0000000000        0.0000000000        0.0000000000
     3848.0000000000        0.0000000000        0.0000000000
     3849.0000000000        0.0000000000        0.0000000000
     3850.0000000000        0.0000000000        0.0000000000
     3851.0000000000        0.0000000000        0.0000000000
     3852.0000000000        0.0000000000        0.0000000000
     3853.0000000000        0.0000000000        0.0000000000
     3854.0000000000        0.0000000000        0.0000000000
     3855.0000000000        0.0000000000        0.0000000000
     3856.0000000000        0.0000000000        0.0000000000
     3857.0000000000        0.0000000000        0.0000000000
     3858.0000000000        0.0000000000        0.0000000000
     3859.0000000000        0.0000000000        0.0000000000
     3860.0000000000        0.0000000000        0.0000000000
     3861.0000000000        0.0000000000        0.0000000000
     3862.0000000000        0.0000000000        0.0000000000
     3863.0000000000        0.0000000000        0.0000000000
     3864.0000000000        0.0000000000        0.0000000000
     3865.0000000000        0.0000000000        0.0000000000
     3866.0000000000        0.0000000000        0.0000000000
     3867.0000000000        0.0000000000        0.0000000000
     3868.0000000000        0.0000000000        0.0000000000
     3869.0000000000        0.0000000000        0.0000000000
     3870.0000000000        0.0000000000        0.0000000000
     3871.0000000000        0.0000000000        0.0000000000
     3872.0000000000        0.0000000000        0.0000000000
     3873.0000000000        0.0000000000        0.0000000000
     3874.0000000000        0.0000000000        0.0000000000
     3875.0000000000        0.0000000000        0.0000000000
     3876.0000000000        0.0000000000        0.0000000000
     3877.0000000000        0.0000000000        0.0000000000
     3878.0000000000        0.0000000000        0.0000000000
     3879.0000000000        0.0000000000        0.0000000000
     3880.0000000000        0.0000000000        0.0000000000
     3881.0000000000        0.0000000000        0.0000000000
     3882.0000000000        0.0000000000        0.0000000000
     3883.0000000000        0.0000000000        0.0000000000
     3884.0000000000        0.0000000000        0.0000000000
     3885.0000000000        0.0000000000        0.0000000000
     3886.0000000000        0.0000000000        0.0000000000
     3887.0000000000        0.0000000000        0.0000000000
     3888.0000000000        0.0000000000        0.0000000000
     3889.0000000000        0.0000000000        0.0000000000
     3890.0000000000        0.0000000000        0.0000000000
     3891.0000000000        0.0000000000        0.0000000000
     3892.0000000000        0.0000000000        0.0000000000
     3893.0000000000        0.0000000000        0.0000000000
     3894.0000000000        0.0000000000        0.0000000000
     3895.0000000000        0.0000000000        0.0000000000
     3896.0000000000        0.0000000000        0.0000000000
     3897.0000000000        0.0000000000        0.0000000000
     3898.0000000000        0.0000000000        0.0000000000
     3899.0000000000        0.0000000000        0.0000000000
     3900.0000000000        0.0000000000        0.0000000000
     3901.0000000000        0.0000000000        0.0000000000
     3902.0000000000        0.0000000000        0.0000000000
     3903.0000000000        0.0000000000        0.0000000000
     3904.0000000000        0.0000000000        0.0000000000
     3905.0000000000        0.0000000000        0.0000000000
     3906.0000000000        0.0000000000        0.0000000000
     3907.0000000000        0.0000000000        0.0000000000
     3908.0000000000        0.0000000000        0.0000000000
     3909.0000000000        0.0000000000        0.0000000000
     3910.0000000000        0.0000000000        0.0000000000
     3911.0000000000        0.0000000000        0.0000000000
     3912.0000000000        0.0000000000        0.0000000000
     3913.0000000000        0.0000000000        0.0000000000
     3914.0000000000        0.0000000000        0.0000000000
     3915.0000000000        0.0000000000        0.0000000000
     3916.0000000000        0.0000000000        0.0000000000
     3917.0000000000        0.0000000000        0.0000000000
     3918.0000000000        0.0000000000        0.0000000000
     3919.0000000000        0.0000000000        0.0000000000
     3920.0000000000        0.0000000000        0.0000000000
     3921.0000000000        0.0000000000        0.0000000000
     3922.0000000000        0.0000000000        0.0000000000
     3923.0000000000        0.0000000000        0.0000000000
     3924.0000000000        0.0000000000        0.0000000000
     3925.0000000000        0.0000000000        0.0000000000
     3926.0000000000        0.0000000000        0.0000000000
     3927.0000000000        0.0000000000        0.0000000000
     3928.0000000000        0.0000000000        0.0000000000
     3929.0000000000        0.0000000000        0.0000000000
     3930.0000000000        0.0000000000        0.0000000000
     3931.0000000000        0.0000000000        0.0000000000
     3932.0000000000        0.0000000000        0.0000000000
     3933.0000000000        0.0000000000        0.0000000000
     3934.0000000000        0.0000000000        0.0000000000
     3935.0000000000        0.0000000000        0.0000000000
     3936.0000000000        0.0000000000        0.0000000000
     3937.0000000000        0.0000000000        0.0000000000
     3938.0000000000        0.0000000000        0.0000000000
     3939.0000000000        0.0000000000        0.0000000000
     3940.0000000000        0.0000000000        0.0000000000
     3941.0000000000        0.0000000000        0.0000000000
     3942.0000000000        0.0000000000        0.0000000000
     3943.0000000000        0.0000000000        0.0000000000
     3944.0000000000        0.0000000000        0.0000000000
     3945.0000000000        0.0000000000        0.0000000000
     3946.0000000000        0.0000000000        0.0000000000
     3947.0000000000        0.0000000000        0.0000000000
     3948.0000000000        0.0000000000        0.0000000000
     3949.0000000000        0.0000000000        0.0000000000
     3950.0000000000        0.0000000000        0.0000000000
     3951.0000000000        0.0000000000        0.0000000000
     3952.0000000000        0.0000000000        0.0000000000
     3953.0000000000        0.0000000000        0.0000000000
     3954.0000000000        0.0000000000        0.0000000000
     3955.0000000000        0.0000000000        0.0000000000
     3956.0000000000        0.0000000000        0.0000000000
     3957.0000000000        0.0000000000        0.0000000000
     3958.0000000000        0.0000000000        0.0000000000
     3959.0000000000        0.0000000000        0.0000000000
     3960.0000000000        0.0000000000        0.0000000000
     3961.0000000000        0.0000000000        0.0000000000
     3962.0000000000        0.0000000000        0.0000000000
     3963.0000000000        0.0000000000        0.0000000000
     3964.0000000000        0.0000000000        0.0000000000
     3965.0000000000        0.0000000000        0.0000000000
     3966.0000000000        0.0000000000        0.0000000000
     3967.0000000000        0.0000000000        0.0000000000
     3968.0000000000        0.0000000000        0.0000000000
     3969.0000000000        0.0000000000        0.0000000000
     3970.0000000000        0.0000000000        0.0000000000
     3971.0000000000        0.0000000000        0.0000000000
     3972.0000000000        0.0000000000        0.0000000000
     3973.0000000000        0.0000000000        0.0000000000
     3974.0000000000        0.0000000000        0.0000000000
     3975.0000000000        0.0000000000        0.0000000000
     3976.0000000000        0.0000000000        0.0000000000
     3977.0000000000        0.0000000000        0.0000000000
     3978.0000000000        0.0000000000        0.0000000000
     3979.0000000000        0.0000000000        0.0000000000
     3980.0000000000        0.0000000000        0.0000000000
     3981.0000000000        0.0000000000        0.0000000000
     3982.0000000000        0.0000000000        0.0000000000
     3983.0000000000        0.0000000000        0.0000000000
     3984.0000000000        0.0000000000        0.0000000000
     3985.0000000000        0.0000000000        0.0000000000
     3986.0000000000        0.0000000000        0.0000000000
     3987.0000000000        0.0000000000        0.0000000000
     3988.0000000000        0.0000000000        0.0000000000
     3989.0000000000        0.0000000000        0.0000000000
     3990.0000000000        0.0000000000        0.0000000000
     3991.0000000000        0.0000000000        0.0000000000
     3992.0000000000        0.0000000000        0.0000000000
     3993.0000000000        0.0000000000        0.0000000000
     3994.0000000000        0.0000000000        0.0000000000
     3995.0000000000        0.0000000000        0.0000000000
     3996.0000000000        0.0000000000        0.0000000000
     3997.0000000000        0.0000000000        0.0000000000
     3998.0000000000        0.0000000000        0.0000000000
     3999.0000000000        0.0000000000        0.0000000000
