# Raman Activity Spectrum
# X-Axis:  Frequency (cm-1)
# Y-Axis:  Intensity

# Peak information
#                  X                   Y
#     111.1311000000        0.0426000000
#     222.0662000000        0.0758000000
#     354.6881000000        0.2269000000
#     413.1984000000        1.2429000000
#     537.0333000000        0.4856000000
#     551.7981000000        1.1655000000
#     670.5059000000        1.4075000000
#     853.7227000000        8.3213000000
#     986.2511000000        1.6550000000
#    1130.4566000000        3.7391000000
#    1192.1150000000        1.5543000000
#    1211.1770000000        1.6621000000
#    1309.1189000000        1.6214000000
#    1323.4562000000        3.0354000000
#    1452.3256000000        0.2716000000
#    1499.5217000000        3.6648000000
#    3084.3692000000      107.0945000000
#    3147.3913000000       40.7591000000

# Spectra
#                  X                   Y               DY/DX
        0.0000000000        0.0000043862        0.0000000788
        1.0000000000        0.0000044661        0.0000000810
        2.0000000000        0.0000045482        0.0000000832
        3.0000000000        0.0000046326        0.0000000856
        4.0000000000        0.0000047194        0.0000000880
        5.0000000000        0.0000048086        0.0000000905
        6.0000000000        0.0000049004        0.0000000931
        7.0000000000        0.0000049948        0.0000000958
        8.0000000000        0.0000050920        0.0000000986
        9.0000000000        0.0000051920        0.0000001015
       10.0000000000        0.0000052951        0.0000001046
       11.0000000000        0.0000054012        0.0000001077
       12.0000000000        0.0000055105        0.0000001110
       13.0000000000        0.0000056232        0.0000001144
       14.0000000000        0.0000057394        0.0000001180
       15.0000000000        0.0000058592        0.0000001217
       16.0000000000        0.0000059828        0.0000001256
       17.0000000000        0.0000061104        0.0000001296
       18.0000000000        0.0000062421        0.0000001338
       19.0000000000        0.0000063781        0.0000001382
       20.0000000000        0.0000065185        0.0000001428
       21.0000000000        0.0000066637        0.0000001476
       22.0000000000        0.0000068138        0.0000001526
       23.0000000000        0.0000069690        0.0000001578
       24.0000000000        0.0000071295        0.0000001633
       25.0000000000        0.0000072957        0.0000001690
       26.0000000000        0.0000074677        0.0000001751
       27.0000000000        0.0000076459        0.0000001814
       28.0000000000        0.0000078305        0.0000001880
       29.0000000000        0.0000080219        0.0000001949
       30.0000000000        0.0000082204        0.0000002022
       31.0000000000        0.0000084263        0.0000002098
       32.0000000000        0.0000086401        0.0000002178
       33.0000000000        0.0000088621        0.0000002263
       34.0000000000        0.0000090927        0.0000002351
       35.0000000000        0.0000093325        0.0000002445
       36.0000000000        0.0000095819        0.0000002544
       37.0000000000        0.0000098414        0.0000002647
       38.0000000000        0.0000101116        0.0000002757
       39.0000000000        0.0000103930        0.0000002873
       40.0000000000        0.0000106864        0.0000002995
       41.0000000000        0.0000109923        0.0000003125
       42.0000000000        0.0000113115        0.0000003262
       43.0000000000        0.0000116449        0.0000003407
       44.0000000000        0.0000119931        0.0000003560
       45.0000000000        0.0000123573        0.0000003724
       46.0000000000        0.0000127382        0.0000003897
       47.0000000000        0.0000131370        0.0000004081
       48.0000000000        0.0000135548        0.0000004277
       49.0000000000        0.0000139928        0.0000004486
       50.0000000000        0.0000144524        0.0000004708
       51.0000000000        0.0000149350        0.0000004946
       52.0000000000        0.0000154421        0.0000005199
       53.0000000000        0.0000159754        0.0000005470
       54.0000000000        0.0000165368        0.0000005761
       55.0000000000        0.0000171282        0.0000006072
       56.0000000000        0.0000177520        0.0000006406
       57.0000000000        0.0000184103        0.0000006765
       58.0000000000        0.0000191059        0.0000007151
       59.0000000000        0.0000198416        0.0000007568
       60.0000000000        0.0000206205        0.0000008017
       61.0000000000        0.0000214461        0.0000008502
       62.0000000000        0.0000223222        0.0000009027
       63.0000000000        0.0000269752        0.0000010064
       64.0000000000        0.0000280125        0.0000010691
       65.0000000000        0.0000291152        0.0000011372
       66.0000000000        0.0000302889        0.0000012113
       67.0000000000        0.0000315400        0.0000012922
       68.0000000000        0.0000328757        0.0000013805
       69.0000000000        0.0000343038        0.0000014773
       70.0000000000        0.0000358333        0.0000015834
       71.0000000000        0.0000374742        0.0000017002
       72.0000000000        0.0000392377        0.0000018289
       73.0000000000        0.0000411365        0.0000019711
       74.0000000000        0.0000431850        0.0000021287
       75.0000000000        0.0000453996        0.0000023037
       76.0000000000        0.0000477990        0.0000024987
       77.0000000000        0.0000504046        0.0000027166
       78.0000000000        0.0000532409        0.0000029608
       79.0000000000        0.0000563363        0.0000032354
       80.0000000000        0.0000597235        0.0000035453
       81.0000000000        0.0000634407        0.0000038964
       82.0000000000        0.0000675324        0.0000042957
       83.0000000000        0.0000720510        0.0000047517
       84.0000000000        0.0000770581        0.0000052747
       85.0000000000        0.0000826269        0.0000058775
       86.0000000000        0.0000888448        0.0000065758
       87.0000000000        0.0000958167        0.0000073890
       88.0000000000        0.0001036692        0.0000083416
       89.0000000000        0.0001125566        0.0000094645
       90.0000000000        0.0001226680        0.0000107970
       91.0000000000        0.0001342371        0.0000123895
       92.0000000000        0.0001475553        0.0000143076
       93.0000000000        0.0001629893        0.0000166375
       94.0000000000        0.0001810052        0.0000194933
       95.0000000000        0.0002022017        0.0000230282
       96.0000000000        0.0002273566        0.0000274506
       97.0000000000        0.0002574932        0.0000330475
       98.0000000000        0.0002939748        0.0000402193
       99.0000000000        0.0003386430        0.0000495324
      100.0000000000        0.0003940197        0.0000617975
      101.0000000000        0.0004636072        0.0000781878
      102.0000000000        0.0005523304        0.0001004087
      103.0000000000        0.0006671788        0.0001309260
      104.0000000000        0.0008180902        0.0001732034
      105.0000000000        0.0010189905        0.0002317043
      106.0000000000        0.0012884030        0.0003107914
      107.0000000000        0.0016474655        0.0004099994
      108.0000000000        0.0021092514        0.0005102554
      109.0000000000        0.0026478598        0.0005480102
      110.0000000000        0.0031464948        0.0004110884
      111.0000000000        0.0033939924        0.0000555717
      112.0000000000        0.0032450142       -0.0003356208
      113.0000000000        0.0027904797       -0.0005334208
      114.0000000000        0.0022465518       -0.0005299260
      115.0000000000        0.0017596733       -0.0004374698
      116.0000000000        0.0013743990       -0.0003348574
      117.0000000000        0.0010837768       -0.0002500381
      118.0000000000        0.0008671644       -0.0001864940
      119.0000000000        0.0007049606       -0.0001404236
      120.0000000000        0.0005820464       -0.0001072001
      121.0000000000        0.0004875390       -0.0000830766
      122.0000000000        0.0004137714       -0.0000653461
      123.0000000000        0.0003553492       -0.0000521278
      124.0000000000        0.0003084474       -0.0000421279
      125.0000000000        0.0002703210       -0.0000344539
      126.0000000000        0.0002389734       -0.0000284843
      127.0000000000        0.0002129317       -0.0000237810
      128.0000000000        0.0001910945       -0.0000200314
      129.0000000000        0.0001726273       -0.0000170090
      130.0000000000        0.0001568899       -0.0000145480
      131.0000000000        0.0001433855       -0.0000125252
      132.0000000000        0.0001317246       -0.0000108479
      133.0000000000        0.0001215982       -0.0000094458
      134.0000000000        0.0001127594       -0.0000082648
      135.0000000000        0.0001050090       -0.0000072630
      136.0000000000        0.0000981847       -0.0000064075
      137.0000000000        0.0000921539       -0.0000056723
      138.0000000000        0.0000868070       -0.0000050367
      139.0000000000        0.0000820529       -0.0000044842
      140.0000000000        0.0000778155       -0.0000040011
      141.0000000000        0.0000740311       -0.0000035767
      142.0000000000        0.0000706457       -0.0000032018
      143.0000000000        0.0000676135       -0.0000028690
      144.0000000000        0.0000648957       -0.0000025723
      145.0000000000        0.0000624587       -0.0000023063
      146.0000000000        0.0000602742       -0.0000020669
      147.0000000000        0.0000583174       -0.0000018502
      148.0000000000        0.0000565672       -0.0000016533
      149.0000000000        0.0000550051       -0.0000014734
      150.0000000000        0.0000536154       -0.0000013083
      151.0000000000        0.0000523842       -0.0000011560
      152.0000000000        0.0000512997       -0.0000010148
      153.0000000000        0.0000503515       -0.0000008831
      154.0000000000        0.0000495307       -0.0000007597
      155.0000000000        0.0000488297       -0.0000006434
      156.0000000000        0.0000482418       -0.0000005332
      157.0000000000        0.0000477616       -0.0000004281
      158.0000000000        0.0000473842       -0.0000003273
      159.0000000000        0.0000471059       -0.0000002299
      160.0000000000        0.0000469235       -0.0000001354
      161.0000000000        0.0000468345       -0.0000000429
      162.0000000000        0.0000468371        0.0000000480
      163.0000000000        0.0000469302        0.0000001381
      164.0000000000        0.0000471132        0.0000002279
      165.0000000000        0.0000473861        0.0000003179
      166.0000000000        0.0000477494        0.0000004089
      167.0000000000        0.0000482043        0.0000005012
      168.0000000000        0.0000487525        0.0000005956
      169.0000000000        0.0000493964        0.0000006926
      170.0000000000        0.0000501388        0.0000007929
      171.0000000000        0.0000509834        0.0000008971
      172.0000000000        0.0000519346        0.0000010060
      173.0000000000        0.0000529972        0.0000011203
      174.0000000000        0.0000541773        0.0000012409
      175.0000000000        0.0000554815        0.0000013688
      176.0000000000        0.0000569176        0.0000015049
      177.0000000000        0.0000584944        0.0000016504
      178.0000000000        0.0000602220        0.0000018066
      179.0000000000        0.0000621116        0.0000019749
      180.0000000000        0.0000641763        0.0000021570
      181.0000000000        0.0000664307        0.0000023546
      182.0000000000        0.0000688915        0.0000025700
      183.0000000000        0.0000715775        0.0000028056
      184.0000000000        0.0000745103        0.0000030641
      185.0000000000        0.0000777144        0.0000033488
      186.0000000000        0.0000812179        0.0000036635
      187.0000000000        0.0000850529        0.0000040126
      188.0000000000        0.0000892563        0.0000044012
      189.0000000000        0.0000938705        0.0000048355
      190.0000000000        0.0000989448        0.0000053226
      191.0000000000        0.0001045361        0.0000058712
      192.0000000000        0.0001107110        0.0000064915
      193.0000000000        0.0001175472        0.0000071960
      194.0000000000        0.0001251360        0.0000079996
      195.0000000000        0.0001443287        0.0000090551
      196.0000000000        0.0001539028        0.0000101185
      197.0000000000        0.0001646215        0.0000113495
      198.0000000000        0.0001766689        0.0000127824
      199.0000000000        0.0001902677        0.0000144603
      200.0000000000        0.0002056892        0.0000164377
      201.0000000000        0.0002232659        0.0000187840
      202.0000000000        0.0002434095        0.0000215884
      203.0000000000        0.0002666336        0.0000249669
      204.0000000000        0.0002935849        0.0000290717
      205.0000000000        0.0003250858        0.0000341050
      206.0000000000        0.0003621938        0.0000403384
      207.0000000000        0.0004062842        0.0000481412
      208.0000000000        0.0004591670        0.0000580229
      209.0000000000        0.0005232567        0.0000706946
      210.0000000000        0.0006018171        0.0000871631
      211.0000000000        0.0006993225        0.0001088713
      212.0000000000        0.0008219917        0.0001379070
      213.0000000000        0.0009785760        0.0001773062
      214.0000000000        0.0011815005        0.0002314542
      215.0000000000        0.0014484261        0.0003064907
      216.0000000000        0.0018040544        0.0004102533
      217.0000000000        0.0022810551        0.0005501353
      218.0000000000        0.0029160652        0.0007241939
      219.0000000000        0.0037295360        0.0008957949
      220.0000000000        0.0046690901        0.0009480458
      221.0000000000        0.0055190930        0.0006844456
      222.0000000000        0.0059083493        0.0000488679
      223.0000000000        0.0056057121       -0.0006181200
      224.0000000000        0.0047944508       -0.0009352376
      225.0000000000        0.0038502369       -0.0009130351
      226.0000000000        0.0030147854       -0.0007482461
      227.0000000000        0.0023568366       -0.0005711850
      228.0000000000        0.0018612953       -0.0004262691
      229.0000000000        0.0014919516       -0.0003180815
      230.0000000000        0.0012151879       -0.0002397181
      231.0000000000        0.0010052550       -0.0001831970
      232.0000000000        0.0008436630       -0.0001421298
      233.0000000000        0.0007173921       -0.0001119194
      234.0000000000        0.0006172795       -0.0000893761
      235.0000000000        0.0005368230       -0.0000723061
      236.0000000000        0.0004713527       -0.0000591950
      237.0000000000        0.0004174685       -0.0000489876
      238.0000000000        0.0003726599       -0.0000409398
      239.0000000000        0.0003350480       -0.0000345195
      240.0000000000        0.0003032078       -0.0000293417
      241.0000000000        0.0002760455       -0.0000251236
      242.0000000000        0.0002527114       -0.0000216552
      243.0000000000        0.0002325383       -0.0000187785
      244.0000000000        0.0002149975       -0.0000163733
      245.0000000000        0.0001996655       -0.0000143474
      246.0000000000        0.0001862004       -0.0000126290
      247.0000000000        0.0001743238       -0.0000111619
      248.0000000000        0.0001638076       -0.0000099017
      249.0000000000        0.0001544633       -0.0000088129
      250.0000000000        0.0001461341       -0.0000078672
      251.0000000000        0.0001386890       -0.0000070414
      252.0000000000        0.0001320177       -0.0000063167
      253.0000000000        0.0001260270       -0.0000056779
      254.0000000000        0.0001791009       -0.0000043781
      255.0000000000        0.0001749862       -0.0000038609
      256.0000000000        0.0001713614       -0.0000033970
      257.0000000000        0.0001681769       -0.0000029791
      258.0000000000        0.0001653901       -0.0000026009
      259.0000000000        0.0001629638       -0.0000022570
      260.0000000000        0.0001608660       -0.0000019431
      261.0000000000        0.0001590688       -0.0000016553
      262.0000000000        0.0001575479       -0.0000013901
      263.0000000000        0.0001562821       -0.0000011447
      264.0000000000        0.0001552527       -0.0000009167
      265.0000000000        0.0001544435       -0.0000007039
      266.0000000000        0.0001538405       -0.0000005043
      267.0000000000        0.0001534311       -0.0000003163
      268.0000000000        0.0001532045       -0.0000001384
      269.0000000000        0.0001531513        0.0000000306
      270.0000000000        0.0001532632        0.0000001921
      271.0000000000        0.0001535333        0.0000003470
      272.0000000000        0.0001518607        0.0000005223
      273.0000000000        0.0001524554        0.0000006663
      274.0000000000        0.0001531920        0.0000008064
      275.0000000000        0.0001540670        0.0000009432
      276.0000000000        0.0001550775        0.0000010774
      277.0000000000        0.0001562213        0.0000012098
      278.0000000000        0.0001574966        0.0000013407
      279.0000000000        0.0001589024        0.0000014709
      280.0000000000        0.0001604383        0.0000016008
      281.0000000000        0.0001621041        0.0000017309
      282.0000000000        0.0001639003        0.0000018618
      283.0000000000        0.0001658281        0.0000019940
      284.0000000000        0.0001678888        0.0000021278
      285.0000000000        0.0001700845        0.0000022639
      286.0000000000        0.0001724176        0.0000024027
      287.0000000000        0.0001748910        0.0000025448
      288.0000000000        0.0001775083        0.0000026905
      289.0000000000        0.0001802735        0.0000028406
      290.0000000000        0.0001831911        0.0000029954
      291.0000000000        0.0001862662        0.0000031557
      292.0000000000        0.0001895045        0.0000033220
      293.0000000000        0.0001929124        0.0000034950
      294.0000000000        0.0001964969        0.0000036754
      295.0000000000        0.0002002658        0.0000038639
      296.0000000000        0.0002042276        0.0000040613
      297.0000000000        0.0002083918        0.0000042686
      298.0000000000        0.0002127685        0.0000044867
      299.0000000000        0.0002173692        0.0000047166
      300.0000000000        0.0002222061        0.0000049595
      301.0000000000        0.0002272930        0.0000052166
      302.0000000000        0.0002326446        0.0000054894
      303.0000000000        0.0002382774        0.0000057793
      304.0000000000        0.0002442094        0.0000060880
      305.0000000000        0.0002504604        0.0000064175
      306.0000000000        0.0002570521        0.0000067699
      307.0000000000        0.0002640086        0.0000071475
      308.0000000000        0.0002713563        0.0000075530
      309.0000000000        0.0002791248        0.0000079893
      310.0000000000        0.0002873464        0.0000084600
      311.0000000000        0.0002960574        0.0000089687
      312.0000000000        0.0003052980        0.0000095199
      313.0000000000        0.0003151131        0.0000101186
      314.0000000000        0.0003255529        0.0000107703
      315.0000000000        0.0003366737        0.0000114817
      316.0000000000        0.0003485387        0.0000122603
      317.0000000000        0.0003612195        0.0000131147
      318.0000000000        0.0003747966        0.0000140550
      319.0000000000        0.0003893619        0.0000150930
      320.0000000000        0.0004050197        0.0000162424
      321.0000000000        0.0004218893        0.0000175195
      322.0000000000        0.0004401075        0.0000189432
      323.0000000000        0.0004598322        0.0000205363
      324.0000000000        0.0004812456        0.0000223258
      325.0000000000        0.0005045599        0.0000243440
      326.0000000000        0.0005300227        0.0000266298
      327.0000000000        0.0005579245        0.0000292308
      328.0000000000        0.0005886084        0.0000322045
      329.0000000000        0.0006224812        0.0000356219
      330.0000000000        0.0006600291        0.0000395707
      331.0000000000        0.0007018359        0.0000441602
      332.0000000000        0.0007486085        0.0000495278
      333.0000000000        0.0008012082        0.0000558473
      334.0000000000        0.0008606938        0.0000633412
      335.0000000000        0.0009283767        0.0000722963
      336.0000000000        0.0010058969        0.0000830868
      337.0000000000        0.0010953247        0.0000962058
      338.0000000000        0.0011993012        0.0001123105
      339.0000000000        0.0013212331        0.0001322880
      340.0000000000        0.0014655672        0.0001573507
      341.0000000000        0.0016381819        0.0001891779
      342.0000000000        0.0018469525        0.0002301265
      343.0000000000        0.0021025767        0.0002835487
      344.0000000000        0.0024197916        0.0003542672
      345.0000000000        0.0028191744        0.0004492798
      346.0000000000        0.0033297892        0.0005787536
      347.0000000000        0.0039929641        0.0007572605
      348.0000000000        0.0048672404        0.0010047148
      349.0000000000        0.0060333160        0.0013447853
      350.0000000000        0.0075934946        0.0017935699
      351.0000000000        0.0096477480        0.0023196307
      352.0000000000        0.0122024449        0.0027447617
      353.0000000000        0.0149556537        0.0026181814
      354.0000000000        0.0170671004        0.0014042381
      355.0000000000        0.0174704442       -0.0006451011
      356.0000000000        0.0159252333       -0.0022747432
      357.0000000000        0.0133150342       -0.0027655844
      358.0000000000        0.0106538309       -0.0024791795
      359.0000000000        0.0084315068       -0.0019571995
      360.0000000000        0.0067255901       -0.0014701923
      361.0000000000        0.0054550090       -0.0010892793
      362.0000000000        0.0045133270       -0.0008090381
      363.0000000000        0.0038111121       -0.0006063535
      364.0000000000        0.0032820987       -0.0004594218
      365.0000000000        0.0028792517       -0.0003517044
      366.0000000000        0.0025695534       -0.0002715159
      367.0000000000        0.0023297608       -0.0002107867
      368.0000000000        0.0021433651       -0.0001639580
      369.0000000000        0.0019985092       -0.0001271738
      370.0000000000        0.0018865801       -0.0000977272
      371.0000000000        0.0018012574       -0.0000736904
      372.0000000000        0.0017378651       -0.0000536684
      373.0000000000        0.0016929274       -0.0000366343
      374.0000000000        0.0016638593       -0.0000218175
      375.0000000000        0.0016487514       -0.0000086278
      376.0000000000        0.0016462168        0.0000033980
      377.0000000000        0.0016552846        0.0000146333
      378.0000000000        0.0016976025        0.0000256691
      379.0000000000        0.0017285541        0.0000362199
      380.0000000000        0.0017700531        0.0000468030
      381.0000000000        0.0018222472        0.0000576474
      382.0000000000        0.0018855105        0.0000689797
      383.0000000000        0.0019568106        0.0000810790
      384.0000000000        0.0020443106        0.0000941056
      385.0000000000        0.0021454393        0.0001083860
      386.0000000000        0.0022616069        0.0001242412
      387.0000000000        0.0023945715        0.0001420484
      388.0000000000        0.0025465036        0.0001622587
      389.0000000000        0.0027200715        0.0001854213
      390.0000000000        0.0029185542        0.0002122137
      391.0000000000        0.0031459887        0.0002434828
      392.0000000000        0.0034601553        0.0002809596
      393.0000000000        0.0037623446        0.0003247055
      394.0000000000        0.0041124566        0.0003771403
      395.0000000000        0.0045202858        0.0004405816
      396.0000000000        0.0049983001        0.0005180982
      397.0000000000        0.0055625288        0.0006138027
      398.0000000000        0.0062338060        0.0007332774
      399.0000000000        0.0070395333        0.0008842004
      400.0000000000        0.0080162091        0.0010772748
      401.0000000000        0.0092131027        0.0013276215
      402.0000000000        0.0106976486        0.0016568732
      403.0000000000        0.0125634196        0.0020963022
      404.0000000000        0.0149419082        0.0026913702
      405.0000000000        0.0180196653        0.0035078659
      406.0000000000        0.0220620113        0.0046384898
      407.0000000000        0.0274414204        0.0062037931
      408.0000000000        0.0346560951        0.0083255579
      409.0000000000        0.0442840882        0.0110079730
      410.0000000000        0.0567160012        0.0137833408
      411.0000000000        0.0713572300        0.0150184568
      412.0000000000        0.0852202564        0.0116873279
      413.0000000000        0.0926241192        0.0022856770
      414.0000000000        0.0892727270       -0.0085828359
      415.0000000000        0.0772218515       -0.0144237037
      416.0000000000        0.0623518553       -0.0146066568
      417.0000000000        0.0488709312       -0.0121566050
      418.0000000000        0.0381455488       -0.0093348081
      419.0000000000        0.0300394555       -0.0069764911
      420.0000000000        0.0239956575       -0.0052028217
      421.0000000000        0.0194715443       -0.0039154793
      422.0000000000        0.0160452971       -0.0029872507
      423.0000000000        0.0134124674       -0.0023137358
      424.0000000000        0.0113584313       -0.0018191719
      425.0000000000        0.0097322251       -0.0014508453
      426.0000000000        0.0084268728       -0.0011724910
      427.0000000000        0.0073656718       -0.0009590993
      428.0000000000        0.0064928766       -0.0007932685
      429.0000000000        0.0057674036       -0.0006627459
      430.0000000000        0.0051585556       -0.0005587903
      431.0000000000        0.0046430923       -0.0004750821
      432.0000000000        0.0042031986       -0.0004069917
      433.0000000000        0.0038250572       -0.0003510846
      434.0000000000        0.0034978346       -0.0003047819
      435.0000000000        0.0032129497       -0.0002661251
      436.0000000000        0.0029635408       -0.0002336105
      437.0000000000        0.0027440726       -0.0002060725
      438.0000000000        0.0025500431       -0.0001825985
      439.0000000000        0.0023777627       -0.0001624678
      440.0000000000        0.0022241857       -0.0001451065
      441.0000000000        0.0020867812       -0.0001300540
      442.0000000000        0.0019634330       -0.0001169379
      443.0000000000        0.0018523615       -0.0001054552
      444.0000000000        0.0017520615       -0.0000953574
      445.0000000000        0.0016612538       -0.0000864396
      446.0000000000        0.0015788459       -0.0000785320
      447.0000000000        0.0015039005       -0.0000714930
      448.0000000000        0.0014356102       -0.0000652038
      449.0000000000        0.0013732765       -0.0000595643
      450.0000000000        0.0013162933       -0.0000544900
      451.0000000000        0.0012641323       -0.0000499087
      452.0000000000        0.0012163321       -0.0000457590
      453.0000000000        0.0011724881       -0.0000419881
      454.0000000000        0.0011322448       -0.0000385506
      455.0000000000        0.0010952890       -0.0000354071
      456.0000000000        0.0010613440       -0.0000325236
      457.0000000000        0.0010301650       -0.0000298704
      458.0000000000        0.0010015351       -0.0000274215
      459.0000000000        0.0009752616       -0.0000251540
      460.0000000000        0.0009511733       -0.0000230480
      461.0000000000        0.0009291178       -0.0000210856
      462.0000000000        0.0009089595       -0.0000192510
      463.0000000000        0.0008905778       -0.0000175303
      464.0000000000        0.0008738653       -0.0000159107
      465.0000000000        0.0008587264       -0.0000143811
      466.0000000000        0.0008450766       -0.0000129311
      467.0000000000        0.0008328407       -0.0000115516
      468.0000000000        0.0008219526       -0.0000102342
      469.0000000000        0.0008123543       -0.0000089710
      470.0000000000        0.0008039950       -0.0000077549
      471.0000000000        0.0007968310       -0.0000065793
      472.0000000000        0.0007908249       -0.0000054381
      473.0000000000        0.0007859454       -0.0000043253
      474.0000000000        0.0007821667       -0.0000032355
      475.0000000000        0.0007794685       -0.0000021633
      476.0000000000        0.0007778359       -0.0000011037
      477.0000000000        0.0007772586       -0.0000000516
      478.0000000000        0.0007777318        0.0000009978
      479.0000000000        0.0007792550        0.0000020495
      480.0000000000        0.0007818331        0.0000031083
      481.0000000000        0.0007854756        0.0000041792
      482.0000000000        0.0007901973        0.0000052673
      483.0000000000        0.0007960178        0.0000063779
      484.0000000000        0.0008029624        0.0000075164
      485.0000000000        0.0008110619        0.0000086887
      486.0000000000        0.0008203530        0.0000099008
      487.0000000000        0.0008308789        0.0000111593
      488.0000000000        0.0008426895        0.0000124713
      489.0000000000        0.0008558420        0.0000138445
      490.0000000000        0.0008704016        0.0000152871
      491.0000000000        0.0008864424        0.0000168084
      492.0000000000        0.0009040480        0.0000184186
      493.0000000000        0.0009233128        0.0000201287
      494.0000000000        0.0009443430        0.0000219515
      495.0000000000        0.0009672581        0.0000239010
      496.0000000000        0.0009921924        0.0000259928
      497.0000000000        0.0010192972        0.0000282450
      498.0000000000        0.0010487427        0.0000306779
      499.0000000000        0.0010807208        0.0000333144
      500.0000000000        0.0011154482        0.0000361812
      501.0000000000        0.0011531701        0.0000393087
      502.0000000000        0.0011941643        0.0000427322
      503.0000000000        0.0012387466        0.0000464923
      504.0000000000        0.0012872770        0.0000506368
      505.0000000000        0.0013401669        0.0000552215
      506.0000000000        0.0013978883        0.0000603119
      507.0000000000        0.0014609850        0.0000659858
      508.0000000000        0.0015300851        0.0000723358
      509.0000000000        0.0016059185        0.0000794724
      510.0000000000        0.0016893364        0.0000875292
      511.0000000000        0.0018436724        0.0000974489
      512.0000000000        0.0019462217        0.0001078815
      513.0000000000        0.0020599422        0.0001198364
      514.0000000000        0.0021865014        0.0001336145
      515.0000000000        0.0023172434        0.0001497248
      516.0000000000        0.0024760468        0.0001683733
      517.0000000000        0.0026550807        0.0001902993
      518.0000000000        0.0028579943        0.0002162796
      519.0000000000        0.0030893245        0.0002473242
      520.0000000000        0.0033547689        0.0002847619
      521.0000000000        0.0036615625        0.0003303625
      522.0000000000        0.0040190012        0.0003865138
      523.0000000000        0.0044391818        0.0004564818
      524.0000000000        0.0049380600        0.0005447960
      525.0000000000        0.0055369830        0.0006578264
      526.0000000000        0.0062649327        0.0008046474
      527.0000000000        0.0071618324        0.0009983245
      528.0000000000        0.0082834121        0.0012577680
      529.0000000000        0.0097082361        0.0016101802
      530.0000000000        0.0115472786        0.0020934938
      531.0000000000        0.0139549076        0.0027558949
      532.0000000000        0.0171342698        0.0036423415
      533.0000000000        0.0213119251        0.0047393200
      534.0000000000        0.0266126991        0.0058189292
      535.0000000000        0.0327124784        0.0061651214
      536.0000000000        0.0382986708        0.0046037718
      537.0000000000        0.0411616803        0.0008694076
      538.0000000000        0.0400146819       -0.0029274158
      539.0000000000        0.0360656805       -0.0045502457
      540.0000000000        0.0316097442       -0.0041172151
      541.0000000000        0.0281240858       -0.0027846548
      542.0000000000        0.0260920775       -0.0012791261
      543.0000000000        0.0255523712        0.0001937213
      544.0000000000        0.0264829957        0.0016796603
      545.0000000000        0.0289615022        0.0033158826
      546.0000000000        0.0332195671        0.0052657121
      547.0000000000        0.0396417760        0.0076561640
      548.0000000000        0.0486574765        0.0104029038
      549.0000000000        0.0603337595        0.0127614590
      550.0000000000        0.0733817724        0.0126825386
      551.0000000000        0.0839357699        0.0074258350
      552.0000000000        0.0866278997       -0.0024090015
      553.0000000000        0.0795937074       -0.0108991230
      554.0000000000        0.0667451077       -0.0138724506
      555.0000000000        0.0532371708       -0.0127089553
      556.0000000000        0.0417717065       -0.0101576687
      557.0000000000        0.0328794195       -0.0076983178
      558.0000000000        0.0261994971       -0.0057530081
      559.0000000000        0.0212029063       -0.0043164564
      560.0000000000        0.0174342573       -0.0032772160
      561.0000000000        0.0145530211       -0.0025252613
      562.0000000000        0.0123164410       -0.0019760183
      563.0000000000        0.0105536313       -0.0015694487
      564.0000000000        0.0091439652       -0.0012640392
      565.0000000000        0.0080014555       -0.0010312099
      566.0000000000        0.0070640132       -0.0008511716
      567.0000000000        0.0062861752       -0.0007100766
      568.0000000000        0.0056341802       -0.0005981116
      569.0000000000        0.0050826123       -0.0005082285
      570.0000000000        0.0046120874       -0.0004352967
      571.0000000000        0.0042076402       -0.0003755323
      572.0000000000        0.0038575832       -0.0003261094
      573.0000000000        0.0035526916       -0.0002848924
      574.0000000000        0.0032283072       -0.0002495370
      575.0000000000        0.0029938268       -0.0002202202
      576.0000000000        0.0027864258       -0.0001952334
      577.0000000000        0.0026021766       -0.0001738022
      578.0000000000        0.0024378423       -0.0001553122
      579.0000000000        0.0022907370       -0.0001392710
      580.0000000000        0.0021586172       -0.0001252817
      581.0000000000        0.0020395979       -0.0001130214
      582.0000000000        0.0019320866       -0.0001022261
      583.0000000000        0.0018347303       -0.0000926783
      584.0000000000        0.0017463744       -0.0000841979
      585.0000000000        0.0016660290       -0.0000766346
      586.0000000000        0.0015928417       -0.0000698626
      587.0000000000        0.0015260757       -0.0000637758
      588.0000000000        0.0014650918       -0.0000582845
      589.0000000000        0.0014093337       -0.0000533124
      590.0000000000        0.0013583158       -0.0000487941
      591.0000000000        0.0013116130       -0.0000446736
      592.0000000000        0.0012688522       -0.0000409025
      593.0000000000        0.0012297055       -0.0000374390
      594.0000000000        0.0011938840       -0.0000342465
      595.0000000000        0.0011611328       -0.0000312933
      596.0000000000        0.0011312270       -0.0000285513
      597.0000000000        0.0011039680       -0.0000259960
      598.0000000000        0.0010791801       -0.0000236054
      599.0000000000        0.0010567087       -0.0000213601
      600.0000000000        0.0010364173       -0.0000192427
      601.0000000000        0.0010181859       -0.0000172376
      602.0000000000        0.0010019095       -0.0000153304
      603.0000000000        0.0009874967       -0.0000135084
      604.0000000000        0.0009748684       -0.0000117596
      605.0000000000        0.0009639568       -0.0000100730
      606.0000000000        0.0009547049       -0.0000084386
      607.0000000000        0.0009470655       -0.0000068466
      608.0000000000        0.0009410006       -0.0000052879
      609.0000000000        0.0009364814       -0.0000037539
      610.0000000000        0.0009334875       -0.0000022360
      611.0000000000        0.0009320068       -0.0000007259
      612.0000000000        0.0009320358        0.0000007845
      613.0000000000        0.0009335788        0.0000023036
      614.0000000000        0.0009366486        0.0000038396
      615.0000000000        0.0009412665        0.0000054011
      616.0000000000        0.0009474623        0.0000069970
      617.0000000000        0.0009552751        0.0000086366
      618.0000000000        0.0009647533        0.0000103296
      619.0000000000        0.0009759556        0.0000120865
      620.0000000000        0.0009889514        0.0000139187
      621.0000000000        0.0010038221        0.0000158383
      622.0000000000        0.0010206617        0.0000178588
      623.0000000000        0.0010395782        0.0000199948
      624.0000000000        0.0010606952        0.0000222626
      625.0000000000        0.0010841534        0.0000246804
      626.0000000000        0.0011101127        0.0000272685
      627.0000000000        0.0011387547        0.0000300497
      628.0000000000        0.0011702851        0.0000330500
      629.0000000000        0.0012049374        0.0000362987
      630.0000000000        0.0012429764        0.0000398292
      631.0000000000        0.0012847026        0.0000436802
      632.0000000000        0.0013304581        0.0000478956
      633.0000000000        0.0013806323        0.0000525268
      634.0000000000        0.0014356699        0.0000576329
      635.0000000000        0.0014960795        0.0000632833
      636.0000000000        0.0015624448        0.0000695590
      637.0000000000        0.0016354374        0.0000765553
      638.0000000000        0.0017158329        0.0000843850
      639.0000000000        0.0018045296        0.0000931821
      640.0000000000        0.0019025726        0.0001031066
      641.0000000000        0.0020111823        0.0001143508
      642.0000000000        0.0021317908        0.0001271466
      643.0000000000        0.0022660859        0.0001417759
      644.0000000000        0.0024160677        0.0001585834
      645.0000000000        0.0025841191        0.0001779934
      646.0000000000        0.0027730958        0.0002005315
      647.0000000000        0.0029864417        0.0002268542
      648.0000000000        0.0032283387        0.0002577879
      649.0000000000        0.0035039011        0.0002943819
      650.0000000000        0.0038194327        0.0003379799
      651.0000000000        0.0041827690        0.0003903201
      652.0000000000        0.0046037363        0.0004536741
      653.0000000000        0.0050947777        0.0005310425
      654.0000000000        0.0056718139        0.0006264354
      655.0000000000        0.0063554431        0.0007452783
      656.0000000000        0.0071726339        0.0008950061
      657.0000000000        0.0081591458        0.0010859428
      658.0000000000        0.0093630313        0.0013326171
      659.0000000000        0.0108497629        0.0016557396
      660.0000000000        0.0127097977        0.0020851668
      661.0000000000        0.0150697702        0.0026642616
      662.0000000000        0.0181088909        0.0034559659
      663.0000000000        0.0220821220        0.0045500217
      664.0000000000        0.0273497138        0.0060671807
      665.0000000000        0.0344036375        0.0081442148
      666.0000000000        0.0438507478        0.0108490204
      667.0000000000        0.0562276604        0.0138999166
      668.0000000000        0.0713612211        0.0160207181
      669.0000000000        0.0870016351        0.0143202877
      670.0000000000        0.0977504965        0.0060740813
      671.0000000000        0.0978193281       -0.0059451464
      672.0000000000        0.0871640546       -0.0142674633
      673.0000000000        0.0715399249       -0.0160342439
      674.0000000000        0.0563773065       -0.0139385721
      675.0000000000        0.0439602054       -0.0108884038
      676.0000000000        0.0344769306       -0.0081767290
      677.0000000000        0.0273942288       -0.0060924037
      678.0000000000        0.0221044522       -0.0045694513
      679.0000000000        0.0181140126       -0.0034711937
      680.0000000000        0.0150612290       -0.0026765356
      681.0000000000        0.0126900748       -0.0020953794
      682.0000000000        0.0108205913       -0.0016645094
      683.0000000000        0.0093256273       -0.0013403706
      684.0000000000        0.0081143689       -0.0010929759
      685.0000000000        0.0071210947       -0.0009015266
      686.0000000000        0.0062975762       -0.0007514340
      687.0000000000        0.0056079278       -0.0006323334
      688.0000000000        0.0050250885       -0.0005367618
      689.0000000000        0.0045283917       -0.0004592742
      690.0000000000        0.0041018646       -0.0003958464
      691.0000000000        0.0037330238       -0.0003434678
      692.0000000000        0.0034120113       -0.0002998599
      693.0000000000        0.0031309660       -0.0002632792
      694.0000000000        0.0032364612       -0.0002279620
      695.0000000000        0.0030220259       -0.0002016046
      696.0000000000        0.0028319881       -0.0001790443
      697.0000000000        0.0026628924       -0.0001596229
      698.0000000000        0.0024901259       -0.0001425436
      699.0000000000        0.0023550577       -0.0001279263
      700.0000000000        0.0022336600       -0.0001151508
      701.0000000000        0.0021242369       -0.0001039346
      702.0000000000        0.0020253490       -0.0000940454
      703.0000000000        0.0019357681       -0.0000852911
      704.0000000000        0.0018544421       -0.0000775116
      705.0000000000        0.0017804650       -0.0000705729
      706.0000000000        0.0017130538       -0.0000643625
      707.0000000000        0.0016515292       -0.0000587852
      708.0000000000        0.0015952995       -0.0000537603
      709.0000000000        0.0015438476       -0.0000492189
      710.0000000000        0.0014967202       -0.0000451021
      711.0000000000        0.0014535187       -0.0000413594
      712.0000000000        0.0013613674       -0.0000372917
      713.0000000000        0.0013256524       -0.0000341840
      714.0000000000        0.0012929129       -0.0000313357
      715.0000000000        0.0012629040       -0.0000287183
      716.0000000000        0.0012354077       -0.0000263067
      717.0000000000        0.0012102293       -0.0000240790
      718.0000000000        0.0011871948       -0.0000220160
      719.0000000000        0.0011661481       -0.0000201006
      720.0000000000        0.0011469495       -0.0000183177
      721.0000000000        0.0011294730       -0.0000166540
      722.0000000000        0.0011136056       -0.0000150977
      723.0000000000        0.0010992454       -0.0000136381
      724.0000000000        0.0010863003       -0.0000122658
      725.0000000000        0.0010746876       -0.0000109722
      726.0000000000        0.0010643322       -0.0000097498
      727.0000000000        0.0010551666       -0.0000085916
      728.0000000000        0.0010471297       -0.0000074914
      729.0000000000        0.0010401664       -0.0000064436
      730.0000000000        0.0010342268       -0.0000054430
      731.0000000000        0.0010292661       -0.0000044850
      732.0000000000        0.0010252440       -0.0000035653
      733.0000000000        0.0010221240       -0.0000026800
      734.0000000000        0.0010198737       -0.0000018255
      735.0000000000        0.0010184639       -0.0000009984
      736.0000000000        0.0010178687       -0.0000001957
      737.0000000000        0.0010180652        0.0000005854
      738.0000000000        0.0010190333        0.0000013477
      739.0000000000        0.0010207552        0.0000020936
      740.0000000000        0.0010232157        0.0000028255
      741.0000000000        0.0010264021        0.0000035455
      742.0000000000        0.0010303035        0.0000042558
      743.0000000000        0.0010349112        0.0000049584
      744.0000000000        0.0010402183        0.0000056551
      745.0000000000        0.0010462201        0.0000063479
      746.0000000000        0.0010529133        0.0000070384
      747.0000000000        0.0010602966        0.0000077283
      748.0000000000        0.0010683704        0.0000084195
      749.0000000000        0.0010771365        0.0000091134
      750.0000000000        0.0010865987        0.0000098118
      751.0000000000        0.0010967622        0.0000105162
      752.0000000000        0.0011076337        0.0000112282
      753.0000000000        0.0011192218        0.0000119495
      754.0000000000        0.0011315363        0.0000126816
      755.0000000000        0.0011445891        0.0000134262
      756.0000000000        0.0011583934        0.0000141849
      757.0000000000        0.0011729641        0.0000149594
      758.0000000000        0.0011883180        0.0000157514
      759.0000000000        0.0012044735        0.0000165628
      760.0000000000        0.0012214507        0.0000173953
      761.0000000000        0.0012392718        0.0000182509
      762.0000000000        0.0012579609        0.0000191316
      763.0000000000        0.0012775440        0.0000200393
      764.0000000000        0.0012980494        0.0000209764
      765.0000000000        0.0013195073        0.0000219450
      766.0000000000        0.0013419506        0.0000229475
      767.0000000000        0.0013654144        0.0000239864
      768.0000000000        0.0013899364        0.0000250645
      769.0000000000        0.0014155573        0.0000261845
      770.0000000000        0.0014423203        0.0000273494
      771.0000000000        0.0014702721        0.0000285624
      772.0000000000        0.0014994623        0.0000298269
      773.0000000000        0.0015299443        0.0000311466
      774.0000000000        0.0015617751        0.0000325252
      775.0000000000        0.0015950157        0.0000339669
      776.0000000000        0.0016297315        0.0000354763
      777.0000000000        0.0016659924        0.0000370580
      778.0000000000        0.0017038733        0.0000387172
      779.0000000000        0.0017434546        0.0000404595
      780.0000000000        0.0017848220        0.0000422908
      781.0000000000        0.0018280679        0.0000442175
      782.0000000000        0.0018732912        0.0000462467
      783.0000000000        0.0019205981        0.0000483859
      784.0000000000        0.0019701025        0.0000506434
      785.0000000000        0.0020219272        0.0000530280
      786.0000000000        0.0020762040        0.0000555494
      787.0000000000        0.0021330750        0.0000582182
      788.0000000000        0.0021926933        0.0000610459
      789.0000000000        0.0022552239        0.0000640450
      790.0000000000        0.0023208451        0.0000672295
      791.0000000000        0.0023897496        0.0000706143
      792.0000000000        0.0024621459        0.0000742159
      793.0000000000        0.0025382598        0.0000780526
      794.0000000000        0.0026183362        0.0000821444
      795.0000000000        0.0027026410        0.0000865133
      796.0000000000        0.0027914633        0.0000911837
      797.0000000000        0.0028851179        0.0000961825
      798.0000000000        0.0029839478        0.0001015396
      799.0000000000        0.0030883276        0.0001072881
      800.0000000000        0.0031986667        0.0001134649
      801.0000000000        0.0033154137        0.0001201109
      802.0000000000        0.0034390603        0.0001272722
      803.0000000000        0.0035701468        0.0001349998
      804.0000000000        0.0037092678        0.0001433514
      805.0000000000        0.0038570790        0.0001523915
      806.0000000000        0.0040143045        0.0001621930
      807.0000000000        0.0041817460        0.0001728379
      808.0000000000        0.0043602923        0.0001844191
      809.0000000000        0.0045509313        0.0001970422
      810.0000000000        0.0047547638        0.0002108272
      811.0000000000        0.0049730184        0.0002259108
      812.0000000000        0.0052070703        0.0002424498
      813.0000000000        0.0054584627        0.0002606238
      814.0000000000        0.0057289315        0.0002806396
      815.0000000000        0.0060204352        0.0003027364
      816.0000000000        0.0063351898        0.0003271911
      817.0000000000        0.0066757101        0.0003543258
      818.0000000000        0.0070448594        0.0003845169
      819.0000000000        0.0074459088        0.0004182055
      820.0000000000        0.0078826083        0.0004559110
      821.0000000000        0.0083592732        0.0004982475
      822.0000000000        0.0088808888        0.0005459449
      823.0000000000        0.0094532383        0.0005998742
      824.0000000000        0.0100830605        0.0006610810
      825.0000000000        0.0107782438        0.0007308271
      826.0000000000        0.0115480679        0.0008106438
      827.0000000000        0.0124720471        0.0009032616
      828.0000000000        0.0134270195        0.0010092750
      829.0000000000        0.0144962845        0.0011323737
      830.0000000000        0.0156986346        0.0012761054
      831.0000000000        0.0169952754        0.0014456951
      832.0000000000        0.0185379101        0.0016452447
      833.0000000000        0.0202983966        0.0018827587
      834.0000000000        0.0223191589        0.0021675600
      835.0000000000        0.0246532883        0.0025118036
      836.0000000000        0.0273678617        0.0029315092
      837.0000000000        0.0305484973        0.0034480315
      838.0000000000        0.0343056859        0.0040901839
      839.0000000000        0.0387837009        0.0048973399
      840.0000000000        0.0441732994        0.0059240166
      841.0000000000        0.0507300560        0.0072467142
      842.0000000000        0.0588011337        0.0089741896
      843.0000000000        0.0688647363        0.0112628799
      844.0000000000        0.0815884862        0.0143397373
      845.0000000000        0.0979152739        0.0185345693
      846.0000000000        0.1191859710        0.0243205085
      847.0000000000        0.1473009996        0.0323458515
      848.0000000000        0.1848844726        0.0433872967
      849.0000000000        0.2352786532        0.0579962181
      850.0000000000        0.3018018904        0.0752341935
      851.0000000000        0.3848606666        0.0894899114
      852.0000000000        0.4750384235        0.0862726008
      853.0000000000        0.5453341746        0.0476997166
      854.0000000000        0.5604410786       -0.0193284450
      855.0000000000        0.5110362800       -0.0740271028
      856.0000000000        0.4253131647       -0.0914104989
      857.0000000000        0.3369896175       -0.0825747926
      858.0000000000        0.2627817662       -0.0655201451
      859.0000000000        0.2055480544       -0.0494475758
      860.0000000000        0.1627051194       -0.0368423805
      861.0000000000        0.1307469740       -0.0275704897
      862.0000000000        0.1067053918       -0.0208776691
      863.0000000000        0.0883744519       -0.0160426027
      864.0000000000        0.0741858227       -0.0125160584
      865.0000000000        0.0630369721       -0.0099095840
      866.0000000000        0.0541502710       -0.0079550082
      867.0000000000        0.0469717741       -0.0064678365
      868.0000000000        0.0411017832       -0.0053203644
      869.0000000000        0.0362478758       -0.0044232532
      870.0000000000        0.0321931153       -0.0037132109
      871.0000000000        0.0287743795       -0.0031447976
      872.0000000000        0.0258674255       -0.0026849534
      873.0000000000        0.0233764726       -0.0023093127
      874.0000000000        0.0212268416       -0.0019996941
      875.0000000000        0.0193596884       -0.0017423708
      876.0000000000        0.0177281876       -0.0015268640
      877.0000000000        0.0162947354       -0.0013450909
      878.0000000000        0.0150288746       -0.0011907555
      879.0000000000        0.0139057394       -0.0010589088
      880.0000000000        0.0129048775       -0.0009456267
      881.0000000000        0.0120093499       -0.0008477731
      882.0000000000        0.0112050358       -0.0007628221
      883.0000000000        0.0104800920       -0.0006887251
      884.0000000000        0.0098245286       -0.0006238093
      885.0000000000        0.0092298738       -0.0005667002
      886.0000000000        0.0086889067       -0.0005162616
      887.0000000000        0.0081954436       -0.0004715489
      888.0000000000        0.0077441647       -0.0004317729
      889.0000000000        0.0073304744       -0.0003962704
      890.0000000000        0.0069503868       -0.0003644820
      891.0000000000        0.0066004314       -0.0003359332
      892.0000000000        0.0062775758       -0.0003102201
      893.0000000000        0.0059791615       -0.0002869974
      894.0000000000        0.0057028501       -0.0002659686
      895.0000000000        0.0054465785       -0.0002468783
      896.0000000000        0.0052085212       -0.0002295057
      897.0000000000        0.0049870586       -0.0002136591
      898.0000000000        0.0047807501       -0.0001991718
      899.0000000000        0.0045883108       -0.0001858980
      900.0000000000        0.0044085924       -0.0001737101
      901.0000000000        0.0042405661       -0.0001624961
      902.0000000000        0.0040833086       -0.0001521572
      903.0000000000        0.0039359892       -0.0001426060
      904.0000000000        0.0037978598       -0.0001337653
      905.0000000000        0.0036682449       -0.0001255662
      906.0000000000        0.0035465339       -0.0001179477
      907.0000000000        0.0034321742       -0.0001108551
      908.0000000000        0.0033246647       -0.0001042394
      909.0000000000        0.0032235510       -0.0000980568
      910.0000000000        0.0031284201       -0.0000922676
      911.0000000000        0.0030388967       -0.0000868361
      912.0000000000        0.0029546394       -0.0000817301
      913.0000000000        0.0028753377       -0.0000769203
      914.0000000000        0.0028007089       -0.0000723800
      915.0000000000        0.0027304961       -0.0000680847
      916.0000000000        0.0026644653       -0.0000640122
      917.0000000000        0.0026024044       -0.0000601418
      918.0000000000        0.0025441206       -0.0000564548
      919.0000000000        0.0024894396       -0.0000529334
      920.0000000000        0.0024382041       -0.0000495613
      921.0000000000        0.0023902724       -0.0000463232
      922.0000000000        0.0023455179       -0.0000432046
      923.0000000000        0.0023038279       -0.0000401919
      924.0000000000        0.0022651032       -0.0000372721
      925.0000000000        0.0022292570       -0.0000344327
      926.0000000000        0.0021962151       -0.0000316616
      927.0000000000        0.0021659151       -0.0000289470
      928.0000000000        0.0021383062       -0.0000262774
      929.0000000000        0.0021133492       -0.0000236412
      930.0000000000        0.0020910165       -0.0000210270
      931.0000000000        0.0020712918       -0.0000184230
      932.0000000000        0.0020541709       -0.0000158175
      933.0000000000        0.0020396614       -0.0000131981
      934.0000000000        0.0020277835       -0.0000105520
      935.0000000000        0.0020185707       -0.0000078659
      936.0000000000        0.0020120699       -0.0000051253
      937.0000000000        0.0020083433       -0.0000023151
      938.0000000000        0.0020074685        0.0000005813
      939.0000000000        0.0020095405        0.0000035817
      940.0000000000        0.0020146731        0.0000067059
      941.0000000000        0.0020230008        0.0000099756
      942.0000000000        0.0020346809        0.0000134149
      943.0000000000        0.0020498961        0.0000170507
      944.0000000000        0.0020688578        0.0000209134
      945.0000000000        0.0020918099        0.0000250373
      946.0000000000        0.0021190324        0.0000294613
      947.0000000000        0.0021508472        0.0000342299
      948.0000000000        0.0021876241        0.0000393944
      949.0000000000        0.0022297874        0.0000450135
      950.0000000000        0.0022778254        0.0000511558
      951.0000000000        0.0023322998        0.0000579009
      952.0000000000        0.0023938589        0.0000653419
      953.0000000000        0.0024632519        0.0000735886
      954.0000000000        0.0025413477        0.0000827707
      955.0000000000        0.0026291563        0.0000930424
      956.0000000000        0.0027278566        0.0001045878
      957.0000000000        0.0028388298        0.0001176284
      958.0000000000        0.0029637003        0.0001324317
      959.0000000000        0.0031043884        0.0001493233
      960.0000000000        0.0032631747        0.0001687015
      961.0000000000        0.0034427828        0.0001910577
      962.0000000000        0.0036464842        0.0002170014
      963.0000000000        0.0038782335        0.0002472955
      964.0000000000        0.0041428432        0.0002829021
      965.0000000000        0.0044462128        0.0003250453
      966.0000000000        0.0047956314        0.0003752966
      967.0000000000        0.0052001811        0.0004356939
      968.0000000000        0.0056712817        0.0005089072
      969.0000000000        0.0062234333        0.0005984738
      970.0000000000        0.0068752425        0.0007091357
      971.0000000000        0.0078003659        0.0008492026
      972.0000000000        0.0087333907        0.0010238110
      973.0000000000        0.0098641693        0.0012471295
      974.0000000000        0.0112496078        0.0015365671
      975.0000000000        0.0129675199        0.0019170167
      976.0000000000        0.0151257901        0.0024244490
      977.0000000000        0.0178759163        0.0031111524
      978.0000000000        0.0214327394        0.0040528449
      979.0000000000        0.0261018504        0.0053564659
      980.0000000000        0.0323128128        0.0071620156
      981.0000000000        0.0406425193        0.0096142841
      982.0000000000        0.0517684778        0.0127324544
      983.0000000000        0.0661766065        0.0160144044
      984.0000000000        0.0832678597        0.0176377709
      985.0000000000        0.0997233369        0.0141002925
      986.0000000000        0.1089783549        0.0033801047
      987.0000000000        0.1057183919       -0.0095038978
      988.0000000000        0.0919487891       -0.0167540083
      989.0000000000        0.0745187396       -0.0172372614
      990.0000000000        0.0585505437       -0.0144423188
      991.0000000000        0.0457896331       -0.0111192079
      992.0000000000        0.0361295985       -0.0083162752
      993.0000000000        0.0289251726       -0.0062013346
      994.0000000000        0.0235338723       -0.0046648288
      995.0000000000        0.0194529688       -0.0035569973
      996.0000000000        0.0163188018       -0.0027535610
      997.0000000000        0.0138748622       -0.0021639947
      998.0000000000        0.0119407593       -0.0017252359
      999.0000000000        0.0103887323       -0.0013938932
     1000.0000000000        0.0091272383       -0.0011400524
     1001.0000000000        0.0080897950       -0.0009429109
     1002.0000000000        0.0072274418       -0.0007878311
     1003.0000000000        0.0065036222       -0.0006643780
     1004.0000000000        0.0058906787       -0.0005650125
     1005.0000000000        0.0053674233       -0.0004842157
     1006.0000000000        0.0049174329       -0.0004178957
     1007.0000000000        0.0045278379       -0.0003629821
     1008.0000000000        0.0041884493       -0.0003171445
     1009.0000000000        0.0038911241       -0.0002785947
     1010.0000000000        0.0036292959       -0.0002459471
     1011.0000000000        0.0033976263       -0.0002181176
     1012.0000000000        0.0031917419       -0.0001942502
     1013.0000000000        0.0030080337       -0.0001736640
     1014.0000000000        0.0024930418       -0.0001514418
     1015.0000000000        0.0023495138       -0.0001359638
     1016.0000000000        0.0022204712       -0.0001224173
     1017.0000000000        0.0021041342       -0.0001105080
     1018.0000000000        0.0019989908       -0.0000999933
     1019.0000000000        0.0019037502       -0.0000906720
     1020.0000000000        0.0018173051       -0.0000823767
     1021.0000000000        0.0017387020       -0.0000749667
     1022.0000000000        0.0016671163       -0.0000683237
     1023.0000000000        0.0016018324       -0.0000623477
     1024.0000000000        0.0015422272       -0.0000569535
     1025.0000000000        0.0014877559       -0.0000520684
     1026.0000000000        0.0014379414       -0.0000476303
     1027.0000000000        0.0013923642       -0.0000435855
     1028.0000000000        0.0013506547       -0.0000398877
     1029.0000000000        0.0013124865       -0.0000364967
     1030.0000000000        0.0012775706       -0.0000333776
     1031.0000000000        0.0012456509       -0.0000304997
     1032.0000000000        0.0012164997       -0.0000278364
     1033.0000000000        0.0012514646       -0.0000245908
     1034.0000000000        0.0012280456       -0.0000222738
     1035.0000000000        0.0012068665       -0.0000201081
     1036.0000000000        0.0011877844       -0.0000180774
     1037.0000000000        0.0011706716       -0.0000161671
     1038.0000000000        0.0011554145       -0.0000143639
     1039.0000000000        0.0011419119       -0.0000126562
     1040.0000000000        0.0011300737       -0.0000110334
     1041.0000000000        0.0011198201       -0.0000094857
     1042.0000000000        0.0011110801       -0.0000080045
     1043.0000000000        0.0011037915       -0.0000065818
     1044.0000000000        0.0010978995       -0.0000052101
     1045.0000000000        0.0010933566       -0.0000038827
     1046.0000000000        0.0010901216       -0.0000025932
     1047.0000000000        0.0010881595       -0.0000013358
     1048.0000000000        0.0010874411       -0.0000001049
     1049.0000000000        0.0010879426        0.0000011046
     1050.0000000000        0.0010896450        0.0000022979
     1051.0000000000        0.0010925346        0.0000034797
     1052.0000000000        0.0011620853        0.0000054769
     1053.0000000000        0.0011681563        0.0000066651
     1054.0000000000        0.0011754164        0.0000078559
     1055.0000000000        0.0011838703        0.0000090535
     1056.0000000000        0.0011935271        0.0000102623
     1057.0000000000        0.0012044002        0.0000114869
     1058.0000000000        0.0012165076        0.0000127317
     1059.0000000000        0.0012298718        0.0000140011
     1060.0000000000        0.0012445198        0.0000153001
     1061.0000000000        0.0012604834        0.0000166334
     1062.0000000000        0.0012777996        0.0000180061
     1063.0000000000        0.0012965105        0.0000194235
     1064.0000000000        0.0013166635        0.0000208914
     1065.0000000000        0.0013383120        0.0000224155
     1066.0000000000        0.0013615155        0.0000240024
     1067.0000000000        0.0013863400        0.0000256589
     1068.0000000000        0.0014128588        0.0000273922
     1069.0000000000        0.0014411527        0.0000292103
     1070.0000000000        0.0014713106        0.0000311218
     1071.0000000000        0.0015034305        0.0000331360
     1072.0000000000        0.0015376202        0.0000352631
     1073.0000000000        0.0015739981        0.0000375144
     1074.0000000000        0.0016126944        0.0000399019
     1075.0000000000        0.0016538519        0.0000424394
     1076.0000000000        0.0016976280        0.0000451415
     1077.0000000000        0.0017441954        0.0000480249
     1078.0000000000        0.0017937444        0.0000511079
     1079.0000000000        0.0018464846        0.0000544109
     1080.0000000000        0.0019026471        0.0000579567
     1081.0000000000        0.0019624872        0.0000617706
     1082.0000000000        0.0020262872        0.0000658813
     1083.0000000000        0.0020943594        0.0000703209
     1084.0000000000        0.0021670506        0.0000751256
     1085.0000000000        0.0022447459        0.0000803364
     1086.0000000000        0.0023278742        0.0000859998
     1087.0000000000        0.0024169139        0.0000921686
     1088.0000000000        0.0025123999        0.0000989031
     1089.0000000000        0.0026149315        0.0001062721
     1090.0000000000        0.0027251819        0.0001143549
     1091.0000000000        0.0028439094        0.0001232426
     1092.0000000000        0.0029719703        0.0001330404
     1093.0000000000        0.0031103342        0.0001438706
     1094.0000000000        0.0032601026        0.0001558751
     1095.0000000000        0.0034225309        0.0001692202
     1096.0000000000        0.0035990544        0.0001841006
     1097.0000000000        0.0037913200        0.0002007461
     1098.0000000000        0.0040012249        0.0002194284
     1099.0000000000        0.0042309628        0.0002404708
     1100.0000000000        0.0044830812        0.0002642598
     1101.0000000000        0.0047605517        0.0002912598
     1102.0000000000        0.0050668567        0.0003220318
     1103.0000000000        0.0054060983        0.0003572580
     1104.0000000000        0.0057831333        0.0003977725
     1105.0000000000        0.0062037458        0.0004446027
     1106.0000000000        0.0066748650        0.0004990222
     1107.0000000000        0.0072048459        0.0005626225
     1108.0000000000        0.0078038322        0.0006374074
     1109.0000000000        0.0084842295        0.0007259223
     1110.0000000000        0.0092613302        0.0008314290
     1111.0000000000        0.0101541443        0.0009581487
     1112.0000000000        0.0111865187        0.0011116001
     1113.0000000000        0.0123886597        0.0012990778
     1114.0000000000        0.0137992303        0.0015303365
     1115.0000000000        0.0154682745        0.0018185812
     1116.0000000000        0.0174613468        0.0021819191
     1117.0000000000        0.0198654184        0.0026455103
     1118.0000000000        0.0227974304        0.0032447849
     1119.0000000000        0.0264168174        0.0040302786
     1120.0000000000        0.0309439953        0.0050748779
     1121.0000000000        0.0366877097        0.0064844640
     1122.0000000000        0.0440850672        0.0084126680
     1123.0000000000        0.0537579401        0.0110781782
     1124.0000000000        0.0665842406        0.0147738570
     1125.0000000000        0.0837594019        0.0198264362
     1126.0000000000        0.1067456400        0.0263788489
     1127.0000000000        0.1367941900        0.0336825792
     1128.0000000000        0.1733350596        0.0385085078
     1129.0000000000        0.2106297584        0.0337616057
     1130.0000000000        0.2354243020        0.0132403478
     1131.0000000000        0.2341925569       -0.0155500229
     1132.0000000000        0.2077113146       -0.0347297978
     1133.0000000000        0.1700926316       -0.0383068574
     1134.0000000000        0.1340273937       -0.0330375822
     1135.0000000000        0.1046510108       -0.0257207395
     1136.0000000000        0.0822662633       -0.0192891713
     1137.0000000000        0.0655626364       -0.0143648497
     1138.0000000000        0.0530919428       -0.0107709732
     1139.0000000000        0.0436873153       -0.0081791359
     1140.0000000000        0.0364961304       -0.0063025305
     1141.0000000000        0.0309153624       -0.0049287335
     1142.0000000000        0.0265211752       -0.0039089296
     1143.0000000000        0.0230140221       -0.0031406157
     1144.0000000000        0.0201798804       -0.0025531990
     1145.0000000000        0.0178638150       -0.0020976870
     1146.0000000000        0.0159521102       -0.0017396885
     1147.0000000000        0.0142928910       -0.0014539094
     1148.0000000000        0.0129577542       -0.0012244082
     1149.0000000000        0.0118299294       -0.0010374524
     1150.0000000000        0.0109343861       -0.0008827218
     1151.0000000000        0.0101176205       -0.0007546228
     1152.0000000000        0.0094183428       -0.0006469584
     1153.0000000000        0.0088182920       -0.0005555600
     1154.0000000000        0.0083028886       -0.0004771871
     1155.0000000000        0.0078604314       -0.0004092906
     1156.0000000000        0.0074814962       -0.0003498405
     1157.0000000000        0.0071584841       -0.0002971989
     1158.0000000000        0.0068852784       -0.0002500249
     1159.0000000000        0.0066569853       -0.0002072032
     1160.0000000000        0.0064697379       -0.0001677878
     1161.0000000000        0.0063205488       -0.0001309580
     1162.0000000000        0.0062072043       -0.0000959829
     1163.0000000000        0.0061281891       -0.0000621906
     1164.0000000000        0.0061987979       -0.0000274853
     1165.0000000000        0.0061879619        0.0000058819
     1166.0000000000        0.0062108089        0.0000399924
     1167.0000000000        0.0062684266        0.0000755455
     1168.0000000000        0.0063626389        0.0001133196
     1169.0000000000        0.0064961027        0.0001542099
     1170.0000000000        0.0066724486        0.0001992776
     1171.0000000000        0.0068964770        0.0002498129
     1172.0000000000        0.0071744267        0.0003074189
     1173.0000000000        0.0075143423        0.0003741265
     1174.0000000000        0.0079265775        0.0004525540
     1175.0000000000        0.0084244877        0.0005461311
     1176.0000000000        0.0090253929        0.0006594204
     1177.0000000000        0.0097519280        0.0007985829
     1178.0000000000        0.0106339612        0.0009720610
     1179.0000000000        0.0117113492        0.0011915943
     1180.0000000000        0.0130379430        0.0014737395
     1181.0000000000        0.0146874702        0.0018421547
     1182.0000000000        0.0167622284        0.0023310052
     1183.0000000000        0.0194059180        0.0029898983
     1184.0000000000        0.0228222578        0.0038904696
     1185.0000000000        0.0273005558        0.0051331947
     1186.0000000000        0.0332456736        0.0068472320
     1187.0000000000        0.0411951398        0.0091578882
     1188.0000000000        0.0517600461        0.0120480391
     1189.0000000000        0.0653118088        0.0149562952
     1190.0000000000        0.0810818098        0.0160305156
     1191.0000000000        0.0956673929        0.0120394934
     1192.0000000000        0.1029870838        0.0018031811
     1193.0000000000        0.0989591568       -0.0093214000
     1194.0000000000        0.0863168562       -0.0148106207
     1195.0000000000        0.0712952523       -0.0145341197
     1196.0000000000        0.0580756251       -0.0117231660
     1197.0000000000        0.0479334139       -0.0086074929
     1198.0000000000        0.0406970618       -0.0059611591
     1199.0000000000        0.0358270912       -0.0038610024
     1200.0000000000        0.0328377860       -0.0021720296
     1201.0000000000        0.0314021547       -0.0007261543
     1202.0000000000        0.0313573784        0.0006351595
     1203.0000000000        0.0326947480        0.0020635352
     1204.0000000000        0.0355593601        0.0037172257
     1205.0000000000        0.0402618068        0.0057687217
     1206.0000000000        0.0472843499        0.0083790620
     1207.0000000000        0.0572171792        0.0115648748
     1208.0000000000        0.0704441123        0.0147962733
     1209.0000000000        0.0862282578        0.0162166407
     1210.0000000000        0.1011276784        0.0124280288
     1211.0000000000        0.1087277055        0.0018556870
     1212.0000000000        0.1043153073       -0.0101978385
     1213.0000000000        0.0903361093       -0.0165353623
     1214.0000000000        0.0733794261       -0.0165986770
     1215.0000000000        0.0580776970       -0.0137923245
     1216.0000000000        0.0459015525       -0.0106091886
     1217.0000000000        0.0366740216       -0.0079577698
     1218.0000000000        0.0297647733       -0.0059634919
     1219.0000000000        0.0245654279       -0.0045135794
     1220.0000000000        0.0206040646       -0.0034653481
     1221.0000000000        0.0175400687       -0.0027022102
     1222.0000000000        0.0151330715       -0.0021396466
     1223.0000000000        0.0132137244       -0.0017188395
     1224.0000000000        0.0116617764       -0.0013992914
     1225.0000000000        0.0103908018       -0.0011530400
     1226.0000000000        0.0093378220       -0.0009605997
     1227.0000000000        0.0084562892       -0.0008082271
     1228.0000000000        0.0077113161       -0.0006860984
     1229.0000000000        0.0070764043       -0.0005870962
     1230.0000000000        0.0065311717       -0.0005059942
     1231.0000000000        0.0060597552       -0.0004389058
     1232.0000000000        0.0056496721       -0.0003829044
     1233.0000000000        0.0052909992       -0.0003357612
     1234.0000000000        0.0049757732       -0.0002957599
     1235.0000000000        0.0046975471       -0.0002615651
     1236.0000000000        0.0044510595       -0.0002321281
     1237.0000000000        0.0042319841       -0.0002066172
     1238.0000000000        0.0040367393       -0.0001843677
     1239.0000000000        0.0038623413       -0.0001648436
     1240.0000000000        0.0037062897       -0.0001476094
     1241.0000000000        0.0035664786       -0.0001323088
     1242.0000000000        0.0034411260       -0.0001186480
     1243.0000000000        0.0033287177       -0.0001063832
     1244.0000000000        0.0032279624       -0.0000953108
     1245.0000000000        0.0031377561       -0.0000852593
     1246.0000000000        0.0030571521       -0.0000760837
     1247.0000000000        0.0029853380       -0.0000676605
     1248.0000000000        0.0029216158       -0.0000598836
     1249.0000000000        0.0028653861       -0.0000526614
     1250.0000000000        0.0028161349       -0.0000459140
     1251.0000000000        0.0027734231       -0.0000395717
     1252.0000000000        0.0027368772       -0.0000335725
     1253.0000000000        0.0027061821       -0.0000278613
     1254.0000000000        0.0026810753       -0.0000223882
     1255.0000000000        0.0026613415       -0.0000171079
     1256.0000000000        0.0026468092       -0.0000119786
     1257.0000000000        0.0026373471       -0.0000069612
     1258.0000000000        0.0026328618       -0.0000020188
     1259.0000000000        0.0026332963        0.0000028840
     1260.0000000000        0.0026386282        0.0000077819
     1261.0000000000        0.0026488698        0.0000127091
     1262.0000000000        0.0026640677        0.0000177001
     1263.0000000000        0.0026843029        0.0000227899
     1264.0000000000        0.0027096925        0.0000280149
     1265.0000000000        0.0027403906        0.0000334135
     1266.0000000000        0.0027765909        0.0000390264
     1267.0000000000        0.0028185294        0.0000448973
     1268.0000000000        0.0028664875        0.0000510742
     1269.0000000000        0.0029207972        0.0000576096
     1270.0000000000        0.0029818457        0.0000645622
     1271.0000000000        0.0030500824        0.0000719974
     1272.0000000000        0.0031260260        0.0000799894
     1273.0000000000        0.0032102748        0.0000886225
     1274.0000000000        0.0033035168        0.0000979933
     1275.0000000000        0.0034065442        0.0001082132
     1276.0000000000        0.0035202690        0.0001194114
     1277.0000000000        0.0036457431        0.0001317389
     1278.0000000000        0.0037841819        0.0001453729
     1279.0000000000        0.0039369938        0.0001605230
     1280.0000000000        0.0041058157        0.0001774381
     1281.0000000000        0.0042925571        0.0001964164
     1282.0000000000        0.0044994551        0.0002178169
     1283.0000000000        0.0047291423        0.0002420748
     1284.0000000000        0.0049847330        0.0002697218
     1285.0000000000        0.0052699319        0.0003014121
     1286.0000000000        0.0055891731        0.0003379571
     1287.0000000000        0.0059477997        0.0003803718
     1288.0000000000        0.0063522964        0.0004299371
     1289.0000000000        0.0068105964        0.0004882851
     1290.0000000000        0.0073324874        0.0005575163
     1291.0000000000        0.0077826638        0.0006422002
     1292.0000000000        0.0084732649        0.0007422278
     1293.0000000000        0.0092845435        0.0008643896
     1294.0000000000        0.0102214912        0.0010149030
     1295.0000000000        0.0113267535        0.0012027405
     1296.0000000000        0.0126434497        0.0014401737
     1297.0000000000        0.0142293050        0.0017444588
     1298.0000000000        0.0161627271        0.0021401777
     1299.0000000000        0.0185517636        0.0026627276
     1300.0000000000        0.0215472969        0.0033633710
     1301.0000000000        0.0253621599        0.0043159830
     1302.0000000000        0.0302973880        0.0056240610
     1303.0000000000        0.0367730609        0.0074207408
     1304.0000000000        0.0453463576        0.0098361407
     1305.0000000000        0.0566528087        0.0128575063
     1306.0000000000        0.0710907372        0.0159228040
     1307.0000000000        0.0879111108        0.0171636637
     1308.0000000000        0.1037024020        0.0133086739
     1309.0000000000        0.1123343588        0.0031513350
     1310.0000000000        0.1096963349       -0.0078737002
     1311.0000000000        0.0986152754       -0.0131000462
     1312.0000000000        0.0855292332       -0.0123358809
     1313.0000000000        0.0748454479       -0.0088110989
     1314.0000000000        0.0680768272       -0.0047236620
     1315.0000000000        0.0653501043       -0.0007569287
     1316.0000000000        0.0665444928        0.0031621318
     1317.0000000000        0.0717711197        0.0073730682
     1318.0000000000        0.0815189680        0.0122646374
     1319.0000000000        0.0966076038        0.0180567793
     1320.0000000000        0.1177859325        0.0242461996
     1321.0000000000        0.1444532397        0.0283777674
     1322.0000000000        0.1720378003        0.0249759290
     1323.0000000000        0.1901607567        0.0092508425
     1324.0000000000        0.1882578261       -0.0129431826
     1325.0000000000        0.1668951537       -0.0277030028
     1326.0000000000        0.1370061866       -0.0303696530
     1327.0000000000        0.1084240597       -0.0261873835
     1328.0000000000        0.0851176768       -0.0204322429
     1329.0000000000        0.0673068279       -0.0153781495
     1330.0000000000        0.0539617585       -0.0115051940
     1331.0000000000        0.0439483525       -0.0086738641
     1332.0000000000        0.0363528919       -0.0066274499
     1333.0000000000        0.0305071641       -0.0051419383
     1334.0000000000        0.0259379216       -0.0040513710
     1335.0000000000        0.0223119532       -0.0032394028
     1336.0000000000        0.0193932603       -0.0026258184
     1337.0000000000        0.0170128086       -0.0021553095
     1338.0000000000        0.0150478859       -0.0017894403
     1339.0000000000        0.0134081396       -0.0015011908
     1340.0000000000        0.0121606671       -0.0012696309
     1341.0000000000        0.0109869839       -0.0010842078
     1342.0000000000        0.0099808412       -0.0009331022
     1343.0000000000        0.0091118721       -0.0008087807
     1344.0000000000        0.0083562509       -0.0007055907
     1345.0000000000        0.0076950882       -0.0006192409
     1346.0000000000        0.0071132616       -0.0005464378
     1347.0000000000        0.0065985546       -0.0004846271
     1348.0000000000        0.0061410146       -0.0004318088
     1349.0000000000        0.0057324697       -0.0003864028
     1350.0000000000        0.0053661608       -0.0003471496
     1351.0000000000        0.0050364588       -0.0003130378
     1352.0000000000        0.0047386461       -0.0002832485
     1353.0000000000        0.0044085407       -0.0002563666
     1354.0000000000        0.0041639191       -0.0002333543
     1355.0000000000        0.0039409478       -0.0002129976
     1356.0000000000        0.0037371646       -0.0001949210
     1357.0000000000        0.0035504506       -0.0001788113
     1358.0000000000        0.0033789745       -0.0001644053
     1359.0000000000        0.0032211466       -0.0001514809
     1360.0000000000        0.0030755819       -0.0001398500
     1361.0000000000        0.0029410691       -0.0001293525
     1362.0000000000        0.0028165451       -0.0001198512
     1363.0000000000        0.0027010739       -0.0001112286
     1364.0000000000        0.0025938288       -0.0001033834
     1365.0000000000        0.0024940774       -0.0000962277
     1366.0000000000        0.0024011690       -0.0000896856
     1367.0000000000        0.0023145240       -0.0000836906
     1368.0000000000        0.0022336249       -0.0000781848
     1369.0000000000        0.0021580084       -0.0000731174
     1370.0000000000        0.0020872589       -0.0000684438
     1371.0000000000        0.0020210028       -0.0000641245
     1372.0000000000        0.0018947530       -0.0000593275
     1373.0000000000        0.0018372965       -0.0000556310
     1374.0000000000        0.0017834040       -0.0000521955
     1375.0000000000        0.0017328269       -0.0000489962
     1376.0000000000        0.0016853400       -0.0000460115
     1377.0000000000        0.0016407389       -0.0000432217
     1378.0000000000        0.0015988375       -0.0000406092
     1379.0000000000        0.0015594666       -0.0000381583
     1380.0000000000        0.0015224720       -0.0000358545
     1381.0000000000        0.0014877129       -0.0000336850
     1382.0000000000        0.0014550611       -0.0000316380
     1383.0000000000        0.0014243995       -0.0000297030
     1384.0000000000        0.0013956212       -0.0000278700
     1385.0000000000        0.0013686284       -0.0000261303
     1386.0000000000        0.0013433321       -0.0000244757
     1387.0000000000        0.0013196511       -0.0000228987
     1388.0000000000        0.0012975111       -0.0000213923
     1389.0000000000        0.0012768450       -0.0000199502
     1390.0000000000        0.0012575914       -0.0000185662
     1391.0000000000        0.0012396950       -0.0000172350
     1392.0000000000        0.0012231057       -0.0000159511
     1393.0000000000        0.0012077785       -0.0000147098
     1394.0000000000        0.0011936735       -0.0000135062
     1395.0000000000        0.0011807549       -0.0000123360
     1396.0000000000        0.0011689917       -0.0000111949
     1397.0000000000        0.0011583569       -0.0000100787
     1398.0000000000        0.0011488274       -0.0000089833
     1399.0000000000        0.0011403846       -0.0000079049
     1400.0000000000        0.0011330133       -0.0000068395
     1401.0000000000        0.0011267026       -0.0000057831
     1402.0000000000        0.0011214454       -0.0000047319
     1403.0000000000        0.0011172384       -0.0000036818
     1404.0000000000        0.0011140827       -0.0000026288
     1405.0000000000        0.0011119834       -0.0000015684
     1406.0000000000        0.0011109499       -0.0000004962
     1407.0000000000        0.0011109964        0.0000005925
     1408.0000000000        0.0011121420        0.0000017028
     1409.0000000000        0.0011144109        0.0000028401
     1410.0000000000        0.0011178332        0.0000040105
     1411.0000000000        0.0011224451        0.0000052204
     1412.0000000000        0.0011282896        0.0000064771
     1413.0000000000        0.0011354175        0.0000077885
     1414.0000000000        0.0011438878        0.0000091637
     1415.0000000000        0.0011537695        0.0000106128
     1416.0000000000        0.0011651420        0.0000121475
     1417.0000000000        0.0011780974        0.0000137810
     1418.0000000000        0.0011927420        0.0000155286
     1419.0000000000        0.0012091986        0.0000174081
     1420.0000000000        0.0012276091        0.0000194402
     1421.0000000000        0.0012481380        0.0000216494
     1422.0000000000        0.0012709764        0.0000240644
     1423.0000000000        0.0012963467        0.0000267196
     1424.0000000000        0.0013245092        0.0000296562
     1425.0000000000        0.0013557694        0.0000329240
     1426.0000000000        0.0013904877        0.0000365834
     1427.0000000000        0.0014290914        0.0000407086
     1428.0000000000        0.0014720903        0.0000453908
     1429.0000000000        0.0015200964        0.0000507441
     1430.0000000000        0.0015738493        0.0000569112
     1431.0000000000        0.0016342498        0.0000640732
     1432.0000000000        0.0017024037        0.0000724616
     1433.0000000000        0.0017796805        0.0000823756
     1434.0000000000        0.0018677923        0.0000942058
     1435.0000000000        0.0019689011        0.0001084684
     1436.0000000000        0.0020857673        0.0001258533
     1437.0000000000        0.0022219561        0.0001472946
     1438.0000000000        0.0023821302        0.0001740736
     1439.0000000000        0.0025724685        0.0002079720
     1440.0000000000        0.0028012727        0.0002515008
     1441.0000000000        0.0030798577        0.0003082447
     1442.0000000000        0.0034238659        0.0003833772
     1443.0000000000        0.0038552097        0.0004844139
     1444.0000000000        0.0044049070        0.0006222433
     1445.0000000000        0.0051170421        0.0008122872
     1446.0000000000        0.0060536442        0.0010749107
     1447.0000000000        0.0072984261        0.0014318206
     1448.0000000000        0.0089512581        0.0018885827
     1449.0000000000        0.0110892430        0.0023802348
     1450.0000000000        0.0136435188        0.0026568920
     1451.0000000000        0.0161625657        0.0022136899
     1452.0000000000        0.0177018395        0.0007035480
     1453.0000000000        0.0174251376       -0.0012155390
     1454.0000000000        0.0155418936       -0.0023635619
     1455.0000000000        0.0130477986       -0.0024888187
     1456.0000000000        0.0107370664       -0.0020894334
     1457.0000000000        0.0088987704       -0.0015911116
     1458.0000000000        0.0075298190       -0.0011634938
     1459.0000000000        0.0065376313       -0.0008370529
     1460.0000000000        0.0058269008       -0.0005968995
     1461.0000000000        0.0053225403       -0.0004207673
     1462.0000000000        0.0049703583       -0.0002898325
     1463.0000000000        0.0047324674       -0.0001902592
     1464.0000000000        0.0045826571       -0.0001123316
     1465.0000000000        0.0045028639       -0.0000492909
     1466.0000000000        0.0044807085        0.0000036054
     1467.0000000000        0.0045078346        0.0000497523
     1468.0000000000        0.0045788044        0.0000916541
     1469.0000000000        0.0046903726        0.0001312332
     1470.0000000000        0.0047798635        0.0001708016
     1471.0000000000        0.0049702446        0.0002101579
     1472.0000000000        0.0052007747        0.0002512995
     1473.0000000000        0.0054738393        0.0002954302
     1474.0000000000        0.0057930509        0.0003438130
     1475.0000000000        0.0061633468        0.0003978477
     1476.0000000000        0.0065911667        0.0004591544
     1477.0000000000        0.0070847215        0.0005296733
     1478.0000000000        0.0076543722        0.0006117887
     1479.0000000000        0.0083131527        0.0007084927
     1480.0000000000        0.0090774809        0.0008236040
     1481.0000000000        0.0099681291        0.0009620718
     1482.0000000000        0.0110115539        0.0011303990
     1483.0000000000        0.0122417345        0.0013372478
     1484.0000000000        0.0135881524        0.0015957379
     1485.0000000000        0.0153391864        0.0019189907
     1486.0000000000        0.0174555069        0.0023306579
     1487.0000000000        0.0200402350        0.0028619574
     1488.0000000000        0.0232339119        0.0035573696
     1489.0000000000        0.0272307288        0.0044809964
     1490.0000000000        0.0323025422        0.0057259237
     1491.0000000000        0.0388340728        0.0074272741
     1492.0000000000        0.0473726954        0.0097777943
     1493.0000000000        0.0586920656        0.0130372104
     1494.0000000000        0.0738496917        0.0175010745
     1495.0000000000        0.0941534443        0.0233214147
     1496.0000000000        0.1207713511        0.0299104866
     1497.0000000000        0.1533726703        0.0345610474
     1498.0000000000        0.1871980233        0.0310800909
     1499.0000000000        0.2106851953        0.0134970253
     1500.0000000000        0.2112434880       -0.0124497448
     1501.0000000000        0.1885229204       -0.0306371830
     1502.0000000000        0.1548502939       -0.0346450721
     1503.0000000000        0.1220415667       -0.0301941587
     1504.0000000000        0.0951277597       -0.0236109797
     1505.0000000000        0.0745599367       -0.0177362281
     1506.0000000000        0.0591967452       -0.0132146329
     1507.0000000000        0.0477239800       -0.0099094155
     1508.0000000000        0.0390712522       -0.0075257784
     1509.0000000000        0.0324534997       -0.0058012718
     1510.0000000000        0.0273148388       -0.0045403317
     1511.0000000000        0.0232645460       -0.0036056724
     1512.0000000000        0.0200265894       -0.0029026938
     1513.0000000000        0.0174038580       -0.0023662694
     1514.0000000000        0.0152537344       -0.0019512347
     1515.0000000000        0.0134715831       -0.0016259167
     1516.0000000000        0.0119795635       -0.0013678174
     1517.0000000000        0.0107189886       -0.0011607407
     1518.0000000000        0.0096450464       -0.0009928721
     1519.0000000000        0.0087231090       -0.0008554819
     1520.0000000000        0.0079261172       -0.0007420403
     1521.0000000000        0.0072327053       -0.0006476061
     1522.0000000000        0.0066258386       -0.0005683992
     1523.0000000000        0.0060918122       -0.0005014978
     1524.0000000000        0.0056195066       -0.0004446218
     1525.0000000000        0.0051998295       -0.0003959756
     1526.0000000000        0.0048252907       -0.0003541332
     1527.0000000000        0.0044896781       -0.0003179531
     1528.0000000000        0.0041878060       -0.0002865145
     1529.0000000000        0.0039153193       -0.0002590697
     1530.0000000000        0.0036685402       -0.0002350073
     1531.0000000000        0.0034443459       -0.0002138242
     1532.0000000000        0.0032400715       -0.0001951042
     1533.0000000000        0.0030534326       -0.0001785008
     1534.0000000000        0.0028824615       -0.0001637242
     1535.0000000000        0.0027254568       -0.0001505308
     1536.0000000000        0.0025809411       -0.0001387148
     1537.0000000000        0.0024476265       -0.0001281015
     1538.0000000000        0.0023243869       -0.0001185422
     1539.0000000000        0.0022102335       -0.0001099095
     1540.0000000000        0.0021042957       -0.0001020940
     1541.0000000000        0.0020058046       -0.0000950015
     1542.0000000000        0.0019140790       -0.0000885505
     1543.0000000000        0.0018285135       -0.0000826702
     1544.0000000000        0.0017485691       -0.0000772989
     1545.0000000000        0.0016737641       -0.0000723828
     1546.0000000000        0.0016036675       -0.0000678748
     1547.0000000000        0.0015378924       -0.0000637334
     1548.0000000000        0.0014760907       -0.0000599222
     1549.0000000000        0.0014179487       -0.0000564089
     1550.0000000000        0.0013631831       -0.0000531650
     1551.0000000000        0.0013115373       -0.0000501653
     1552.0000000000        0.0012627787       -0.0000473871
     1553.0000000000        0.0012166960       -0.0000448104
     1554.0000000000        0.0011730968       -0.0000424172
     1555.0000000000        0.0011318057       -0.0000401916
     1556.0000000000        0.0010926625       -0.0000381191
     1557.0000000000        0.0010555207       -0.0000361868
     1558.0000000000        0.0010202460       -0.0000343830
     1559.0000000000        0.0009867153       -0.0000326973
     1560.0000000000        0.0009548153       -0.0000311200
     1561.0000000000        0.0009244419       -0.0000296427
     1562.0000000000        0.0008954991       -0.0000282576
     1563.0000000000        0.0008678984       -0.0000269575
     1564.0000000000        0.0008415580       -0.0000257360
     1565.0000000000        0.0008164021       -0.0000245873
     1566.0000000000        0.0007923608       -0.0000235061
     1567.0000000000        0.0007693692       -0.0000224874
     1568.0000000000        0.0007473667       -0.0000215268
     1569.0000000000        0.0007262976       -0.0000206202
     1570.0000000000        0.0007061096       -0.0000197639
     1571.0000000000        0.0006867542       -0.0000189544
     1572.0000000000        0.0006681863       -0.0000181886
     1573.0000000000        0.0006503635       -0.0000174635
     1574.0000000000        0.0006332465       -0.0000167766
     1575.0000000000        0.0006167985       -0.0000161252
     1576.0000000000        0.0006009850       -0.0000155072
     1577.0000000000        0.0005857737       -0.0000149204
     1578.0000000000        0.0005711344       -0.0000143629
     1579.0000000000        0.0005570387       -0.0000138329
     1580.0000000000        0.0005434600       -0.0000133287
     1581.0000000000        0.0005303733       -0.0000128487
     1582.0000000000        0.0005177551       -0.0000123915
     1583.0000000000        0.0005055831       -0.0000119558
     1584.0000000000        0.0004938367       -0.0000115403
     1585.0000000000        0.0004824961       -0.0000111439
     1586.0000000000        0.0004715429       -0.0000107655
     1587.0000000000        0.0004609595       -0.0000104040
     1588.0000000000        0.0004507295       -0.0000100586
     1589.0000000000        0.0004408372       -0.0000097283
     1590.0000000000        0.0004312681       -0.0000094123
     1591.0000000000        0.0004220080       -0.0000091099
     1592.0000000000        0.0004130439       -0.0000088204
     1593.0000000000        0.0004043632       -0.0000085430
     1594.0000000000        0.0003959541       -0.0000082771
     1595.0000000000        0.0003878053       -0.0000080222
     1596.0000000000        0.0003799062       -0.0000077776
     1597.0000000000        0.0003722467       -0.0000075430
     1598.0000000000        0.0003648172       -0.0000073176
     1599.0000000000        0.0003576085       -0.0000071012
     1600.0000000000        0.0003506120       -0.0000068932
     1601.0000000000        0.0003438193       -0.0000066933
     1602.0000000000        0.0003372227       -0.0000065011
     1603.0000000000        0.0003308147       -0.0000063162
     1604.0000000000        0.0003245881       -0.0000061382
     1605.0000000000        0.0003185361       -0.0000059669
     1606.0000000000        0.0003126523       -0.0000058019
     1607.0000000000        0.0003069304       -0.0000056429
     1608.0000000000        0.0003013646       -0.0000054897
     1609.0000000000        0.0002959492       -0.0000053420
     1610.0000000000        0.0002906789       -0.0000051995
     1611.0000000000        0.0002855484       -0.0000050621
     1612.0000000000        0.0002805530       -0.0000049295
     1613.0000000000        0.0002657501       -0.0000046779
     1614.0000000000        0.0002611332       -0.0000045566
     1615.0000000000        0.0002566355       -0.0000044394
     1616.0000000000        0.0002522530       -0.0000043262
     1617.0000000000        0.0002479818       -0.0000042169
     1618.0000000000        0.0002438181       -0.0000041111
     1619.0000000000        0.0002397584       -0.0000040089
     1620.0000000000        0.0002357991       -0.0000039101
     1621.0000000000        0.0002319371       -0.0000038144
     1622.0000000000        0.0002281692       -0.0000037219
     1623.0000000000        0.0002244923       -0.0000036323
     1624.0000000000        0.0002209036       -0.0000035456
     1625.0000000000        0.0002174002       -0.0000034616
     1626.0000000000        0.0002139795       -0.0000033803
     1627.0000000000        0.0002106388       -0.0000033015
     1628.0000000000        0.0002073758       -0.0000032251
     1629.0000000000        0.0002041879       -0.0000031510
     1630.0000000000        0.0002010730       -0.0000030792
     1631.0000000000        0.0001980288       -0.0000030096
     1632.0000000000        0.0001950532       -0.0000029420
     1633.0000000000        0.0001921441       -0.0000028764
     1634.0000000000        0.0001892997       -0.0000028128
     1635.0000000000        0.0001865179       -0.0000027511
     1636.0000000000        0.0001837969       -0.0000026911
     1637.0000000000        0.0001811351       -0.0000026329
     1638.0000000000        0.0001785306       -0.0000025763
     1639.0000000000        0.0001759819       -0.0000025214
     1640.0000000000        0.0001734874       -0.0000024680
     1641.0000000000        0.0001710455       -0.0000024160
     1642.0000000000        0.0001686548       -0.0000023656
     1643.0000000000        0.0001663139       -0.0000023165
     1644.0000000000        0.0001640213       -0.0000022688
     1645.0000000000        0.0001617758       -0.0000022224
     1646.0000000000        0.0001595762       -0.0000021772
     1647.0000000000        0.0001574210       -0.0000021333
     1648.0000000000        0.0001553092       -0.0000020905
     1649.0000000000        0.0001532396       -0.0000020489
     1650.0000000000        0.0001512111       -0.0000020083
     1651.0000000000        0.0001492226       -0.0000019688
     1652.0000000000        0.0001472731       -0.0000019304
     1653.0000000000        0.0001453615       -0.0000018929
     1654.0000000000        0.0001434869       -0.0000018565
     1655.0000000000        0.0001416483       -0.0000018209
     1656.0000000000        0.0001398448       -0.0000017862
     1657.0000000000        0.0001380755       -0.0000017525
     1658.0000000000        0.0001363396       -0.0000017195
     1659.0000000000        0.0001346362       -0.0000016874
     1660.0000000000        0.0000000000        0.0000000000
     1661.0000000000        0.0000000000        0.0000000000
     1662.0000000000        0.0000000000        0.0000000000
     1663.0000000000        0.0000000000        0.0000000000
     1664.0000000000        0.0000000000        0.0000000000
     1665.0000000000        0.0000000000        0.0000000000
     1666.0000000000        0.0000000000        0.0000000000
     1667.0000000000        0.0000000000        0.0000000000
     1668.0000000000        0.0000000000        0.0000000000
     1669.0000000000        0.0000000000        0.0000000000
     1670.0000000000        0.0000000000        0.0000000000
     1671.0000000000        0.0000000000        0.0000000000
     1672.0000000000        0.0000000000        0.0000000000
     1673.0000000000        0.0000000000        0.0000000000
     1674.0000000000        0.0000000000        0.0000000000
     1675.0000000000        0.0000000000        0.0000000000
     1676.0000000000        0.0000000000        0.0000000000
     1677.0000000000        0.0000000000        0.0000000000
     1678.0000000000        0.0000000000        0.0000000000
     1679.0000000000        0.0000000000        0.0000000000
     1680.0000000000        0.0000000000        0.0000000000
     1681.0000000000        0.0000000000        0.0000000000
     1682.0000000000        0.0000000000        0.0000000000
     1683.0000000000        0.0000000000        0.0000000000
     1684.0000000000        0.0000000000        0.0000000000
     1685.0000000000        0.0000000000        0.0000000000
     1686.0000000000        0.0000000000        0.0000000000
     1687.0000000000        0.0000000000        0.0000000000
     1688.0000000000        0.0000000000        0.0000000000
     1689.0000000000        0.0000000000        0.0000000000
     1690.0000000000        0.0000000000        0.0000000000
     1691.0000000000        0.0000000000        0.0000000000
     1692.0000000000        0.0000000000        0.0000000000
     1693.0000000000        0.0000000000        0.0000000000
     1694.0000000000        0.0000000000        0.0000000000
     1695.0000000000        0.0000000000        0.0000000000
     1696.0000000000        0.0000000000        0.0000000000
     1697.0000000000        0.0000000000        0.0000000000
     1698.0000000000        0.0000000000        0.0000000000
     1699.0000000000        0.0000000000        0.0000000000
     1700.0000000000        0.0000000000        0.0000000000
     1701.0000000000        0.0000000000        0.0000000000
     1702.0000000000        0.0000000000        0.0000000000
     1703.0000000000        0.0000000000        0.0000000000
     1704.0000000000        0.0000000000        0.0000000000
     1705.0000000000        0.0000000000        0.0000000000
     1706.0000000000        0.0000000000        0.0000000000
     1707.0000000000        0.0000000000        0.0000000000
     1708.0000000000        0.0000000000        0.0000000000
     1709.0000000000        0.0000000000        0.0000000000
     1710.0000000000        0.0000000000        0.0000000000
     1711.0000000000        0.0000000000        0.0000000000
     1712.0000000000        0.0000000000        0.0000000000
     1713.0000000000        0.0000000000        0.0000000000
     1714.0000000000        0.0000000000        0.0000000000
     1715.0000000000        0.0000000000        0.0000000000
     1716.0000000000        0.0000000000        0.0000000000
     1717.0000000000        0.0000000000        0.0000000000
     1718.0000000000        0.0000000000        0.0000000000
     1719.0000000000        0.0000000000        0.0000000000
     1720.0000000000        0.0000000000        0.0000000000
     1721.0000000000        0.0000000000        0.0000000000
     1722.0000000000        0.0000000000        0.0000000000
     1723.0000000000        0.0000000000        0.0000000000
     1724.0000000000        0.0000000000        0.0000000000
     1725.0000000000        0.0000000000        0.0000000000
     1726.0000000000        0.0000000000        0.0000000000
     1727.0000000000        0.0000000000        0.0000000000
     1728.0000000000        0.0000000000        0.0000000000
     1729.0000000000        0.0000000000        0.0000000000
     1730.0000000000        0.0000000000        0.0000000000
     1731.0000000000        0.0000000000        0.0000000000
     1732.0000000000        0.0000000000        0.0000000000
     1733.0000000000        0.0000000000        0.0000000000
     1734.0000000000        0.0000000000        0.0000000000
     1735.0000000000        0.0000000000        0.0000000000
     1736.0000000000        0.0000000000        0.0000000000
     1737.0000000000        0.0000000000        0.0000000000
     1738.0000000000        0.0000000000        0.0000000000
     1739.0000000000        0.0000000000        0.0000000000
     1740.0000000000        0.0000000000        0.0000000000
     1741.0000000000        0.0000000000        0.0000000000
     1742.0000000000        0.0000000000        0.0000000000
     1743.0000000000        0.0000000000        0.0000000000
     1744.0000000000        0.0000000000        0.0000000000
     1745.0000000000        0.0000000000        0.0000000000
     1746.0000000000        0.0000000000        0.0000000000
     1747.0000000000        0.0000000000        0.0000000000
     1748.0000000000        0.0000000000        0.0000000000
     1749.0000000000        0.0000000000        0.0000000000
     1750.0000000000        0.0000000000        0.0000000000
     1751.0000000000        0.0000000000        0.0000000000
     1752.0000000000        0.0000000000        0.0000000000
     1753.0000000000        0.0000000000        0.0000000000
     1754.0000000000        0.0000000000        0.0000000000
     1755.0000000000        0.0000000000        0.0000000000
     1756.0000000000        0.0000000000        0.0000000000
     1757.0000000000        0.0000000000        0.0000000000
     1758.0000000000        0.0000000000        0.0000000000
     1759.0000000000        0.0000000000        0.0000000000
     1760.0000000000        0.0000000000        0.0000000000
     1761.0000000000        0.0000000000        0.0000000000
     1762.0000000000        0.0000000000        0.0000000000
     1763.0000000000        0.0000000000        0.0000000000
     1764.0000000000        0.0000000000        0.0000000000
     1765.0000000000        0.0000000000        0.0000000000
     1766.0000000000        0.0000000000        0.0000000000
     1767.0000000000        0.0000000000        0.0000000000
     1768.0000000000        0.0000000000        0.0000000000
     1769.0000000000        0.0000000000        0.0000000000
     1770.0000000000        0.0000000000        0.0000000000
     1771.0000000000        0.0000000000        0.0000000000
     1772.0000000000        0.0000000000        0.0000000000
     1773.0000000000        0.0000000000        0.0000000000
     1774.0000000000        0.0000000000        0.0000000000
     1775.0000000000        0.0000000000        0.0000000000
     1776.0000000000        0.0000000000        0.0000000000
     1777.0000000000        0.0000000000        0.0000000000
     1778.0000000000        0.0000000000        0.0000000000
     1779.0000000000        0.0000000000        0.0000000000
     1780.0000000000        0.0000000000        0.0000000000
     1781.0000000000        0.0000000000        0.0000000000
     1782.0000000000        0.0000000000        0.0000000000
     1783.0000000000        0.0000000000        0.0000000000
     1784.0000000000        0.0000000000        0.0000000000
     1785.0000000000        0.0000000000        0.0000000000
     1786.0000000000        0.0000000000        0.0000000000
     1787.0000000000        0.0000000000        0.0000000000
     1788.0000000000        0.0000000000        0.0000000000
     1789.0000000000        0.0000000000        0.0000000000
     1790.0000000000        0.0000000000        0.0000000000
     1791.0000000000        0.0000000000        0.0000000000
     1792.0000000000        0.0000000000        0.0000000000
     1793.0000000000        0.0000000000        0.0000000000
     1794.0000000000        0.0000000000        0.0000000000
     1795.0000000000        0.0000000000        0.0000000000
     1796.0000000000        0.0000000000        0.0000000000
     1797.0000000000        0.0000000000        0.0000000000
     1798.0000000000        0.0000000000        0.0000000000
     1799.0000000000        0.0000000000        0.0000000000
     1800.0000000000        0.0000000000        0.0000000000
     1801.0000000000        0.0000000000        0.0000000000
     1802.0000000000        0.0000000000        0.0000000000
     1803.0000000000        0.0000000000        0.0000000000
     1804.0000000000        0.0000000000        0.0000000000
     1805.0000000000        0.0000000000        0.0000000000
     1806.0000000000        0.0000000000        0.0000000000
     1807.0000000000        0.0000000000        0.0000000000
     1808.0000000000        0.0000000000        0.0000000000
     1809.0000000000        0.0000000000        0.0000000000
     1810.0000000000        0.0000000000        0.0000000000
     1811.0000000000        0.0000000000        0.0000000000
     1812.0000000000        0.0000000000        0.0000000000
     1813.0000000000        0.0000000000        0.0000000000
     1814.0000000000        0.0000000000        0.0000000000
     1815.0000000000        0.0000000000        0.0000000000
     1816.0000000000        0.0000000000        0.0000000000
     1817.0000000000        0.0000000000        0.0000000000
     1818.0000000000        0.0000000000        0.0000000000
     1819.0000000000        0.0000000000        0.0000000000
     1820.0000000000        0.0000000000        0.0000000000
     1821.0000000000        0.0000000000        0.0000000000
     1822.0000000000        0.0000000000        0.0000000000
     1823.0000000000        0.0000000000        0.0000000000
     1824.0000000000        0.0000000000        0.0000000000
     1825.0000000000        0.0000000000        0.0000000000
     1826.0000000000        0.0000000000        0.0000000000
     1827.0000000000        0.0000000000        0.0000000000
     1828.0000000000        0.0000000000        0.0000000000
     1829.0000000000        0.0000000000        0.0000000000
     1830.0000000000        0.0000000000        0.0000000000
     1831.0000000000        0.0000000000        0.0000000000
     1832.0000000000        0.0000000000        0.0000000000
     1833.0000000000        0.0000000000        0.0000000000
     1834.0000000000        0.0000000000        0.0000000000
     1835.0000000000        0.0000000000        0.0000000000
     1836.0000000000        0.0000000000        0.0000000000
     1837.0000000000        0.0000000000        0.0000000000
     1838.0000000000        0.0000000000        0.0000000000
     1839.0000000000        0.0000000000        0.0000000000
     1840.0000000000        0.0000000000        0.0000000000
     1841.0000000000        0.0000000000        0.0000000000
     1842.0000000000        0.0000000000        0.0000000000
     1843.0000000000        0.0000000000        0.0000000000
     1844.0000000000        0.0000000000        0.0000000000
     1845.0000000000        0.0000000000        0.0000000000
     1846.0000000000        0.0000000000        0.0000000000
     1847.0000000000        0.0000000000        0.0000000000
     1848.0000000000        0.0000000000        0.0000000000
     1849.0000000000        0.0000000000        0.0000000000
     1850.0000000000        0.0000000000        0.0000000000
     1851.0000000000        0.0000000000        0.0000000000
     1852.0000000000        0.0000000000        0.0000000000
     1853.0000000000        0.0000000000        0.0000000000
     1854.0000000000        0.0000000000        0.0000000000
     1855.0000000000        0.0000000000        0.0000000000
     1856.0000000000        0.0000000000        0.0000000000
     1857.0000000000        0.0000000000        0.0000000000
     1858.0000000000        0.0000000000        0.0000000000
     1859.0000000000        0.0000000000        0.0000000000
     1860.0000000000        0.0000000000        0.0000000000
     1861.0000000000        0.0000000000        0.0000000000
     1862.0000000000        0.0000000000        0.0000000000
     1863.0000000000        0.0000000000        0.0000000000
     1864.0000000000        0.0000000000        0.0000000000
     1865.0000000000        0.0000000000        0.0000000000
     1866.0000000000        0.0000000000        0.0000000000
     1867.0000000000        0.0000000000        0.0000000000
     1868.0000000000        0.0000000000        0.0000000000
     1869.0000000000        0.0000000000        0.0000000000
     1870.0000000000        0.0000000000        0.0000000000
     1871.0000000000        0.0000000000        0.0000000000
     1872.0000000000        0.0000000000        0.0000000000
     1873.0000000000        0.0000000000        0.0000000000
     1874.0000000000        0.0000000000        0.0000000000
     1875.0000000000        0.0000000000        0.0000000000
     1876.0000000000        0.0000000000        0.0000000000
     1877.0000000000        0.0000000000        0.0000000000
     1878.0000000000        0.0000000000        0.0000000000
     1879.0000000000        0.0000000000        0.0000000000
     1880.0000000000        0.0000000000        0.0000000000
     1881.0000000000        0.0000000000        0.0000000000
     1882.0000000000        0.0000000000        0.0000000000
     1883.0000000000        0.0000000000        0.0000000000
     1884.0000000000        0.0000000000        0.0000000000
     1885.0000000000        0.0000000000        0.0000000000
     1886.0000000000        0.0000000000        0.0000000000
     1887.0000000000        0.0000000000        0.0000000000
     1888.0000000000        0.0000000000        0.0000000000
     1889.0000000000        0.0000000000        0.0000000000
     1890.0000000000        0.0000000000        0.0000000000
     1891.0000000000        0.0000000000        0.0000000000
     1892.0000000000        0.0000000000        0.0000000000
     1893.0000000000        0.0000000000        0.0000000000
     1894.0000000000        0.0000000000        0.0000000000
     1895.0000000000        0.0000000000        0.0000000000
     1896.0000000000        0.0000000000        0.0000000000
     1897.0000000000        0.0000000000        0.0000000000
     1898.0000000000        0.0000000000        0.0000000000
     1899.0000000000        0.0000000000        0.0000000000
     1900.0000000000        0.0000000000        0.0000000000
     1901.0000000000        0.0000000000        0.0000000000
     1902.0000000000        0.0000000000        0.0000000000
     1903.0000000000        0.0000000000        0.0000000000
     1904.0000000000        0.0000000000        0.0000000000
     1905.0000000000        0.0000000000        0.0000000000
     1906.0000000000        0.0000000000        0.0000000000
     1907.0000000000        0.0000000000        0.0000000000
     1908.0000000000        0.0000000000        0.0000000000
     1909.0000000000        0.0000000000        0.0000000000
     1910.0000000000        0.0000000000        0.0000000000
     1911.0000000000        0.0000000000        0.0000000000
     1912.0000000000        0.0000000000        0.0000000000
     1913.0000000000        0.0000000000        0.0000000000
     1914.0000000000        0.0000000000        0.0000000000
     1915.0000000000        0.0000000000        0.0000000000
     1916.0000000000        0.0000000000        0.0000000000
     1917.0000000000        0.0000000000        0.0000000000
     1918.0000000000        0.0000000000        0.0000000000
     1919.0000000000        0.0000000000        0.0000000000
     1920.0000000000        0.0000000000        0.0000000000
     1921.0000000000        0.0000000000        0.0000000000
     1922.0000000000        0.0000000000        0.0000000000
     1923.0000000000        0.0000000000        0.0000000000
     1924.0000000000        0.0000000000        0.0000000000
     1925.0000000000        0.0000000000        0.0000000000
     1926.0000000000        0.0000000000        0.0000000000
     1927.0000000000        0.0000000000        0.0000000000
     1928.0000000000        0.0000000000        0.0000000000
     1929.0000000000        0.0000000000        0.0000000000
     1930.0000000000        0.0000000000        0.0000000000
     1931.0000000000        0.0000000000        0.0000000000
     1932.0000000000        0.0000000000        0.0000000000
     1933.0000000000        0.0000000000        0.0000000000
     1934.0000000000        0.0000000000        0.0000000000
     1935.0000000000        0.0000000000        0.0000000000
     1936.0000000000        0.0000000000        0.0000000000
     1937.0000000000        0.0000000000        0.0000000000
     1938.0000000000        0.0000000000        0.0000000000
     1939.0000000000        0.0000000000        0.0000000000
     1940.0000000000        0.0000000000        0.0000000000
     1941.0000000000        0.0000000000        0.0000000000
     1942.0000000000        0.0000000000        0.0000000000
     1943.0000000000        0.0000000000        0.0000000000
     1944.0000000000        0.0000000000        0.0000000000
     1945.0000000000        0.0000000000        0.0000000000
     1946.0000000000        0.0000000000        0.0000000000
     1947.0000000000        0.0000000000        0.0000000000
     1948.0000000000        0.0000000000        0.0000000000
     1949.0000000000        0.0000000000        0.0000000000
     1950.0000000000        0.0000000000        0.0000000000
     1951.0000000000        0.0000000000        0.0000000000
     1952.0000000000        0.0000000000        0.0000000000
     1953.0000000000        0.0000000000        0.0000000000
     1954.0000000000        0.0000000000        0.0000000000
     1955.0000000000        0.0000000000        0.0000000000
     1956.0000000000        0.0000000000        0.0000000000
     1957.0000000000        0.0000000000        0.0000000000
     1958.0000000000        0.0000000000        0.0000000000
     1959.0000000000        0.0000000000        0.0000000000
     1960.0000000000        0.0000000000        0.0000000000
     1961.0000000000        0.0000000000        0.0000000000
     1962.0000000000        0.0000000000        0.0000000000
     1963.0000000000        0.0000000000        0.0000000000
     1964.0000000000        0.0000000000        0.0000000000
     1965.0000000000        0.0000000000        0.0000000000
     1966.0000000000        0.0000000000        0.0000000000
     1967.0000000000        0.0000000000        0.0000000000
     1968.0000000000        0.0000000000        0.0000000000
     1969.0000000000        0.0000000000        0.0000000000
     1970.0000000000        0.0000000000        0.0000000000
     1971.0000000000        0.0000000000        0.0000000000
     1972.0000000000        0.0000000000        0.0000000000
     1973.0000000000        0.0000000000        0.0000000000
     1974.0000000000        0.0000000000        0.0000000000
     1975.0000000000        0.0000000000        0.0000000000
     1976.0000000000        0.0000000000        0.0000000000
     1977.0000000000        0.0000000000        0.0000000000
     1978.0000000000        0.0000000000        0.0000000000
     1979.0000000000        0.0000000000        0.0000000000
     1980.0000000000        0.0000000000        0.0000000000
     1981.0000000000        0.0000000000        0.0000000000
     1982.0000000000        0.0000000000        0.0000000000
     1983.0000000000        0.0000000000        0.0000000000
     1984.0000000000        0.0000000000        0.0000000000
     1985.0000000000        0.0000000000        0.0000000000
     1986.0000000000        0.0000000000        0.0000000000
     1987.0000000000        0.0000000000        0.0000000000
     1988.0000000000        0.0000000000        0.0000000000
     1989.0000000000        0.0000000000        0.0000000000
     1990.0000000000        0.0000000000        0.0000000000
     1991.0000000000        0.0000000000        0.0000000000
     1992.0000000000        0.0000000000        0.0000000000
     1993.0000000000        0.0000000000        0.0000000000
     1994.0000000000        0.0000000000        0.0000000000
     1995.0000000000        0.0000000000        0.0000000000
     1996.0000000000        0.0000000000        0.0000000000
     1997.0000000000        0.0000000000        0.0000000000
     1998.0000000000        0.0000000000        0.0000000000
     1999.0000000000        0.0000000000        0.0000000000
     2000.0000000000        0.0000000000        0.0000000000
     2001.0000000000        0.0000000000        0.0000000000
     2002.0000000000        0.0000000000        0.0000000000
     2003.0000000000        0.0000000000        0.0000000000
     2004.0000000000        0.0000000000        0.0000000000
     2005.0000000000        0.0000000000        0.0000000000
     2006.0000000000        0.0000000000        0.0000000000
     2007.0000000000        0.0000000000        0.0000000000
     2008.0000000000        0.0000000000        0.0000000000
     2009.0000000000        0.0000000000        0.0000000000
     2010.0000000000        0.0000000000        0.0000000000
     2011.0000000000        0.0000000000        0.0000000000
     2012.0000000000        0.0000000000        0.0000000000
     2013.0000000000        0.0000000000        0.0000000000
     2014.0000000000        0.0000000000        0.0000000000
     2015.0000000000        0.0000000000        0.0000000000
     2016.0000000000        0.0000000000        0.0000000000
     2017.0000000000        0.0000000000        0.0000000000
     2018.0000000000        0.0000000000        0.0000000000
     2019.0000000000        0.0000000000        0.0000000000
     2020.0000000000        0.0000000000        0.0000000000
     2021.0000000000        0.0000000000        0.0000000000
     2022.0000000000        0.0000000000        0.0000000000
     2023.0000000000        0.0000000000        0.0000000000
     2024.0000000000        0.0000000000        0.0000000000
     2025.0000000000        0.0000000000        0.0000000000
     2026.0000000000        0.0000000000        0.0000000000
     2027.0000000000        0.0000000000        0.0000000000
     2028.0000000000        0.0000000000        0.0000000000
     2029.0000000000        0.0000000000        0.0000000000
     2030.0000000000        0.0000000000        0.0000000000
     2031.0000000000        0.0000000000        0.0000000000
     2032.0000000000        0.0000000000        0.0000000000
     2033.0000000000        0.0000000000        0.0000000000
     2034.0000000000        0.0000000000        0.0000000000
     2035.0000000000        0.0000000000        0.0000000000
     2036.0000000000        0.0000000000        0.0000000000
     2037.0000000000        0.0000000000        0.0000000000
     2038.0000000000        0.0000000000        0.0000000000
     2039.0000000000        0.0000000000        0.0000000000
     2040.0000000000        0.0000000000        0.0000000000
     2041.0000000000        0.0000000000        0.0000000000
     2042.0000000000        0.0000000000        0.0000000000
     2043.0000000000        0.0000000000        0.0000000000
     2044.0000000000        0.0000000000        0.0000000000
     2045.0000000000        0.0000000000        0.0000000000
     2046.0000000000        0.0000000000        0.0000000000
     2047.0000000000        0.0000000000        0.0000000000
     2048.0000000000        0.0000000000        0.0000000000
     2049.0000000000        0.0000000000        0.0000000000
     2050.0000000000        0.0000000000        0.0000000000
     2051.0000000000        0.0000000000        0.0000000000
     2052.0000000000        0.0000000000        0.0000000000
     2053.0000000000        0.0000000000        0.0000000000
     2054.0000000000        0.0000000000        0.0000000000
     2055.0000000000        0.0000000000        0.0000000000
     2056.0000000000        0.0000000000        0.0000000000
     2057.0000000000        0.0000000000        0.0000000000
     2058.0000000000        0.0000000000        0.0000000000
     2059.0000000000        0.0000000000        0.0000000000
     2060.0000000000        0.0000000000        0.0000000000
     2061.0000000000        0.0000000000        0.0000000000
     2062.0000000000        0.0000000000        0.0000000000
     2063.0000000000        0.0000000000        0.0000000000
     2064.0000000000        0.0000000000        0.0000000000
     2065.0000000000        0.0000000000        0.0000000000
     2066.0000000000        0.0000000000        0.0000000000
     2067.0000000000        0.0000000000        0.0000000000
     2068.0000000000        0.0000000000        0.0000000000
     2069.0000000000        0.0000000000        0.0000000000
     2070.0000000000        0.0000000000        0.0000000000
     2071.0000000000        0.0000000000        0.0000000000
     2072.0000000000        0.0000000000        0.0000000000
     2073.0000000000        0.0000000000        0.0000000000
     2074.0000000000        0.0000000000        0.0000000000
     2075.0000000000        0.0000000000        0.0000000000
     2076.0000000000        0.0000000000        0.0000000000
     2077.0000000000        0.0000000000        0.0000000000
     2078.0000000000        0.0000000000        0.0000000000
     2079.0000000000        0.0000000000        0.0000000000
     2080.0000000000        0.0000000000        0.0000000000
     2081.0000000000        0.0000000000        0.0000000000
     2082.0000000000        0.0000000000        0.0000000000
     2083.0000000000        0.0000000000        0.0000000000
     2084.0000000000        0.0000000000        0.0000000000
     2085.0000000000        0.0000000000        0.0000000000
     2086.0000000000        0.0000000000        0.0000000000
     2087.0000000000        0.0000000000        0.0000000000
     2088.0000000000        0.0000000000        0.0000000000
     2089.0000000000        0.0000000000        0.0000000000
     2090.0000000000        0.0000000000        0.0000000000
     2091.0000000000        0.0000000000        0.0000000000
     2092.0000000000        0.0000000000        0.0000000000
     2093.0000000000        0.0000000000        0.0000000000
     2094.0000000000        0.0000000000        0.0000000000
     2095.0000000000        0.0000000000        0.0000000000
     2096.0000000000        0.0000000000        0.0000000000
     2097.0000000000        0.0000000000        0.0000000000
     2098.0000000000        0.0000000000        0.0000000000
     2099.0000000000        0.0000000000        0.0000000000
     2100.0000000000        0.0000000000        0.0000000000
     2101.0000000000        0.0000000000        0.0000000000
     2102.0000000000        0.0000000000        0.0000000000
     2103.0000000000        0.0000000000        0.0000000000
     2104.0000000000        0.0000000000        0.0000000000
     2105.0000000000        0.0000000000        0.0000000000
     2106.0000000000        0.0000000000        0.0000000000
     2107.0000000000        0.0000000000        0.0000000000
     2108.0000000000        0.0000000000        0.0000000000
     2109.0000000000        0.0000000000        0.0000000000
     2110.0000000000        0.0000000000        0.0000000000
     2111.0000000000        0.0000000000        0.0000000000
     2112.0000000000        0.0000000000        0.0000000000
     2113.0000000000        0.0000000000        0.0000000000
     2114.0000000000        0.0000000000        0.0000000000
     2115.0000000000        0.0000000000        0.0000000000
     2116.0000000000        0.0000000000        0.0000000000
     2117.0000000000        0.0000000000        0.0000000000
     2118.0000000000        0.0000000000        0.0000000000
     2119.0000000000        0.0000000000        0.0000000000
     2120.0000000000        0.0000000000        0.0000000000
     2121.0000000000        0.0000000000        0.0000000000
     2122.0000000000        0.0000000000        0.0000000000
     2123.0000000000        0.0000000000        0.0000000000
     2124.0000000000        0.0000000000        0.0000000000
     2125.0000000000        0.0000000000        0.0000000000
     2126.0000000000        0.0000000000        0.0000000000
     2127.0000000000        0.0000000000        0.0000000000
     2128.0000000000        0.0000000000        0.0000000000
     2129.0000000000        0.0000000000        0.0000000000
     2130.0000000000        0.0000000000        0.0000000000
     2131.0000000000        0.0000000000        0.0000000000
     2132.0000000000        0.0000000000        0.0000000000
     2133.0000000000        0.0000000000        0.0000000000
     2134.0000000000        0.0000000000        0.0000000000
     2135.0000000000        0.0000000000        0.0000000000
     2136.0000000000        0.0000000000        0.0000000000
     2137.0000000000        0.0000000000        0.0000000000
     2138.0000000000        0.0000000000        0.0000000000
     2139.0000000000        0.0000000000        0.0000000000
     2140.0000000000        0.0000000000        0.0000000000
     2141.0000000000        0.0000000000        0.0000000000
     2142.0000000000        0.0000000000        0.0000000000
     2143.0000000000        0.0000000000        0.0000000000
     2144.0000000000        0.0000000000        0.0000000000
     2145.0000000000        0.0000000000        0.0000000000
     2146.0000000000        0.0000000000        0.0000000000
     2147.0000000000        0.0000000000        0.0000000000
     2148.0000000000        0.0000000000        0.0000000000
     2149.0000000000        0.0000000000        0.0000000000
     2150.0000000000        0.0000000000        0.0000000000
     2151.0000000000        0.0000000000        0.0000000000
     2152.0000000000        0.0000000000        0.0000000000
     2153.0000000000        0.0000000000        0.0000000000
     2154.0000000000        0.0000000000        0.0000000000
     2155.0000000000        0.0000000000        0.0000000000
     2156.0000000000        0.0000000000        0.0000000000
     2157.0000000000        0.0000000000        0.0000000000
     2158.0000000000        0.0000000000        0.0000000000
     2159.0000000000        0.0000000000        0.0000000000
     2160.0000000000        0.0000000000        0.0000000000
     2161.0000000000        0.0000000000        0.0000000000
     2162.0000000000        0.0000000000        0.0000000000
     2163.0000000000        0.0000000000        0.0000000000
     2164.0000000000        0.0000000000        0.0000000000
     2165.0000000000        0.0000000000        0.0000000000
     2166.0000000000        0.0000000000        0.0000000000
     2167.0000000000        0.0000000000        0.0000000000
     2168.0000000000        0.0000000000        0.0000000000
     2169.0000000000        0.0000000000        0.0000000000
     2170.0000000000        0.0000000000        0.0000000000
     2171.0000000000        0.0000000000        0.0000000000
     2172.0000000000        0.0000000000        0.0000000000
     2173.0000000000        0.0000000000        0.0000000000
     2174.0000000000        0.0000000000        0.0000000000
     2175.0000000000        0.0000000000        0.0000000000
     2176.0000000000        0.0000000000        0.0000000000
     2177.0000000000        0.0000000000        0.0000000000
     2178.0000000000        0.0000000000        0.0000000000
     2179.0000000000        0.0000000000        0.0000000000
     2180.0000000000        0.0000000000        0.0000000000
     2181.0000000000        0.0000000000        0.0000000000
     2182.0000000000        0.0000000000        0.0000000000
     2183.0000000000        0.0000000000        0.0000000000
     2184.0000000000        0.0000000000        0.0000000000
     2185.0000000000        0.0000000000        0.0000000000
     2186.0000000000        0.0000000000        0.0000000000
     2187.0000000000        0.0000000000        0.0000000000
     2188.0000000000        0.0000000000        0.0000000000
     2189.0000000000        0.0000000000        0.0000000000
     2190.0000000000        0.0000000000        0.0000000000
     2191.0000000000        0.0000000000        0.0000000000
     2192.0000000000        0.0000000000        0.0000000000
     2193.0000000000        0.0000000000        0.0000000000
     2194.0000000000        0.0000000000        0.0000000000
     2195.0000000000        0.0000000000        0.0000000000
     2196.0000000000        0.0000000000        0.0000000000
     2197.0000000000        0.0000000000        0.0000000000
     2198.0000000000        0.0000000000        0.0000000000
     2199.0000000000        0.0000000000        0.0000000000
     2200.0000000000        0.0000000000        0.0000000000
     2201.0000000000        0.0000000000        0.0000000000
     2202.0000000000        0.0000000000        0.0000000000
     2203.0000000000        0.0000000000        0.0000000000
     2204.0000000000        0.0000000000        0.0000000000
     2205.0000000000        0.0000000000        0.0000000000
     2206.0000000000        0.0000000000        0.0000000000
     2207.0000000000        0.0000000000        0.0000000000
     2208.0000000000        0.0000000000        0.0000000000
     2209.0000000000        0.0000000000        0.0000000000
     2210.0000000000        0.0000000000        0.0000000000
     2211.0000000000        0.0000000000        0.0000000000
     2212.0000000000        0.0000000000        0.0000000000
     2213.0000000000        0.0000000000        0.0000000000
     2214.0000000000        0.0000000000        0.0000000000
     2215.0000000000        0.0000000000        0.0000000000
     2216.0000000000        0.0000000000        0.0000000000
     2217.0000000000        0.0000000000        0.0000000000
     2218.0000000000        0.0000000000        0.0000000000
     2219.0000000000        0.0000000000        0.0000000000
     2220.0000000000        0.0000000000        0.0000000000
     2221.0000000000        0.0000000000        0.0000000000
     2222.0000000000        0.0000000000        0.0000000000
     2223.0000000000        0.0000000000        0.0000000000
     2224.0000000000        0.0000000000        0.0000000000
     2225.0000000000        0.0000000000        0.0000000000
     2226.0000000000        0.0000000000        0.0000000000
     2227.0000000000        0.0000000000        0.0000000000
     2228.0000000000        0.0000000000        0.0000000000
     2229.0000000000        0.0000000000        0.0000000000
     2230.0000000000        0.0000000000        0.0000000000
     2231.0000000000        0.0000000000        0.0000000000
     2232.0000000000        0.0000000000        0.0000000000
     2233.0000000000        0.0000000000        0.0000000000
     2234.0000000000        0.0000000000        0.0000000000
     2235.0000000000        0.0000000000        0.0000000000
     2236.0000000000        0.0000000000        0.0000000000
     2237.0000000000        0.0000000000        0.0000000000
     2238.0000000000        0.0000000000        0.0000000000
     2239.0000000000        0.0000000000        0.0000000000
     2240.0000000000        0.0000000000        0.0000000000
     2241.0000000000        0.0000000000        0.0000000000
     2242.0000000000        0.0000000000        0.0000000000
     2243.0000000000        0.0000000000        0.0000000000
     2244.0000000000        0.0000000000        0.0000000000
     2245.0000000000        0.0000000000        0.0000000000
     2246.0000000000        0.0000000000        0.0000000000
     2247.0000000000        0.0000000000        0.0000000000
     2248.0000000000        0.0000000000        0.0000000000
     2249.0000000000        0.0000000000        0.0000000000
     2250.0000000000        0.0000000000        0.0000000000
     2251.0000000000        0.0000000000        0.0000000000
     2252.0000000000        0.0000000000        0.0000000000
     2253.0000000000        0.0000000000        0.0000000000
     2254.0000000000        0.0000000000        0.0000000000
     2255.0000000000        0.0000000000        0.0000000000
     2256.0000000000        0.0000000000        0.0000000000
     2257.0000000000        0.0000000000        0.0000000000
     2258.0000000000        0.0000000000        0.0000000000
     2259.0000000000        0.0000000000        0.0000000000
     2260.0000000000        0.0000000000        0.0000000000
     2261.0000000000        0.0000000000        0.0000000000
     2262.0000000000        0.0000000000        0.0000000000
     2263.0000000000        0.0000000000        0.0000000000
     2264.0000000000        0.0000000000        0.0000000000
     2265.0000000000        0.0000000000        0.0000000000
     2266.0000000000        0.0000000000        0.0000000000
     2267.0000000000        0.0000000000        0.0000000000
     2268.0000000000        0.0000000000        0.0000000000
     2269.0000000000        0.0000000000        0.0000000000
     2270.0000000000        0.0000000000        0.0000000000
     2271.0000000000        0.0000000000        0.0000000000
     2272.0000000000        0.0000000000        0.0000000000
     2273.0000000000        0.0000000000        0.0000000000
     2274.0000000000        0.0000000000        0.0000000000
     2275.0000000000        0.0000000000        0.0000000000
     2276.0000000000        0.0000000000        0.0000000000
     2277.0000000000        0.0000000000        0.0000000000
     2278.0000000000        0.0000000000        0.0000000000
     2279.0000000000        0.0000000000        0.0000000000
     2280.0000000000        0.0000000000        0.0000000000
     2281.0000000000        0.0000000000        0.0000000000
     2282.0000000000        0.0000000000        0.0000000000
     2283.0000000000        0.0000000000        0.0000000000
     2284.0000000000        0.0000000000        0.0000000000
     2285.0000000000        0.0000000000        0.0000000000
     2286.0000000000        0.0000000000        0.0000000000
     2287.0000000000        0.0000000000        0.0000000000
     2288.0000000000        0.0000000000        0.0000000000
     2289.0000000000        0.0000000000        0.0000000000
     2290.0000000000        0.0000000000        0.0000000000
     2291.0000000000        0.0000000000        0.0000000000
     2292.0000000000        0.0000000000        0.0000000000
     2293.0000000000        0.0000000000        0.0000000000
     2294.0000000000        0.0000000000        0.0000000000
     2295.0000000000        0.0000000000        0.0000000000
     2296.0000000000        0.0000000000        0.0000000000
     2297.0000000000        0.0000000000        0.0000000000
     2298.0000000000        0.0000000000        0.0000000000
     2299.0000000000        0.0000000000        0.0000000000
     2300.0000000000        0.0000000000        0.0000000000
     2301.0000000000        0.0000000000        0.0000000000
     2302.0000000000        0.0000000000        0.0000000000
     2303.0000000000        0.0000000000        0.0000000000
     2304.0000000000        0.0000000000        0.0000000000
     2305.0000000000        0.0000000000        0.0000000000
     2306.0000000000        0.0000000000        0.0000000000
     2307.0000000000        0.0000000000        0.0000000000
     2308.0000000000        0.0000000000        0.0000000000
     2309.0000000000        0.0000000000        0.0000000000
     2310.0000000000        0.0000000000        0.0000000000
     2311.0000000000        0.0000000000        0.0000000000
     2312.0000000000        0.0000000000        0.0000000000
     2313.0000000000        0.0000000000        0.0000000000
     2314.0000000000        0.0000000000        0.0000000000
     2315.0000000000        0.0000000000        0.0000000000
     2316.0000000000        0.0000000000        0.0000000000
     2317.0000000000        0.0000000000        0.0000000000
     2318.0000000000        0.0000000000        0.0000000000
     2319.0000000000        0.0000000000        0.0000000000
     2320.0000000000        0.0000000000        0.0000000000
     2321.0000000000        0.0000000000        0.0000000000
     2322.0000000000        0.0000000000        0.0000000000
     2323.0000000000        0.0000000000        0.0000000000
     2324.0000000000        0.0000000000        0.0000000000
     2325.0000000000        0.0000000000        0.0000000000
     2326.0000000000        0.0000000000        0.0000000000
     2327.0000000000        0.0000000000        0.0000000000
     2328.0000000000        0.0000000000        0.0000000000
     2329.0000000000        0.0000000000        0.0000000000
     2330.0000000000        0.0000000000        0.0000000000
     2331.0000000000        0.0000000000        0.0000000000
     2332.0000000000        0.0000000000        0.0000000000
     2333.0000000000        0.0000000000        0.0000000000
     2334.0000000000        0.0000000000        0.0000000000
     2335.0000000000        0.0000000000        0.0000000000
     2336.0000000000        0.0000000000        0.0000000000
     2337.0000000000        0.0000000000        0.0000000000
     2338.0000000000        0.0000000000        0.0000000000
     2339.0000000000        0.0000000000        0.0000000000
     2340.0000000000        0.0000000000        0.0000000000
     2341.0000000000        0.0000000000        0.0000000000
     2342.0000000000        0.0000000000        0.0000000000
     2343.0000000000        0.0000000000        0.0000000000
     2344.0000000000        0.0000000000        0.0000000000
     2345.0000000000        0.0000000000        0.0000000000
     2346.0000000000        0.0000000000        0.0000000000
     2347.0000000000        0.0000000000        0.0000000000
     2348.0000000000        0.0000000000        0.0000000000
     2349.0000000000        0.0000000000        0.0000000000
     2350.0000000000        0.0000000000        0.0000000000
     2351.0000000000        0.0000000000        0.0000000000
     2352.0000000000        0.0000000000        0.0000000000
     2353.0000000000        0.0000000000        0.0000000000
     2354.0000000000        0.0000000000        0.0000000000
     2355.0000000000        0.0000000000        0.0000000000
     2356.0000000000        0.0000000000        0.0000000000
     2357.0000000000        0.0000000000        0.0000000000
     2358.0000000000        0.0000000000        0.0000000000
     2359.0000000000        0.0000000000        0.0000000000
     2360.0000000000        0.0000000000        0.0000000000
     2361.0000000000        0.0000000000        0.0000000000
     2362.0000000000        0.0000000000        0.0000000000
     2363.0000000000        0.0000000000        0.0000000000
     2364.0000000000        0.0000000000        0.0000000000
     2365.0000000000        0.0000000000        0.0000000000
     2366.0000000000        0.0000000000        0.0000000000
     2367.0000000000        0.0000000000        0.0000000000
     2368.0000000000        0.0000000000        0.0000000000
     2369.0000000000        0.0000000000        0.0000000000
     2370.0000000000        0.0000000000        0.0000000000
     2371.0000000000        0.0000000000        0.0000000000
     2372.0000000000        0.0000000000        0.0000000000
     2373.0000000000        0.0000000000        0.0000000000
     2374.0000000000        0.0000000000        0.0000000000
     2375.0000000000        0.0000000000        0.0000000000
     2376.0000000000        0.0000000000        0.0000000000
     2377.0000000000        0.0000000000        0.0000000000
     2378.0000000000        0.0000000000        0.0000000000
     2379.0000000000        0.0000000000        0.0000000000
     2380.0000000000        0.0000000000        0.0000000000
     2381.0000000000        0.0000000000        0.0000000000
     2382.0000000000        0.0000000000        0.0000000000
     2383.0000000000        0.0000000000        0.0000000000
     2384.0000000000        0.0000000000        0.0000000000
     2385.0000000000        0.0000000000        0.0000000000
     2386.0000000000        0.0000000000        0.0000000000
     2387.0000000000        0.0000000000        0.0000000000
     2388.0000000000        0.0000000000        0.0000000000
     2389.0000000000        0.0000000000        0.0000000000
     2390.0000000000        0.0000000000        0.0000000000
     2391.0000000000        0.0000000000        0.0000000000
     2392.0000000000        0.0000000000        0.0000000000
     2393.0000000000        0.0000000000        0.0000000000
     2394.0000000000        0.0000000000        0.0000000000
     2395.0000000000        0.0000000000        0.0000000000
     2396.0000000000        0.0000000000        0.0000000000
     2397.0000000000        0.0000000000        0.0000000000
     2398.0000000000        0.0000000000        0.0000000000
     2399.0000000000        0.0000000000        0.0000000000
     2400.0000000000        0.0000000000        0.0000000000
     2401.0000000000        0.0000000000        0.0000000000
     2402.0000000000        0.0000000000        0.0000000000
     2403.0000000000        0.0000000000        0.0000000000
     2404.0000000000        0.0000000000        0.0000000000
     2405.0000000000        0.0000000000        0.0000000000
     2406.0000000000        0.0000000000        0.0000000000
     2407.0000000000        0.0000000000        0.0000000000
     2408.0000000000        0.0000000000        0.0000000000
     2409.0000000000        0.0000000000        0.0000000000
     2410.0000000000        0.0000000000        0.0000000000
     2411.0000000000        0.0000000000        0.0000000000
     2412.0000000000        0.0000000000        0.0000000000
     2413.0000000000        0.0000000000        0.0000000000
     2414.0000000000        0.0000000000        0.0000000000
     2415.0000000000        0.0000000000        0.0000000000
     2416.0000000000        0.0000000000        0.0000000000
     2417.0000000000        0.0000000000        0.0000000000
     2418.0000000000        0.0000000000        0.0000000000
     2419.0000000000        0.0000000000        0.0000000000
     2420.0000000000        0.0000000000        0.0000000000
     2421.0000000000        0.0000000000        0.0000000000
     2422.0000000000        0.0000000000        0.0000000000
     2423.0000000000        0.0000000000        0.0000000000
     2424.0000000000        0.0000000000        0.0000000000
     2425.0000000000        0.0000000000        0.0000000000
     2426.0000000000        0.0000000000        0.0000000000
     2427.0000000000        0.0000000000        0.0000000000
     2428.0000000000        0.0000000000        0.0000000000
     2429.0000000000        0.0000000000        0.0000000000
     2430.0000000000        0.0000000000        0.0000000000
     2431.0000000000        0.0000000000        0.0000000000
     2432.0000000000        0.0000000000        0.0000000000
     2433.0000000000        0.0000000000        0.0000000000
     2434.0000000000        0.0000000000        0.0000000000
     2435.0000000000        0.0000000000        0.0000000000
     2436.0000000000        0.0000000000        0.0000000000
     2437.0000000000        0.0000000000        0.0000000000
     2438.0000000000        0.0000000000        0.0000000000
     2439.0000000000        0.0000000000        0.0000000000
     2440.0000000000        0.0000000000        0.0000000000
     2441.0000000000        0.0000000000        0.0000000000
     2442.0000000000        0.0000000000        0.0000000000
     2443.0000000000        0.0000000000        0.0000000000
     2444.0000000000        0.0000000000        0.0000000000
     2445.0000000000        0.0000000000        0.0000000000
     2446.0000000000        0.0000000000        0.0000000000
     2447.0000000000        0.0000000000        0.0000000000
     2448.0000000000        0.0000000000        0.0000000000
     2449.0000000000        0.0000000000        0.0000000000
     2450.0000000000        0.0000000000        0.0000000000
     2451.0000000000        0.0000000000        0.0000000000
     2452.0000000000        0.0000000000        0.0000000000
     2453.0000000000        0.0000000000        0.0000000000
     2454.0000000000        0.0000000000        0.0000000000
     2455.0000000000        0.0000000000        0.0000000000
     2456.0000000000        0.0000000000        0.0000000000
     2457.0000000000        0.0000000000        0.0000000000
     2458.0000000000        0.0000000000        0.0000000000
     2459.0000000000        0.0000000000        0.0000000000
     2460.0000000000        0.0000000000        0.0000000000
     2461.0000000000        0.0000000000        0.0000000000
     2462.0000000000        0.0000000000        0.0000000000
     2463.0000000000        0.0000000000        0.0000000000
     2464.0000000000        0.0000000000        0.0000000000
     2465.0000000000        0.0000000000        0.0000000000
     2466.0000000000        0.0000000000        0.0000000000
     2467.0000000000        0.0000000000        0.0000000000
     2468.0000000000        0.0000000000        0.0000000000
     2469.0000000000        0.0000000000        0.0000000000
     2470.0000000000        0.0000000000        0.0000000000
     2471.0000000000        0.0000000000        0.0000000000
     2472.0000000000        0.0000000000        0.0000000000
     2473.0000000000        0.0000000000        0.0000000000
     2474.0000000000        0.0000000000        0.0000000000
     2475.0000000000        0.0000000000        0.0000000000
     2476.0000000000        0.0000000000        0.0000000000
     2477.0000000000        0.0000000000        0.0000000000
     2478.0000000000        0.0000000000        0.0000000000
     2479.0000000000        0.0000000000        0.0000000000
     2480.0000000000        0.0000000000        0.0000000000
     2481.0000000000        0.0000000000        0.0000000000
     2482.0000000000        0.0000000000        0.0000000000
     2483.0000000000        0.0000000000        0.0000000000
     2484.0000000000        0.0000000000        0.0000000000
     2485.0000000000        0.0000000000        0.0000000000
     2486.0000000000        0.0000000000        0.0000000000
     2487.0000000000        0.0000000000        0.0000000000
     2488.0000000000        0.0000000000        0.0000000000
     2489.0000000000        0.0000000000        0.0000000000
     2490.0000000000        0.0000000000        0.0000000000
     2491.0000000000        0.0000000000        0.0000000000
     2492.0000000000        0.0000000000        0.0000000000
     2493.0000000000        0.0000000000        0.0000000000
     2494.0000000000        0.0000000000        0.0000000000
     2495.0000000000        0.0000000000        0.0000000000
     2496.0000000000        0.0000000000        0.0000000000
     2497.0000000000        0.0000000000        0.0000000000
     2498.0000000000        0.0000000000        0.0000000000
     2499.0000000000        0.0000000000        0.0000000000
     2500.0000000000        0.0000000000        0.0000000000
     2501.0000000000        0.0000000000        0.0000000000
     2502.0000000000        0.0000000000        0.0000000000
     2503.0000000000        0.0000000000        0.0000000000
     2504.0000000000        0.0000000000        0.0000000000
     2505.0000000000        0.0000000000        0.0000000000
     2506.0000000000        0.0000000000        0.0000000000
     2507.0000000000        0.0000000000        0.0000000000
     2508.0000000000        0.0000000000        0.0000000000
     2509.0000000000        0.0000000000        0.0000000000
     2510.0000000000        0.0000000000        0.0000000000
     2511.0000000000        0.0000000000        0.0000000000
     2512.0000000000        0.0000000000        0.0000000000
     2513.0000000000        0.0000000000        0.0000000000
     2514.0000000000        0.0000000000        0.0000000000
     2515.0000000000        0.0000000000        0.0000000000
     2516.0000000000        0.0000000000        0.0000000000
     2517.0000000000        0.0000000000        0.0000000000
     2518.0000000000        0.0000000000        0.0000000000
     2519.0000000000        0.0000000000        0.0000000000
     2520.0000000000        0.0000000000        0.0000000000
     2521.0000000000        0.0000000000        0.0000000000
     2522.0000000000        0.0000000000        0.0000000000
     2523.0000000000        0.0000000000        0.0000000000
     2524.0000000000        0.0000000000        0.0000000000
     2525.0000000000        0.0000000000        0.0000000000
     2526.0000000000        0.0000000000        0.0000000000
     2527.0000000000        0.0000000000        0.0000000000
     2528.0000000000        0.0000000000        0.0000000000
     2529.0000000000        0.0000000000        0.0000000000
     2530.0000000000        0.0000000000        0.0000000000
     2531.0000000000        0.0000000000        0.0000000000
     2532.0000000000        0.0000000000        0.0000000000
     2533.0000000000        0.0000000000        0.0000000000
     2534.0000000000        0.0000000000        0.0000000000
     2535.0000000000        0.0000000000        0.0000000000
     2536.0000000000        0.0000000000        0.0000000000
     2537.0000000000        0.0000000000        0.0000000000
     2538.0000000000        0.0000000000        0.0000000000
     2539.0000000000        0.0000000000        0.0000000000
     2540.0000000000        0.0000000000        0.0000000000
     2541.0000000000        0.0000000000        0.0000000000
     2542.0000000000        0.0000000000        0.0000000000
     2543.0000000000        0.0000000000        0.0000000000
     2544.0000000000        0.0000000000        0.0000000000
     2545.0000000000        0.0000000000        0.0000000000
     2546.0000000000        0.0000000000        0.0000000000
     2547.0000000000        0.0000000000        0.0000000000
     2548.0000000000        0.0000000000        0.0000000000
     2549.0000000000        0.0000000000        0.0000000000
     2550.0000000000        0.0000000000        0.0000000000
     2551.0000000000        0.0000000000        0.0000000000
     2552.0000000000        0.0000000000        0.0000000000
     2553.0000000000        0.0000000000        0.0000000000
     2554.0000000000        0.0000000000        0.0000000000
     2555.0000000000        0.0000000000        0.0000000000
     2556.0000000000        0.0000000000        0.0000000000
     2557.0000000000        0.0000000000        0.0000000000
     2558.0000000000        0.0000000000        0.0000000000
     2559.0000000000        0.0000000000        0.0000000000
     2560.0000000000        0.0000000000        0.0000000000
     2561.0000000000        0.0000000000        0.0000000000
     2562.0000000000        0.0000000000        0.0000000000
     2563.0000000000        0.0000000000        0.0000000000
     2564.0000000000        0.0000000000        0.0000000000
     2565.0000000000        0.0000000000        0.0000000000
     2566.0000000000        0.0000000000        0.0000000000
     2567.0000000000        0.0000000000        0.0000000000
     2568.0000000000        0.0000000000        0.0000000000
     2569.0000000000        0.0000000000        0.0000000000
     2570.0000000000        0.0000000000        0.0000000000
     2571.0000000000        0.0000000000        0.0000000000
     2572.0000000000        0.0000000000        0.0000000000
     2573.0000000000        0.0000000000        0.0000000000
     2574.0000000000        0.0000000000        0.0000000000
     2575.0000000000        0.0000000000        0.0000000000
     2576.0000000000        0.0000000000        0.0000000000
     2577.0000000000        0.0000000000        0.0000000000
     2578.0000000000        0.0000000000        0.0000000000
     2579.0000000000        0.0000000000        0.0000000000
     2580.0000000000        0.0000000000        0.0000000000
     2581.0000000000        0.0000000000        0.0000000000
     2582.0000000000        0.0000000000        0.0000000000
     2583.0000000000        0.0000000000        0.0000000000
     2584.0000000000        0.0000000000        0.0000000000
     2585.0000000000        0.0000000000        0.0000000000
     2586.0000000000        0.0000000000        0.0000000000
     2587.0000000000        0.0000000000        0.0000000000
     2588.0000000000        0.0000000000        0.0000000000
     2589.0000000000        0.0000000000        0.0000000000
     2590.0000000000        0.0000000000        0.0000000000
     2591.0000000000        0.0000000000        0.0000000000
     2592.0000000000        0.0000000000        0.0000000000
     2593.0000000000        0.0000000000        0.0000000000
     2594.0000000000        0.0000000000        0.0000000000
     2595.0000000000        0.0000000000        0.0000000000
     2596.0000000000        0.0000000000        0.0000000000
     2597.0000000000        0.0000000000        0.0000000000
     2598.0000000000        0.0000000000        0.0000000000
     2599.0000000000        0.0000000000        0.0000000000
     2600.0000000000        0.0000000000        0.0000000000
     2601.0000000000        0.0000000000        0.0000000000
     2602.0000000000        0.0000000000        0.0000000000
     2603.0000000000        0.0000000000        0.0000000000
     2604.0000000000        0.0000000000        0.0000000000
     2605.0000000000        0.0000000000        0.0000000000
     2606.0000000000        0.0000000000        0.0000000000
     2607.0000000000        0.0000000000        0.0000000000
     2608.0000000000        0.0000000000        0.0000000000
     2609.0000000000        0.0000000000        0.0000000000
     2610.0000000000        0.0000000000        0.0000000000
     2611.0000000000        0.0000000000        0.0000000000
     2612.0000000000        0.0000000000        0.0000000000
     2613.0000000000        0.0000000000        0.0000000000
     2614.0000000000        0.0000000000        0.0000000000
     2615.0000000000        0.0000000000        0.0000000000
     2616.0000000000        0.0000000000        0.0000000000
     2617.0000000000        0.0000000000        0.0000000000
     2618.0000000000        0.0000000000        0.0000000000
     2619.0000000000        0.0000000000        0.0000000000
     2620.0000000000        0.0000000000        0.0000000000
     2621.0000000000        0.0000000000        0.0000000000
     2622.0000000000        0.0000000000        0.0000000000
     2623.0000000000        0.0000000000        0.0000000000
     2624.0000000000        0.0000000000        0.0000000000
     2625.0000000000        0.0000000000        0.0000000000
     2626.0000000000        0.0000000000        0.0000000000
     2627.0000000000        0.0000000000        0.0000000000
     2628.0000000000        0.0000000000        0.0000000000
     2629.0000000000        0.0000000000        0.0000000000
     2630.0000000000        0.0000000000        0.0000000000
     2631.0000000000        0.0000000000        0.0000000000
     2632.0000000000        0.0000000000        0.0000000000
     2633.0000000000        0.0000000000        0.0000000000
     2634.0000000000        0.0000000000        0.0000000000
     2635.0000000000        0.0000000000        0.0000000000
     2636.0000000000        0.0000000000        0.0000000000
     2637.0000000000        0.0000000000        0.0000000000
     2638.0000000000        0.0000000000        0.0000000000
     2639.0000000000        0.0000000000        0.0000000000
     2640.0000000000        0.0000000000        0.0000000000
     2641.0000000000        0.0000000000        0.0000000000
     2642.0000000000        0.0000000000        0.0000000000
     2643.0000000000        0.0000000000        0.0000000000
     2644.0000000000        0.0000000000        0.0000000000
     2645.0000000000        0.0000000000        0.0000000000
     2646.0000000000        0.0000000000        0.0000000000
     2647.0000000000        0.0000000000        0.0000000000
     2648.0000000000        0.0000000000        0.0000000000
     2649.0000000000        0.0000000000        0.0000000000
     2650.0000000000        0.0000000000        0.0000000000
     2651.0000000000        0.0000000000        0.0000000000
     2652.0000000000        0.0000000000        0.0000000000
     2653.0000000000        0.0000000000        0.0000000000
     2654.0000000000        0.0000000000        0.0000000000
     2655.0000000000        0.0000000000        0.0000000000
     2656.0000000000        0.0000000000        0.0000000000
     2657.0000000000        0.0000000000        0.0000000000
     2658.0000000000        0.0000000000        0.0000000000
     2659.0000000000        0.0000000000        0.0000000000
     2660.0000000000        0.0000000000        0.0000000000
     2661.0000000000        0.0000000000        0.0000000000
     2662.0000000000        0.0000000000        0.0000000000
     2663.0000000000        0.0000000000        0.0000000000
     2664.0000000000        0.0000000000        0.0000000000
     2665.0000000000        0.0000000000        0.0000000000
     2666.0000000000        0.0000000000        0.0000000000
     2667.0000000000        0.0000000000        0.0000000000
     2668.0000000000        0.0000000000        0.0000000000
     2669.0000000000        0.0000000000        0.0000000000
     2670.0000000000        0.0000000000        0.0000000000
     2671.0000000000        0.0000000000        0.0000000000
     2672.0000000000        0.0000000000        0.0000000000
     2673.0000000000        0.0000000000        0.0000000000
     2674.0000000000        0.0000000000        0.0000000000
     2675.0000000000        0.0000000000        0.0000000000
     2676.0000000000        0.0000000000        0.0000000000
     2677.0000000000        0.0000000000        0.0000000000
     2678.0000000000        0.0000000000        0.0000000000
     2679.0000000000        0.0000000000        0.0000000000
     2680.0000000000        0.0000000000        0.0000000000
     2681.0000000000        0.0000000000        0.0000000000
     2682.0000000000        0.0000000000        0.0000000000
     2683.0000000000        0.0000000000        0.0000000000
     2684.0000000000        0.0000000000        0.0000000000
     2685.0000000000        0.0000000000        0.0000000000
     2686.0000000000        0.0000000000        0.0000000000
     2687.0000000000        0.0000000000        0.0000000000
     2688.0000000000        0.0000000000        0.0000000000
     2689.0000000000        0.0000000000        0.0000000000
     2690.0000000000        0.0000000000        0.0000000000
     2691.0000000000        0.0000000000        0.0000000000
     2692.0000000000        0.0000000000        0.0000000000
     2693.0000000000        0.0000000000        0.0000000000
     2694.0000000000        0.0000000000        0.0000000000
     2695.0000000000        0.0000000000        0.0000000000
     2696.0000000000        0.0000000000        0.0000000000
     2697.0000000000        0.0000000000        0.0000000000
     2698.0000000000        0.0000000000        0.0000000000
     2699.0000000000        0.0000000000        0.0000000000
     2700.0000000000        0.0000000000        0.0000000000
     2701.0000000000        0.0000000000        0.0000000000
     2702.0000000000        0.0000000000        0.0000000000
     2703.0000000000        0.0000000000        0.0000000000
     2704.0000000000        0.0000000000        0.0000000000
     2705.0000000000        0.0000000000        0.0000000000
     2706.0000000000        0.0000000000        0.0000000000
     2707.0000000000        0.0000000000        0.0000000000
     2708.0000000000        0.0000000000        0.0000000000
     2709.0000000000        0.0000000000        0.0000000000
     2710.0000000000        0.0000000000        0.0000000000
     2711.0000000000        0.0000000000        0.0000000000
     2712.0000000000        0.0000000000        0.0000000000
     2713.0000000000        0.0000000000        0.0000000000
     2714.0000000000        0.0000000000        0.0000000000
     2715.0000000000        0.0000000000        0.0000000000
     2716.0000000000        0.0000000000        0.0000000000
     2717.0000000000        0.0000000000        0.0000000000
     2718.0000000000        0.0000000000        0.0000000000
     2719.0000000000        0.0000000000        0.0000000000
     2720.0000000000        0.0000000000        0.0000000000
     2721.0000000000        0.0000000000        0.0000000000
     2722.0000000000        0.0000000000        0.0000000000
     2723.0000000000        0.0000000000        0.0000000000
     2724.0000000000        0.0000000000        0.0000000000
     2725.0000000000        0.0000000000        0.0000000000
     2726.0000000000        0.0000000000        0.0000000000
     2727.0000000000        0.0000000000        0.0000000000
     2728.0000000000        0.0000000000        0.0000000000
     2729.0000000000        0.0000000000        0.0000000000
     2730.0000000000        0.0000000000        0.0000000000
     2731.0000000000        0.0000000000        0.0000000000
     2732.0000000000        0.0000000000        0.0000000000
     2733.0000000000        0.0000000000        0.0000000000
     2734.0000000000        0.0000000000        0.0000000000
     2735.0000000000        0.0000000000        0.0000000000
     2736.0000000000        0.0000000000        0.0000000000
     2737.0000000000        0.0000000000        0.0000000000
     2738.0000000000        0.0000000000        0.0000000000
     2739.0000000000        0.0000000000        0.0000000000
     2740.0000000000        0.0000000000        0.0000000000
     2741.0000000000        0.0000000000        0.0000000000
     2742.0000000000        0.0000000000        0.0000000000
     2743.0000000000        0.0000000000        0.0000000000
     2744.0000000000        0.0000000000        0.0000000000
     2745.0000000000        0.0000000000        0.0000000000
     2746.0000000000        0.0000000000        0.0000000000
     2747.0000000000        0.0000000000        0.0000000000
     2748.0000000000        0.0000000000        0.0000000000
     2749.0000000000        0.0000000000        0.0000000000
     2750.0000000000        0.0000000000        0.0000000000
     2751.0000000000        0.0000000000        0.0000000000
     2752.0000000000        0.0000000000        0.0000000000
     2753.0000000000        0.0000000000        0.0000000000
     2754.0000000000        0.0000000000        0.0000000000
     2755.0000000000        0.0000000000        0.0000000000
     2756.0000000000        0.0000000000        0.0000000000
     2757.0000000000        0.0000000000        0.0000000000
     2758.0000000000        0.0000000000        0.0000000000
     2759.0000000000        0.0000000000        0.0000000000
     2760.0000000000        0.0000000000        0.0000000000
     2761.0000000000        0.0000000000        0.0000000000
     2762.0000000000        0.0000000000        0.0000000000
     2763.0000000000        0.0000000000        0.0000000000
     2764.0000000000        0.0000000000        0.0000000000
     2765.0000000000        0.0000000000        0.0000000000
     2766.0000000000        0.0000000000        0.0000000000
     2767.0000000000        0.0000000000        0.0000000000
     2768.0000000000        0.0000000000        0.0000000000
     2769.0000000000        0.0000000000        0.0000000000
     2770.0000000000        0.0000000000        0.0000000000
     2771.0000000000        0.0000000000        0.0000000000
     2772.0000000000        0.0000000000        0.0000000000
     2773.0000000000        0.0000000000        0.0000000000
     2774.0000000000        0.0000000000        0.0000000000
     2775.0000000000        0.0000000000        0.0000000000
     2776.0000000000        0.0000000000        0.0000000000
     2777.0000000000        0.0000000000        0.0000000000
     2778.0000000000        0.0000000000        0.0000000000
     2779.0000000000        0.0000000000        0.0000000000
     2780.0000000000        0.0000000000        0.0000000000
     2781.0000000000        0.0000000000        0.0000000000
     2782.0000000000        0.0000000000        0.0000000000
     2783.0000000000        0.0000000000        0.0000000000
     2784.0000000000        0.0000000000        0.0000000000
     2785.0000000000        0.0000000000        0.0000000000
     2786.0000000000        0.0000000000        0.0000000000
     2787.0000000000        0.0000000000        0.0000000000
     2788.0000000000        0.0000000000        0.0000000000
     2789.0000000000        0.0000000000        0.0000000000
     2790.0000000000        0.0000000000        0.0000000000
     2791.0000000000        0.0000000000        0.0000000000
     2792.0000000000        0.0000000000        0.0000000000
     2793.0000000000        0.0000000000        0.0000000000
     2794.0000000000        0.0000000000        0.0000000000
     2795.0000000000        0.0000000000        0.0000000000
     2796.0000000000        0.0000000000        0.0000000000
     2797.0000000000        0.0000000000        0.0000000000
     2798.0000000000        0.0000000000        0.0000000000
     2799.0000000000        0.0000000000        0.0000000000
     2800.0000000000        0.0000000000        0.0000000000
     2801.0000000000        0.0000000000        0.0000000000
     2802.0000000000        0.0000000000        0.0000000000
     2803.0000000000        0.0000000000        0.0000000000
     2804.0000000000        0.0000000000        0.0000000000
     2805.0000000000        0.0000000000        0.0000000000
     2806.0000000000        0.0000000000        0.0000000000
     2807.0000000000        0.0000000000        0.0000000000
     2808.0000000000        0.0000000000        0.0000000000
     2809.0000000000        0.0000000000        0.0000000000
     2810.0000000000        0.0000000000        0.0000000000
     2811.0000000000        0.0000000000        0.0000000000
     2812.0000000000        0.0000000000        0.0000000000
     2813.0000000000        0.0000000000        0.0000000000
     2814.0000000000        0.0000000000        0.0000000000
     2815.0000000000        0.0000000000        0.0000000000
     2816.0000000000        0.0000000000        0.0000000000
     2817.0000000000        0.0000000000        0.0000000000
     2818.0000000000        0.0000000000        0.0000000000
     2819.0000000000        0.0000000000        0.0000000000
     2820.0000000000        0.0000000000        0.0000000000
     2821.0000000000        0.0000000000        0.0000000000
     2822.0000000000        0.0000000000        0.0000000000
     2823.0000000000        0.0000000000        0.0000000000
     2824.0000000000        0.0000000000        0.0000000000
     2825.0000000000        0.0000000000        0.0000000000
     2826.0000000000        0.0000000000        0.0000000000
     2827.0000000000        0.0000000000        0.0000000000
     2828.0000000000        0.0000000000        0.0000000000
     2829.0000000000        0.0000000000        0.0000000000
     2830.0000000000        0.0000000000        0.0000000000
     2831.0000000000        0.0000000000        0.0000000000
     2832.0000000000        0.0000000000        0.0000000000
     2833.0000000000        0.0000000000        0.0000000000
     2834.0000000000        0.0000000000        0.0000000000
     2835.0000000000        0.0000000000        0.0000000000
     2836.0000000000        0.0000000000        0.0000000000
     2837.0000000000        0.0000000000        0.0000000000
     2838.0000000000        0.0000000000        0.0000000000
     2839.0000000000        0.0000000000        0.0000000000
     2840.0000000000        0.0000000000        0.0000000000
     2841.0000000000        0.0000000000        0.0000000000
     2842.0000000000        0.0000000000        0.0000000000
     2843.0000000000        0.0000000000        0.0000000000
     2844.0000000000        0.0000000000        0.0000000000
     2845.0000000000        0.0000000000        0.0000000000
     2846.0000000000        0.0000000000        0.0000000000
     2847.0000000000        0.0000000000        0.0000000000
     2848.0000000000        0.0000000000        0.0000000000
     2849.0000000000        0.0000000000        0.0000000000
     2850.0000000000        0.0000000000        0.0000000000
     2851.0000000000        0.0000000000        0.0000000000
     2852.0000000000        0.0000000000        0.0000000000
     2853.0000000000        0.0000000000        0.0000000000
     2854.0000000000        0.0000000000        0.0000000000
     2855.0000000000        0.0000000000        0.0000000000
     2856.0000000000        0.0000000000        0.0000000000
     2857.0000000000        0.0000000000        0.0000000000
     2858.0000000000        0.0000000000        0.0000000000
     2859.0000000000        0.0000000000        0.0000000000
     2860.0000000000        0.0000000000        0.0000000000
     2861.0000000000        0.0000000000        0.0000000000
     2862.0000000000        0.0000000000        0.0000000000
     2863.0000000000        0.0000000000        0.0000000000
     2864.0000000000        0.0000000000        0.0000000000
     2865.0000000000        0.0000000000        0.0000000000
     2866.0000000000        0.0000000000        0.0000000000
     2867.0000000000        0.0000000000        0.0000000000
     2868.0000000000        0.0000000000        0.0000000000
     2869.0000000000        0.0000000000        0.0000000000
     2870.0000000000        0.0000000000        0.0000000000
     2871.0000000000        0.0000000000        0.0000000000
     2872.0000000000        0.0000000000        0.0000000000
     2873.0000000000        0.0000000000        0.0000000000
     2874.0000000000        0.0000000000        0.0000000000
     2875.0000000000        0.0000000000        0.0000000000
     2876.0000000000        0.0000000000        0.0000000000
     2877.0000000000        0.0000000000        0.0000000000
     2878.0000000000        0.0000000000        0.0000000000
     2879.0000000000        0.0000000000        0.0000000000
     2880.0000000000        0.0000000000        0.0000000000
     2881.0000000000        0.0000000000        0.0000000000
     2882.0000000000        0.0000000000        0.0000000000
     2883.0000000000        0.0000000000        0.0000000000
     2884.0000000000        0.0000000000        0.0000000000
     2885.0000000000        0.0000000000        0.0000000000
     2886.0000000000        0.0000000000        0.0000000000
     2887.0000000000        0.0000000000        0.0000000000
     2888.0000000000        0.0000000000        0.0000000000
     2889.0000000000        0.0000000000        0.0000000000
     2890.0000000000        0.0000000000        0.0000000000
     2891.0000000000        0.0000000000        0.0000000000
     2892.0000000000        0.0000000000        0.0000000000
     2893.0000000000        0.0000000000        0.0000000000
     2894.0000000000        0.0000000000        0.0000000000
     2895.0000000000        0.0000000000        0.0000000000
     2896.0000000000        0.0000000000        0.0000000000
     2897.0000000000        0.0000000000        0.0000000000
     2898.0000000000        0.0000000000        0.0000000000
     2899.0000000000        0.0000000000        0.0000000000
     2900.0000000000        0.0000000000        0.0000000000
     2901.0000000000        0.0000000000        0.0000000000
     2902.0000000000        0.0000000000        0.0000000000
     2903.0000000000        0.0000000000        0.0000000000
     2904.0000000000        0.0000000000        0.0000000000
     2905.0000000000        0.0000000000        0.0000000000
     2906.0000000000        0.0000000000        0.0000000000
     2907.0000000000        0.0000000000        0.0000000000
     2908.0000000000        0.0000000000        0.0000000000
     2909.0000000000        0.0000000000        0.0000000000
     2910.0000000000        0.0000000000        0.0000000000
     2911.0000000000        0.0000000000        0.0000000000
     2912.0000000000        0.0000000000        0.0000000000
     2913.0000000000        0.0000000000        0.0000000000
     2914.0000000000        0.0000000000        0.0000000000
     2915.0000000000        0.0000000000        0.0000000000
     2916.0000000000        0.0000000000        0.0000000000
     2917.0000000000        0.0000000000        0.0000000000
     2918.0000000000        0.0000000000        0.0000000000
     2919.0000000000        0.0000000000        0.0000000000
     2920.0000000000        0.0000000000        0.0000000000
     2921.0000000000        0.0000000000        0.0000000000
     2922.0000000000        0.0000000000        0.0000000000
     2923.0000000000        0.0000000000        0.0000000000
     2924.0000000000        0.0000000000        0.0000000000
     2925.0000000000        0.0026824847        0.0000336426
     2926.0000000000        0.0027164464        0.0000342834
     2927.0000000000        0.0027510569        0.0000349405
     2928.0000000000        0.0027863330        0.0000356146
     2929.0000000000        0.0028222919        0.0000363061
     2930.0000000000        0.0028589512        0.0000370156
     2931.0000000000        0.0028963292        0.0000377437
     2932.0000000000        0.0029344450        0.0000384910
     2933.0000000000        0.0029733179        0.0000392582
     2934.0000000000        0.0030129683        0.0000400459
     2935.0000000000        0.0030534169        0.0000408549
     2936.0000000000        0.0030946853        0.0000416857
     2937.0000000000        0.0031367958        0.0000425392
     2938.0000000000        0.0031797716        0.0000434162
     2939.0000000000        0.0032236364        0.0000443175
     2940.0000000000        0.0032684149        0.0000452438
     2941.0000000000        0.0033141327        0.0000461962
     2942.0000000000        0.0033608162        0.0000471754
     2943.0000000000        0.0034084929        0.0000481826
     2944.0000000000        0.0034571910        0.0000492186
     2945.0000000000        0.0035069400        0.0000502845
     2946.0000000000        0.0035577703        0.0000513814
     2947.0000000000        0.0036097134        0.0000525104
     2948.0000000000        0.0036628022        0.0000536727
     2949.0000000000        0.0037170704        0.0000548696
     2950.0000000000        0.0037725533        0.0000561023
     2951.0000000000        0.0038292875        0.0000573723
     2952.0000000000        0.0038873107        0.0000586808
     2953.0000000000        0.0039466624        0.0000600294
     2954.0000000000        0.0040073834        0.0000614196
     2955.0000000000        0.0040695161        0.0000628531
     2956.0000000000        0.0041331046        0.0000643316
     2957.0000000000        0.0041981948        0.0000658567
     2958.0000000000        0.0042648342        0.0000674304
     2959.0000000000        0.0043330725        0.0000690547
     2960.0000000000        0.0044029612        0.0000707315
     2961.0000000000        0.0044745538        0.0000724631
     2962.0000000000        0.0045479063        0.0000742516
     2963.0000000000        0.0046230767        0.0000760994
     2964.0000000000        0.0047001256        0.0000780090
     2965.0000000000        0.0047791162        0.0000799830
     2966.0000000000        0.0048601141        0.0000820242
     2967.0000000000        0.0049431880        0.0000841354
     2968.0000000000        0.0050284093        0.0000863197
     2969.0000000000        0.0051158527        0.0000885801
     2970.0000000000        0.0052055961        0.0000909202
     2971.0000000000        0.0052977208        0.0000933434
     2972.0000000000        0.0053923119        0.0000958534
     2973.0000000000        0.0054894580        0.0000984543
     2974.0000000000        0.0055892520        0.0001011500
     2975.0000000000        0.0056917910        0.0001039449
     2976.0000000000        0.0057971765        0.0001068438
     2977.0000000000        0.0059055149        0.0001098514
     2978.0000000000        0.0060169173        0.0001129729
     2979.0000000000        0.0061315005        0.0001162138
     2980.0000000000        0.0062493866        0.0001195797
     2981.0000000000        0.0063707037        0.0001230769
     2982.0000000000        0.0064955862        0.0001267116
     2983.0000000000        0.0066241751        0.0001304909
     2984.0000000000        0.0067566185        0.0001344218
     2985.0000000000        0.0068930719        0.0001385121
     2986.0000000000        0.0070336986        0.0001427700
     2987.0000000000        0.0071786707        0.0001472042
     2988.0000000000        0.0083325362        0.0001644183
     2989.0000000000        0.0084994646        0.0001694729
     2990.0000000000        0.0086715527        0.0001747393
     2991.0000000000        0.0088490176        0.0001802287
     2992.0000000000        0.0090320885        0.0001859532
     2993.0000000000        0.0092210067        0.0001919256
     2994.0000000000        0.0094160269        0.0001981595
     2995.0000000000        0.0096174177        0.0002046695
     2996.0000000000        0.0098254630        0.0002114711
     2997.0000000000        0.0100404628        0.0002185811
     2998.0000000000        0.0102627339        0.0002260171
     2999.0000000000        0.0104926121        0.0002337983
     3000.0000000000        0.0107304524        0.0002419450
     3001.0000000000        0.0109766312        0.0002504791
     3002.0000000000        0.0112315475        0.0002594240
     3003.0000000000        0.0114956245        0.0002688049
     3004.0000000000        0.0117693117        0.0002786490
     3005.0000000000        0.0120530865        0.0002889852
     3006.0000000000        0.0123474566        0.0002998450
     3007.0000000000        0.0126529623        0.0003112622
     3008.0000000000        0.0129701788        0.0003232731
     3009.0000000000        0.0132997195        0.0003359172
     3010.0000000000        0.0136422384        0.0003492369
     3011.0000000000        0.0139984339        0.0003632784
     3012.0000000000        0.0143690523        0.0003780913
     3013.0000000000        0.0147548917        0.0003937299
     3014.0000000000        0.0151568067        0.0004102527
     3015.0000000000        0.0155757129        0.0004277234
     3016.0000000000        0.0160125925        0.0004462114
     3017.0000000000        0.0164685000        0.0004657924
     3018.0000000000        0.0169445689        0.0004865485
     3019.0000000000        0.0174420188        0.0005085700
     3020.0000000000        0.0179621633        0.0005319550
     3021.0000000000        0.0185064191        0.0005568114
     3022.0000000000        0.0190763159        0.0005832574
     3023.0000000000        0.0196735068        0.0006114225
     3024.0000000000        0.0202997813        0.0006414495
     3025.0000000000        0.0209570786        0.0006734955
     3026.0000000000        0.0216475029        0.0007077338
     3027.0000000000        0.0223733407        0.0007443560
     3028.0000000000        0.0231370799        0.0007835739
     3029.0000000000        0.0239414318        0.0008256226
     3030.0000000000        0.0247893554        0.0008707632
     3031.0000000000        0.0256840853        0.0009192861
     3032.0000000000        0.0266291626        0.0009715152
     3033.0000000000        0.0276284712        0.0010278123
     3034.0000000000        0.0286862776        0.0010885824
     3035.0000000000        0.0298072779        0.0011542800
     3036.0000000000        0.0309966498        0.0012254162
     3037.0000000000        0.0322601141        0.0013025666
     3038.0000000000        0.0336040038        0.0013863820
     3039.0000000000        0.0350353443        0.0014775992
     3040.0000000000        0.0365619470        0.0015770548
     3041.0000000000        0.0381925161        0.0016857015
     3042.0000000000        0.0399367745        0.0018046270
     3043.0000000000        0.0418056096        0.0019350772
     3044.0000000000        0.0438112450        0.0020784830
     3045.0000000000        0.0459674410        0.0022364936
     3046.0000000000        0.0482897327        0.0024110159
     3047.0000000000        0.0507957104        0.0026042630
     3048.0000000000        0.0535053545        0.0028188122
     3049.0000000000        0.0564414343        0.0030576773
     3050.0000000000        0.0596299868        0.0033243963
     3051.0000000000        0.0631008937        0.0036231409
     3052.0000000000        0.0668885804        0.0039588519
     3053.0000000000        0.0710328668        0.0043374090
     3054.0000000000        0.0755800086        0.0047658441
     3055.0000000000        0.0805839797        0.0052526121
     3056.0000000000        0.0861080602        0.0058079356
     3057.0000000000        0.0922268165        0.0064442480
     3058.0000000000        0.0990285861        0.0071767666
     3059.0000000000        0.1066186185        0.0080242406
     3060.0000000000        0.1151230764        0.0090099346
     3061.0000000000        0.1246941731        0.0101629348
     3062.0000000000        0.1355168241        0.0115198971
     3063.0000000000        0.1478173409        0.0131274143
     3064.0000000000        0.1618748987        0.0150452504
     3065.0000000000        0.1780368211        0.0173508112
     3066.0000000000        0.1967391696        0.0201453938
     3067.0000000000        0.2185347952        0.0235630266
     3068.0000000000        0.2441320143        0.0277831255
     3069.0000000000        0.2744485945        0.0330488409
     3070.0000000000        0.3106880756        0.0396939703
     3071.0000000000        0.3544490519        0.0481828769
     3072.0000000000        0.4078835899        0.0591702274
     3073.0000000000        0.4739293896        0.0735907957
     3074.0000000000        0.5566526739        0.0927939108
     3075.0000000000        0.6617552668        0.1187403572
     3076.0000000000        0.7973154266        0.1542730447
     3077.0000000000        0.9748258078        0.2034261534
     3078.0000000000        1.2104836382        0.2715535468
     3079.0000000000        1.5262229409        0.3644545565
     3080.0000000000        1.9484434310        0.4839892104
     3081.0000000000        2.4982893828        0.6142374122
     3082.0000000000        3.1602438555        0.6917204485
     3083.0000000000        3.8201333265        0.5844933004
     3084.0000000000        4.2312181125        0.1935304784
     3085.0000000000        4.1640210359       -0.3196546757
     3086.0000000000        3.6603319840       -0.6384119256
     3087.0000000000        2.9812644055       -0.6825271302
     3088.0000000000        2.3433193631       -0.5810589019
     3089.0000000000        1.8281340397       -0.4500790592
     3090.0000000000        1.4367641649       -0.3370782589
     3091.0000000000        1.1448399540       -0.2511286031
     3092.0000000000        0.9267069184       -0.1885326949
     3093.0000000000        0.7619666302       -0.1433979175
     3094.0000000000        0.6357819936       -0.1106968364
     3095.0000000000        0.5376726848       -0.0867338189
     3096.0000000000        0.4602713089       -0.0689264736
     3097.0000000000        0.3983664952       -0.0554969853
     3098.0000000000        0.3482304233       -0.0452204823
     3099.0000000000        0.3071608940       -0.0372461632
     3100.0000000000        0.2731718650       -0.0309761760
     3101.0000000000        0.2447835990       -0.0259848995
     3102.0000000000        0.2208791034       -0.0219652168
     3103.0000000000        0.2006048009       -0.0186925379
     3104.0000000000        0.1833009440       -0.0160004755
     3105.0000000000        0.1684522475       -0.0137642087
     3106.0000000000        0.1556524265       -0.0118889660
     3107.0000000000        0.1445784180       -0.0103019512
     3108.0000000000        0.1349714318       -0.0089466130
     3109.0000000000        0.1266228754       -0.0077785261
     3110.0000000000        0.1193638035       -0.0067623964
     3111.0000000000        0.1130569447       -0.0058698547
     3112.0000000000        0.1075906391       -0.0050778112
     3113.0000000000        0.1028742085       -0.0043672111
     3114.0000000000        0.0988344197       -0.0037220797
     3115.0000000000        0.0954127930       -0.0031287741
     3116.0000000000        0.0925635796       -0.0025753853
     3117.0000000000        0.0902522826       -0.0020512431
     3118.0000000000        0.0884546341       -0.0015464930
     3119.0000000000        0.0871559739       -0.0010517128
     3120.0000000000        0.0863510003       -0.0005575471
     3121.0000000000        0.0860438878       -0.0000543338
     3122.0000000000        0.0862487938        0.0004683020
     3123.0000000000        0.0869907993        0.0010219180
     3124.0000000000        0.0883073657        0.0016198232
     3125.0000000000        0.0902504313        0.0022777974
     3126.0000000000        0.0928893277        0.0030150265
     3127.0000000000        0.0963147799        0.0038553514
     3128.0000000000        0.1006443656        0.0048289680
     3129.0000000000        0.1060299829        0.0059747811
     3130.0000000000        0.1126681184        0.0073437161
     3131.0000000000        0.1208140875        0.0090034421
     3132.0000000000        0.1308019812        0.0110452048
     3133.0000000000        0.1430729243        0.0135938348
     3134.0000000000        0.1582155859        0.0168225800
     3135.0000000000        0.1770249390        0.0209752891
     3136.0000000000        0.2005884036        0.0263997530
     3137.0000000000        0.2304130979        0.0335976265
     3138.0000000000        0.2686140757        0.0432975929
     3139.0000000000        0.3181895038        0.0565561573
     3140.0000000000        0.3834068010        0.0748735802
     3141.0000000000        0.4702846983        0.1002454775
     3142.0000000000        0.5869868658        0.1348504021
     3143.0000000000        0.7433815981        0.1794550255
     3144.0000000000        0.9475143432        0.2283425036
     3145.0000000000        1.1940907367        0.2582786388
     3146.0000000000        1.4414355898        0.2202781358
     3147.0000000000        1.5979709686        0.0760307684
     3148.0000000000        1.5764421732       -0.1165106138
     3149.0000000000        1.3898720560       -0.2382612776
     3150.0000000000        1.1353590588       -0.2566186394
     3151.0000000000        0.8950463873       -0.2192337499
     3152.0000000000        0.7004742024       -0.1701376342
     3153.0000000000        0.5524346609       -0.1275868273
     3154.0000000000        0.4418765082       -0.0951683386
     3155.0000000000        0.3591601307       -0.0715446921
     3156.0000000000        0.2965957627       -0.0545088445
     3157.0000000000        0.2485835419       -0.0421671226
     3158.0000000000        0.2111663504       -0.0331249438
     3159.0000000000        0.1815621757       -0.0264072187
     3160.0000000000        0.1578031636       -0.0213425911
     3161.0000000000        0.1384816631       -0.0174685795
     3162.0000000000        0.1225772251       -0.0144640323
     3163.0000000000        0.1093396827       -0.0121033617
     3164.0000000000        0.0982098738       -0.0102260409
     3165.0000000000        0.0887654141       -0.0087163025
     3166.0000000000        0.0806831817       -0.0074895470
     3167.0000000000        0.0737130367       -0.0064831576
     3168.0000000000        0.0676591739       -0.0056502197
     3169.0000000000        0.0623667238       -0.0049551761
     3170.0000000000        0.0577120055       -0.0043707838
     3171.0000000000        0.0535953523       -0.0038759552
     3172.0000000000        0.0499357718       -0.0034542111
     3173.0000000000        0.0466669294       -0.0030925568
     3174.0000000000        0.0437340953       -0.0027806589
     3175.0000000000        0.0410918045       -0.0025102348
     3176.0000000000        0.0387020444       -0.0022745961
     3177.0000000000        0.0365328410       -0.0020683041
     3178.0000000000        0.0345571468       -0.0018869064
     3179.0000000000        0.0327519592       -0.0017267362
     3180.0000000000        0.0310976170       -0.0015847550
     3181.0000000000        0.0295772345       -0.0014584316
     3182.0000000000        0.0281762450       -0.0013456458
     3183.0000000000        0.0268820281       -0.0012446133
     3184.0000000000        0.0256836062       -0.0011538249
     3185.0000000000        0.0245713931       -0.0010719986
     3186.0000000000        0.0235369879       -0.0009980407
     3187.0000000000        0.0225730027       -0.0009310143
     3188.0000000000        0.0216729186       -0.0008701138
     3189.0000000000        0.0208309659       -0.0008146439
     3190.0000000000        0.0200420224       -0.0007640021
     3191.0000000000        0.0193015275       -0.0007176652
     3192.0000000000        0.0186054098       -0.0006751766
     3193.0000000000        0.0179500250       -0.0006361373
     3194.0000000000        0.0173321026       -0.0006001971
     3195.0000000000        0.0167487009       -0.0005670479
     3196.0000000000        0.0161971674       -0.0005364181
     3197.0000000000        0.0156751053       -0.0005080674
     3198.0000000000        0.0151803442       -0.0004817827
     3199.0000000000        0.0147109145       -0.0004573747
     3200.0000000000        0.0142650256       -0.0004346747
     3201.0000000000        0.0138410461       -0.0004135321
     3202.0000000000        0.0134374873       -0.0003938120
     3203.0000000000        0.0130529883       -0.0003753937
     3204.0000000000        0.0126863024       -0.0003581684
     3205.0000000000        0.0123362864       -0.0003420386
     3206.0000000000        0.0120018896       -0.0003269159
     3207.0000000000        0.0116821454       -0.0003127208
     3208.0000000000        0.0113761629       -0.0002993810
     3209.0000000000        0.0110831200       -0.0002868313
     3210.0000000000        0.0108022569       -0.0002750121
     3211.0000000000        0.0105328703       -0.0002638695
     3212.0000000000        0.0102743088       -0.0002533542
     3213.0000000000        0.0100259678       -0.0002434213
     3214.0000000000        0.0097872858       -0.0002340298
     3215.0000000000        0.0095577404       -0.0002251420
     3216.0000000000        0.0093368454       -0.0002167235
     3217.0000000000        0.0091241475       -0.0002087428
     3218.0000000000        0.0089192237       -0.0002011707
     3219.0000000000        0.0087216787       -0.0001939807
     3220.0000000000        0.0085311431       -0.0001871481
     3221.0000000000        0.0083472709       -0.0001806502
     3222.0000000000        0.0081697381       -0.0001744661
     3223.0000000000        0.0079982407       -0.0001685763
     3224.0000000000        0.0078324933       -0.0001629631
     3225.0000000000        0.0076722279       -0.0001576097
     3226.0000000000        0.0075171924       -0.0001525009
     3227.0000000000        0.0073671494       -0.0001476222
     3228.0000000000        0.0072218756       -0.0001429605
     3229.0000000000        0.0070811603       -0.0001385033
     3230.0000000000        0.0069448046       -0.0001342393
     3231.0000000000        0.0068126209       -0.0001301576
     3232.0000000000        0.0066844319       -0.0001262483
     3233.0000000000        0.0065600700       -0.0001225021
     3234.0000000000        0.0064393763       -0.0001189102
     3235.0000000000        0.0063222009       -0.0001154645
     3236.0000000000        0.0062084012       -0.0001121574
     3237.0000000000        0.0060978424       -0.0001089816
     3238.0000000000        0.0059903963       -0.0001059307
     3239.0000000000        0.0058859416       -0.0001029981
     3240.0000000000        0.0057843626       -0.0001001782
     3241.0000000000        0.0056855496       -0.0000974652
     3242.0000000000        0.0055893982       -0.0000948540
     3243.0000000000        0.0054958092       -0.0000923398
     3244.0000000000        0.0054046879       -0.0000899178
     3245.0000000000        0.0026754047       -0.0000547271
     3246.0000000000        0.0026215055       -0.0000530825
     3247.0000000000        0.0025692179       -0.0000515032
     3248.0000000000        0.0025184785       -0.0000499858
     3249.0000000000        0.0024692266       -0.0000485275
     3250.0000000000        0.0024214049       -0.0000471253
     3251.0000000000        0.0023749583       -0.0000457765
     3252.0000000000        0.0023298348       -0.0000444788
     3253.0000000000        0.0022859846       -0.0000432296
     3254.0000000000        0.0022433602       -0.0000420267
     3255.0000000000        0.0022019164       -0.0000408680
     3256.0000000000        0.0021616101       -0.0000397515
     3257.0000000000        0.0021223999       -0.0000386753
     3258.0000000000        0.0020842465       -0.0000376376
     3259.0000000000        0.0020471124       -0.0000366367
     3260.0000000000        0.0020109615       -0.0000356709
     3261.0000000000        0.0019757594       -0.0000347388
     3262.0000000000        0.0019414732       -0.0000338388
     3263.0000000000        0.0019080715       -0.0000329697
     3264.0000000000        0.0018755240       -0.0000321300
     3265.0000000000        0.0018438020       -0.0000313186
     3266.0000000000        0.0018128777       -0.0000305343
     3267.0000000000        0.0017827247       -0.0000297760
     3268.0000000000        0.0017533175       -0.0000290425
     3269.0000000000        0.0017246317       -0.0000283330
     3270.0000000000        0.0016966439       -0.0000276463
     3271.0000000000        0.0016693317       -0.0000269817
     3272.0000000000        0.0016426735       -0.0000263382
     3273.0000000000        0.0016166486       -0.0000257150
     3274.0000000000        0.0015912371       -0.0000251112
     3275.0000000000        0.0015664199       -0.0000245263
     3276.0000000000        0.0015421786       -0.0000239593
     3277.0000000000        0.0015184955       -0.0000234097
     3278.0000000000        0.0014953536       -0.0000228768
     3279.0000000000        0.0014727366       -0.0000223599
     3280.0000000000        0.0014506287       -0.0000218584
     3281.0000000000        0.0014290147       -0.0000213719
     3282.0000000000        0.0014078801       -0.0000208997
     3283.0000000000        0.0013872108       -0.0000204412
     3284.0000000000        0.0013669932       -0.0000199961
     3285.0000000000        0.0013472143       -0.0000195638
     3286.0000000000        0.0013278614       -0.0000191439
     3287.0000000000        0.0013089225       -0.0000187359
     3288.0000000000        0.0012903858       -0.0000183394
     3289.0000000000        0.0012722399       -0.0000179541
     3290.0000000000        0.0012544741       -0.0000175794
     3291.0000000000        0.0012370777       -0.0000172151
     3292.0000000000        0.0012200405       -0.0000168608
     3293.0000000000        0.0012033529       -0.0000165161
     3294.0000000000        0.0011870052       -0.0000161808
     3295.0000000000        0.0011709883       -0.0000158545
     3296.0000000000        0.0011552933       -0.0000155369
     3297.0000000000        0.0011399117       -0.0000152277
     3298.0000000000        0.0011248352       -0.0000149267
     3299.0000000000        0.0011100558       -0.0000146335
     3300.0000000000        0.0010955657       -0.0000143480
     3301.0000000000        0.0010813574       -0.0000140698
     3302.0000000000        0.0010674236       -0.0000137988
     3303.0000000000        0.0010537574       -0.0000135347
     3304.0000000000        0.0010403519       -0.0000132773
     3305.0000000000        0.0010272006       -0.0000130264
     3306.0000000000        0.0010142970       -0.0000127818
     3307.0000000000        0.0010016349       -0.0000125433
     3308.0000000000        0.0000000000        0.0000000000
     3309.0000000000        0.0000000000        0.0000000000
     3310.0000000000        0.0000000000        0.0000000000
     3311.0000000000        0.0000000000        0.0000000000
     3312.0000000000        0.0000000000        0.0000000000
     3313.0000000000        0.0000000000        0.0000000000
     3314.0000000000        0.0000000000        0.0000000000
     3315.0000000000        0.0000000000        0.0000000000
     3316.0000000000        0.0000000000        0.0000000000
     3317.0000000000        0.0000000000        0.0000000000
     3318.0000000000        0.0000000000        0.0000000000
     3319.0000000000        0.0000000000        0.0000000000
     3320.0000000000        0.0000000000        0.0000000000
     3321.0000000000        0.0000000000        0.0000000000
     3322.0000000000        0.0000000000        0.0000000000
     3323.0000000000        0.0000000000        0.0000000000
     3324.0000000000        0.0000000000        0.0000000000
     3325.0000000000        0.0000000000        0.0000000000
     3326.0000000000        0.0000000000        0.0000000000
     3327.0000000000        0.0000000000        0.0000000000
     3328.0000000000        0.0000000000        0.0000000000
     3329.0000000000        0.0000000000        0.0000000000
     3330.0000000000        0.0000000000        0.0000000000
     3331.0000000000        0.0000000000        0.0000000000
     3332.0000000000        0.0000000000        0.0000000000
     3333.0000000000        0.0000000000        0.0000000000
     3334.0000000000        0.0000000000        0.0000000000
     3335.0000000000        0.0000000000        0.0000000000
     3336.0000000000        0.0000000000        0.0000000000
     3337.0000000000        0.0000000000        0.0000000000
     3338.0000000000        0.0000000000        0.0000000000
     3339.0000000000        0.0000000000        0.0000000000
     3340.0000000000        0.0000000000        0.0000000000
     3341.0000000000        0.0000000000        0.0000000000
     3342.0000000000        0.0000000000        0.0000000000
     3343.0000000000        0.0000000000        0.0000000000
     3344.0000000000        0.0000000000        0.0000000000
     3345.0000000000        0.0000000000        0.0000000000
     3346.0000000000        0.0000000000        0.0000000000
     3347.0000000000        0.0000000000        0.0000000000
     3348.0000000000        0.0000000000        0.0000000000
     3349.0000000000        0.0000000000        0.0000000000
     3350.0000000000        0.0000000000        0.0000000000
     3351.0000000000        0.0000000000        0.0000000000
     3352.0000000000        0.0000000000        0.0000000000
     3353.0000000000        0.0000000000        0.0000000000
     3354.0000000000        0.0000000000        0.0000000000
     3355.0000000000        0.0000000000        0.0000000000
     3356.0000000000        0.0000000000        0.0000000000
     3357.0000000000        0.0000000000        0.0000000000
     3358.0000000000        0.0000000000        0.0000000000
     3359.0000000000        0.0000000000        0.0000000000
     3360.0000000000        0.0000000000        0.0000000000
     3361.0000000000        0.0000000000        0.0000000000
     3362.0000000000        0.0000000000        0.0000000000
     3363.0000000000        0.0000000000        0.0000000000
     3364.0000000000        0.0000000000        0.0000000000
     3365.0000000000        0.0000000000        0.0000000000
     3366.0000000000        0.0000000000        0.0000000000
     3367.0000000000        0.0000000000        0.0000000000
     3368.0000000000        0.0000000000        0.0000000000
     3369.0000000000        0.0000000000        0.0000000000
     3370.0000000000        0.0000000000        0.0000000000
     3371.0000000000        0.0000000000        0.0000000000
     3372.0000000000        0.0000000000        0.0000000000
     3373.0000000000        0.0000000000        0.0000000000
     3374.0000000000        0.0000000000        0.0000000000
     3375.0000000000        0.0000000000        0.0000000000
     3376.0000000000        0.0000000000        0.0000000000
     3377.0000000000        0.0000000000        0.0000000000
     3378.0000000000        0.0000000000        0.0000000000
     3379.0000000000        0.0000000000        0.0000000000
     3380.0000000000        0.0000000000        0.0000000000
     3381.0000000000        0.0000000000        0.0000000000
     3382.0000000000        0.0000000000        0.0000000000
     3383.0000000000        0.0000000000        0.0000000000
     3384.0000000000        0.0000000000        0.0000000000
     3385.0000000000        0.0000000000        0.0000000000
     3386.0000000000        0.0000000000        0.0000000000
     3387.0000000000        0.0000000000        0.0000000000
     3388.0000000000        0.0000000000        0.0000000000
     3389.0000000000        0.0000000000        0.0000000000
     3390.0000000000        0.0000000000        0.0000000000
     3391.0000000000        0.0000000000        0.0000000000
     3392.0000000000        0.0000000000        0.0000000000
     3393.0000000000        0.0000000000        0.0000000000
     3394.0000000000        0.0000000000        0.0000000000
     3395.0000000000        0.0000000000        0.0000000000
     3396.0000000000        0.0000000000        0.0000000000
     3397.0000000000        0.0000000000        0.0000000000
     3398.0000000000        0.0000000000        0.0000000000
     3399.0000000000        0.0000000000        0.0000000000
     3400.0000000000        0.0000000000        0.0000000000
     3401.0000000000        0.0000000000        0.0000000000
     3402.0000000000        0.0000000000        0.0000000000
     3403.0000000000        0.0000000000        0.0000000000
     3404.0000000000        0.0000000000        0.0000000000
     3405.0000000000        0.0000000000        0.0000000000
     3406.0000000000        0.0000000000        0.0000000000
     3407.0000000000        0.0000000000        0.0000000000
     3408.0000000000        0.0000000000        0.0000000000
     3409.0000000000        0.0000000000        0.0000000000
     3410.0000000000        0.0000000000        0.0000000000
     3411.0000000000        0.0000000000        0.0000000000
     3412.0000000000        0.0000000000        0.0000000000
     3413.0000000000        0.0000000000        0.0000000000
     3414.0000000000        0.0000000000        0.0000000000
     3415.0000000000        0.0000000000        0.0000000000
     3416.0000000000        0.0000000000        0.0000000000
     3417.0000000000        0.0000000000        0.0000000000
     3418.0000000000        0.0000000000        0.0000000000
     3419.0000000000        0.0000000000        0.0000000000
     3420.0000000000        0.0000000000        0.0000000000
     3421.0000000000        0.0000000000        0.0000000000
     3422.0000000000        0.0000000000        0.0000000000
     3423.0000000000        0.0000000000        0.0000000000
     3424.0000000000        0.0000000000        0.0000000000
     3425.0000000000        0.0000000000        0.0000000000
     3426.0000000000        0.0000000000        0.0000000000
     3427.0000000000        0.0000000000        0.0000000000
     3428.0000000000        0.0000000000        0.0000000000
     3429.0000000000        0.0000000000        0.0000000000
     3430.0000000000        0.0000000000        0.0000000000
     3431.0000000000        0.0000000000        0.0000000000
     3432.0000000000        0.0000000000        0.0000000000
     3433.0000000000        0.0000000000        0.0000000000
     3434.0000000000        0.0000000000        0.0000000000
     3435.0000000000        0.0000000000        0.0000000000
     3436.0000000000        0.0000000000        0.0000000000
     3437.0000000000        0.0000000000        0.0000000000
     3438.0000000000        0.0000000000        0.0000000000
     3439.0000000000        0.0000000000        0.0000000000
     3440.0000000000        0.0000000000        0.0000000000
     3441.0000000000        0.0000000000        0.0000000000
     3442.0000000000        0.0000000000        0.0000000000
     3443.0000000000        0.0000000000        0.0000000000
     3444.0000000000        0.0000000000        0.0000000000
     3445.0000000000        0.0000000000        0.0000000000
     3446.0000000000        0.0000000000        0.0000000000
     3447.0000000000        0.0000000000        0.0000000000
     3448.0000000000        0.0000000000        0.0000000000
     3449.0000000000        0.0000000000        0.0000000000
     3450.0000000000        0.0000000000        0.0000000000
     3451.0000000000        0.0000000000        0.0000000000
     3452.0000000000        0.0000000000        0.0000000000
     3453.0000000000        0.0000000000        0.0000000000
     3454.0000000000        0.0000000000        0.0000000000
     3455.0000000000        0.0000000000        0.0000000000
     3456.0000000000        0.0000000000        0.0000000000
     3457.0000000000        0.0000000000        0.0000000000
     3458.0000000000        0.0000000000        0.0000000000
     3459.0000000000        0.0000000000        0.0000000000
     3460.0000000000        0.0000000000        0.0000000000
     3461.0000000000        0.0000000000        0.0000000000
     3462.0000000000        0.0000000000        0.0000000000
     3463.0000000000        0.0000000000        0.0000000000
     3464.0000000000        0.0000000000        0.0000000000
     3465.0000000000        0.0000000000        0.0000000000
     3466.0000000000        0.0000000000        0.0000000000
     3467.0000000000        0.0000000000        0.0000000000
     3468.0000000000        0.0000000000        0.0000000000
     3469.0000000000        0.0000000000        0.0000000000
     3470.0000000000        0.0000000000        0.0000000000
     3471.0000000000        0.0000000000        0.0000000000
     3472.0000000000        0.0000000000        0.0000000000
     3473.0000000000        0.0000000000        0.0000000000
     3474.0000000000        0.0000000000        0.0000000000
     3475.0000000000        0.0000000000        0.0000000000
     3476.0000000000        0.0000000000        0.0000000000
     3477.0000000000        0.0000000000        0.0000000000
     3478.0000000000        0.0000000000        0.0000000000
     3479.0000000000        0.0000000000        0.0000000000
     3480.0000000000        0.0000000000        0.0000000000
     3481.0000000000        0.0000000000        0.0000000000
     3482.0000000000        0.0000000000        0.0000000000
     3483.0000000000        0.0000000000        0.0000000000
     3484.0000000000        0.0000000000        0.0000000000
     3485.0000000000        0.0000000000        0.0000000000
     3486.0000000000        0.0000000000        0.0000000000
     3487.0000000000        0.0000000000        0.0000000000
     3488.0000000000        0.0000000000        0.0000000000
     3489.0000000000        0.0000000000        0.0000000000
     3490.0000000000        0.0000000000        0.0000000000
     3491.0000000000        0.0000000000        0.0000000000
     3492.0000000000        0.0000000000        0.0000000000
     3493.0000000000        0.0000000000        0.0000000000
     3494.0000000000        0.0000000000        0.0000000000
     3495.0000000000        0.0000000000        0.0000000000
     3496.0000000000        0.0000000000        0.0000000000
     3497.0000000000        0.0000000000        0.0000000000
     3498.0000000000        0.0000000000        0.0000000000
     3499.0000000000        0.0000000000        0.0000000000
     3500.0000000000        0.0000000000        0.0000000000
     3501.0000000000        0.0000000000        0.0000000000
     3502.0000000000        0.0000000000        0.0000000000
     3503.0000000000        0.0000000000        0.0000000000
     3504.0000000000        0.0000000000        0.0000000000
     3505.0000000000        0.0000000000        0.0000000000
     3506.0000000000        0.0000000000        0.0000000000
     3507.0000000000        0.0000000000        0.0000000000
     3508.0000000000        0.0000000000        0.0000000000
     3509.0000000000        0.0000000000        0.0000000000
     3510.0000000000        0.0000000000        0.0000000000
     3511.0000000000        0.0000000000        0.0000000000
     3512.0000000000        0.0000000000        0.0000000000
     3513.0000000000        0.0000000000        0.0000000000
     3514.0000000000        0.0000000000        0.0000000000
     3515.0000000000        0.0000000000        0.0000000000
     3516.0000000000        0.0000000000        0.0000000000
     3517.0000000000        0.0000000000        0.0000000000
     3518.0000000000        0.0000000000        0.0000000000
     3519.0000000000        0.0000000000        0.0000000000
     3520.0000000000        0.0000000000        0.0000000000
     3521.0000000000        0.0000000000        0.0000000000
     3522.0000000000        0.0000000000        0.0000000000
     3523.0000000000        0.0000000000        0.0000000000
     3524.0000000000        0.0000000000        0.0000000000
     3525.0000000000        0.0000000000        0.0000000000
     3526.0000000000        0.0000000000        0.0000000000
     3527.0000000000        0.0000000000        0.0000000000
     3528.0000000000        0.0000000000        0.0000000000
     3529.0000000000        0.0000000000        0.0000000000
     3530.0000000000        0.0000000000        0.0000000000
     3531.0000000000        0.0000000000        0.0000000000
     3532.0000000000        0.0000000000        0.0000000000
     3533.0000000000        0.0000000000        0.0000000000
     3534.0000000000        0.0000000000        0.0000000000
     3535.0000000000        0.0000000000        0.0000000000
     3536.0000000000        0.0000000000        0.0000000000
     3537.0000000000        0.0000000000        0.0000000000
     3538.0000000000        0.0000000000        0.0000000000
     3539.0000000000        0.0000000000        0.0000000000
     3540.0000000000        0.0000000000        0.0000000000
     3541.0000000000        0.0000000000        0.0000000000
     3542.0000000000        0.0000000000        0.0000000000
     3543.0000000000        0.0000000000        0.0000000000
     3544.0000000000        0.0000000000        0.0000000000
     3545.0000000000        0.0000000000        0.0000000000
     3546.0000000000        0.0000000000        0.0000000000
     3547.0000000000        0.0000000000        0.0000000000
     3548.0000000000        0.0000000000        0.0000000000
     3549.0000000000        0.0000000000        0.0000000000
     3550.0000000000        0.0000000000        0.0000000000
     3551.0000000000        0.0000000000        0.0000000000
     3552.0000000000        0.0000000000        0.0000000000
     3553.0000000000        0.0000000000        0.0000000000
     3554.0000000000        0.0000000000        0.0000000000
     3555.0000000000        0.0000000000        0.0000000000
     3556.0000000000        0.0000000000        0.0000000000
     3557.0000000000        0.0000000000        0.0000000000
     3558.0000000000        0.0000000000        0.0000000000
     3559.0000000000        0.0000000000        0.0000000000
     3560.0000000000        0.0000000000        0.0000000000
     3561.0000000000        0.0000000000        0.0000000000
     3562.0000000000        0.0000000000        0.0000000000
     3563.0000000000        0.0000000000        0.0000000000
     3564.0000000000        0.0000000000        0.0000000000
     3565.0000000000        0.0000000000        0.0000000000
     3566.0000000000        0.0000000000        0.0000000000
     3567.0000000000        0.0000000000        0.0000000000
     3568.0000000000        0.0000000000        0.0000000000
     3569.0000000000        0.0000000000        0.0000000000
     3570.0000000000        0.0000000000        0.0000000000
     3571.0000000000        0.0000000000        0.0000000000
     3572.0000000000        0.0000000000        0.0000000000
     3573.0000000000        0.0000000000        0.0000000000
     3574.0000000000        0.0000000000        0.0000000000
     3575.0000000000        0.0000000000        0.0000000000
     3576.0000000000        0.0000000000        0.0000000000
     3577.0000000000        0.0000000000        0.0000000000
     3578.0000000000        0.0000000000        0.0000000000
     3579.0000000000        0.0000000000        0.0000000000
     3580.0000000000        0.0000000000        0.0000000000
     3581.0000000000        0.0000000000        0.0000000000
     3582.0000000000        0.0000000000        0.0000000000
     3583.0000000000        0.0000000000        0.0000000000
     3584.0000000000        0.0000000000        0.0000000000
     3585.0000000000        0.0000000000        0.0000000000
     3586.0000000000        0.0000000000        0.0000000000
     3587.0000000000        0.0000000000        0.0000000000
     3588.0000000000        0.0000000000        0.0000000000
     3589.0000000000        0.0000000000        0.0000000000
     3590.0000000000        0.0000000000        0.0000000000
     3591.0000000000        0.0000000000        0.0000000000
     3592.0000000000        0.0000000000        0.0000000000
     3593.0000000000        0.0000000000        0.0000000000
     3594.0000000000        0.0000000000        0.0000000000
     3595.0000000000        0.0000000000        0.0000000000
     3596.0000000000        0.0000000000        0.0000000000
     3597.0000000000        0.0000000000        0.0000000000
     3598.0000000000        0.0000000000        0.0000000000
     3599.0000000000        0.0000000000        0.0000000000
     3600.0000000000        0.0000000000        0.0000000000
     3601.0000000000        0.0000000000        0.0000000000
     3602.0000000000        0.0000000000        0.0000000000
     3603.0000000000        0.0000000000        0.0000000000
     3604.0000000000        0.0000000000        0.0000000000
     3605.0000000000        0.0000000000        0.0000000000
     3606.0000000000        0.0000000000        0.0000000000
     3607.0000000000        0.0000000000        0.0000000000
     3608.0000000000        0.0000000000        0.0000000000
     3609.0000000000        0.0000000000        0.0000000000
     3610.0000000000        0.0000000000        0.0000000000
     3611.0000000000        0.0000000000        0.0000000000
     3612.0000000000        0.0000000000        0.0000000000
     3613.0000000000        0.0000000000        0.0000000000
     3614.0000000000        0.0000000000        0.0000000000
     3615.0000000000        0.0000000000        0.0000000000
     3616.0000000000        0.0000000000        0.0000000000
     3617.0000000000        0.0000000000        0.0000000000
     3618.0000000000        0.0000000000        0.0000000000
     3619.0000000000        0.0000000000        0.0000000000
     3620.0000000000        0.0000000000        0.0000000000
     3621.0000000000        0.0000000000        0.0000000000
     3622.0000000000        0.0000000000        0.0000000000
     3623.0000000000        0.0000000000        0.0000000000
     3624.0000000000        0.0000000000        0.0000000000
     3625.0000000000        0.0000000000        0.0000000000
     3626.0000000000        0.0000000000        0.0000000000
     3627.0000000000        0.0000000000        0.0000000000
     3628.0000000000        0.0000000000        0.0000000000
     3629.0000000000        0.0000000000        0.0000000000
     3630.0000000000        0.0000000000        0.0000000000
     3631.0000000000        0.0000000000        0.0000000000
     3632.0000000000        0.0000000000        0.0000000000
     3633.0000000000        0.0000000000        0.0000000000
     3634.0000000000        0.0000000000        0.0000000000
     3635.0000000000        0.0000000000        0.0000000000
     3636.0000000000        0.0000000000        0.0000000000
     3637.0000000000        0.0000000000        0.0000000000
     3638.0000000000        0.0000000000        0.0000000000
     3639.0000000000        0.0000000000        0.0000000000
     3640.0000000000        0.0000000000        0.0000000000
     3641.0000000000        0.0000000000        0.0000000000
     3642.0000000000        0.0000000000        0.0000000000
     3643.0000000000        0.0000000000        0.0000000000
     3644.0000000000        0.0000000000        0.0000000000
     3645.0000000000        0.0000000000        0.0000000000
     3646.0000000000        0.0000000000        0.0000000000
     3647.0000000000        0.0000000000        0.0000000000
     3648.0000000000        0.0000000000        0.0000000000
     3649.0000000000        0.0000000000        0.0000000000
     3650.0000000000        0.0000000000        0.0000000000
     3651.0000000000        0.0000000000        0.0000000000
     3652.0000000000        0.0000000000        0.0000000000
     3653.0000000000        0.0000000000        0.0000000000
     3654.0000000000        0.0000000000        0.0000000000
     3655.0000000000        0.0000000000        0.0000000000
     3656.0000000000        0.0000000000        0.0000000000
     3657.0000000000        0.0000000000        0.0000000000
     3658.0000000000        0.0000000000        0.0000000000
     3659.0000000000        0.0000000000        0.0000000000
     3660.0000000000        0.0000000000        0.0000000000
     3661.0000000000        0.0000000000        0.0000000000
     3662.0000000000        0.0000000000        0.0000000000
     3663.0000000000        0.0000000000        0.0000000000
     3664.0000000000        0.0000000000        0.0000000000
     3665.0000000000        0.0000000000        0.0000000000
     3666.0000000000        0.0000000000        0.0000000000
     3667.0000000000        0.0000000000        0.0000000000
     3668.0000000000        0.0000000000        0.0000000000
     3669.0000000000        0.0000000000        0.0000000000
     3670.0000000000        0.0000000000        0.0000000000
     3671.0000000000        0.0000000000        0.0000000000
     3672.0000000000        0.0000000000        0.0000000000
     3673.0000000000        0.0000000000        0.0000000000
     3674.0000000000        0.0000000000        0.0000000000
     3675.0000000000        0.0000000000        0.0000000000
     3676.0000000000        0.0000000000        0.0000000000
     3677.0000000000        0.0000000000        0.0000000000
     3678.0000000000        0.0000000000        0.0000000000
     3679.0000000000        0.0000000000        0.0000000000
     3680.0000000000        0.0000000000        0.0000000000
     3681.0000000000        0.0000000000        0.0000000000
     3682.0000000000        0.0000000000        0.0000000000
     3683.0000000000        0.0000000000        0.0000000000
     3684.0000000000        0.0000000000        0.0000000000
     3685.0000000000        0.0000000000        0.0000000000
     3686.0000000000        0.0000000000        0.0000000000
     3687.0000000000        0.0000000000        0.0000000000
     3688.0000000000        0.0000000000        0.0000000000
     3689.0000000000        0.0000000000        0.0000000000
     3690.0000000000        0.0000000000        0.0000000000
     3691.0000000000        0.0000000000        0.0000000000
     3692.0000000000        0.0000000000        0.0000000000
     3693.0000000000        0.0000000000        0.0000000000
     3694.0000000000        0.0000000000        0.0000000000
     3695.0000000000        0.0000000000        0.0000000000
     3696.0000000000        0.0000000000        0.0000000000
     3697.0000000000        0.0000000000        0.0000000000
     3698.0000000000        0.0000000000        0.0000000000
     3699.0000000000        0.0000000000        0.0000000000
     3700.0000000000        0.0000000000        0.0000000000
     3701.0000000000        0.0000000000        0.0000000000
     3702.0000000000        0.0000000000        0.0000000000
     3703.0000000000        0.0000000000        0.0000000000
     3704.0000000000        0.0000000000        0.0000000000
     3705.0000000000        0.0000000000        0.0000000000
     3706.0000000000        0.0000000000        0.0000000000
     3707.0000000000        0.0000000000        0.0000000000
     3708.0000000000        0.0000000000        0.0000000000
     3709.0000000000        0.0000000000        0.0000000000
     3710.0000000000        0.0000000000        0.0000000000
     3711.0000000000        0.0000000000        0.0000000000
     3712.0000000000        0.0000000000        0.0000000000
     3713.0000000000        0.0000000000        0.0000000000
     3714.0000000000        0.0000000000        0.0000000000
     3715.0000000000        0.0000000000        0.0000000000
     3716.0000000000        0.0000000000        0.0000000000
     3717.0000000000        0.0000000000        0.0000000000
     3718.0000000000        0.0000000000        0.0000000000
     3719.0000000000        0.0000000000        0.0000000000
     3720.0000000000        0.0000000000        0.0000000000
     3721.0000000000        0.0000000000        0.0000000000
     3722.0000000000        0.0000000000        0.0000000000
     3723.0000000000        0.0000000000        0.0000000000
     3724.0000000000        0.0000000000        0.0000000000
     3725.0000000000        0.0000000000        0.0000000000
     3726.0000000000        0.0000000000        0.0000000000
     3727.0000000000        0.0000000000        0.0000000000
     3728.0000000000        0.0000000000        0.0000000000
     3729.0000000000        0.0000000000        0.0000000000
     3730.0000000000        0.0000000000        0.0000000000
     3731.0000000000        0.0000000000        0.0000000000
     3732.0000000000        0.0000000000        0.0000000000
     3733.0000000000        0.0000000000        0.0000000000
     3734.0000000000        0.0000000000        0.0000000000
     3735.0000000000        0.0000000000        0.0000000000
     3736.0000000000        0.0000000000        0.0000000000
     3737.0000000000        0.0000000000        0.0000000000
     3738.0000000000        0.0000000000        0.0000000000
     3739.0000000000        0.0000000000        0.0000000000
     3740.0000000000        0.0000000000        0.0000000000
     3741.0000000000        0.0000000000        0.0000000000
     3742.0000000000        0.0000000000        0.0000000000
     3743.0000000000        0.0000000000        0.0000000000
     3744.0000000000        0.0000000000        0.0000000000
     3745.0000000000        0.0000000000        0.0000000000
     3746.0000000000        0.0000000000        0.0000000000
     3747.0000000000        0.0000000000        0.0000000000
     3748.0000000000        0.0000000000        0.0000000000
     3749.0000000000        0.0000000000        0.0000000000
     3750.0000000000        0.0000000000        0.0000000000
     3751.0000000000        0.0000000000        0.0000000000
     3752.0000000000        0.0000000000        0.0000000000
     3753.0000000000        0.0000000000        0.0000000000
     3754.0000000000        0.0000000000        0.0000000000
     3755.0000000000        0.0000000000        0.0000000000
     3756.0000000000        0.0000000000        0.0000000000
     3757.0000000000        0.0000000000        0.0000000000
     3758.0000000000        0.0000000000        0.0000000000
     3759.0000000000        0.0000000000        0.0000000000
     3760.0000000000        0.0000000000        0.0000000000
     3761.0000000000        0.0000000000        0.0000000000
     3762.0000000000        0.0000000000        0.0000000000
     3763.0000000000        0.0000000000        0.0000000000
     3764.0000000000        0.0000000000        0.0000000000
     3765.0000000000        0.0000000000        0.0000000000
     3766.0000000000        0.0000000000        0.0000000000
     3767.0000000000        0.0000000000        0.0000000000
     3768.0000000000        0.0000000000        0.0000000000
     3769.0000000000        0.0000000000        0.0000000000
     3770.0000000000        0.0000000000        0.0000000000
     3771.0000000000        0.0000000000        0.0000000000
     3772.0000000000        0.0000000000        0.0000000000
     3773.0000000000        0.0000000000        0.0000000000
     3774.0000000000        0.0000000000        0.0000000000
     3775.0000000000        0.0000000000        0.0000000000
     3776.0000000000        0.0000000000        0.0000000000
     3777.0000000000        0.0000000000        0.0000000000
     3778.0000000000        0.0000000000        0.0000000000
     3779.0000000000        0.0000000000        0.0000000000
     3780.0000000000        0.0000000000        0.0000000000
     3781.0000000000        0.0000000000        0.0000000000
     3782.0000000000        0.0000000000        0.0000000000
     3783.0000000000        0.0000000000        0.0000000000
     3784.0000000000        0.0000000000        0.0000000000
     3785.0000000000        0.0000000000        0.0000000000
     3786.0000000000        0.0000000000        0.0000000000
     3787.0000000000        0.0000000000        0.0000000000
     3788.0000000000        0.0000000000        0.0000000000
     3789.0000000000        0.0000000000        0.0000000000
     3790.0000000000        0.0000000000        0.0000000000
     3791.0000000000        0.0000000000        0.0000000000
     3792.0000000000        0.0000000000        0.0000000000
     3793.0000000000        0.0000000000        0.0000000000
     3794.0000000000        0.0000000000        0.0000000000
     3795.0000000000        0.0000000000        0.0000000000
     3796.0000000000        0.0000000000        0.0000000000
     3797.0000000000        0.0000000000        0.0000000000
     3798.0000000000        0.0000000000        0.0000000000
     3799.0000000000        0.0000000000        0.0000000000
     3800.0000000000        0.0000000000        0.0000000000
     3801.0000000000        0.0000000000        0.0000000000
     3802.0000000000        0.0000000000        0.0000000000
     3803.0000000000        0.0000000000        0.0000000000
     3804.0000000000        0.0000000000        0.0000000000
     3805.0000000000        0.0000000000        0.0000000000
     3806.0000000000        0.0000000000        0.0000000000
     3807.0000000000        0.0000000000        0.0000000000
     3808.0000000000        0.0000000000        0.0000000000
     3809.0000000000        0.0000000000        0.0000000000
     3810.0000000000        0.0000000000        0.0000000000
     3811.0000000000        0.0000000000        0.0000000000
     3812.0000000000        0.0000000000        0.0000000000
     3813.0000000000        0.0000000000        0.0000000000
     3814.0000000000        0.0000000000        0.0000000000
     3815.0000000000        0.0000000000        0.0000000000
     3816.0000000000        0.0000000000        0.0000000000
     3817.0000000000        0.0000000000        0.0000000000
     3818.0000000000        0.0000000000        0.0000000000
     3819.0000000000        0.0000000000        0.0000000000
     3820.0000000000        0.0000000000        0.0000000000
     3821.0000000000        0.0000000000        0.0000000000
     3822.0000000000        0.0000000000        0.0000000000
     3823.0000000000        0.0000000000        0.0000000000
     3824.0000000000        0.0000000000        0.0000000000
     3825.0000000000        0.0000000000        0.0000000000
     3826.0000000000        0.0000000000        0.0000000000
     3827.0000000000        0.0000000000        0.0000000000
     3828.0000000000        0.0000000000        0.0000000000
     3829.0000000000        0.0000000000        0.0000000000
     3830.0000000000        0.0000000000        0.0000000000
     3831.0000000000        0.0000000000        0.0000000000
     3832.0000000000        0.0000000000        0.0000000000
     3833.0000000000        0.0000000000        0.0000000000
     3834.0000000000        0.0000000000        0.0000000000
     3835.0000000000        0.0000000000        0.0000000000
     3836.0000000000        0.0000000000        0.0000000000
     3837.0000000000        0.0000000000        0.0000000000
     3838.0000000000        0.0000000000        0.0000000000
     3839.0000000000        0.0000000000        0.0000000000
     3840.0000000000        0.0000000000        0.0000000000
     3841.0000000000        0.0000000000        0.0000000000
     3842.0000000000        0.0000000000        0.0000000000
     3843.0000000000        0.0000000000        0.0000000000
     3844.0000000000        0.0000000000        0.0000000000
     3845.0000000000        0.0000000000        0.0000000000
     3846.0000000000        0.0000000000        0.0000000000
     3847.0000000000        0.0000000000        0.0000000000
     3848.0000000000        0.0000000000        0.0000000000
     3849.0000000000        0.0000000000        0.0000000000
     3850.0000000000        0.0000000000        0.0000000000
     3851.0000000000        0.0000000000        0.0000000000
     3852.0000000000        0.0000000000        0.0000000000
     3853.0000000000        0.0000000000        0.0000000000
     3854.0000000000        0.0000000000        0.0000000000
     3855.0000000000        0.0000000000        0.0000000000
     3856.0000000000        0.0000000000        0.0000000000
     3857.0000000000        0.0000000000        0.0000000000
     3858.0000000000        0.0000000000        0.0000000000
     3859.0000000000        0.0000000000        0.0000000000
     3860.0000000000        0.0000000000        0.0000000000
     3861.0000000000        0.0000000000        0.0000000000
     3862.0000000000        0.0000000000        0.0000000000
     3863.0000000000        0.0000000000        0.0000000000
     3864.0000000000        0.0000000000        0.0000000000
     3865.0000000000        0.0000000000        0.0000000000
     3866.0000000000        0.0000000000        0.0000000000
     3867.0000000000        0.0000000000        0.0000000000
     3868.0000000000        0.0000000000        0.0000000000
     3869.0000000000        0.0000000000        0.0000000000
     3870.0000000000        0.0000000000        0.0000000000
     3871.0000000000        0.0000000000        0.0000000000
     3872.0000000000        0.0000000000        0.0000000000
     3873.0000000000        0.0000000000        0.0000000000
     3874.0000000000        0.0000000000        0.0000000000
     3875.0000000000        0.0000000000        0.0000000000
     3876.0000000000        0.0000000000        0.0000000000
     3877.0000000000        0.0000000000        0.0000000000
     3878.0000000000        0.0000000000        0.0000000000
     3879.0000000000        0.0000000000        0.0000000000
     3880.0000000000        0.0000000000        0.0000000000
     3881.0000000000        0.0000000000        0.0000000000
     3882.0000000000        0.0000000000        0.0000000000
     3883.0000000000        0.0000000000        0.0000000000
     3884.0000000000        0.0000000000        0.0000000000
     3885.0000000000        0.0000000000        0.0000000000
     3886.0000000000        0.0000000000        0.0000000000
     3887.0000000000        0.0000000000        0.0000000000
     3888.0000000000        0.0000000000        0.0000000000
     3889.0000000000        0.0000000000        0.0000000000
     3890.0000000000        0.0000000000        0.0000000000
     3891.0000000000        0.0000000000        0.0000000000
     3892.0000000000        0.0000000000        0.0000000000
     3893.0000000000        0.0000000000        0.0000000000
     3894.0000000000        0.0000000000        0.0000000000
     3895.0000000000        0.0000000000        0.0000000000
     3896.0000000000        0.0000000000        0.0000000000
     3897.0000000000        0.0000000000        0.0000000000
     3898.0000000000        0.0000000000        0.0000000000
     3899.0000000000        0.0000000000        0.0000000000
     3900.0000000000        0.0000000000        0.0000000000
     3901.0000000000        0.0000000000        0.0000000000
     3902.0000000000        0.0000000000        0.0000000000
     3903.0000000000        0.0000000000        0.0000000000
     3904.0000000000        0.0000000000        0.0000000000
     3905.0000000000        0.0000000000        0.0000000000
     3906.0000000000        0.0000000000        0.0000000000
     3907.0000000000        0.0000000000        0.0000000000
     3908.0000000000        0.0000000000        0.0000000000
     3909.0000000000        0.0000000000        0.0000000000
     3910.0000000000        0.0000000000        0.0000000000
     3911.0000000000        0.0000000000        0.0000000000
     3912.0000000000        0.0000000000        0.0000000000
     3913.0000000000        0.0000000000        0.0000000000
     3914.0000000000        0.0000000000        0.0000000000
     3915.0000000000        0.0000000000        0.0000000000
     3916.0000000000        0.0000000000        0.0000000000
     3917.0000000000        0.0000000000        0.0000000000
     3918.0000000000        0.0000000000        0.0000000000
     3919.0000000000        0.0000000000        0.0000000000
     3920.0000000000        0.0000000000        0.0000000000
     3921.0000000000        0.0000000000        0.0000000000
     3922.0000000000        0.0000000000        0.0000000000
     3923.0000000000        0.0000000000        0.0000000000
     3924.0000000000        0.0000000000        0.0000000000
     3925.0000000000        0.0000000000        0.0000000000
     3926.0000000000        0.0000000000        0.0000000000
     3927.0000000000        0.0000000000        0.0000000000
     3928.0000000000        0.0000000000        0.0000000000
     3929.0000000000        0.0000000000        0.0000000000
     3930.0000000000        0.0000000000        0.0000000000
     3931.0000000000        0.0000000000        0.0000000000
     3932.0000000000        0.0000000000        0.0000000000
     3933.0000000000        0.0000000000        0.0000000000
     3934.0000000000        0.0000000000        0.0000000000
     3935.0000000000        0.0000000000        0.0000000000
     3936.0000000000        0.0000000000        0.0000000000
     3937.0000000000        0.0000000000        0.0000000000
     3938.0000000000        0.0000000000        0.0000000000
     3939.0000000000        0.0000000000        0.0000000000
     3940.0000000000        0.0000000000        0.0000000000
     3941.0000000000        0.0000000000        0.0000000000
     3942.0000000000        0.0000000000        0.0000000000
     3943.0000000000        0.0000000000        0.0000000000
     3944.0000000000        0.0000000000        0.0000000000
     3945.0000000000        0.0000000000        0.0000000000
     3946.0000000000        0.0000000000        0.0000000000
     3947.0000000000        0.0000000000        0.0000000000
     3948.0000000000        0.0000000000        0.0000000000
     3949.0000000000        0.0000000000        0.0000000000
     3950.0000000000        0.0000000000        0.0000000000
     3951.0000000000        0.0000000000        0.0000000000
     3952.0000000000        0.0000000000        0.0000000000
     3953.0000000000        0.0000000000        0.0000000000
     3954.0000000000        0.0000000000        0.0000000000
     3955.0000000000        0.0000000000        0.0000000000
     3956.0000000000        0.0000000000        0.0000000000
     3957.0000000000        0.0000000000        0.0000000000
     3958.0000000000        0.0000000000        0.0000000000
     3959.0000000000        0.0000000000        0.0000000000
     3960.0000000000        0.0000000000        0.0000000000
     3961.0000000000        0.0000000000        0.0000000000
     3962.0000000000        0.0000000000        0.0000000000
     3963.0000000000        0.0000000000        0.0000000000
     3964.0000000000        0.0000000000        0.0000000000
     3965.0000000000        0.0000000000        0.0000000000
     3966.0000000000        0.0000000000        0.0000000000
     3967.0000000000        0.0000000000        0.0000000000
     3968.0000000000        0.0000000000        0.0000000000
     3969.0000000000        0.0000000000        0.0000000000
     3970.0000000000        0.0000000000        0.0000000000
     3971.0000000000        0.0000000000        0.0000000000
     3972.0000000000        0.0000000000        0.0000000000
     3973.0000000000        0.0000000000        0.0000000000
     3974.0000000000        0.0000000000        0.0000000000
     3975.0000000000        0.0000000000        0.0000000000
     3976.0000000000        0.0000000000        0.0000000000
     3977.0000000000        0.0000000000        0.0000000000
     3978.0000000000        0.0000000000        0.0000000000
     3979.0000000000        0.0000000000        0.0000000000
     3980.0000000000        0.0000000000        0.0000000000
     3981.0000000000        0.0000000000        0.0000000000
     3982.0000000000        0.0000000000        0.0000000000
     3983.0000000000        0.0000000000        0.0000000000
     3984.0000000000        0.0000000000        0.0000000000
     3985.0000000000        0.0000000000        0.0000000000
     3986.0000000000        0.0000000000        0.0000000000
     3987.0000000000        0.0000000000        0.0000000000
     3988.0000000000        0.0000000000        0.0000000000
     3989.0000000000        0.0000000000        0.0000000000
     3990.0000000000        0.0000000000        0.0000000000
     3991.0000000000        0.0000000000        0.0000000000
     3992.0000000000        0.0000000000        0.0000000000
     3993.0000000000        0.0000000000        0.0000000000
     3994.0000000000        0.0000000000        0.0000000000
     3995.0000000000        0.0000000000        0.0000000000
     3996.0000000000        0.0000000000        0.0000000000
     3997.0000000000        0.0000000000        0.0000000000
     3998.0000000000        0.0000000000        0.0000000000
     3999.0000000000        0.0000000000        0.0000000000
