# IR Spectrum
# X-Axis:  Frequency (cm-1)
# Y-Axis:  &epsilon; (M-1 cm-1)

# Peak information
#                  X                   Y
#      38.3803000000      659.7837945103
#     238.6049000000       37.5624314040
#     335.7176000000       18.6114585621
#     386.8843000000       46.9930693773
#     470.2920000000       66.7622547746
#     508.0114000000      183.6338095922
#     629.9921000000      220.0636190073
#     935.4057000000       14.3338507632
#     978.0216000000        9.8227563362
#    1215.9760000000        0.1614163042
#    1317.8600000000       11.4917748419
#    1358.4337000000        9.2005838052
#    1389.5000000000      210.1248195269
#    1482.5978000000      236.6620818246
#    1515.8777000000      356.1795549721
#    1518.2322000000      228.6042819389
#    3018.1832000000       25.3176535655
#    3070.4579000000       13.8259428881

# Spectra
#                  X                   Y               DY/DX
        0.0000000000        0.2357157793        0.0121511809
        1.0000000000        0.2483515504        0.0131373976
        2.0000000000        0.2620269522        0.0142328219
        3.0000000000        0.2768587246        0.0154529268
        4.0000000000        0.2929803855        0.0168158786
        5.0000000000        0.3105451938        0.0183430973
        6.0000000000        0.3297297391        0.0200599532
        7.0000000000        0.3507383111        0.0219966383
        8.0000000000        0.3738082480        0.0241892624
        9.0000000000        0.3992165210        0.0266812423
       10.0000000000        0.4272878904        0.0295250717
       11.0000000000        0.4584050717        0.0327845962
       12.0000000000        0.4930214946        0.0365379559
       13.0000000000        0.5316774307        0.0408814236
       14.0000000000        0.5750205337        0.0459344543
       15.0000000000        0.6238322116        0.0518463849
       16.0000000000        0.6790617741        0.0588054097
       17.0000000000        0.7418710503        0.0670507209
       18.0000000000        0.8136932460        0.0768891047
       19.0000000000        0.8963113764        0.0887178731
       20.0000000000        0.9919639105        0.1030569175
       21.0000000000        1.1034886886        0.1205940412
       22.0000000000        1.2345213156        0.1422498595
       23.0000000000        1.3897720558        0.1692718597
       24.0000000000        1.5754172288        0.2033723638
       25.0000000000        1.7996595661        0.2469331396
       26.0000000000        2.0735404046        0.3033115736
       27.0000000000        2.4121298371        0.3773009347
       28.0000000000        2.8362843917        0.4758195304
       29.0000000000        3.3752464670        0.6089203939
       30.0000000000        4.0704430342        0.7911807956
       31.0000000000        4.9808118629        1.0432949373
       32.0000000000        6.1894364669        1.3927594926
       33.0000000000        7.8089098319        1.8694769604
       34.0000000000        9.9750389267        2.4835097127
       35.0000000000       12.7975824544        3.1545972978
       36.0000000000       16.2002566186        3.5596581556
       37.0000000000       19.6027647985        3.0223235488
       38.0000000000       21.7404806698        1.0242298246
       39.0000000000       21.4228133023       -1.6205681937
       40.0000000000       18.8467973359       -3.2782533374
       41.0000000000       15.3520803958       -3.5181863639
       42.0000000000       12.0606564496       -3.0001797811
       43.0000000000        9.3994823704       -2.3257040963
       44.0000000000        7.3767211219       -1.7424995362
       45.0000000000        5.8674266654       -1.2985732646
       46.0000000000        4.7393031278       -0.9752133910
       47.0000000000        3.8869875450       -0.7420809070
       48.0000000000        3.2337977832       -0.5732183110
       49.0000000000        2.7255579241       -0.4495271114
       50.0000000000        2.3241819130       -0.3576580123
       51.0000000000        2.0027292445       -0.2884206284
       52.0000000000        1.7419282646       -0.2354837171
       53.0000000000        1.5278081934       -0.1944504440
       54.0000000000        1.3500988056       -0.1622320303
       55.0000000000        1.2011452590       -0.1366303094
       56.0000000000        1.0751657500       -0.1160598917
       57.0000000000        0.9677378780       -0.0993621472
       58.0000000000        0.8754387903       -0.0856794645
       59.0000000000        0.7955898211       -0.0743692818
       60.0000000000        0.7260729774       -0.0649445960
       61.0000000000        0.6651974302       -0.0570322854
       62.0000000000        0.6116012396       -0.0503435573
       63.0000000000        0.5641782019       -0.0446527458
       64.0000000000        0.5220228182       -0.0397819276
       65.0000000000        0.4843884798       -0.0355896385
       66.0000000000        0.4506553941       -0.0319625127
       67.0000000000        0.4203057634       -0.0288090261
       68.0000000000        0.3929044135       -0.0260547721
       69.0000000000        0.3680835564       -0.0236388624
       70.0000000000        0.3455307141       -0.0215111619
       71.0000000000        0.3249790803       -0.0196301484
       72.0000000000        0.3061997769       -0.0179612427
       73.0000000000        0.2889955920       -0.0164754978
       74.0000000000        0.2731958869       -0.0151485610
       75.0000000000        0.2586524295       -0.0139598488
       76.0000000000        0.2452359678       -0.0128918864
       77.0000000000        0.2328333968       -0.0119297750
       78.0000000000        0.2213454052       -0.0110607611
       79.0000000000        0.2155581702       -0.0102128527
       80.0000000000        0.2057086879       -0.0094975042
       81.0000000000        0.1965416809       -0.0088466341
       82.0000000000        0.1879963049       -0.0082531390
       83.0000000000        0.1800183490       -0.0077108313
       84.0000000000        0.1725593894       -0.0072143045
       85.0000000000        0.1655760655       -0.0067588206
       86.0000000000        0.1590294605       -0.0063402163
       87.0000000000        0.1528845674       -0.0059548228
       88.0000000000        0.1471098289       -0.0055993995
       89.0000000000        0.1416767387       -0.0052710760
       90.0000000000        0.1365594959       -0.0049673047
       91.0000000000        0.1317347037       -0.0046858185
       92.0000000000        0.1271811068       -0.0044245957
       93.0000000000        0.1228793620       -0.0041818299
       94.0000000000        0.1188118357       -0.0039559033
       95.0000000000        0.1149624277       -0.0037453643
       96.0000000000        0.1113164143       -0.0035489080
       97.0000000000        0.1078603107       -0.0033653588
       98.0000000000        0.1045817489       -0.0031936563
       99.0000000000        0.1014693698       -0.0030328417
      100.0000000000        0.0985127264       -0.0028820471
      101.0000000000        0.0957021988       -0.0027404853
      102.0000000000        0.0930289173       -0.0026074411
      103.0000000000        0.0904846949       -0.0024822639
      104.0000000000        0.0880619654       -0.0023643608
      105.0000000000        0.0857537295       -0.0022531907
      106.0000000000        0.0835535049       -0.0021482593
      107.0000000000        0.0814552827       -0.0020491140
      108.0000000000        0.0794534869       -0.0019553400
      109.0000000000        0.0775429395       -0.0018665567
      110.0000000000        0.0757188268       -0.0017824144
      111.0000000000        0.0739766712       -0.0017025911
      112.0000000000        0.0723123040       -0.0016267903
      113.0000000000        0.0707218413       -0.0015547382
      114.0000000000        0.0692016624       -0.0014861821
      115.0000000000        0.0677483899       -0.0014208881
      116.0000000000        0.0663588712       -0.0013586396
      117.0000000000        0.0650301626       -0.0012992357
      118.0000000000        0.0637595140       -0.0012424898
      119.0000000000        0.0625443550       -0.0011882284
      120.0000000000        0.0613822830       -0.0011362900
      121.0000000000        0.0602710511       -0.0010865239
      122.0000000000        0.0592085580       -0.0010387896
      123.0000000000        0.0581928384       -0.0009929556
      124.0000000000        0.0572220545       -0.0009488986
      125.0000000000        0.0562944874       -0.0009065033
      126.0000000000        0.0554085302       -0.0008656612
      127.0000000000        0.0545626814       -0.0008262701
      128.0000000000        0.0537555383       -0.0007882340
      129.0000000000        0.0529857920       -0.0007514621
      130.0000000000        0.0522522215       -0.0007158684
      131.0000000000        0.0515536897       -0.0006813715
      132.0000000000        0.0508891387       -0.0006478941
      133.0000000000        0.0502575861       -0.0006153627
      134.0000000000        0.0496581214       -0.0005837070
      135.0000000000        0.0490899026       -0.0005528599
      136.0000000000        0.0485521536       -0.0005227569
      137.0000000000        0.0480441614       -0.0004933362
      138.0000000000        0.0475652737       -0.0004645381
      139.0000000000        0.0471148970       -0.0004363048
      140.0000000000        0.0466924945       -0.0004085803
      141.0000000000        0.0462975850       -0.0003813100
      142.0000000000        0.0459297409       -0.0003544407
      143.0000000000        0.0455885875       -0.0003279200
      144.0000000000        0.0452738019       -0.0003016966
      145.0000000000        0.0449851122       -0.0002757196
      146.0000000000        0.0447222973       -0.0002499386
      147.0000000000        0.0444851864       -0.0002243034
      148.0000000000        0.0442736588       -0.0001987637
      149.0000000000        0.0440876440       -0.0001732691
      150.0000000000        0.0439271226       -0.0001477686
      151.0000000000        0.0437921259       -0.0001222108
      152.0000000000        0.0436827377       -0.0000965430
      153.0000000000        0.0435990943       -0.0000707119
      154.0000000000        0.0435413867       -0.0000446623
      155.0000000000        0.0435098615       -0.0000183376
      156.0000000000        0.0435048226        0.0000083205
      157.0000000000        0.0435266339        0.0000353730
      158.0000000000        0.0435757212        0.0000628831
      159.0000000000        0.0436525748        0.0000909170
      160.0000000000        0.0437577529        0.0001195440
      161.0000000000        0.0438918849        0.0001488373
      162.0000000000        0.0440556752        0.0001788739
      163.0000000000        0.0442499077        0.0002097356
      164.0000000000        0.0444754504        0.0002415091
      165.0000000000        0.0447332606        0.0002742868
      166.0000000000        0.0450243915        0.0003081674
      167.0000000000        0.0453499982        0.0003432565
      168.0000000000        0.0457113451        0.0003796676
      169.0000000000        0.0461098145        0.0004175225
      170.0000000000        0.0465469152        0.0004569528
      171.0000000000        0.0470242926        0.0004981006
      172.0000000000        0.0475437401        0.0005411198
      173.0000000000        0.0481072114        0.0005861772
      174.0000000000        0.0487168343        0.0006334545
      175.0000000000        0.0493749261        0.0006831494
      176.0000000000        0.0534768542        0.0007779366
      177.0000000000        0.0542825420        0.0008339414
      178.0000000000        0.0551457864        0.0008930952
      179.0000000000        0.0560698766        0.0009556826
      180.0000000000        0.0570584002        0.0010220168
      181.0000000000        0.0581152738        0.0010924431
      182.0000000000        0.0592447769        0.0011673424
      183.0000000000        0.0604515898        0.0012471366
      184.0000000000        0.0617408369        0.0013322931
      185.0000000000        0.0631181358        0.0014233312
      186.0000000000        0.0645896518        0.0015208291
      187.0000000000        0.0661621614        0.0016254318
      188.0000000000        0.0678431230        0.0017378603
      189.0000000000        0.0696407589        0.0018589228
      190.0000000000        0.0715641479        0.0019895268
      191.0000000000        0.0736233321        0.0021306941
      192.0000000000        0.0758294398        0.0022835778
      193.0000000000        0.0781948263        0.0024494829
      194.0000000000        0.0807332373        0.0026298897
      195.0000000000        0.0834599983        0.0028264821
      196.0000000000        0.0863922341        0.0030411814
      197.0000000000        0.0895491258        0.0032761858
      198.0000000000        0.0929522108        0.0035340184
      199.0000000000        0.0830291359        0.0039867812
      200.0000000000        0.0871681017        0.0042963182
      201.0000000000        0.0916327844        0.0046389126
      202.0000000000        0.0964584461        0.0050190900
      203.0000000000        0.1016852444        0.0054421379
      204.0000000000        0.1073590671        0.0059142578
      205.0000000000        0.1135325376        0.0064427548
      206.0000000000        0.1202662320        0.0070362719
      207.0000000000        0.1276301573        0.0077050832
      208.0000000000        0.1357055604        0.0084614624
      209.0000000000        0.1445871507        0.0093201485
      210.0000000000        0.1543858500        0.0102989387
      211.0000000000        0.1652322153        0.0114194492
      212.0000000000        0.1772807273        0.0127080973
      213.0000000000        0.1907152027        0.0141973802
      214.0000000000        0.2057556750        0.0159275547
      215.0000000000        0.2226672131        0.0179488601
      216.0000000000        0.2417713171        0.0203244909
      217.0000000000        0.2634607771        0.0231346082
      218.0000000000        0.2882192324        0.0264818103
      219.0000000000        0.3166471737        0.0304986734
      220.0000000000        0.3494968816        0.0353582632
      221.0000000000        0.3877198991        0.0412889631
      222.0000000000        0.4325322963        0.0485956429
      223.0000000000        0.4855055030        0.0576902553
      224.0000000000        0.5486943352        0.0691365952
      225.0000000000        0.6248197656        0.0837165256
      226.0000000000        0.7175331253        0.1025289041
      227.0000000000        0.8416542478        0.1272613864
      228.0000000000        0.9844580096        0.1599231302
      229.0000000000        1.1652579167        0.2039059085
      230.0000000000        1.3976042667        0.2639604052
      231.0000000000        1.7007723032        0.3468804469
      232.0000000000        2.1020389434        0.4618883379
      233.0000000000        2.6388549450        0.6197219116
      234.0000000000        3.3581415091        0.8268477943
      235.0000000000        4.3038655557        1.0656523571
      236.0000000000        5.4718290978        1.2469116912
      237.0000000000        6.7077534990        1.1559292093
      238.0000000000        7.6110870411        0.5614550067
      239.0000000000        7.7099999506       -0.3757368329
      240.0000000000        6.9433248717       -1.0758754400
      241.0000000000        5.7366564275       -1.2591241144
      242.0000000000        4.5348454831       -1.1128791458
      243.0000000000        3.5397469692       -0.8751096962
      244.0000000000        2.7766813567       -0.6584133236
      245.0000000000        2.2063871118       -0.4904036121
      246.0000000000        1.7808522560       -0.3672941550
      247.0000000000        1.4603834700       -0.2784815096
      248.0000000000        1.2157188939       -0.2142656557
      249.0000000000        1.0261070481       -0.1673577435
      250.0000000000        0.8769621727       -0.1326261901
      251.0000000000        0.7579874396       -0.1065325272
      252.0000000000        0.6618377272       -0.0866415123
      253.0000000000        0.5832048669       -0.0712656695
      254.0000000000        0.5181991411       -0.0592228031
      255.0000000000        0.4639304541       -0.0496740733
      256.0000000000        0.4182224702       -0.0420162811
      257.0000000000        0.3794153555       -0.0358098751
      258.0000000000        0.3462279736       -0.0307304017
      259.0000000000        0.3176603769       -0.0265353990
      260.0000000000        0.2929239316       -0.0230415498
      261.0000000000        0.2713906212       -0.0201087199
      262.0000000000        0.2525558269       -0.0176286701
      263.0000000000        0.2360106925       -0.0155169787
      264.0000000000        0.2214213844       -0.0137071946
      265.0000000000        0.2085133695       -0.0121465594
      266.0000000000        0.1970593823       -0.0107928440
      267.0000000000        0.1868701326       -0.0096119866
      268.0000000000        0.1777870703       -0.0085763123
      269.0000000000        0.1696767050       -0.0076631793
      270.0000000000        0.1624261157       -0.0068539400
      271.0000000000        0.1559393740       -0.0061331387
      272.0000000000        0.1501346787       -0.0054878851
      273.0000000000        0.1449420449       -0.0049073641
      274.0000000000        0.1403014310       -0.0043824472
      275.0000000000        0.1361612120       -0.0039053833
      276.0000000000        0.1324769306       -0.0034695514
      277.0000000000        0.1292102706       -0.0030692606
      278.0000000000        0.1263282104       -0.0026995879
      279.0000000000        0.1238023239       -0.0023562453
      280.0000000000        0.1216082021       -0.0020354705
      281.0000000000        0.1197249735       -0.0017339361
      282.0000000000        0.1181349092       -0.0014486734
      283.0000000000        0.1168230970       -0.0011770079
      284.0000000000        0.1157771749       -0.0009165043
      285.0000000000        0.1149871173       -0.0006649187
      286.0000000000        0.1144450645       -0.0004201560
      287.0000000000        0.1141451932       -0.0001802323
      288.0000000000        0.1140836231        0.0000567598
      289.0000000000        0.1142583572        0.0002926846
      290.0000000000        0.1146692538        0.0005293945
      291.0000000000        0.1153180314        0.0007687619
      292.0000000000        0.1162083041        0.0010127115
      293.0000000000        0.1173456510        0.0012632547
      294.0000000000        0.1187377211        0.0015225262
      295.0000000000        0.1203943770        0.0017928256
      296.0000000000        0.1223278823        0.0020766636
      297.0000000000        0.1245531386        0.0023768156
      298.0000000000        0.1270879813        0.0026963844
      299.0000000000        0.1299535426        0.0030388749
      300.0000000000        0.1331746971        0.0034082831
      301.0000000000        0.1367806051        0.0038092042
      302.0000000000        0.1408053756        0.0042469650
      303.0000000000        0.1452888764        0.0047277862
      304.0000000000        0.1502777256        0.0052589849
      305.0000000000        0.1558265091        0.0058492274
      306.0000000000        0.1619992835        0.0065088476
      307.0000000000        0.1688714370        0.0072502515
      308.0000000000        0.1765320104        0.0080884348
      309.0000000000        0.1850866052        0.0090416500
      310.0000000000        0.1946610551        0.0101322733
      311.0000000000        0.2225466151        0.0116030146
      312.0000000000        0.2348609599        0.0130622264
      313.0000000000        0.2487518486        0.0147641586
      314.0000000000        0.2644882332        0.0167634589
      315.0000000000        0.2824009352        0.0191299324
      316.0000000000        0.3029002001        0.0219536107
      317.0000000000        0.3264992551        0.0253518089
      318.0000000000        0.3538462746        0.0294790661
      319.0000000000        0.3857682655        0.0345413166
      320.0000000000        0.4233320543        0.0408163426
      321.0000000000        0.4679301195        0.0486836539
      322.0000000000        0.5214029440        0.0586686424
      323.0000000000        0.5862156312        0.0715084769
      324.0000000000        0.6657158089        0.0882510739
      325.0000000000        0.7645136961        0.1104036884
      326.0000000000        0.8890444903        0.1401528615
      327.0000000000        1.0483953213        0.1806758239
      328.0000000000        1.2554870027        0.2365297625
      329.0000000000        1.5286289116        0.3139564705
      330.0000000000        1.8930947237        0.4204253213
      331.0000000000        2.3810518127        0.5612069284
      332.0000000000        3.0243652481        0.7271485856
      333.0000000000        3.8266778845        0.8639626753
      334.0000000000        4.6967631291        0.8318810382
      335.0000000000        5.3741815777        0.4593619909
      336.0000000000        5.5198650254       -0.1853118115
      337.0000000000        5.0462048865       -0.7093518986
      338.0000000000        4.2254795727       -0.8744575471
      339.0000000000        3.3813126526       -0.7884409223
      340.0000000000        2.6735466643       -0.6240744123
      341.0000000000        2.1292360319       -0.4693686536
      342.0000000000        1.7234511894       -0.3480008447
      343.0000000000        1.4225239697       -0.2586152840
      344.0000000000        1.1979898259       -0.1939496491
      345.0000000000        1.0287151003       -0.1470723507
      346.0000000000        0.8996918447       -0.1127070119
      347.0000000000        0.8003875445       -0.0871204426
      348.0000000000        0.7233933884       -0.0677329144
      349.0000000000        0.7145611207       -0.0521241394
      350.0000000000        0.6685576967       -0.0403324169
      351.0000000000        0.6331259994       -0.0308596755
      352.0000000000        0.6062736899       -0.0230864400
      353.0000000000        0.5865379868       -0.0165624106
      354.0000000000        0.5728447020       -0.0109535150
      355.0000000000        0.5644111089       -0.0060059859
      356.0000000000        0.5606787733       -0.0015215773
      357.0000000000        0.5612672603        0.0026599167
      358.0000000000        0.5659427638        0.0066733655
      359.0000000000        0.5745977801        0.0106379174
      360.0000000000        0.5872393562        0.0146646971
      361.0000000000        0.6039844415        0.0188634391
      362.0000000000        0.6250616257        0.0233487284
      363.0000000000        0.6508191706        0.0282464471
      364.0000000000        0.6817398410        0.0337010302
      365.0000000000        0.7184636776        0.0398842210
      366.0000000000        0.7618206319        0.0470062099
      367.0000000000        0.8128760110        0.0553303477
      368.0000000000        0.8729931034        0.0651931324
      369.0000000000        0.9439194178        0.0770319462
      370.0000000000        1.0279060061        0.0914242347
      371.0000000000        1.1278739102        0.1091437107
      372.0000000000        1.2476487194        0.1312421178
      373.0000000000        1.3922948958        0.1591696902
      374.0000000000        1.5685979569        0.1949545425
      375.0000000000        1.7857678092        0.2414718180
      376.0000000000        2.0564743391        0.3028480126
      377.0000000000        2.3983799160        0.3850617003
      378.0000000000        2.8363979775        0.4968032831
      379.0000000000        3.4059442684        0.6505837638
      380.0000000000        4.1573028072        0.8637364026
      381.0000000000        5.1603770034        1.1577244713
      382.0000000000        6.5059532324        1.5504115146
      383.0000000000        8.2901718328        2.0265802409
      384.0000000000       10.5473065407        2.4590611419
      385.0000000000       13.0759556058        2.4859105263
      386.0000000000       15.2037855451        1.5839492541
      387.0000000000       15.9260489829       -0.2257937089
      388.0000000000       14.8040165098       -1.8891046282
      389.0000000000       12.4997317260       -2.5413060336
      390.0000000000        9.9973165980       -2.3740018401
      391.0000000000        7.8474452662       -1.9095938414
      392.0000000000        6.1750324722       -1.4474202968
      393.0000000000        4.9207220763       -1.0782624411
      394.0000000000        3.9863485429       -0.8049771061
      395.0000000000        3.2855424112       -0.6074053753
      396.0000000000        2.7532874922       -0.4647550787
      397.0000000000        2.3431676948       -0.3608564154
      398.0000000000        2.0225368959       -0.2841888122
      399.0000000000        1.7635711788       -0.2267221599
      400.0000000000        1.5596314736       -0.1830960436
      401.0000000000        1.3940616013       -0.1494597954
      402.0000000000        1.2582724322       -0.1231672607
      403.0000000000        1.1459086150       -0.1023474856
      404.0000000000        1.0522040742       -0.0856599001
      405.0000000000        0.9735387334       -0.0721309969
      406.0000000000        0.9071299451       -0.0610444949
      407.0000000000        0.8508149516       -0.0518666825
      408.0000000000        0.8028955618       -0.0441950664
      409.0000000000        0.7620258678       -0.0377226171
      410.0000000000        0.7271301032       -0.0322125640
      411.0000000000        0.6973418706       -0.0274804149
      412.0000000000        0.6719586974       -0.0233809783
      413.0000000000        0.6504077160       -0.0197988900
      414.0000000000        0.6322195038       -0.0166416250
      415.0000000000        0.6170079751       -0.0138342861
      416.0000000000        0.6044548054       -0.0113156806
      417.0000000000        0.5942972867       -0.0090353358
      418.0000000000        0.5863188017       -0.0069512075
      419.0000000000        0.5803413223       -0.0050279016
      420.0000000000        0.5762194825       -0.0032352817
      421.0000000000        0.5738358940       -0.0015473649
      422.0000000000        0.5730974515        0.0000585638
      423.0000000000        0.5739324363        0.0016026718
      424.0000000000        0.5762882761        0.0031031748
      425.0000000000        0.5801298509        0.0045768393
      426.0000000000        0.5854382663        0.0060394177
      427.0000000000        0.5922100352        0.0075060336
      428.0000000000        0.6004566286        0.0089915371
      429.0000000000        0.6102043722        0.0105108425
      430.0000000000        0.6214946769        0.0120792627
      431.0000000000        0.6343846089        0.0137128537
      432.0000000000        0.6489478131        0.0154287813
      433.0000000000        0.6652758223        0.0172457265
      434.0000000000        0.6834797959        0.0191843441
      435.0000000000        0.7036927540        0.0212677964
      436.0000000000        0.7260723909        0.0235223844
      437.0000000000        0.7508045812        0.0259783074
      438.0000000000        0.7781077262        0.0286705900
      439.0000000000        0.8082381307        0.0316402259
      440.0000000000        0.8414966571        0.0349356030
      441.0000000000        0.8782369825        0.0386142974
      442.0000000000        0.9188758794        0.0427453506
      443.0000000000        0.9639060776        0.0474121856
      444.0000000000        1.0139124470        0.0527163721
      445.0000000000        1.0695924882        0.0587825329
      446.0000000000        1.1317824599        0.0657647921
      447.0000000000        1.2014909537        0.0738553302
      448.0000000000        1.2799423972        0.0832958441
      449.0000000000        1.3686339262        0.0943930532
      450.0000000000        1.4694104489        0.1075399043
      451.0000000000        1.5845647288        0.1232448902
      452.0000000000        1.7169722714        0.1421730585
      453.0000000000        1.8702751956        0.1652040568
      454.0000000000        2.0491358920        0.1935153055
      455.0000000000        2.2595913315        0.2287026494
      456.0000000000        2.5095543176        0.2729574837
      457.0000000000        2.8095317554        0.3293296548
      458.0000000000        3.1736666043        0.4021210684
      459.0000000000        3.6212657562        0.4974774044
      460.0000000000        4.1790572108        0.6242731603
      461.0000000000        4.8845266321        0.7954039572
      462.0000000000        5.7907826157        1.0295486722
      463.0000000000        6.9733360843        1.3531296344
      464.0000000000        8.5383928123        1.8009056114
      465.0000000000       10.6289779276        2.4094408318
      466.0000000000       13.4145502390        3.1861471749
      467.0000000000       17.0218648029        4.0140507799
      468.0000000000       21.3195583343        4.4550723940
      469.0000000000       25.5131100139        3.6436579636
      470.0000000000       28.0569633085        1.0283490808
      471.0000000000       27.4228192428       -2.2132775300
      472.0000000000       24.1065121782       -4.1000700722
      473.0000000000       19.8090337978       -4.2704030502
      474.0000000000       15.8479581270       -3.5825888768
      475.0000000000       12.6891258326       -2.7432425267
      476.0000000000       10.3176070464       -2.0283379389
      477.0000000000        8.5745696252       -1.4850138138
      478.0000000000        7.2990875895       -1.0869433483
      479.0000000000        6.3649211960       -0.7964094004
      480.0000000000        5.6810711112       -0.5817607119
      481.0000000000        5.1839236062       -0.4197708697
      482.0000000000        4.8294740029       -0.2941093390
      483.0000000000        4.5874346298       -0.1933679112
      484.0000000000        4.4371473850       -0.1094706707
      485.0000000000        4.3648540170       -0.0365372918
      486.0000000000        4.3619179444        0.0299034320
      487.0000000000        4.4237054803        0.0934629895
      488.0000000000        4.5489360389        0.1572943435
      489.0000000000        4.7393873770        0.2244101029
      490.0000000000        4.9998985634        0.2979672129
      491.0000000000        5.3386586134        0.3815604574
      492.0000000000        5.7678106758        0.4795676812
      493.0000000000        6.3044482455        0.5975984588
      494.0000000000        6.9721400523        0.7431167437
      495.0000000000        7.8032056248        0.9263402629
      496.0000000000        8.8387207694        1.1616117838
      497.0000000000       10.1470439140        1.4692139983
      498.0000000000       11.8109210023        1.8785685932
      499.0000000000       13.9520995040        2.4323036175
      500.0000000000       16.7438620032        3.1918683907
      501.0000000000       20.4327369501        4.2429910774
      502.0000000000       25.3631827399        5.6941495345
      503.0000000000       31.9886197053        7.6443108588
      504.0000000000       40.8096097437       10.0526213292
      505.0000000000       52.0778117598       12.3737427079
      506.0000000000       64.9843941780       12.9279465615
      507.0000000000       76.4224798374        9.0106321273
      508.0000000000       81.2633977974        0.1011148205
      509.0000000000       76.5983678264       -8.8828335650
      510.0000000000       65.2226828632      -12.9270695128
      511.0000000000       52.2753989967      -12.4445116877
      512.0000000000       40.9247958893      -10.1403973810
      513.0000000000       32.0180753252       -7.7262173588
      514.0000000000       25.3159087491       -5.7657230139
      515.0000000000       20.3183938059       -4.3060355023
      516.0000000000       16.5694851614       -3.2493850417
      517.0000000000       13.7218164164       -2.4870077339
      518.0000000000       11.5264054006       -1.9326561729
      519.0000000000        9.8079935137       -1.5244669747
      520.0000000000        8.4431921282       -1.2195560943
      521.0000000000        7.3443864319       -0.9884288410
      522.0000000000        6.4485964612       -0.8107172567
      523.0000000000        5.7099262057       -0.6722194808
      524.0000000000        5.0944587778       -0.5629113211
      525.0000000000        4.5767850738       -0.4756232712
      526.0000000000        4.1376195433       -0.4051585747
      527.0000000000        3.7621429813       -0.3477008307
      528.0000000000        3.4388359632       -0.3004119232
      529.0000000000        3.1586471001       -0.2611559075
      530.0000000000        2.9143925422       -0.2283070641
      531.0000000000        2.7003171695       -0.2006148212
      532.0000000000        2.5117702137       -0.1771075506
      533.0000000000        2.3449628283       -0.1570232523
      534.0000000000        2.1967850183       -0.1397590542
      535.0000000000        2.0646660342       -0.1248340293
      536.0000000000        1.9464669251       -0.1118615394
      537.0000000000        1.8403971195       -0.1005284689
      538.0000000000        1.7449491285       -0.0905794893
      539.0000000000        1.6588470360       -0.0818050329
      540.0000000000        1.5810055695       -0.0740320264
      541.0000000000        1.5104973528       -0.0671166955
      542.0000000000        1.4465265336       -0.0609389370
      543.0000000000        1.3884074170       -0.0553978850
      544.0000000000        1.3355470521       -0.0504083960
      545.0000000000        1.2874309639       -0.0458982442
      546.0000000000        1.2436114026       -0.0418058692
      547.0000000000        1.1938741858       -0.0379559303
      548.0000000000        1.1576458368       -0.0345506087
      549.0000000000        1.1246795287       -0.0314257782
      550.0000000000        1.0947121636       -0.0285474427
      551.0000000000        1.0675123974       -0.0258859674
      552.0000000000        1.0428766260       -0.0234154042
      553.0000000000        1.0206255896       -0.0211129275
      554.0000000000        1.0006014915       -0.0189583643
      555.0000000000        0.9826655504       -0.0169337969
      556.0000000000        0.9666959162       -0.0150232285
      557.0000000000        0.9525858961       -0.0132122981
      558.0000000000        0.9402424433       -0.0114880372
      559.0000000000        0.9295848716       -0.0098386601
      560.0000000000        0.9205437657       -0.0082533830
      561.0000000000        0.9130600602       -0.0067222655
      562.0000000000        0.9070842668       -0.0052360713
      563.0000000000        0.9025758337       -0.0037861446
      564.0000000000        0.8995026211       -0.0023642994
      565.0000000000        0.8978404834       -0.0009627177
      566.0000000000        0.8975729475        0.0004261430
      567.0000000000        0.8986909819        0.0018096374
      568.0000000000        0.9011928504        0.0031950151
      569.0000000000        0.9050840477        0.0045895015
      570.0000000000        0.9103773149        0.0060003771
      571.0000000000        0.9170927345        0.0074350578
      572.0000000000        0.9252579065        0.0089011768
      573.0000000000        0.9349082087        0.0104066707
      574.0000000000        0.9460871442        0.0119598698
      575.0000000000        0.9588467841        0.0135695964
      576.0000000000        0.9732483121        0.0152452720
      577.0000000000        0.9893626812        0.0169970350
      578.0000000000        1.0072713959        0.0188358729
      579.0000000000        1.0270674343        0.0207737715
      580.0000000000        1.0488563283        0.0228238835
      581.0000000000        1.0727574261        0.0250007226
      582.0000000000        1.0989053614        0.0273203865
      583.0000000000        1.1274517636        0.0298008152
      584.0000000000        1.1585672470        0.0324620926
      585.0000000000        1.1924437260        0.0353267984
      586.0000000000        1.2292971125        0.0384204233
      587.0000000000        1.2693704652        0.0417718584
      588.0000000000        1.3129376720        0.0454139767
      589.0000000000        1.3603077680        0.0493843258
      590.0000000000        1.4118300124        0.0537259572
      591.0000000000        1.4678998756        0.0584884239
      592.0000000000        1.5289661237        0.0637289854
      593.0000000000        1.5955392328        0.0695140697
      594.0000000000        1.6682014189        0.0759210572
      595.0000000000        1.7476186464        0.0830404672
      596.0000000000        1.8345550662        0.0909786514
      597.0000000000        1.9298904568        0.0998611319
      598.0000000000        2.0346413970        0.1098367597
      599.0000000000        2.1499871018        0.1210829281
      600.0000000000        2.2773011240        0.1338121486
      601.0000000000        2.4181904784        0.1482804000
      602.0000000000        2.5745442260        0.1647978044
      603.0000000000        2.7485941979        0.1837423769
      604.0000000000        2.9429914183        0.2055778718
      605.0000000000        3.1609029896        0.2308771346
      606.0000000000        3.4061358699        0.2603529213
      607.0000000000        3.6832963124        0.2948989433
      608.0000000000        3.9979970323        0.3356450541
      609.0000000000        4.3571288842        0.3840322000
      610.0000000000        4.7692206380        0.4419152979
      611.0000000000        5.2449203828        0.5117060185
      612.0000000000        5.7976467651        0.5965732632
      613.0000000000        6.4444801941        0.7007280367
      614.0000000000        7.2073972452        0.8298332261
      615.0000000000        8.1150019628        0.9916002967
      616.0000000000        9.2049852930        1.1966684161
      617.0000000000       10.5276634207        1.4599132343
      618.0000000000       12.1511293458        1.8024101504
      619.0000000000       14.1688285258        2.2543851250
      620.0000000000       16.7107645670        2.8596085407
      621.0000000000       19.9600304116        3.6817225463
      622.0000000000       24.1766995581        4.8125430972
      623.0000000000       29.7302744163        6.3801033026
      624.0000000000       37.1363439027        8.5459554382
      625.0000000000       47.0720554042       11.4556574863
      626.0000000000       60.2804745912       15.0406097158
      627.0000000000       77.1200903919       18.4672199083
      628.0000000000       96.3406154165       19.1992212651
      629.0000000000      113.2475008418       13.2162295859
      630.0000000000      120.2054662149       -0.1202347999
      631.0000000000      113.0172756552      -13.3799678589
      632.0000000000       96.0138230194      -19.2326530138
      633.0000000000       76.8023679718      -18.4275503012
      634.0000000000       60.0139382795      -14.9844011630
      635.0000000000       46.8590042195      -11.4067813846
      636.0000000000       36.9660535879       -8.5093476472
      637.0000000000       29.5909852456       -6.3542808177
      638.0000000000       24.0589585551       -4.7948352158
      639.0000000000       19.8569318168       -3.6698101235
      640.0000000000       16.6174181696       -2.8517783280
      641.0000000000       14.0817880990       -2.2494389828
      642.0000000000       12.0679485603       -1.7995241969
      643.0000000000       10.4465827332       -1.4585212283
      644.0000000000        9.1247185381       -1.1963784516
      645.0000000000        8.0345921493       -0.9921383083
      646.0000000000        7.1261188198       -0.8310053378
      647.0000000000        6.3617722180       -0.7023955187
      648.0000000000        5.7130666970       -0.5986357816
      649.0000000000        5.1581117011       -0.5140903268
      650.0000000000        4.6798898548       -0.4445675167
      651.0000000000        4.2650290061       -0.3869124832
      652.0000000000        3.9029155012       -0.3387238594
      653.0000000000        3.5850460953       -0.2981543937
      654.0000000000        3.3045487895       -0.2637689173
      655.0000000000        3.0558246649       -0.2344419900
      656.0000000000        2.8342773758       -0.2092833166
      657.0000000000        2.6361068402       -0.1875828236
      658.0000000000        2.4581504355       -0.1687698036
      659.0000000000        2.2977596919       -0.1523822332
      660.0000000000        2.1527037620       -0.1380435232
      661.0000000000        2.0210932630       -0.1254447476
      662.0000000000        1.9013197525       -0.1143309506
      663.0000000000        1.7920072950       -0.1044905145
      664.0000000000        1.6919734497       -0.0957468434
      665.0000000000        1.6001976518       -0.0879518133
      666.0000000000        1.5157954360       -0.0809805793
      667.0000000000        1.4379973052       -0.0747274339
      668.0000000000        1.3661313155       -0.0691024822
      669.0000000000        1.2497483389       -0.0634099150
      670.0000000000        1.1886646408       -0.0588333947
      671.0000000000        1.1319387326       -0.0546855816
      672.0000000000        1.0791669479       -0.0509175744
      673.0000000000        1.0299911686       -0.0474869966
      674.0000000000        0.9840928110       -0.0443570063
      675.0000000000        0.9411877151       -0.0414954724
      676.0000000000        0.9010217875       -0.0388742891
      677.0000000000        0.8633672716       -0.0364688003
      678.0000000000        0.8280195466       -0.0342573174
      679.0000000000        0.7947943692       -0.0322207111
      680.0000000000        0.7635254916       -0.0303420671
      681.0000000000        0.7340625970       -0.0286063929
      682.0000000000        0.7062695054       -0.0270003685
      683.0000000000        0.6800226111       -0.0255121330
      684.0000000000        0.6552095171       -0.0241311016
      685.0000000000        0.6317278391       -0.0228478091
      686.0000000000        0.6094841561       -0.0216537737
      687.0000000000        0.5883930861       -0.0205413806
      688.0000000000        0.5683764716       -0.0195037801
      689.0000000000        0.5493626593       -0.0185347997
      690.0000000000        0.5312858622       -0.0176288674
      691.0000000000        0.5140855933       -0.0167809447
      692.0000000000        0.4977061621       -0.0159864680
      693.0000000000        0.4820962261       -0.0152412972
      694.0000000000        0.4672083900       -0.0145416708
      695.0000000000        0.4529988474       -0.0138841659
      696.0000000000        0.4394270603       -0.0132656635
      697.0000000000        0.4264554711       -0.0126833172
      698.0000000000        0.4140492434       -0.0121345261
      699.0000000000        0.4021760294       -0.0116169104
      700.0000000000        0.3908057596       -0.0111282898
      701.0000000000        0.3799104533       -0.0106666641
      702.0000000000        0.3694640470       -0.0102301965
      703.0000000000        0.3594422388       -0.0098171978
      704.0000000000        0.3498223481       -0.0094261131
      705.0000000000        0.3405831869       -0.0090555093
      706.0000000000        0.3317049444       -0.0087040642
      707.0000000000        0.3231690803       -0.0083705568
      708.0000000000        0.3149582288       -0.0080538580
      709.0000000000        0.3070561105       -0.0077529230
      710.0000000000        0.2994474516       -0.0074667838
      711.0000000000        0.2921179108       -0.0071945429
      712.0000000000        0.2850540113       -0.0069353673
      713.0000000000        0.2782430796       -0.0066884831
      714.0000000000        0.2716731884       -0.0064531707
      715.0000000000        0.2653331047       -0.0062287605
      716.0000000000        0.2592122418       -0.0060146287
      717.0000000000        0.2533006153       -0.0058101941
      718.0000000000        0.2475888024       -0.0056149141
      719.0000000000        0.2420679046       -0.0054282825
      720.0000000000        0.2367295128       -0.0052498259
      721.0000000000        0.2315656756       -0.0050791019
      722.0000000000        0.2265688697       -0.0049156965
      723.0000000000        0.2217319726       -0.0047592218
      724.0000000000        0.2170482373       -0.0046093145
      725.0000000000        0.2125112683       -0.0044656338
      726.0000000000        0.2081150009       -0.0043278600
      727.0000000000        0.2038536797       -0.0041956927
      728.0000000000        0.1997218407       -0.0040688499
      729.0000000000        0.1957142937       -0.0039470661
      730.0000000000        0.1918261055       -0.0038300919
      731.0000000000        0.1880525853       -0.0037176921
      732.0000000000        0.1843892703       -0.0036096456
      733.0000000000        0.1808319127       -0.0035057436
      734.0000000000        0.1773764673       -0.0034057894
      735.0000000000        0.1740190799       -0.0033095975
      736.0000000000        0.1707560769       -0.0032169924
      737.0000000000        0.1675839548       -0.0031278086
      738.0000000000        0.1644993714       -0.0030418898
      739.0000000000        0.1614991364       -0.0029590878
      740.0000000000        0.1585802037       -0.0028792626
      741.0000000000        0.1557396631       -0.0028022818
      742.0000000000        0.1529747338       -0.0027280199
      743.0000000000        0.1502827568       -0.0026563578
      744.0000000000        0.1476611891       -0.0025871829
      745.0000000000        0.1451075976       -0.0025203882
      746.0000000000        0.1426196532       -0.0024558723
      747.0000000000        0.1401951256       -0.0023935388
      748.0000000000        0.1378318786       -0.0023332963
      749.0000000000        0.1355278650       -0.0022750579
      750.0000000000        0.1332811224       -0.0022187409
      751.0000000000        0.1310897690       -0.0021642667
      752.0000000000        0.1289519996       -0.0021115607
      753.0000000000        0.1268660819       -0.0020605517
      754.0000000000        0.1248303531       -0.0020111720
      755.0000000000        0.1228432163       -0.0019633570
      756.0000000000        0.1209031379       -0.0019170453
      757.0000000000        0.1190086441       -0.0018721783
      758.0000000000        0.1171583184       -0.0018287001
      759.0000000000        0.1153507987       -0.0017865574
      760.0000000000        0.1135847753       -0.0017456994
      761.0000000000        0.1118589880       -0.0017060774
      762.0000000000        0.1101722241       -0.0016676451
      763.0000000000        0.1085233161       -0.0016303581
      764.0000000000        0.1069111402       -0.0015941742
      765.0000000000        0.1053346135       -0.0015590529
      766.0000000000        0.1037926930       -0.0015249555
      767.0000000000        0.1022843736       -0.0014918448
      768.0000000000        0.1008086863       -0.0014596856
      769.0000000000        0.0993646966       -0.0014284438
      770.0000000000        0.0979515036       -0.0013980871
      771.0000000000        0.0965682379       -0.0013685842
      772.0000000000        0.0952140605       -0.0013399054
      773.0000000000        0.0938881619       -0.0013120221
      774.0000000000        0.0925897602       -0.0012849070
      775.0000000000        0.0913181006       -0.0012585337
      776.0000000000        0.0973816396       -0.0011412294
      777.0000000000        0.0962538179       -0.0011145201
      778.0000000000        0.0951523910       -0.0010884356
      779.0000000000        0.0940767463       -0.0010629521
      780.0000000000        0.0930262942       -0.0010380466
      781.0000000000        0.0920004677       -0.0010136973
      782.0000000000        0.0909987215       -0.0009898826
      783.0000000000        0.0900205312       -0.0009665819
      784.0000000000        0.0890653929       -0.0009437753
      785.0000000000        0.0881328223       -0.0009214434
      786.0000000000        0.0872223541       -0.0008995675
      787.0000000000        0.0863335415       -0.0008781293
      788.0000000000        0.0854659555       -0.0008571112
      789.0000000000        0.0846191847       -0.0008364961
      790.0000000000        0.0087833194        0.0001207199
      791.0000000000        0.0089052948        0.0001232426
      792.0000000000        0.0090298281        0.0001258361
      793.0000000000        0.0091569914        0.0001285029
      794.0000000000        0.0092868592        0.0001312455
      795.0000000000        0.0094195087        0.0001340668
      796.0000000000        0.0095550199        0.0001369694
      797.0000000000        0.0096934757        0.0001399565
      798.0000000000        0.0098349620        0.0001430310
      799.0000000000        0.0099795679        0.0001461961
      800.0000000000        0.0101273856        0.0001494554
      801.0000000000        0.0102785111        0.0001528122
      802.0000000000        0.0104330438        0.0001562703
      803.0000000000        0.0105910867        0.0001598334
      804.0000000000        0.0107527471        0.0001635057
      805.0000000000        0.0109181360        0.0001672914
      806.0000000000        0.0110873690        0.0001711947
      807.0000000000        0.0112605662        0.0001752204
      808.0000000000        0.0114378522        0.0001793733
      809.0000000000        0.0116193568        0.0001836584
      810.0000000000        0.0118052148        0.0001880810
      811.0000000000        0.0119955666        0.0001926468
      812.0000000000        0.0121905580        0.0001973614
      813.0000000000        0.0123903411        0.0002022312
      814.0000000000        0.0125950742        0.0002072624
      815.0000000000        0.0128049219        0.0002124618
      816.0000000000        0.0130200562        0.0002178365
      817.0000000000        0.0132406559        0.0002233940
      818.0000000000        0.0134669077        0.0002291421
      819.0000000000        0.0189613846        0.0003012316
      820.0000000000        0.0192663044        0.0003086486
      821.0000000000        0.0195787647        0.0003163145
      822.0000000000        0.0198990199        0.0003242401
      823.0000000000        0.0202273351        0.0003324364
      824.0000000000        0.0205639869        0.0003409154
      825.0000000000        0.0209092642        0.0003496894
      826.0000000000        0.0212634684        0.0003587715
      827.0000000000        0.0216269146        0.0003681756
      828.0000000000        0.0219999319        0.0003779162
      829.0000000000        0.0223828644        0.0003880087
      830.0000000000        0.0227760720        0.0003984693
      831.0000000000        0.0231799313        0.0004093151
      832.0000000000        0.0235948366        0.0004205642
      833.0000000000        0.0240212006        0.0004322359
      834.0000000000        0.0244594558        0.0004443503
      835.0000000000        0.0249100558        0.0004569289
      836.0000000000        0.0253734759        0.0004699945
      837.0000000000        0.0258502151        0.0004835711
      838.0000000000        0.0263407969        0.0004976842
      839.0000000000        0.0268457714        0.0005123611
      840.0000000000        0.0273657165        0.0005276304
      841.0000000000        0.0279012398        0.0005435227
      842.0000000000        0.0284529805        0.0005600706
      843.0000000000        0.0290216111        0.0005773086
      844.0000000000        0.0296078401        0.0005952736
      845.0000000000        0.0302124137        0.0006140047
      846.0000000000        0.0308361188        0.0006335439
      847.0000000000        0.0314797856        0.0006539356
      848.0000000000        0.0321442900        0.0006752275
      849.0000000000        0.0328305575        0.0006974705
      850.0000000000        0.0335395661        0.0007207190
      851.0000000000        0.0342723500        0.0007450312
      852.0000000000        0.0350300037        0.0007704694
      853.0000000000        0.0358136864        0.0007971005
      854.0000000000        0.0366246263        0.0008249962
      855.0000000000        0.0374641259        0.0008542334
      856.0000000000        0.0383335677        0.0008848948
      857.0000000000        0.0392344198        0.0009170693
      858.0000000000        0.0401682425        0.0009508527
      859.0000000000        0.0411366957        0.0009863482
      860.0000000000        0.0421415466        0.0010236671
      861.0000000000        0.0431846777        0.0010629296
      862.0000000000        0.0442680968        0.0011042655
      863.0000000000        0.0453939466        0.0011478154
      864.0000000000        0.0465645163        0.0011937316
      865.0000000000        0.0477822534        0.0012421790
      866.0000000000        0.0490497777        0.0012933370
      867.0000000000        0.0503698956        0.0013474002
      868.0000000000        0.0517456170        0.0014045807
      869.0000000000        0.0531801728        0.0014651093
      870.0000000000        0.0546770354        0.0015292381
      871.0000000000        0.0562399404        0.0015972421
      872.0000000000        0.0578729115        0.0016694226
      873.0000000000        0.0595802873        0.0017461093
      874.0000000000        0.0613667523        0.0018276639
      875.0000000000        0.0632373699        0.0019144840
      876.0000000000        0.0651976208        0.0020070069
      877.0000000000        0.0672534448        0.0021057147
      878.0000000000        0.0694112884        0.0022111393
      879.0000000000        0.0716781578        0.0023238691
      880.0000000000        0.0740616782        0.0024445559
      881.0000000000        0.0765701621        0.0025739228
      882.0000000000        0.0792126842        0.0027127739
      883.0000000000        0.0819991686        0.0028620047
      884.0000000000        0.0849404855        0.0030226151
      885.0000000000        0.0880485631        0.0031957231
      886.0000000000        0.0913365136        0.0033825821
      887.0000000000        0.0948187783        0.0035846002
      888.0000000000        0.0985112933        0.0038033630
      889.0000000000        0.1024316800        0.0040406603
      890.0000000000        0.1065994643        0.0042985175
      891.0000000000        0.1110363307        0.0045792324
      892.0000000000        0.1157664157        0.0048854195
      893.0000000000        0.1208166500        0.0052200617
      894.0000000000        0.1262171563        0.0055865722
      895.0000000000        0.1320017166        0.0059888692
      896.0000000000        0.1382083197        0.0064314645
      897.0000000000        0.1448798072        0.0069195719
      898.0000000000        0.1520646385        0.0074592370
      899.0000000000        0.1598177995        0.0080574964
      900.0000000000        0.1682018875        0.0087225718
      901.0000000000        0.1772884116        0.0094641095
      902.0000000000        0.1871593596        0.0102934754
      903.0000000000        0.1979090947        0.0112241225
      904.0000000000        0.2096466635        0.0122720499
      905.0000000000        0.2224986198        0.0134563808
      906.0000000000        0.2366124997        0.0148000940
      907.0000000000        0.2521611246        0.0163309559
      908.0000000000        0.2693479620        0.0180827186
      909.0000000000        0.2884138520        0.0200966679
      910.0000000000        0.3096455055        0.0224236435
      911.0000000000        0.3333863242        0.0251266943
      912.0000000000        0.3600502879        0.0282846018
      913.0000000000        0.3901399289        0.0319965980
      914.0000000000        0.4242698103        0.0363887455
      915.0000000000        0.4631974849        0.0416226559
      916.0000000000        0.5078647376        0.0479075333
      917.0000000000        0.5594531151        0.0555170021
      918.0000000000        0.6194595456        0.0648128986
      919.0000000000        0.6898005441        0.0762793213
      920.0000000000        0.7729575954        0.0905719620
      921.0000000000        0.8721825813        0.1085904427
      922.0000000000        0.9917917807        0.1315855649
      923.0000000000        1.1375918619        0.1613197652
      924.0000000000        1.3175039388        0.2003083128
      925.0000000000        1.5424850698        0.2521805513
      926.0000000000        1.8278911633        0.3222096336
      927.0000000000        2.1954697776        0.4180433521
      928.0000000000        2.6761589211        0.5505485223
      929.0000000000        3.3135906580        0.7342026457
      930.0000000000        4.1669887796        0.9848893410
      931.0000000000        5.3081297623        1.3085105624
      932.0000000000        6.7961954120        1.6645967603
      933.0000000000        8.5950968216        1.8865696859
      934.0000000000       10.4066419390        1.6199849730
      935.0000000000       11.5683481603        0.5803934266
      936.0000000000       11.4391583388       -0.8224763376
      937.0000000000       10.1013995231       -1.7198547886
      938.0000000000        8.2583544060       -1.8622485036
      939.0000000000        6.5129279648       -1.5930635345
      940.0000000000        5.0993668834       -1.2354093088
      941.0000000000        4.0254111953       -0.9244234471
      942.0000000000        3.2256106312       -0.6871268471
      943.0000000000        2.6297165392       -0.5140103039
      944.0000000000        2.1815860931       -0.3890040250
      945.0000000000        1.8403282317       -0.2982654744
      946.0000000000        1.5770702569       -0.2315841659
      947.0000000000        1.3715475771       -0.1818130470
      948.0000000000        1.2094665528       -0.1440247923
      949.0000000000        1.0806487898       -0.1148178743
      950.0000000000        0.9777681839       -0.0918215424
      951.0000000000        0.8954992909       -0.0733598393
      952.0000000000        0.8299423631       -0.0582270415
      953.0000000000        0.7782332006       -0.0455374236
      954.0000000000        0.7382771903       -0.0346236488
      955.0000000000        0.7085680348       -0.0249667154
      956.0000000000        0.6880656249       -0.0161462116
      957.0000000000        0.6761167420       -0.0078033796
      958.0000000000        0.6724085263        0.0003882112
      959.0000000000        0.6769491112        0.0087482430
      960.0000000000        0.6900733241        0.0176147213
      961.0000000000        0.7124745171        0.0273717186
      962.0000000000        0.7452669791        0.0384834829
      963.0000000000        0.7900875975        0.0515397830
      964.0000000000        0.8492512703        0.0673194616
      965.0000000000        0.9259831133        0.0868825755
      966.0000000000        1.0247633304        0.1117067317
      967.0000000000        1.1518397367        0.1438906042
      968.0000000000        1.3159901878        0.1864560835
      969.0000000000        1.5296511065        0.2437833086
      970.0000000000        1.8105527543        0.3221834910
      971.0000000000        2.1839484749        0.4304631776
      972.0000000000        2.6851575037        0.5797819362
      973.0000000000        3.3607340338        0.7803866072
      974.0000000000        4.2622364256        1.0283546314
      975.0000000000        5.4161212633        1.2683648976
      976.0000000000        6.7408264294        1.3289002717
      977.0000000000        7.9192216747        0.9315284008
      978.0000000000        8.4237047356        0.0177431326
      979.0000000000        7.9495668049       -0.9105693364
      980.0000000000        6.7793636248       -1.3327213465
      981.0000000000        5.4427118661       -1.2861929030
      982.0000000000        4.2687111214       -1.0495392774
      983.0000000000        3.3463998260       -0.8004744285
      984.0000000000        2.6517172135       -0.5979119560
      985.0000000000        2.1332238849       -0.4469968622
      986.0000000000        1.7438443387       -0.3377151503
      987.0000000000        1.4476837815       -0.2588502598
      988.0000000000        1.2190033884       -0.2014926081
      989.0000000000        1.0396827004       -0.1592477224
      990.0000000000        0.8969633972       -0.1276820004
      991.0000000000        0.7817857692       -0.1037459806
      992.0000000000        0.6876370830       -0.0853338770
      993.0000000000        0.6097708236       -0.0709774794
      994.0000000000        0.5446788615       -0.0596405318
      995.0000000000        0.4897325428       -0.0505819183
      996.0000000000        0.4429361986       -0.0432644640
      997.0000000000        0.4027558309       -0.0372936817
      998.0000000000        0.3679985296       -0.0323762017
      999.0000000000        0.3377265036       -0.0282912282
     1000.0000000000        0.3111950178       -0.0248706976
     1001.0000000000        0.2878070415       -0.0219853179
     1002.0000000000        0.2670797246       -0.0195346253
     1003.0000000000        0.2486193421       -0.0174398220
     1004.0000000000        0.2321023731       -0.0156385573
     1005.0000000000        0.2172610706       -0.0140810855
     1006.0000000000        0.2038723543       -0.0127274088
     1007.0000000000        0.1917491857       -0.0115451317
     1008.0000000000        0.1807338164       -0.0105078349
     1009.0000000000        0.1706924592       -0.0095938334
     1010.0000000000        0.1615110541       -0.0087852188
     1011.0000000000        0.1530918780       -0.0080671162
     1012.0000000000        0.1453508141       -0.0074271025
     1013.0000000000        0.1382151376       -0.0068547490
     1014.0000000000        0.1316217101       -0.0063412579
     1015.0000000000        0.1255154987       -0.0058791727
     1016.0000000000        0.1198483553       -0.0054621459
     1017.0000000000        0.1145780047       -0.0050847512
     1018.0000000000        0.1096672019       -0.0047423311
     1019.0000000000        0.1050830278       -0.0044308730
     1020.0000000000        0.1007962970       -0.0041469070
     1021.0000000000        0.0967810577       -0.0038874224
     1022.0000000000        0.0930141693       -0.0036497977
     1023.0000000000        0.0894749418       -0.0034317437
     1024.0000000000        0.0861448294       -0.0032312548
     1025.0000000000        0.0830071669       -0.0030465688
     1026.0000000000        0.0800469437       -0.0028761332
     1027.0000000000        0.0772506093       -0.0027185764
     1028.0000000000        0.0746059044       -0.0025726836
     1029.0000000000        0.0721017150       -0.0024373761
     1030.0000000000        0.0697279450       -0.0023116939
     1031.0000000000        0.0674754053       -0.0021947805
     1032.0000000000        0.0653357171       -0.0020858703
     1033.0000000000        0.0633012264       -0.0019842772
     1034.0000000000        0.0613649296       -0.0018893853
     1035.0000000000        0.0595204074       -0.0018006404
     1036.0000000000        0.0577617667       -0.0017175432
     1037.0000000000        0.0560835892       -0.0016396427
     1038.0000000000        0.0544808854       -0.0015665310
     1039.0000000000        0.0529490546       -0.0014978383
     1040.0000000000        0.0514838480       -0.0014332292
     1041.0000000000        0.0500813370       -0.0013723986
     1042.0000000000        0.0487378842       -0.0013150686
     1043.0000000000        0.0474501175       -0.0012609861
     1044.0000000000        0.0462149069       -0.0012099196
     1045.0000000000        0.0450293438       -0.0011616574
     1046.0000000000        0.0438907220       -0.0011160059
     1047.0000000000        0.0427965212       -0.0010727872
     1048.0000000000        0.0417443913       -0.0010318380
     1049.0000000000        0.0407321388       -0.0009930084
     1050.0000000000        0.0397577142       -0.0009561601
     1051.0000000000        0.0388192007       -0.0009211657
     1052.0000000000        0.0379148040       -0.0008879078
     1053.0000000000        0.0370428426       -0.0008562777
     1054.0000000000        0.0362017394       -0.0008261751
     1055.0000000000        0.0353900142       -0.0007975070
     1056.0000000000        0.0347125138       -0.0007688597
     1057.0000000000        0.0339567949       -0.0007427830
     1058.0000000000        0.0332265500       -0.0007178998
     1059.0000000000        0.0325206206       -0.0006941409
     1060.0000000000        0.0318379148       -0.0006714423
     1061.0000000000        0.0311774026       -0.0006497440
     1062.0000000000        0.0305381120       -0.0006289903
     1063.0000000000        0.0299191246       -0.0006091291
     1064.0000000000        0.0293195725       -0.0005901119
     1065.0000000000        0.0287386346       -0.0005718933
     1066.0000000000        0.0281755339       -0.0005544307
     1067.0000000000        0.0276295345       -0.0005376844
     1068.0000000000        0.0270999388       -0.0005216172
     1069.0000000000        0.0265860854       -0.0005061941
     1070.0000000000        0.0260873468       -0.0004913824
     1071.0000000000        0.0256031271       -0.0004771513
     1072.0000000000        0.0251328604       -0.0004634718
     1073.0000000000        0.0246760086       -0.0004503169
     1074.0000000000        0.0242320602       -0.0004376609
     1075.0000000000        0.0238005285       -0.0004254798
     1076.0000000000        0.0233809500       -0.0004137508
     1077.0000000000        0.0229728834       -0.0004024525
     1078.0000000000        0.0225759082       -0.0003915648
     1079.0000000000        0.0221896232       -0.0003810687
     1080.0000000000        0.0218136463       -0.0003709461
     1081.0000000000        0.0214476123       -0.0003611800
     1082.0000000000        0.0210911728       -0.0003517543
     1083.0000000000        0.0207439952       -0.0003426539
     1084.0000000000        0.0204057615       -0.0003338642
     1085.0000000000        0.0200761678       -0.0003253717
     1086.0000000000        0.0197549234       -0.0003171633
     1087.0000000000        0.0194417505       -0.0003092269
     1088.0000000000        0.0191363829       -0.0003015508
     1089.0000000000        0.0188385659       -0.0002941238
     1090.0000000000        0.0185480557       -0.0002869355
     1091.0000000000        0.0182646187       -0.0002799759
     1092.0000000000        0.0179880308       -0.0002732356
     1093.0000000000        0.0177180775       -0.0002667053
     1094.0000000000        0.0174545530       -0.0002603766
     1095.0000000000        0.0171972598       -0.0002542413
     1096.0000000000        0.0097445500       -0.0001586619
     1097.0000000000        0.0095879589       -0.0001545425
     1098.0000000000        0.0094354215       -0.0001505536
     1099.0000000000        0.0092868100       -0.0001466898
     1100.0000000000        0.0091420020       -0.0001429457
     1101.0000000000        0.0090008804       -0.0001393162
     1102.0000000000        0.0088633330       -0.0001357965
     1103.0000000000        0.0087292523       -0.0001323820
     1104.0000000000        0.0085985353       -0.0001290683
     1105.0000000000        0.0084710835       -0.0001258511
     1106.0000000000        0.0083468022       -0.0001227264
     1107.0000000000        0.0082256011       -0.0001196903
     1108.0000000000        0.0081073932       -0.0001167392
     1109.0000000000        0.0079920956       -0.0001138693
     1110.0000000000        0.0078796286       -0.0001110774
     1111.0000000000        0.0077699160       -0.0001083600
     1112.0000000000        0.0076628848       -0.0001057141
     1113.0000000000        0.0075584650       -0.0001031366
     1114.0000000000        0.0074565898       -0.0001006245
     1115.0000000000        0.0073571951       -0.0000981750
     1116.0000000000        0.0072602199       -0.0000957853
     1117.0000000000        0.0071656056       -0.0000934527
     1118.0000000000        0.0070732963       -0.0000911748
     1119.0000000000        0.0069832387       -0.0000889488
     1120.0000000000        0.0068953820       -0.0000867725
     1121.0000000000        0.0068096779       -0.0000846435
     1122.0000000000        0.0067260801       -0.0000825593
     1123.0000000000        0.0066445451       -0.0000805178
     1124.0000000000        0.0065650311       -0.0000785166
     1125.0000000000        0.0064874991       -0.0000765537
     1126.0000000000        0.0064119117       -0.0000746268
     1127.0000000000        0.0063382341       -0.0000727339
     1128.0000000000        0.0062664334       -0.0000708727
     1129.0000000000        0.0061964788       -0.0000690412
     1130.0000000000        0.0061283418       -0.0000672374
     1131.0000000000        0.0060619956       -0.0000654590
     1132.0000000000        0.0059974158       -0.0000637042
     1133.0000000000        0.0059345801       -0.0000619706
     1134.0000000000        0.0058734682       -0.0000602563
     1135.0000000000        0.0058140618       -0.0000585590
     1136.0000000000        0.0057563451       -0.0000568767
     1137.0000000000        0.0057003043       -0.0000552070
     1138.0000000000        0.0056459278       -0.0000535476
     1139.0000000000        0.0004579075        0.0000118654
     1140.0000000000        0.0004700073        0.0000123383
     1141.0000000000        0.0004825926        0.0000128367
     1142.0000000000        0.0004956898        0.0000133623
     1143.0000000000        0.0005093269        0.0000139169
     1144.0000000000        0.0005235340        0.0000145027
     1145.0000000000        0.0005383434        0.0000151217
     1146.0000000000        0.0005537893        0.0000157764
     1147.0000000000        0.0005699090        0.0000164695
     1148.0000000000        0.0005867420        0.0000172036
     1149.0000000000        0.0006043310        0.0000179821
     1150.0000000000        0.0006227220        0.0000188081
     1151.0000000000        0.0006419643        0.0000196854
     1152.0000000000        0.0006621113        0.0000206181
     1153.0000000000        0.0006832205        0.0000216106
     1154.0000000000        0.0007053541        0.0000226677
     1155.0000000000        0.0007285793        0.0000237949
     1156.0000000000        0.0007529690        0.0000249978
     1157.0000000000        0.0007786024        0.0000262831
     1158.0000000000        0.0090146004        0.0001302965
     1159.0000000000        0.0091465949        0.0001337176
     1160.0000000000        0.0092820875        0.0001372945
     1161.0000000000        0.0094212396        0.0001410385
     1162.0000000000        0.0095642244        0.0001449622
     1163.0000000000        0.0097112284        0.0001490793
     1164.0000000000        0.0098624525        0.0001534049
     1165.0000000000        0.0100181134        0.0001579561
     1166.0000000000        0.0101784461        0.0001627515
     1167.0000000000        0.0103437049        0.0001678122
     1168.0000000000        0.0105141667        0.0001731615
     1169.0000000000        0.0106901328        0.0001788256
     1170.0000000000        0.0108719326        0.0001848340
     1171.0000000000        0.0110599265        0.0001912198
     1172.0000000000        0.0112545104        0.0001980206
     1173.0000000000        0.0114561200        0.0002052788
     1174.0000000000        0.0116652365        0.0002130428
     1175.0000000000        0.0118823925        0.0002213678
     1176.0000000000        0.0121081800        0.0002303169
     1177.0000000000        0.0123432585        0.0002399627
     1178.0000000000        0.0125883654        0.0002503889
     1179.0000000000        0.0128443284        0.0002616923
     1180.0000000000        0.0131120797        0.0002739855
     1181.0000000000        0.0133926731        0.0002874002
     1182.0000000000        0.0136873050        0.0003020904
     1183.0000000000        0.0139973391        0.0003182376
     1184.0000000000        0.0143243371        0.0003360569
     1185.0000000000        0.0146700951        0.0003558040
     1186.0000000000        0.0150366889        0.0003777845
     1187.0000000000        0.0154265303        0.0004023663
     1188.0000000000        0.0158424359        0.0004299944
     1189.0000000000        0.0162877136        0.0004612103
     1190.0000000000        0.0167662720        0.0004966780
     1191.0000000000        0.0172827577        0.0005372165
     1192.0000000000        0.0178427319        0.0005838441
     1193.0000000000        0.0184528972        0.0006378367
     1194.0000000000        0.0191213926        0.0007008062
     1195.0000000000        0.0198581802        0.0007748073
     1196.0000000000        0.0206755571        0.0008624840
     1197.0000000000        0.0215888404        0.0009672726
     1198.0000000000        0.0226172946        0.0010936872
     1199.0000000000        0.0305963468        0.0013331112
     1200.0000000000        0.0320217519        0.0015244640
     1201.0000000000        0.0336608000        0.0017625291
     1202.0000000000        0.0355673661        0.0020624596
     1203.0000000000        0.0378133074        0.0024454435
     1204.0000000000        0.0404958022        0.0029415011
     1205.0000000000        0.0437481430        0.0035936908
     1206.0000000000        0.0477557026        0.0044643678
     1207.0000000000        0.0527794832        0.0056441909
     1208.0000000000        0.0591901309        0.0072639101
     1209.0000000000        0.0675140584        0.0095056788
     1210.0000000000        0.0784852783        0.0125987242
     1211.0000000000        0.0930661651        0.0167473594
     1212.0000000000        0.1123074918        0.0218450280
     1213.0000000000        0.1366979995        0.0266838905
     1214.0000000000        0.1644098425        0.0276259959
     1215.0000000000        0.1887055118        0.0189803961
     1216.0000000000        0.1987625418        0.0000056715
     1217.0000000000        0.1888335057       -0.0186394441
     1218.0000000000        0.1651683848       -0.0267230211
     1219.0000000000        0.1385435701       -0.0254638166
     1220.0000000000        0.1154244662       -0.0205500462
     1221.0000000000        0.0974687438       -0.0154790614
     1222.0000000000        0.0841327355       -0.0113772442
     1223.0000000000        0.0743623187       -0.0083235244
     1224.0000000000        0.0672061647       -0.0061084600
     1225.0000000000        0.0619423621       -0.0045043129
     1226.0000000000        0.0580543373       -0.0033315100
     1227.0000000000        0.0551788524       -0.0024614873
     1228.0000000000        0.0530604345       -0.0018051631
     1229.0000000000        0.0515179282       -0.0013012533
     1230.0000000000        0.2093963135        0.0010847544
     1231.0000000000        0.2106623441        0.0014360047
     1232.0000000000        0.2122488388        0.0017286088
     1233.0000000000        0.2141050581        0.0019775679
     1234.0000000000        0.2161930943        0.0021937919
     1235.0000000000        0.2184844350        0.0023853288
     1236.0000000000        0.2209575457        0.0025581997
     1237.0000000000        0.2235961467        0.0027169728
     1238.0000000000        0.2263879722        0.0028651628
     1239.0000000000        0.2293238650        0.0030055119
     1240.0000000000        0.2323971105        0.0031401905
     1241.0000000000        0.2356029407        0.0032709427
     1242.0000000000        0.2389381640        0.0033991914
     1243.0000000000        0.2424008846        0.0035261171
     1244.0000000000        0.2459902910        0.0036527164
     1245.0000000000        0.2497064954        0.0037798462
     1246.0000000000        0.2535504115        0.0039082577
     1247.0000000000        0.2575236627        0.0040386229
     1248.0000000000        0.2616285136        0.0041715555
     1249.0000000000        0.2658678205        0.0043076274
     1250.0000000000        0.2702449963        0.0044473822
     1251.0000000000        0.2747639883        0.0045913469
     1252.0000000000        0.2794292665        0.0047400409
     1253.0000000000        0.2842458201        0.0048939852
     1254.0000000000        0.2892191634        0.0050537094
     1255.0000000000        0.2943553473        0.0052197592
     1256.0000000000        0.2996609792        0.0053927025
     1257.0000000000        0.3051432488        0.0055731368
     1258.0000000000        0.3108099604        0.0057616955
     1259.0000000000        0.3166695728        0.0059590550
     1260.0000000000        0.3227312456        0.0061659420
     1261.0000000000        0.3290048937        0.0063831418
     1262.0000000000        0.3355012501        0.0066115067
     1263.0000000000        0.3422319376        0.0068519660
     1264.0000000000        0.3492095514        0.0071055367
     1265.0000000000        0.3564477526        0.0073733361
     1266.0000000000        0.3639613755        0.0076565955
     1267.0000000000        0.3717665491        0.0079566763
     1268.0000000000        0.3798808367        0.0082750885
     1269.0000000000        0.3883233944        0.0086135120
     1270.0000000000        0.3971151533        0.0089738209
     1271.0000000000        0.4062790278        0.0093581130
     1272.0000000000        0.4158401553        0.0097687427
     1273.0000000000        0.4258261723        0.0102083610
     1274.0000000000        0.4362675338        0.0106799619
     1275.0000000000        0.4471978825        0.0111869374
     1276.0000000000        0.4586544794        0.0117331432
     1277.0000000000        0.4706787045        0.0123229767
     1278.0000000000        0.4833166446        0.0129614704
     1279.0000000000        0.4966197825        0.0136544048
     1280.0000000000        0.5106458109        0.0144084440
     1281.0000000000        0.5254595959        0.0152313008
     1282.0000000000        0.5411343229        0.0161319385
     1283.0000000000        0.5577528665        0.0171208170
     1284.0000000000        0.5754094335        0.0182101976
     1285.0000000000        0.5942115464        0.0194145198
     1286.0000000000        0.6142824471        0.0207508711
     1287.0000000000        0.6357640291        0.0222395760
     1288.0000000000        0.6588204309        0.0239049396
     1289.0000000000        0.6836424703        0.0257761922
     1290.0000000000        0.7104531479        0.0278886971
     1291.0000000000        0.7395145260        0.0302855081
     1292.0000000000        0.7711363854        0.0330193919
     1293.0000000000        0.8056872022        0.0361554769
     1294.0000000000        0.8436081766        0.0397747521
     1295.0000000000        0.8854313130        0.0439787319
     1296.0000000000        0.9318029263        0.0488957351
     1297.0000000000        0.9835144940        0.0546894225
     1298.0000000000        1.0415435495        0.0615705317
     1299.0000000000        1.1071084592        0.0698131859
     1300.0000000000        1.1817426134        0.0797778260
     1301.0000000000        1.2673960883        0.0919438470
     1302.0000000000        1.3665766595        0.1069566170
     1303.0000000000        1.4825478767        0.1256960494
     1304.0000000000        1.6196108814        0.1493777763
     1305.0000000000        1.7835104703        0.1797039463
     1306.0000000000        1.9820271117        0.2190895771
     1307.0000000000        2.2258484126        0.2710026203
     1308.0000000000        2.5298584507        0.3404689997
     1309.0000000000        2.9150371499        0.4347943855
     1310.0000000000        3.4111915210        0.5644911624
     1311.0000000000        4.0606131021        0.7441010122
     1312.0000000000        4.9220212396        0.9915484220
     1313.0000000000        6.0714566443        1.3214513764
     1314.0000000000        7.5887411926        1.7198684363
     1315.0000000000        9.4998723560        2.0773346066
     1316.0000000000       11.6297595276        2.0868560680
     1317.0000000000       13.4078577081        1.3143790217
     1318.0000000000       13.9979748789       -0.2018930279
     1319.0000000000       13.0562377943       -1.5707315088
     1320.0000000000       11.1514833134       -2.0914364825
     1321.0000000000        9.0995031985       -1.9398684167
     1322.0000000000        7.3485621541       -1.5495065621
     1323.0000000000        6.1876570820       -1.1619300434
     1324.0000000000        5.1864592005       -0.8546409248
     1325.0000000000        4.4517492437       -0.6267486811
     1326.0000000000        3.9121598531       -0.4612991543
     1327.0000000000        3.5141406586       -0.3410229261
     1328.0000000000        3.2195640352       -0.2525272988
     1329.0000000000        3.0017056035       -0.1862701545
     1330.0000000000        2.8418377283       -0.1356382735
     1331.0000000000        2.7267577618       -0.0960657365
     1332.0000000000        2.6470891535       -0.0643750302
     1333.0000000000        2.5961353379       -0.0383219272
     1334.0000000000        2.5691097336       -0.0162893244
     1335.0000000000        2.5626180488        0.0029181050
     1336.0000000000        2.5743105250        0.0202131905
     1337.0000000000        2.6026506075        0.0363230105
     1338.0000000000        2.6467658878        0.0518588214
     1339.0000000000        2.7063601791        0.0673698744
     1340.0000000000        2.7816746460        0.0833888283
     1341.0000000000        2.8734927514        0.1004749352
     1342.0000000000        2.9831896770        0.1192607905
     1343.0000000000        3.1128329142        0.1405091183
     1344.0000000000        3.2653480263        0.1651879575
     1345.0000000000        3.4447735311        0.1945760786
     1346.0000000000        3.6566432846        0.2304160879
     1347.0000000000        3.9085561489        0.2751410449
     1348.0000000000        4.2110238324        0.3322112363
     1349.0000000000        4.5787294055        0.4066064333
     1350.0000000000        5.0323711110        0.5055054009
     1351.0000000000        5.6012578115        0.6390771685
     1352.0000000000        6.3265763777        0.8208778942
     1353.0000000000        7.2641645254        1.0659224353
     1354.0000000000        8.4819899505        1.3804646884
     1355.0000000000       10.0376709126        1.7290206330
     1356.0000000000       12.1961055627        1.9647694308
     1357.0000000000       14.1089489939        1.7542994834
     1358.0000000000       15.4574451743        0.8266650915
     1359.0000000000       15.8258806271       -0.4554380319
     1360.0000000000       14.8945276062       -1.2835493805
     1361.0000000000       13.5030130324       -1.4000142469
     1362.0000000000       12.2264859650       -1.1176095949
     1363.0000000000       11.2968704242       -0.7413286420
     1364.0000000000       10.7310119149       -0.4002072754
     1365.0000000000       10.4758798612       -0.1197953191
     1366.0000000000       10.4744987498        0.1100087082
     1367.0000000000       10.6847441556        0.3062827780
     1368.0000000000       11.0811415306        0.4846946718
     1369.0000000000       11.6525447878        0.6582771389
     1370.0000000000       12.3998143023        0.8381908901
     1371.0000000000       13.3345091789        1.0348665023
     1372.0000000000       14.4787347062        1.2591571536
     1373.0000000000       15.8661487038        1.5235205791
     1374.0000000000       17.5442205205        1.8433716319
     1375.0000000000       19.5780109498        2.2388113624
     1376.0000000000       22.0558772971        2.7370177309
     1377.0000000000       25.0985929401        3.3756967521
     1378.0000000000       28.8716276723        4.2082078764
     1379.0000000000       33.6047850817        5.3111780565
     1380.0000000000       39.6206104465        6.7956782328
     1381.0000000000       47.3762350726        8.8227548858
     1382.0000000000       57.5225352393       11.6218602613
     1383.0000000000       70.9794816592       15.5014796586
     1384.0000000000       89.0032909824       20.8103729792
     1385.0000000000      113.1421848310       27.7193203618
     1386.0000000000      144.7600512273       35.5009366644
     1387.0000000000      183.3958245454       40.8794381919
     1388.0000000000      223.2684769707       36.4605720305
     1389.0000000000      250.5703312300       15.3362561510
     1390.0000000000      250.5819219975      -15.3130928991
     1391.0000000000      223.3031391965      -36.4376295634
     1392.0000000000      183.4532241909      -40.8569449454
     1393.0000000000      144.8396186603      -35.4791367915
     1394.0000000000      113.2430947361      -27.6984826627
     1395.0000000000       89.1244326945      -20.7908012198
     1396.0000000000       71.1194182226      -15.4835249235
     1397.0000000000       57.6794487585      -11.6059361738
     1398.0000000000       47.5478549638       -8.8093568018
     1399.0000000000       39.8041199003       -6.7854079164
     1400.0000000000       33.7966992680       -5.3047759307
     1401.0000000000       29.0676347230       -4.2065957996
     1402.0000000000       25.2933451996       -3.3800355441
     1403.0000000000       22.2427152229       -2.7487855710
     1404.0000000000       19.7484870741       -2.2599134008
     1405.0000000000       17.6879235747       -1.8762874470
     1406.0000000000       15.9697056346       -1.5715229660
     1407.0000000000       14.5249801462       -1.3266193141
     1408.0000000000       13.3011749053       -1.1277106469
     1409.0000000000       12.2576719689       -0.9645473749
     1410.0000000000       11.3627421460       -0.8294594005
     1411.0000000000       10.5913453543       -0.7166396966
     1412.0000000000        9.9235327650       -0.6216431333
     1413.0000000000        9.3432723515       -0.5410315984
     1414.0000000000        8.8375759337       -0.4721197245
     1415.0000000000        8.3958434172       -0.4127906187
     1416.0000000000        8.0093652532       -0.3613608614
     1417.0000000000        7.6709413909       -0.3164805702
     1418.0000000000        7.3745868758       -0.2770586853
     1419.0000000000        7.1153025187       -0.2422065830
     1420.0000000000        6.8888948870       -0.2111951371
     1421.0000000000        6.6918340102       -0.1834217379
     1422.0000000000        6.5211401693       -0.1583847491
     1423.0000000000        6.3742932984       -0.1356635663
     1424.0000000000        6.2491601073       -0.1149029249
     1425.0000000000        6.1439351991       -0.0958004561
     1426.0000000000        6.0570933306       -0.0780967395
     1427.0000000000        5.9873506127       -0.0615672878
     1428.0000000000        5.9336329451       -0.0460160312
     1429.0000000000        5.8950503575       -0.0312699713
     1430.0000000000        5.8708762219       -0.0171747483
     1431.0000000000        5.8605305257       -0.0035909211
     1432.0000000000        5.8635665773        0.0096091997
     1433.0000000000        5.8796606550        0.0225442917
     1434.0000000000        5.9086042282        0.0353264401
     1435.0000000000        5.9502984729        0.0480633223
     1436.0000000000        6.0047508872        0.0608602327
     1437.0000000000        6.0720738796        0.0738220154
     1438.0000000000        6.1524852699        0.0870549663
     1439.0000000000        6.2463107014        0.1006687641
     1440.0000000000        6.3539880241        0.1147784917
     1441.0000000000        6.4760737722        0.1295068133
     1442.0000000000        6.6132519249        0.1449863791
     1443.0000000000        6.7663452206        0.1613625410
     1444.0000000000        6.9363293829        0.1787964780
     1445.0000000000        7.1243507251        0.1974688509
     1446.0000000000        7.3317477336        0.2175841331
     1447.0000000000        7.5600773970        0.2393758034
     1448.0000000000        7.8111472521        0.2631126343
     1449.0000000000        8.0870543890        0.2891063746
     1450.0000000000        8.3902329923        0.3177212159
     1451.0000000000        8.7235124450        0.3493855445
     1452.0000000000        9.0901885955        0.3846066438
     1453.0000000000        9.4941115575        0.4239892242
     1454.0000000000        9.9397944262        0.4682589528
     1455.0000000000       10.4325486616        0.5182925609
     1456.0000000000       10.9786537327        0.5751566742
     1457.0000000000       11.5855711367        0.6401583037
     1458.0000000000       12.2622163744        0.7149110620
     1459.0000000000       13.0193072873        0.8014227830
     1460.0000000000       13.8698139314        0.9022125582
     1461.0000000000       14.8295447765        1.0204686132
     1462.0000000000       15.9179177978        1.1602634963
     1463.0000000000       17.1589850124        1.3268505874
     1464.0000000000       18.5828083236        1.5270773272
     1465.0000000000       20.2273280093        1.7699679506
     1466.0000000000       22.1409303984        2.0675553025
     1467.0000000000       24.3860201275        2.4360829070
     1468.0000000000       27.0440535694        2.8977633046
     1469.0000000000       30.2227227805        3.4833794802
     1470.0000000000       34.0663380326        4.2361705887
     1471.0000000000       38.7710049882        5.2176700109
     1472.0000000000       44.6070056661        6.5164630701
     1473.0000000000       51.9519095687        8.2611079999
     1474.0000000000       61.3391643383       10.6382651939
     1475.0000000000       73.5271126815       13.9147642716
     1476.0000000000       89.5882594742       18.4525508956
     1477.0000000000      110.9940877339       24.6722640167
     1478.0000000000      139.5777649855       32.8245061742
     1479.0000000000      177.0750733667       42.2080672995
     1480.0000000000      223.2918938670       49.3013513167
     1481.0000000000      272.1324923756       45.6659063328
     1482.0000000000      307.8560636660       22.2934452709
     1483.0000000000      312.0413747386      -14.3639529172
     1484.0000000000      282.4609271544      -41.5825210419
     1485.0000000000      235.8603007752      -48.5620374314
     1486.0000000000      189.6104608247      -42.7098942408
     1487.0000000000      151.5569753858      -33.3136968581
     1488.0000000000      122.6707467044      -24.7470387830
     1489.0000000000      101.4198466690      -18.0741113388
     1490.0000000000       85.9408113978      -13.1399378435
     1491.0000000000       74.7005999800       -9.5258664920
     1492.0000000000       66.5778492346       -6.8488074784
     1493.0000000000       60.7881182690       -4.8191436382
     1494.0000000000       56.7932927995       -3.2302881590
     1495.0000000000       54.2297352469       -1.9361930851
     1496.0000000000       52.8580043632       -0.8316623657
     1497.0000000000       52.5297187175        0.1622801369
     1498.0000000000       53.1668788246        1.1089077162
     1499.0000000000       54.7502383671        2.0635974974
     1500.0000000000       57.3146514037        3.0801622983
     1501.0000000000       60.9504511016        4.2167435742
     1502.0000000000       65.8109016049        5.5422273429
     1503.0000000000       72.1267580146        7.1442375758
     1504.0000000000       80.2301479657        9.1400427140
     1505.0000000000       90.5915481700       11.6921911060
     1506.0000000000      103.8757446574       15.0312916848
     1507.0000000000      121.0252815890       19.4886151380
     1508.0000000000      143.3819619393       25.5392968823
     1509.0000000000      172.8538269708       33.8467263603
     1510.0000000000      212.1105892631       45.2612030651
     1511.0000000000      264.6954898778       60.6095630656
     1512.0000000000      334.6500225227       79.8174294524
     1513.0000000000      424.5650386407       99.4736974860
     1514.0000000000      530.2587376846      108.8162098503
     1515.0000000000      632.9756770514       90.8898403153
     1516.0000000000      701.1260945641       41.3859442558
     1517.0000000000      712.5221029883      -17.9952555964
     1518.0000000000      668.7309675916      -67.1059465326
     1519.0000000000      584.4985623627      -97.5304694967
     1520.0000000000      482.0403094720     -103.3675290793
     1521.0000000000      383.9981633878      -90.7144182825
     1522.0000000000      302.5747063337      -71.9529716544
     1523.0000000000      239.5375842186      -54.6690580184
     1524.0000000000      191.9761845574      -41.0932043775
     1525.0000000000      156.1694879183      -31.0466929076
     1526.0000000000      128.9700429418      -23.7412774622
     1527.0000000000      108.0270739000      -18.4218247409
     1528.0000000000       91.6589912162      -14.5102217369
     1529.0000000000       78.6757952768      -11.5952860398
     1530.0000000000       68.2323275989       -9.3915127643
     1531.0000000000       59.7222368821       -7.7013023279
     1532.0000000000       52.7048552005       -6.3870281910
     1533.0000000000       46.8554693566       -5.3517977710
     1534.0000000000       41.9314827305       -4.5265260791
     1535.0000000000       37.7492161384       -3.8612959817
     1536.0000000000       34.1678294835       -3.3195597391
     1537.0000000000       31.0780407533       -2.8742132360
     1538.0000000000       28.3941093642       -2.5049086758
     1539.0000000000       26.0480665435       -2.1961928521
     1540.0000000000       23.9855114268       -1.9362014467
     1541.0000000000       22.1625115748       -1.7157320960
     1542.0000000000       20.5432919440       -1.5275785281
     1543.0000000000       19.0984933155       -1.3660467785
     1544.0000000000       17.8038466164       -1.2265998594
     1545.0000000000       16.6391542202       -1.1055940714
     1546.0000000000       15.5875001250       -1.0000813980
     1547.0000000000       14.6346324194       -0.9076600417
     1548.0000000000       13.7684766120       -0.8263603782
     1549.0000000000       12.9787492162       -0.7545572095
     1550.0000000000       12.0996474305       -0.6889465290
     1551.0000000000       11.4395428388       -0.6323491785
     1552.0000000000       10.8329250513       -0.5818288102
     1553.0000000000       10.2741262145       -0.5365894944
     1554.0000000000        9.7582115203       -0.4959571441
     1555.0000000000        9.2808683375       -0.4593583334
     1556.0000000000        8.8383143951       -0.4263032121
     1557.0000000000        8.4272213736       -0.3963716493
     1558.0000000000        8.0446510240       -0.3692019363
     1559.0000000000        7.6880015251       -0.3444815307
     1560.0000000000        7.3549622489       -0.3219394371
     1561.0000000000        7.0434754626       -0.3013399057
     1562.0000000000        6.7517037799       -0.2824771993
     1563.0000000000        6.4780023959       -0.2651712279
     1564.0000000000        6.2208953208       -0.2492638950
     1565.0000000000        5.9790549660       -0.2346160247
     1566.0000000000        5.7512845556       -0.2211047715
     1567.0000000000        5.5365029233       -0.2086214255
     1568.0000000000        5.3337313329       -0.1970695500
     1569.0000000000        5.1420820207       -0.1863633926
     1570.0000000000        4.9607482071       -0.1764265286
     1571.0000000000        4.7889953655       -0.1671906968
     1572.0000000000        4.6261535721       -0.1585947988
     1573.0000000000        4.4716107845       -0.1505840360
     1574.0000000000        4.3248069244       -0.1431091636
     1575.0000000000        4.1852286546       -0.1361258438
     1576.0000000000        4.0524047596       -0.1295940839
     1577.0000000000        3.9259020508       -0.1234777462
     1578.0000000000        3.8053217301       -0.1177441213
     1579.0000000000        3.6902961528       -0.1123635532
     1580.0000000000        3.5804859419       -0.1073091114
     1581.0000000000        3.4755774097       -0.1025563028
     1582.0000000000        3.3752802504       -0.0980828171
     1583.0000000000        3.2793254711       -0.0938683031
     1584.0000000000        3.1874635347       -0.0898941703
     1585.0000000000        3.0994626879       -0.0861434131
     1586.0000000000        3.0151074562       -0.0826004555
     1587.0000000000        2.9341972851       -0.0792510119
     1588.0000000000        2.8565453122       -0.0760819642
     1589.0000000000        2.7819772557       -0.0730812514
     1590.0000000000        2.7103304080       -0.0702377717
     1591.0000000000        2.6414527206       -0.0675412937
     1592.0000000000        2.5752019742       -0.0649823786
     1593.0000000000        2.5114450224       -0.0625523083
     1594.0000000000        2.4500571027       -0.0602430225
     1595.0000000000        2.3909212087       -0.0580470610
     1596.0000000000        2.3339275153       -0.0559575123
     1597.0000000000        2.2789728548       -0.0539679667
     1598.0000000000        2.2259602355       -0.0520724745
     1599.0000000000        2.1747984018       -0.0502655074
     1600.0000000000        2.1254014300       -0.0485419244
     1601.0000000000        2.0776883570       -0.0468969402
     1602.0000000000        2.0315828392       -0.0453260969
     1603.0000000000        1.9870128383       -0.0438252376
     1604.0000000000        1.9439103317       -0.0423904837
     1605.0000000000        1.9022110460       -0.0410182124
     1606.0000000000        1.8618542104       -0.0397050380
     1607.0000000000        1.8227823291       -0.0384477933
     1608.0000000000        1.7849409708       -0.0372435138
     1609.0000000000        1.7482785741       -0.0360894222
     1610.0000000000        1.7127462667       -0.0349829151
     1611.0000000000        1.6782976982       -0.0339215501
     1612.0000000000        1.6448888849       -0.0329030344
     1613.0000000000        1.6124780657       -0.0319252141
     1614.0000000000        1.5810255677       -0.0309860648
     1615.0000000000        1.5504936819       -0.0300836819
     1616.0000000000        1.5208465471       -0.0292162730
     1617.0000000000        1.4920500418       -0.0283821499
     1618.0000000000        1.4640716833       -0.0275797219
     1619.0000000000        1.4368805339       -0.0268074888
     1620.0000000000        1.4104471133       -0.0260640354
     1621.0000000000        1.3847433162       -0.0253480254
     1622.0000000000        1.3597423360       -0.0246581971
     1623.0000000000        1.3354185932       -0.0239933575
     1624.0000000000        1.3117476680       -0.0233523790
     1625.0000000000        1.2887062378       -0.0227341945
     1626.0000000000        1.2662720182       -0.0221377941
     1627.0000000000        1.2444237078       -0.0215622211
     1628.0000000000        1.2231409362       -0.0210065693
     1629.0000000000        1.2024042157       -0.0204699794
     1630.0000000000        1.1821948956       -0.0199516364
     1631.0000000000        1.1624951188       -0.0194507671
     1632.0000000000        1.1432877820       -0.0189666373
     1633.0000000000        1.1245564972       -0.0184985497
     1634.0000000000        1.1062855563       -0.0180458418
     1635.0000000000        1.0884598974       -0.0176078836
     1636.0000000000        1.0710650725       -0.0171840762
     1637.0000000000        1.0540872183       -0.0167738496
     1638.0000000000        1.0375130274       -0.0163766613
     1639.0000000000        1.0213297220       -0.0159919947
     1640.0000000000        1.0055250284       -0.0156193577
     1641.0000000000        0.9900871533       -0.0152582812
     1642.0000000000        0.9750047616       -0.0149083182
     1643.0000000000        0.7713597258       -0.0122150865
     1644.0000000000        0.7592881639       -0.0119295378
     1645.0000000000        0.7474977074       -0.0116528182
     1646.0000000000        0.7359796975       -0.0113845893
     1647.0000000000        0.7247258063       -0.0111245281
     1648.0000000000        0.7137280218       -0.0108723259
     1649.0000000000        0.7029786331       -0.0106276883
     1650.0000000000        0.6924702175       -0.0103903339
     1651.0000000000        0.6821956275       -0.0101599935
     1652.0000000000        0.6721479783       -0.0099364102
     1653.0000000000        0.6623206368       -0.0097193379
     1654.0000000000        0.6527072106       -0.0095085415
     1655.0000000000        0.6433015370       -0.0093037958
     1656.0000000000        0.6340976739       -0.0091048854
     1657.0000000000        0.6250898901       -0.0089116037
     1658.0000000000        0.6162726561       -0.0087237532
     1659.0000000000        0.6076406364       -0.0085411446
     1660.0000000000        0.5991886804       -0.0083635961
     1661.0000000000        0.5909118155       -0.0081909338
     1662.0000000000        0.5828052397       -0.0080229909
     1663.0000000000        0.5748643141       -0.0078596071
     1664.0000000000        0.5670845570       -0.0077006289
     1665.0000000000        0.5594616370       -0.0075459088
     1666.0000000000        0.5519913674       -0.0073953051
     1667.0000000000        0.5446697000       -0.0072486820
     1668.0000000000        0.5374927202       -0.0071059087
     1669.0000000000        0.5304566412       -0.0069668598
     1670.0000000000        0.5235577993       -0.0068314147
     1671.0000000000        0.5167926492       -0.0066994574
     1672.0000000000        0.5101577592       -0.0065708763
     1673.0000000000        0.5036498071       -0.0064455641
     1674.0000000000        0.4972655757       -0.0063234177
     1675.0000000000        0.4910019495       -0.0062043378
     1676.0000000000        0.1931496466       -0.0024469577
     1677.0000000000        0.1907257390       -0.0024010505
     1678.0000000000        0.1883471652       -0.0023562843
     1679.0000000000        0.0000000000        0.0000000000
     1680.0000000000        0.0000000000        0.0000000000
     1681.0000000000        0.0000000000        0.0000000000
     1682.0000000000        0.0000000000        0.0000000000
     1683.0000000000        0.0000000000        0.0000000000
     1684.0000000000        0.0000000000        0.0000000000
     1685.0000000000        0.0000000000        0.0000000000
     1686.0000000000        0.0000000000        0.0000000000
     1687.0000000000        0.0000000000        0.0000000000
     1688.0000000000        0.0000000000        0.0000000000
     1689.0000000000        0.0000000000        0.0000000000
     1690.0000000000        0.0000000000        0.0000000000
     1691.0000000000        0.0000000000        0.0000000000
     1692.0000000000        0.0000000000        0.0000000000
     1693.0000000000        0.0000000000        0.0000000000
     1694.0000000000        0.0000000000        0.0000000000
     1695.0000000000        0.0000000000        0.0000000000
     1696.0000000000        0.0000000000        0.0000000000
     1697.0000000000        0.0000000000        0.0000000000
     1698.0000000000        0.0000000000        0.0000000000
     1699.0000000000        0.0000000000        0.0000000000
     1700.0000000000        0.0000000000        0.0000000000
     1701.0000000000        0.0000000000        0.0000000000
     1702.0000000000        0.0000000000        0.0000000000
     1703.0000000000        0.0000000000        0.0000000000
     1704.0000000000        0.0000000000        0.0000000000
     1705.0000000000        0.0000000000        0.0000000000
     1706.0000000000        0.0000000000        0.0000000000
     1707.0000000000        0.0000000000        0.0000000000
     1708.0000000000        0.0000000000        0.0000000000
     1709.0000000000        0.0000000000        0.0000000000
     1710.0000000000        0.0000000000        0.0000000000
     1711.0000000000        0.0000000000        0.0000000000
     1712.0000000000        0.0000000000        0.0000000000
     1713.0000000000        0.0000000000        0.0000000000
     1714.0000000000        0.0000000000        0.0000000000
     1715.0000000000        0.0000000000        0.0000000000
     1716.0000000000        0.0000000000        0.0000000000
     1717.0000000000        0.0000000000        0.0000000000
     1718.0000000000        0.0000000000        0.0000000000
     1719.0000000000        0.0000000000        0.0000000000
     1720.0000000000        0.0000000000        0.0000000000
     1721.0000000000        0.0000000000        0.0000000000
     1722.0000000000        0.0000000000        0.0000000000
     1723.0000000000        0.0000000000        0.0000000000
     1724.0000000000        0.0000000000        0.0000000000
     1725.0000000000        0.0000000000        0.0000000000
     1726.0000000000        0.0000000000        0.0000000000
     1727.0000000000        0.0000000000        0.0000000000
     1728.0000000000        0.0000000000        0.0000000000
     1729.0000000000        0.0000000000        0.0000000000
     1730.0000000000        0.0000000000        0.0000000000
     1731.0000000000        0.0000000000        0.0000000000
     1732.0000000000        0.0000000000        0.0000000000
     1733.0000000000        0.0000000000        0.0000000000
     1734.0000000000        0.0000000000        0.0000000000
     1735.0000000000        0.0000000000        0.0000000000
     1736.0000000000        0.0000000000        0.0000000000
     1737.0000000000        0.0000000000        0.0000000000
     1738.0000000000        0.0000000000        0.0000000000
     1739.0000000000        0.0000000000        0.0000000000
     1740.0000000000        0.0000000000        0.0000000000
     1741.0000000000        0.0000000000        0.0000000000
     1742.0000000000        0.0000000000        0.0000000000
     1743.0000000000        0.0000000000        0.0000000000
     1744.0000000000        0.0000000000        0.0000000000
     1745.0000000000        0.0000000000        0.0000000000
     1746.0000000000        0.0000000000        0.0000000000
     1747.0000000000        0.0000000000        0.0000000000
     1748.0000000000        0.0000000000        0.0000000000
     1749.0000000000        0.0000000000        0.0000000000
     1750.0000000000        0.0000000000        0.0000000000
     1751.0000000000        0.0000000000        0.0000000000
     1752.0000000000        0.0000000000        0.0000000000
     1753.0000000000        0.0000000000        0.0000000000
     1754.0000000000        0.0000000000        0.0000000000
     1755.0000000000        0.0000000000        0.0000000000
     1756.0000000000        0.0000000000        0.0000000000
     1757.0000000000        0.0000000000        0.0000000000
     1758.0000000000        0.0000000000        0.0000000000
     1759.0000000000        0.0000000000        0.0000000000
     1760.0000000000        0.0000000000        0.0000000000
     1761.0000000000        0.0000000000        0.0000000000
     1762.0000000000        0.0000000000        0.0000000000
     1763.0000000000        0.0000000000        0.0000000000
     1764.0000000000        0.0000000000        0.0000000000
     1765.0000000000        0.0000000000        0.0000000000
     1766.0000000000        0.0000000000        0.0000000000
     1767.0000000000        0.0000000000        0.0000000000
     1768.0000000000        0.0000000000        0.0000000000
     1769.0000000000        0.0000000000        0.0000000000
     1770.0000000000        0.0000000000        0.0000000000
     1771.0000000000        0.0000000000        0.0000000000
     1772.0000000000        0.0000000000        0.0000000000
     1773.0000000000        0.0000000000        0.0000000000
     1774.0000000000        0.0000000000        0.0000000000
     1775.0000000000        0.0000000000        0.0000000000
     1776.0000000000        0.0000000000        0.0000000000
     1777.0000000000        0.0000000000        0.0000000000
     1778.0000000000        0.0000000000        0.0000000000
     1779.0000000000        0.0000000000        0.0000000000
     1780.0000000000        0.0000000000        0.0000000000
     1781.0000000000        0.0000000000        0.0000000000
     1782.0000000000        0.0000000000        0.0000000000
     1783.0000000000        0.0000000000        0.0000000000
     1784.0000000000        0.0000000000        0.0000000000
     1785.0000000000        0.0000000000        0.0000000000
     1786.0000000000        0.0000000000        0.0000000000
     1787.0000000000        0.0000000000        0.0000000000
     1788.0000000000        0.0000000000        0.0000000000
     1789.0000000000        0.0000000000        0.0000000000
     1790.0000000000        0.0000000000        0.0000000000
     1791.0000000000        0.0000000000        0.0000000000
     1792.0000000000        0.0000000000        0.0000000000
     1793.0000000000        0.0000000000        0.0000000000
     1794.0000000000        0.0000000000        0.0000000000
     1795.0000000000        0.0000000000        0.0000000000
     1796.0000000000        0.0000000000        0.0000000000
     1797.0000000000        0.0000000000        0.0000000000
     1798.0000000000        0.0000000000        0.0000000000
     1799.0000000000        0.0000000000        0.0000000000
     1800.0000000000        0.0000000000        0.0000000000
     1801.0000000000        0.0000000000        0.0000000000
     1802.0000000000        0.0000000000        0.0000000000
     1803.0000000000        0.0000000000        0.0000000000
     1804.0000000000        0.0000000000        0.0000000000
     1805.0000000000        0.0000000000        0.0000000000
     1806.0000000000        0.0000000000        0.0000000000
     1807.0000000000        0.0000000000        0.0000000000
     1808.0000000000        0.0000000000        0.0000000000
     1809.0000000000        0.0000000000        0.0000000000
     1810.0000000000        0.0000000000        0.0000000000
     1811.0000000000        0.0000000000        0.0000000000
     1812.0000000000        0.0000000000        0.0000000000
     1813.0000000000        0.0000000000        0.0000000000
     1814.0000000000        0.0000000000        0.0000000000
     1815.0000000000        0.0000000000        0.0000000000
     1816.0000000000        0.0000000000        0.0000000000
     1817.0000000000        0.0000000000        0.0000000000
     1818.0000000000        0.0000000000        0.0000000000
     1819.0000000000        0.0000000000        0.0000000000
     1820.0000000000        0.0000000000        0.0000000000
     1821.0000000000        0.0000000000        0.0000000000
     1822.0000000000        0.0000000000        0.0000000000
     1823.0000000000        0.0000000000        0.0000000000
     1824.0000000000        0.0000000000        0.0000000000
     1825.0000000000        0.0000000000        0.0000000000
     1826.0000000000        0.0000000000        0.0000000000
     1827.0000000000        0.0000000000        0.0000000000
     1828.0000000000        0.0000000000        0.0000000000
     1829.0000000000        0.0000000000        0.0000000000
     1830.0000000000        0.0000000000        0.0000000000
     1831.0000000000        0.0000000000        0.0000000000
     1832.0000000000        0.0000000000        0.0000000000
     1833.0000000000        0.0000000000        0.0000000000
     1834.0000000000        0.0000000000        0.0000000000
     1835.0000000000        0.0000000000        0.0000000000
     1836.0000000000        0.0000000000        0.0000000000
     1837.0000000000        0.0000000000        0.0000000000
     1838.0000000000        0.0000000000        0.0000000000
     1839.0000000000        0.0000000000        0.0000000000
     1840.0000000000        0.0000000000        0.0000000000
     1841.0000000000        0.0000000000        0.0000000000
     1842.0000000000        0.0000000000        0.0000000000
     1843.0000000000        0.0000000000        0.0000000000
     1844.0000000000        0.0000000000        0.0000000000
     1845.0000000000        0.0000000000        0.0000000000
     1846.0000000000        0.0000000000        0.0000000000
     1847.0000000000        0.0000000000        0.0000000000
     1848.0000000000        0.0000000000        0.0000000000
     1849.0000000000        0.0000000000        0.0000000000
     1850.0000000000        0.0000000000        0.0000000000
     1851.0000000000        0.0000000000        0.0000000000
     1852.0000000000        0.0000000000        0.0000000000
     1853.0000000000        0.0000000000        0.0000000000
     1854.0000000000        0.0000000000        0.0000000000
     1855.0000000000        0.0000000000        0.0000000000
     1856.0000000000        0.0000000000        0.0000000000
     1857.0000000000        0.0000000000        0.0000000000
     1858.0000000000        0.0000000000        0.0000000000
     1859.0000000000        0.0000000000        0.0000000000
     1860.0000000000        0.0000000000        0.0000000000
     1861.0000000000        0.0000000000        0.0000000000
     1862.0000000000        0.0000000000        0.0000000000
     1863.0000000000        0.0000000000        0.0000000000
     1864.0000000000        0.0000000000        0.0000000000
     1865.0000000000        0.0000000000        0.0000000000
     1866.0000000000        0.0000000000        0.0000000000
     1867.0000000000        0.0000000000        0.0000000000
     1868.0000000000        0.0000000000        0.0000000000
     1869.0000000000        0.0000000000        0.0000000000
     1870.0000000000        0.0000000000        0.0000000000
     1871.0000000000        0.0000000000        0.0000000000
     1872.0000000000        0.0000000000        0.0000000000
     1873.0000000000        0.0000000000        0.0000000000
     1874.0000000000        0.0000000000        0.0000000000
     1875.0000000000        0.0000000000        0.0000000000
     1876.0000000000        0.0000000000        0.0000000000
     1877.0000000000        0.0000000000        0.0000000000
     1878.0000000000        0.0000000000        0.0000000000
     1879.0000000000        0.0000000000        0.0000000000
     1880.0000000000        0.0000000000        0.0000000000
     1881.0000000000        0.0000000000        0.0000000000
     1882.0000000000        0.0000000000        0.0000000000
     1883.0000000000        0.0000000000        0.0000000000
     1884.0000000000        0.0000000000        0.0000000000
     1885.0000000000        0.0000000000        0.0000000000
     1886.0000000000        0.0000000000        0.0000000000
     1887.0000000000        0.0000000000        0.0000000000
     1888.0000000000        0.0000000000        0.0000000000
     1889.0000000000        0.0000000000        0.0000000000
     1890.0000000000        0.0000000000        0.0000000000
     1891.0000000000        0.0000000000        0.0000000000
     1892.0000000000        0.0000000000        0.0000000000
     1893.0000000000        0.0000000000        0.0000000000
     1894.0000000000        0.0000000000        0.0000000000
     1895.0000000000        0.0000000000        0.0000000000
     1896.0000000000        0.0000000000        0.0000000000
     1897.0000000000        0.0000000000        0.0000000000
     1898.0000000000        0.0000000000        0.0000000000
     1899.0000000000        0.0000000000        0.0000000000
     1900.0000000000        0.0000000000        0.0000000000
     1901.0000000000        0.0000000000        0.0000000000
     1902.0000000000        0.0000000000        0.0000000000
     1903.0000000000        0.0000000000        0.0000000000
     1904.0000000000        0.0000000000        0.0000000000
     1905.0000000000        0.0000000000        0.0000000000
     1906.0000000000        0.0000000000        0.0000000000
     1907.0000000000        0.0000000000        0.0000000000
     1908.0000000000        0.0000000000        0.0000000000
     1909.0000000000        0.0000000000        0.0000000000
     1910.0000000000        0.0000000000        0.0000000000
     1911.0000000000        0.0000000000        0.0000000000
     1912.0000000000        0.0000000000        0.0000000000
     1913.0000000000        0.0000000000        0.0000000000
     1914.0000000000        0.0000000000        0.0000000000
     1915.0000000000        0.0000000000        0.0000000000
     1916.0000000000        0.0000000000        0.0000000000
     1917.0000000000        0.0000000000        0.0000000000
     1918.0000000000        0.0000000000        0.0000000000
     1919.0000000000        0.0000000000        0.0000000000
     1920.0000000000        0.0000000000        0.0000000000
     1921.0000000000        0.0000000000        0.0000000000
     1922.0000000000        0.0000000000        0.0000000000
     1923.0000000000        0.0000000000        0.0000000000
     1924.0000000000        0.0000000000        0.0000000000
     1925.0000000000        0.0000000000        0.0000000000
     1926.0000000000        0.0000000000        0.0000000000
     1927.0000000000        0.0000000000        0.0000000000
     1928.0000000000        0.0000000000        0.0000000000
     1929.0000000000        0.0000000000        0.0000000000
     1930.0000000000        0.0000000000        0.0000000000
     1931.0000000000        0.0000000000        0.0000000000
     1932.0000000000        0.0000000000        0.0000000000
     1933.0000000000        0.0000000000        0.0000000000
     1934.0000000000        0.0000000000        0.0000000000
     1935.0000000000        0.0000000000        0.0000000000
     1936.0000000000        0.0000000000        0.0000000000
     1937.0000000000        0.0000000000        0.0000000000
     1938.0000000000        0.0000000000        0.0000000000
     1939.0000000000        0.0000000000        0.0000000000
     1940.0000000000        0.0000000000        0.0000000000
     1941.0000000000        0.0000000000        0.0000000000
     1942.0000000000        0.0000000000        0.0000000000
     1943.0000000000        0.0000000000        0.0000000000
     1944.0000000000        0.0000000000        0.0000000000
     1945.0000000000        0.0000000000        0.0000000000
     1946.0000000000        0.0000000000        0.0000000000
     1947.0000000000        0.0000000000        0.0000000000
     1948.0000000000        0.0000000000        0.0000000000
     1949.0000000000        0.0000000000        0.0000000000
     1950.0000000000        0.0000000000        0.0000000000
     1951.0000000000        0.0000000000        0.0000000000
     1952.0000000000        0.0000000000        0.0000000000
     1953.0000000000        0.0000000000        0.0000000000
     1954.0000000000        0.0000000000        0.0000000000
     1955.0000000000        0.0000000000        0.0000000000
     1956.0000000000        0.0000000000        0.0000000000
     1957.0000000000        0.0000000000        0.0000000000
     1958.0000000000        0.0000000000        0.0000000000
     1959.0000000000        0.0000000000        0.0000000000
     1960.0000000000        0.0000000000        0.0000000000
     1961.0000000000        0.0000000000        0.0000000000
     1962.0000000000        0.0000000000        0.0000000000
     1963.0000000000        0.0000000000        0.0000000000
     1964.0000000000        0.0000000000        0.0000000000
     1965.0000000000        0.0000000000        0.0000000000
     1966.0000000000        0.0000000000        0.0000000000
     1967.0000000000        0.0000000000        0.0000000000
     1968.0000000000        0.0000000000        0.0000000000
     1969.0000000000        0.0000000000        0.0000000000
     1970.0000000000        0.0000000000        0.0000000000
     1971.0000000000        0.0000000000        0.0000000000
     1972.0000000000        0.0000000000        0.0000000000
     1973.0000000000        0.0000000000        0.0000000000
     1974.0000000000        0.0000000000        0.0000000000
     1975.0000000000        0.0000000000        0.0000000000
     1976.0000000000        0.0000000000        0.0000000000
     1977.0000000000        0.0000000000        0.0000000000
     1978.0000000000        0.0000000000        0.0000000000
     1979.0000000000        0.0000000000        0.0000000000
     1980.0000000000        0.0000000000        0.0000000000
     1981.0000000000        0.0000000000        0.0000000000
     1982.0000000000        0.0000000000        0.0000000000
     1983.0000000000        0.0000000000        0.0000000000
     1984.0000000000        0.0000000000        0.0000000000
     1985.0000000000        0.0000000000        0.0000000000
     1986.0000000000        0.0000000000        0.0000000000
     1987.0000000000        0.0000000000        0.0000000000
     1988.0000000000        0.0000000000        0.0000000000
     1989.0000000000        0.0000000000        0.0000000000
     1990.0000000000        0.0000000000        0.0000000000
     1991.0000000000        0.0000000000        0.0000000000
     1992.0000000000        0.0000000000        0.0000000000
     1993.0000000000        0.0000000000        0.0000000000
     1994.0000000000        0.0000000000        0.0000000000
     1995.0000000000        0.0000000000        0.0000000000
     1996.0000000000        0.0000000000        0.0000000000
     1997.0000000000        0.0000000000        0.0000000000
     1998.0000000000        0.0000000000        0.0000000000
     1999.0000000000        0.0000000000        0.0000000000
     2000.0000000000        0.0000000000        0.0000000000
     2001.0000000000        0.0000000000        0.0000000000
     2002.0000000000        0.0000000000        0.0000000000
     2003.0000000000        0.0000000000        0.0000000000
     2004.0000000000        0.0000000000        0.0000000000
     2005.0000000000        0.0000000000        0.0000000000
     2006.0000000000        0.0000000000        0.0000000000
     2007.0000000000        0.0000000000        0.0000000000
     2008.0000000000        0.0000000000        0.0000000000
     2009.0000000000        0.0000000000        0.0000000000
     2010.0000000000        0.0000000000        0.0000000000
     2011.0000000000        0.0000000000        0.0000000000
     2012.0000000000        0.0000000000        0.0000000000
     2013.0000000000        0.0000000000        0.0000000000
     2014.0000000000        0.0000000000        0.0000000000
     2015.0000000000        0.0000000000        0.0000000000
     2016.0000000000        0.0000000000        0.0000000000
     2017.0000000000        0.0000000000        0.0000000000
     2018.0000000000        0.0000000000        0.0000000000
     2019.0000000000        0.0000000000        0.0000000000
     2020.0000000000        0.0000000000        0.0000000000
     2021.0000000000        0.0000000000        0.0000000000
     2022.0000000000        0.0000000000        0.0000000000
     2023.0000000000        0.0000000000        0.0000000000
     2024.0000000000        0.0000000000        0.0000000000
     2025.0000000000        0.0000000000        0.0000000000
     2026.0000000000        0.0000000000        0.0000000000
     2027.0000000000        0.0000000000        0.0000000000
     2028.0000000000        0.0000000000        0.0000000000
     2029.0000000000        0.0000000000        0.0000000000
     2030.0000000000        0.0000000000        0.0000000000
     2031.0000000000        0.0000000000        0.0000000000
     2032.0000000000        0.0000000000        0.0000000000
     2033.0000000000        0.0000000000        0.0000000000
     2034.0000000000        0.0000000000        0.0000000000
     2035.0000000000        0.0000000000        0.0000000000
     2036.0000000000        0.0000000000        0.0000000000
     2037.0000000000        0.0000000000        0.0000000000
     2038.0000000000        0.0000000000        0.0000000000
     2039.0000000000        0.0000000000        0.0000000000
     2040.0000000000        0.0000000000        0.0000000000
     2041.0000000000        0.0000000000        0.0000000000
     2042.0000000000        0.0000000000        0.0000000000
     2043.0000000000        0.0000000000        0.0000000000
     2044.0000000000        0.0000000000        0.0000000000
     2045.0000000000        0.0000000000        0.0000000000
     2046.0000000000        0.0000000000        0.0000000000
     2047.0000000000        0.0000000000        0.0000000000
     2048.0000000000        0.0000000000        0.0000000000
     2049.0000000000        0.0000000000        0.0000000000
     2050.0000000000        0.0000000000        0.0000000000
     2051.0000000000        0.0000000000        0.0000000000
     2052.0000000000        0.0000000000        0.0000000000
     2053.0000000000        0.0000000000        0.0000000000
     2054.0000000000        0.0000000000        0.0000000000
     2055.0000000000        0.0000000000        0.0000000000
     2056.0000000000        0.0000000000        0.0000000000
     2057.0000000000        0.0000000000        0.0000000000
     2058.0000000000        0.0000000000        0.0000000000
     2059.0000000000        0.0000000000        0.0000000000
     2060.0000000000        0.0000000000        0.0000000000
     2061.0000000000        0.0000000000        0.0000000000
     2062.0000000000        0.0000000000        0.0000000000
     2063.0000000000        0.0000000000        0.0000000000
     2064.0000000000        0.0000000000        0.0000000000
     2065.0000000000        0.0000000000        0.0000000000
     2066.0000000000        0.0000000000        0.0000000000
     2067.0000000000        0.0000000000        0.0000000000
     2068.0000000000        0.0000000000        0.0000000000
     2069.0000000000        0.0000000000        0.0000000000
     2070.0000000000        0.0000000000        0.0000000000
     2071.0000000000        0.0000000000        0.0000000000
     2072.0000000000        0.0000000000        0.0000000000
     2073.0000000000        0.0000000000        0.0000000000
     2074.0000000000        0.0000000000        0.0000000000
     2075.0000000000        0.0000000000        0.0000000000
     2076.0000000000        0.0000000000        0.0000000000
     2077.0000000000        0.0000000000        0.0000000000
     2078.0000000000        0.0000000000        0.0000000000
     2079.0000000000        0.0000000000        0.0000000000
     2080.0000000000        0.0000000000        0.0000000000
     2081.0000000000        0.0000000000        0.0000000000
     2082.0000000000        0.0000000000        0.0000000000
     2083.0000000000        0.0000000000        0.0000000000
     2084.0000000000        0.0000000000        0.0000000000
     2085.0000000000        0.0000000000        0.0000000000
     2086.0000000000        0.0000000000        0.0000000000
     2087.0000000000        0.0000000000        0.0000000000
     2088.0000000000        0.0000000000        0.0000000000
     2089.0000000000        0.0000000000        0.0000000000
     2090.0000000000        0.0000000000        0.0000000000
     2091.0000000000        0.0000000000        0.0000000000
     2092.0000000000        0.0000000000        0.0000000000
     2093.0000000000        0.0000000000        0.0000000000
     2094.0000000000        0.0000000000        0.0000000000
     2095.0000000000        0.0000000000        0.0000000000
     2096.0000000000        0.0000000000        0.0000000000
     2097.0000000000        0.0000000000        0.0000000000
     2098.0000000000        0.0000000000        0.0000000000
     2099.0000000000        0.0000000000        0.0000000000
     2100.0000000000        0.0000000000        0.0000000000
     2101.0000000000        0.0000000000        0.0000000000
     2102.0000000000        0.0000000000        0.0000000000
     2103.0000000000        0.0000000000        0.0000000000
     2104.0000000000        0.0000000000        0.0000000000
     2105.0000000000        0.0000000000        0.0000000000
     2106.0000000000        0.0000000000        0.0000000000
     2107.0000000000        0.0000000000        0.0000000000
     2108.0000000000        0.0000000000        0.0000000000
     2109.0000000000        0.0000000000        0.0000000000
     2110.0000000000        0.0000000000        0.0000000000
     2111.0000000000        0.0000000000        0.0000000000
     2112.0000000000        0.0000000000        0.0000000000
     2113.0000000000        0.0000000000        0.0000000000
     2114.0000000000        0.0000000000        0.0000000000
     2115.0000000000        0.0000000000        0.0000000000
     2116.0000000000        0.0000000000        0.0000000000
     2117.0000000000        0.0000000000        0.0000000000
     2118.0000000000        0.0000000000        0.0000000000
     2119.0000000000        0.0000000000        0.0000000000
     2120.0000000000        0.0000000000        0.0000000000
     2121.0000000000        0.0000000000        0.0000000000
     2122.0000000000        0.0000000000        0.0000000000
     2123.0000000000        0.0000000000        0.0000000000
     2124.0000000000        0.0000000000        0.0000000000
     2125.0000000000        0.0000000000        0.0000000000
     2126.0000000000        0.0000000000        0.0000000000
     2127.0000000000        0.0000000000        0.0000000000
     2128.0000000000        0.0000000000        0.0000000000
     2129.0000000000        0.0000000000        0.0000000000
     2130.0000000000        0.0000000000        0.0000000000
     2131.0000000000        0.0000000000        0.0000000000
     2132.0000000000        0.0000000000        0.0000000000
     2133.0000000000        0.0000000000        0.0000000000
     2134.0000000000        0.0000000000        0.0000000000
     2135.0000000000        0.0000000000        0.0000000000
     2136.0000000000        0.0000000000        0.0000000000
     2137.0000000000        0.0000000000        0.0000000000
     2138.0000000000        0.0000000000        0.0000000000
     2139.0000000000        0.0000000000        0.0000000000
     2140.0000000000        0.0000000000        0.0000000000
     2141.0000000000        0.0000000000        0.0000000000
     2142.0000000000        0.0000000000        0.0000000000
     2143.0000000000        0.0000000000        0.0000000000
     2144.0000000000        0.0000000000        0.0000000000
     2145.0000000000        0.0000000000        0.0000000000
     2146.0000000000        0.0000000000        0.0000000000
     2147.0000000000        0.0000000000        0.0000000000
     2148.0000000000        0.0000000000        0.0000000000
     2149.0000000000        0.0000000000        0.0000000000
     2150.0000000000        0.0000000000        0.0000000000
     2151.0000000000        0.0000000000        0.0000000000
     2152.0000000000        0.0000000000        0.0000000000
     2153.0000000000        0.0000000000        0.0000000000
     2154.0000000000        0.0000000000        0.0000000000
     2155.0000000000        0.0000000000        0.0000000000
     2156.0000000000        0.0000000000        0.0000000000
     2157.0000000000        0.0000000000        0.0000000000
     2158.0000000000        0.0000000000        0.0000000000
     2159.0000000000        0.0000000000        0.0000000000
     2160.0000000000        0.0000000000        0.0000000000
     2161.0000000000        0.0000000000        0.0000000000
     2162.0000000000        0.0000000000        0.0000000000
     2163.0000000000        0.0000000000        0.0000000000
     2164.0000000000        0.0000000000        0.0000000000
     2165.0000000000        0.0000000000        0.0000000000
     2166.0000000000        0.0000000000        0.0000000000
     2167.0000000000        0.0000000000        0.0000000000
     2168.0000000000        0.0000000000        0.0000000000
     2169.0000000000        0.0000000000        0.0000000000
     2170.0000000000        0.0000000000        0.0000000000
     2171.0000000000        0.0000000000        0.0000000000
     2172.0000000000        0.0000000000        0.0000000000
     2173.0000000000        0.0000000000        0.0000000000
     2174.0000000000        0.0000000000        0.0000000000
     2175.0000000000        0.0000000000        0.0000000000
     2176.0000000000        0.0000000000        0.0000000000
     2177.0000000000        0.0000000000        0.0000000000
     2178.0000000000        0.0000000000        0.0000000000
     2179.0000000000        0.0000000000        0.0000000000
     2180.0000000000        0.0000000000        0.0000000000
     2181.0000000000        0.0000000000        0.0000000000
     2182.0000000000        0.0000000000        0.0000000000
     2183.0000000000        0.0000000000        0.0000000000
     2184.0000000000        0.0000000000        0.0000000000
     2185.0000000000        0.0000000000        0.0000000000
     2186.0000000000        0.0000000000        0.0000000000
     2187.0000000000        0.0000000000        0.0000000000
     2188.0000000000        0.0000000000        0.0000000000
     2189.0000000000        0.0000000000        0.0000000000
     2190.0000000000        0.0000000000        0.0000000000
     2191.0000000000        0.0000000000        0.0000000000
     2192.0000000000        0.0000000000        0.0000000000
     2193.0000000000        0.0000000000        0.0000000000
     2194.0000000000        0.0000000000        0.0000000000
     2195.0000000000        0.0000000000        0.0000000000
     2196.0000000000        0.0000000000        0.0000000000
     2197.0000000000        0.0000000000        0.0000000000
     2198.0000000000        0.0000000000        0.0000000000
     2199.0000000000        0.0000000000        0.0000000000
     2200.0000000000        0.0000000000        0.0000000000
     2201.0000000000        0.0000000000        0.0000000000
     2202.0000000000        0.0000000000        0.0000000000
     2203.0000000000        0.0000000000        0.0000000000
     2204.0000000000        0.0000000000        0.0000000000
     2205.0000000000        0.0000000000        0.0000000000
     2206.0000000000        0.0000000000        0.0000000000
     2207.0000000000        0.0000000000        0.0000000000
     2208.0000000000        0.0000000000        0.0000000000
     2209.0000000000        0.0000000000        0.0000000000
     2210.0000000000        0.0000000000        0.0000000000
     2211.0000000000        0.0000000000        0.0000000000
     2212.0000000000        0.0000000000        0.0000000000
     2213.0000000000        0.0000000000        0.0000000000
     2214.0000000000        0.0000000000        0.0000000000
     2215.0000000000        0.0000000000        0.0000000000
     2216.0000000000        0.0000000000        0.0000000000
     2217.0000000000        0.0000000000        0.0000000000
     2218.0000000000        0.0000000000        0.0000000000
     2219.0000000000        0.0000000000        0.0000000000
     2220.0000000000        0.0000000000        0.0000000000
     2221.0000000000        0.0000000000        0.0000000000
     2222.0000000000        0.0000000000        0.0000000000
     2223.0000000000        0.0000000000        0.0000000000
     2224.0000000000        0.0000000000        0.0000000000
     2225.0000000000        0.0000000000        0.0000000000
     2226.0000000000        0.0000000000        0.0000000000
     2227.0000000000        0.0000000000        0.0000000000
     2228.0000000000        0.0000000000        0.0000000000
     2229.0000000000        0.0000000000        0.0000000000
     2230.0000000000        0.0000000000        0.0000000000
     2231.0000000000        0.0000000000        0.0000000000
     2232.0000000000        0.0000000000        0.0000000000
     2233.0000000000        0.0000000000        0.0000000000
     2234.0000000000        0.0000000000        0.0000000000
     2235.0000000000        0.0000000000        0.0000000000
     2236.0000000000        0.0000000000        0.0000000000
     2237.0000000000        0.0000000000        0.0000000000
     2238.0000000000        0.0000000000        0.0000000000
     2239.0000000000        0.0000000000        0.0000000000
     2240.0000000000        0.0000000000        0.0000000000
     2241.0000000000        0.0000000000        0.0000000000
     2242.0000000000        0.0000000000        0.0000000000
     2243.0000000000        0.0000000000        0.0000000000
     2244.0000000000        0.0000000000        0.0000000000
     2245.0000000000        0.0000000000        0.0000000000
     2246.0000000000        0.0000000000        0.0000000000
     2247.0000000000        0.0000000000        0.0000000000
     2248.0000000000        0.0000000000        0.0000000000
     2249.0000000000        0.0000000000        0.0000000000
     2250.0000000000        0.0000000000        0.0000000000
     2251.0000000000        0.0000000000        0.0000000000
     2252.0000000000        0.0000000000        0.0000000000
     2253.0000000000        0.0000000000        0.0000000000
     2254.0000000000        0.0000000000        0.0000000000
     2255.0000000000        0.0000000000        0.0000000000
     2256.0000000000        0.0000000000        0.0000000000
     2257.0000000000        0.0000000000        0.0000000000
     2258.0000000000        0.0000000000        0.0000000000
     2259.0000000000        0.0000000000        0.0000000000
     2260.0000000000        0.0000000000        0.0000000000
     2261.0000000000        0.0000000000        0.0000000000
     2262.0000000000        0.0000000000        0.0000000000
     2263.0000000000        0.0000000000        0.0000000000
     2264.0000000000        0.0000000000        0.0000000000
     2265.0000000000        0.0000000000        0.0000000000
     2266.0000000000        0.0000000000        0.0000000000
     2267.0000000000        0.0000000000        0.0000000000
     2268.0000000000        0.0000000000        0.0000000000
     2269.0000000000        0.0000000000        0.0000000000
     2270.0000000000        0.0000000000        0.0000000000
     2271.0000000000        0.0000000000        0.0000000000
     2272.0000000000        0.0000000000        0.0000000000
     2273.0000000000        0.0000000000        0.0000000000
     2274.0000000000        0.0000000000        0.0000000000
     2275.0000000000        0.0000000000        0.0000000000
     2276.0000000000        0.0000000000        0.0000000000
     2277.0000000000        0.0000000000        0.0000000000
     2278.0000000000        0.0000000000        0.0000000000
     2279.0000000000        0.0000000000        0.0000000000
     2280.0000000000        0.0000000000        0.0000000000
     2281.0000000000        0.0000000000        0.0000000000
     2282.0000000000        0.0000000000        0.0000000000
     2283.0000000000        0.0000000000        0.0000000000
     2284.0000000000        0.0000000000        0.0000000000
     2285.0000000000        0.0000000000        0.0000000000
     2286.0000000000        0.0000000000        0.0000000000
     2287.0000000000        0.0000000000        0.0000000000
     2288.0000000000        0.0000000000        0.0000000000
     2289.0000000000        0.0000000000        0.0000000000
     2290.0000000000        0.0000000000        0.0000000000
     2291.0000000000        0.0000000000        0.0000000000
     2292.0000000000        0.0000000000        0.0000000000
     2293.0000000000        0.0000000000        0.0000000000
     2294.0000000000        0.0000000000        0.0000000000
     2295.0000000000        0.0000000000        0.0000000000
     2296.0000000000        0.0000000000        0.0000000000
     2297.0000000000        0.0000000000        0.0000000000
     2298.0000000000        0.0000000000        0.0000000000
     2299.0000000000        0.0000000000        0.0000000000
     2300.0000000000        0.0000000000        0.0000000000
     2301.0000000000        0.0000000000        0.0000000000
     2302.0000000000        0.0000000000        0.0000000000
     2303.0000000000        0.0000000000        0.0000000000
     2304.0000000000        0.0000000000        0.0000000000
     2305.0000000000        0.0000000000        0.0000000000
     2306.0000000000        0.0000000000        0.0000000000
     2307.0000000000        0.0000000000        0.0000000000
     2308.0000000000        0.0000000000        0.0000000000
     2309.0000000000        0.0000000000        0.0000000000
     2310.0000000000        0.0000000000        0.0000000000
     2311.0000000000        0.0000000000        0.0000000000
     2312.0000000000        0.0000000000        0.0000000000
     2313.0000000000        0.0000000000        0.0000000000
     2314.0000000000        0.0000000000        0.0000000000
     2315.0000000000        0.0000000000        0.0000000000
     2316.0000000000        0.0000000000        0.0000000000
     2317.0000000000        0.0000000000        0.0000000000
     2318.0000000000        0.0000000000        0.0000000000
     2319.0000000000        0.0000000000        0.0000000000
     2320.0000000000        0.0000000000        0.0000000000
     2321.0000000000        0.0000000000        0.0000000000
     2322.0000000000        0.0000000000        0.0000000000
     2323.0000000000        0.0000000000        0.0000000000
     2324.0000000000        0.0000000000        0.0000000000
     2325.0000000000        0.0000000000        0.0000000000
     2326.0000000000        0.0000000000        0.0000000000
     2327.0000000000        0.0000000000        0.0000000000
     2328.0000000000        0.0000000000        0.0000000000
     2329.0000000000        0.0000000000        0.0000000000
     2330.0000000000        0.0000000000        0.0000000000
     2331.0000000000        0.0000000000        0.0000000000
     2332.0000000000        0.0000000000        0.0000000000
     2333.0000000000        0.0000000000        0.0000000000
     2334.0000000000        0.0000000000        0.0000000000
     2335.0000000000        0.0000000000        0.0000000000
     2336.0000000000        0.0000000000        0.0000000000
     2337.0000000000        0.0000000000        0.0000000000
     2338.0000000000        0.0000000000        0.0000000000
     2339.0000000000        0.0000000000        0.0000000000
     2340.0000000000        0.0000000000        0.0000000000
     2341.0000000000        0.0000000000        0.0000000000
     2342.0000000000        0.0000000000        0.0000000000
     2343.0000000000        0.0000000000        0.0000000000
     2344.0000000000        0.0000000000        0.0000000000
     2345.0000000000        0.0000000000        0.0000000000
     2346.0000000000        0.0000000000        0.0000000000
     2347.0000000000        0.0000000000        0.0000000000
     2348.0000000000        0.0000000000        0.0000000000
     2349.0000000000        0.0000000000        0.0000000000
     2350.0000000000        0.0000000000        0.0000000000
     2351.0000000000        0.0000000000        0.0000000000
     2352.0000000000        0.0000000000        0.0000000000
     2353.0000000000        0.0000000000        0.0000000000
     2354.0000000000        0.0000000000        0.0000000000
     2355.0000000000        0.0000000000        0.0000000000
     2356.0000000000        0.0000000000        0.0000000000
     2357.0000000000        0.0000000000        0.0000000000
     2358.0000000000        0.0000000000        0.0000000000
     2359.0000000000        0.0000000000        0.0000000000
     2360.0000000000        0.0000000000        0.0000000000
     2361.0000000000        0.0000000000        0.0000000000
     2362.0000000000        0.0000000000        0.0000000000
     2363.0000000000        0.0000000000        0.0000000000
     2364.0000000000        0.0000000000        0.0000000000
     2365.0000000000        0.0000000000        0.0000000000
     2366.0000000000        0.0000000000        0.0000000000
     2367.0000000000        0.0000000000        0.0000000000
     2368.0000000000        0.0000000000        0.0000000000
     2369.0000000000        0.0000000000        0.0000000000
     2370.0000000000        0.0000000000        0.0000000000
     2371.0000000000        0.0000000000        0.0000000000
     2372.0000000000        0.0000000000        0.0000000000
     2373.0000000000        0.0000000000        0.0000000000
     2374.0000000000        0.0000000000        0.0000000000
     2375.0000000000        0.0000000000        0.0000000000
     2376.0000000000        0.0000000000        0.0000000000
     2377.0000000000        0.0000000000        0.0000000000
     2378.0000000000        0.0000000000        0.0000000000
     2379.0000000000        0.0000000000        0.0000000000
     2380.0000000000        0.0000000000        0.0000000000
     2381.0000000000        0.0000000000        0.0000000000
     2382.0000000000        0.0000000000        0.0000000000
     2383.0000000000        0.0000000000        0.0000000000
     2384.0000000000        0.0000000000        0.0000000000
     2385.0000000000        0.0000000000        0.0000000000
     2386.0000000000        0.0000000000        0.0000000000
     2387.0000000000        0.0000000000        0.0000000000
     2388.0000000000        0.0000000000        0.0000000000
     2389.0000000000        0.0000000000        0.0000000000
     2390.0000000000        0.0000000000        0.0000000000
     2391.0000000000        0.0000000000        0.0000000000
     2392.0000000000        0.0000000000        0.0000000000
     2393.0000000000        0.0000000000        0.0000000000
     2394.0000000000        0.0000000000        0.0000000000
     2395.0000000000        0.0000000000        0.0000000000
     2396.0000000000        0.0000000000        0.0000000000
     2397.0000000000        0.0000000000        0.0000000000
     2398.0000000000        0.0000000000        0.0000000000
     2399.0000000000        0.0000000000        0.0000000000
     2400.0000000000        0.0000000000        0.0000000000
     2401.0000000000        0.0000000000        0.0000000000
     2402.0000000000        0.0000000000        0.0000000000
     2403.0000000000        0.0000000000        0.0000000000
     2404.0000000000        0.0000000000        0.0000000000
     2405.0000000000        0.0000000000        0.0000000000
     2406.0000000000        0.0000000000        0.0000000000
     2407.0000000000        0.0000000000        0.0000000000
     2408.0000000000        0.0000000000        0.0000000000
     2409.0000000000        0.0000000000        0.0000000000
     2410.0000000000        0.0000000000        0.0000000000
     2411.0000000000        0.0000000000        0.0000000000
     2412.0000000000        0.0000000000        0.0000000000
     2413.0000000000        0.0000000000        0.0000000000
     2414.0000000000        0.0000000000        0.0000000000
     2415.0000000000        0.0000000000        0.0000000000
     2416.0000000000        0.0000000000        0.0000000000
     2417.0000000000        0.0000000000        0.0000000000
     2418.0000000000        0.0000000000        0.0000000000
     2419.0000000000        0.0000000000        0.0000000000
     2420.0000000000        0.0000000000        0.0000000000
     2421.0000000000        0.0000000000        0.0000000000
     2422.0000000000        0.0000000000        0.0000000000
     2423.0000000000        0.0000000000        0.0000000000
     2424.0000000000        0.0000000000        0.0000000000
     2425.0000000000        0.0000000000        0.0000000000
     2426.0000000000        0.0000000000        0.0000000000
     2427.0000000000        0.0000000000        0.0000000000
     2428.0000000000        0.0000000000        0.0000000000
     2429.0000000000        0.0000000000        0.0000000000
     2430.0000000000        0.0000000000        0.0000000000
     2431.0000000000        0.0000000000        0.0000000000
     2432.0000000000        0.0000000000        0.0000000000
     2433.0000000000        0.0000000000        0.0000000000
     2434.0000000000        0.0000000000        0.0000000000
     2435.0000000000        0.0000000000        0.0000000000
     2436.0000000000        0.0000000000        0.0000000000
     2437.0000000000        0.0000000000        0.0000000000
     2438.0000000000        0.0000000000        0.0000000000
     2439.0000000000        0.0000000000        0.0000000000
     2440.0000000000        0.0000000000        0.0000000000
     2441.0000000000        0.0000000000        0.0000000000
     2442.0000000000        0.0000000000        0.0000000000
     2443.0000000000        0.0000000000        0.0000000000
     2444.0000000000        0.0000000000        0.0000000000
     2445.0000000000        0.0000000000        0.0000000000
     2446.0000000000        0.0000000000        0.0000000000
     2447.0000000000        0.0000000000        0.0000000000
     2448.0000000000        0.0000000000        0.0000000000
     2449.0000000000        0.0000000000        0.0000000000
     2450.0000000000        0.0000000000        0.0000000000
     2451.0000000000        0.0000000000        0.0000000000
     2452.0000000000        0.0000000000        0.0000000000
     2453.0000000000        0.0000000000        0.0000000000
     2454.0000000000        0.0000000000        0.0000000000
     2455.0000000000        0.0000000000        0.0000000000
     2456.0000000000        0.0000000000        0.0000000000
     2457.0000000000        0.0000000000        0.0000000000
     2458.0000000000        0.0000000000        0.0000000000
     2459.0000000000        0.0000000000        0.0000000000
     2460.0000000000        0.0000000000        0.0000000000
     2461.0000000000        0.0000000000        0.0000000000
     2462.0000000000        0.0000000000        0.0000000000
     2463.0000000000        0.0000000000        0.0000000000
     2464.0000000000        0.0000000000        0.0000000000
     2465.0000000000        0.0000000000        0.0000000000
     2466.0000000000        0.0000000000        0.0000000000
     2467.0000000000        0.0000000000        0.0000000000
     2468.0000000000        0.0000000000        0.0000000000
     2469.0000000000        0.0000000000        0.0000000000
     2470.0000000000        0.0000000000        0.0000000000
     2471.0000000000        0.0000000000        0.0000000000
     2472.0000000000        0.0000000000        0.0000000000
     2473.0000000000        0.0000000000        0.0000000000
     2474.0000000000        0.0000000000        0.0000000000
     2475.0000000000        0.0000000000        0.0000000000
     2476.0000000000        0.0000000000        0.0000000000
     2477.0000000000        0.0000000000        0.0000000000
     2478.0000000000        0.0000000000        0.0000000000
     2479.0000000000        0.0000000000        0.0000000000
     2480.0000000000        0.0000000000        0.0000000000
     2481.0000000000        0.0000000000        0.0000000000
     2482.0000000000        0.0000000000        0.0000000000
     2483.0000000000        0.0000000000        0.0000000000
     2484.0000000000        0.0000000000        0.0000000000
     2485.0000000000        0.0000000000        0.0000000000
     2486.0000000000        0.0000000000        0.0000000000
     2487.0000000000        0.0000000000        0.0000000000
     2488.0000000000        0.0000000000        0.0000000000
     2489.0000000000        0.0000000000        0.0000000000
     2490.0000000000        0.0000000000        0.0000000000
     2491.0000000000        0.0000000000        0.0000000000
     2492.0000000000        0.0000000000        0.0000000000
     2493.0000000000        0.0000000000        0.0000000000
     2494.0000000000        0.0000000000        0.0000000000
     2495.0000000000        0.0000000000        0.0000000000
     2496.0000000000        0.0000000000        0.0000000000
     2497.0000000000        0.0000000000        0.0000000000
     2498.0000000000        0.0000000000        0.0000000000
     2499.0000000000        0.0000000000        0.0000000000
     2500.0000000000        0.0000000000        0.0000000000
     2501.0000000000        0.0000000000        0.0000000000
     2502.0000000000        0.0000000000        0.0000000000
     2503.0000000000        0.0000000000        0.0000000000
     2504.0000000000        0.0000000000        0.0000000000
     2505.0000000000        0.0000000000        0.0000000000
     2506.0000000000        0.0000000000        0.0000000000
     2507.0000000000        0.0000000000        0.0000000000
     2508.0000000000        0.0000000000        0.0000000000
     2509.0000000000        0.0000000000        0.0000000000
     2510.0000000000        0.0000000000        0.0000000000
     2511.0000000000        0.0000000000        0.0000000000
     2512.0000000000        0.0000000000        0.0000000000
     2513.0000000000        0.0000000000        0.0000000000
     2514.0000000000        0.0000000000        0.0000000000
     2515.0000000000        0.0000000000        0.0000000000
     2516.0000000000        0.0000000000        0.0000000000
     2517.0000000000        0.0000000000        0.0000000000
     2518.0000000000        0.0000000000        0.0000000000
     2519.0000000000        0.0000000000        0.0000000000
     2520.0000000000        0.0000000000        0.0000000000
     2521.0000000000        0.0000000000        0.0000000000
     2522.0000000000        0.0000000000        0.0000000000
     2523.0000000000        0.0000000000        0.0000000000
     2524.0000000000        0.0000000000        0.0000000000
     2525.0000000000        0.0000000000        0.0000000000
     2526.0000000000        0.0000000000        0.0000000000
     2527.0000000000        0.0000000000        0.0000000000
     2528.0000000000        0.0000000000        0.0000000000
     2529.0000000000        0.0000000000        0.0000000000
     2530.0000000000        0.0000000000        0.0000000000
     2531.0000000000        0.0000000000        0.0000000000
     2532.0000000000        0.0000000000        0.0000000000
     2533.0000000000        0.0000000000        0.0000000000
     2534.0000000000        0.0000000000        0.0000000000
     2535.0000000000        0.0000000000        0.0000000000
     2536.0000000000        0.0000000000        0.0000000000
     2537.0000000000        0.0000000000        0.0000000000
     2538.0000000000        0.0000000000        0.0000000000
     2539.0000000000        0.0000000000        0.0000000000
     2540.0000000000        0.0000000000        0.0000000000
     2541.0000000000        0.0000000000        0.0000000000
     2542.0000000000        0.0000000000        0.0000000000
     2543.0000000000        0.0000000000        0.0000000000
     2544.0000000000        0.0000000000        0.0000000000
     2545.0000000000        0.0000000000        0.0000000000
     2546.0000000000        0.0000000000        0.0000000000
     2547.0000000000        0.0000000000        0.0000000000
     2548.0000000000        0.0000000000        0.0000000000
     2549.0000000000        0.0000000000        0.0000000000
     2550.0000000000        0.0000000000        0.0000000000
     2551.0000000000        0.0000000000        0.0000000000
     2552.0000000000        0.0000000000        0.0000000000
     2553.0000000000        0.0000000000        0.0000000000
     2554.0000000000        0.0000000000        0.0000000000
     2555.0000000000        0.0000000000        0.0000000000
     2556.0000000000        0.0000000000        0.0000000000
     2557.0000000000        0.0000000000        0.0000000000
     2558.0000000000        0.0000000000        0.0000000000
     2559.0000000000        0.0000000000        0.0000000000
     2560.0000000000        0.0000000000        0.0000000000
     2561.0000000000        0.0000000000        0.0000000000
     2562.0000000000        0.0000000000        0.0000000000
     2563.0000000000        0.0000000000        0.0000000000
     2564.0000000000        0.0000000000        0.0000000000
     2565.0000000000        0.0000000000        0.0000000000
     2566.0000000000        0.0000000000        0.0000000000
     2567.0000000000        0.0000000000        0.0000000000
     2568.0000000000        0.0000000000        0.0000000000
     2569.0000000000        0.0000000000        0.0000000000
     2570.0000000000        0.0000000000        0.0000000000
     2571.0000000000        0.0000000000        0.0000000000
     2572.0000000000        0.0000000000        0.0000000000
     2573.0000000000        0.0000000000        0.0000000000
     2574.0000000000        0.0000000000        0.0000000000
     2575.0000000000        0.0000000000        0.0000000000
     2576.0000000000        0.0000000000        0.0000000000
     2577.0000000000        0.0000000000        0.0000000000
     2578.0000000000        0.0000000000        0.0000000000
     2579.0000000000        0.0000000000        0.0000000000
     2580.0000000000        0.0000000000        0.0000000000
     2581.0000000000        0.0000000000        0.0000000000
     2582.0000000000        0.0000000000        0.0000000000
     2583.0000000000        0.0000000000        0.0000000000
     2584.0000000000        0.0000000000        0.0000000000
     2585.0000000000        0.0000000000        0.0000000000
     2586.0000000000        0.0000000000        0.0000000000
     2587.0000000000        0.0000000000        0.0000000000
     2588.0000000000        0.0000000000        0.0000000000
     2589.0000000000        0.0000000000        0.0000000000
     2590.0000000000        0.0000000000        0.0000000000
     2591.0000000000        0.0000000000        0.0000000000
     2592.0000000000        0.0000000000        0.0000000000
     2593.0000000000        0.0000000000        0.0000000000
     2594.0000000000        0.0000000000        0.0000000000
     2595.0000000000        0.0000000000        0.0000000000
     2596.0000000000        0.0000000000        0.0000000000
     2597.0000000000        0.0000000000        0.0000000000
     2598.0000000000        0.0000000000        0.0000000000
     2599.0000000000        0.0000000000        0.0000000000
     2600.0000000000        0.0000000000        0.0000000000
     2601.0000000000        0.0000000000        0.0000000000
     2602.0000000000        0.0000000000        0.0000000000
     2603.0000000000        0.0000000000        0.0000000000
     2604.0000000000        0.0000000000        0.0000000000
     2605.0000000000        0.0000000000        0.0000000000
     2606.0000000000        0.0000000000        0.0000000000
     2607.0000000000        0.0000000000        0.0000000000
     2608.0000000000        0.0000000000        0.0000000000
     2609.0000000000        0.0000000000        0.0000000000
     2610.0000000000        0.0000000000        0.0000000000
     2611.0000000000        0.0000000000        0.0000000000
     2612.0000000000        0.0000000000        0.0000000000
     2613.0000000000        0.0000000000        0.0000000000
     2614.0000000000        0.0000000000        0.0000000000
     2615.0000000000        0.0000000000        0.0000000000
     2616.0000000000        0.0000000000        0.0000000000
     2617.0000000000        0.0000000000        0.0000000000
     2618.0000000000        0.0000000000        0.0000000000
     2619.0000000000        0.0000000000        0.0000000000
     2620.0000000000        0.0000000000        0.0000000000
     2621.0000000000        0.0000000000        0.0000000000
     2622.0000000000        0.0000000000        0.0000000000
     2623.0000000000        0.0000000000        0.0000000000
     2624.0000000000        0.0000000000        0.0000000000
     2625.0000000000        0.0000000000        0.0000000000
     2626.0000000000        0.0000000000        0.0000000000
     2627.0000000000        0.0000000000        0.0000000000
     2628.0000000000        0.0000000000        0.0000000000
     2629.0000000000        0.0000000000        0.0000000000
     2630.0000000000        0.0000000000        0.0000000000
     2631.0000000000        0.0000000000        0.0000000000
     2632.0000000000        0.0000000000        0.0000000000
     2633.0000000000        0.0000000000        0.0000000000
     2634.0000000000        0.0000000000        0.0000000000
     2635.0000000000        0.0000000000        0.0000000000
     2636.0000000000        0.0000000000        0.0000000000
     2637.0000000000        0.0000000000        0.0000000000
     2638.0000000000        0.0000000000        0.0000000000
     2639.0000000000        0.0000000000        0.0000000000
     2640.0000000000        0.0000000000        0.0000000000
     2641.0000000000        0.0000000000        0.0000000000
     2642.0000000000        0.0000000000        0.0000000000
     2643.0000000000        0.0000000000        0.0000000000
     2644.0000000000        0.0000000000        0.0000000000
     2645.0000000000        0.0000000000        0.0000000000
     2646.0000000000        0.0000000000        0.0000000000
     2647.0000000000        0.0000000000        0.0000000000
     2648.0000000000        0.0000000000        0.0000000000
     2649.0000000000        0.0000000000        0.0000000000
     2650.0000000000        0.0000000000        0.0000000000
     2651.0000000000        0.0000000000        0.0000000000
     2652.0000000000        0.0000000000        0.0000000000
     2653.0000000000        0.0000000000        0.0000000000
     2654.0000000000        0.0000000000        0.0000000000
     2655.0000000000        0.0000000000        0.0000000000
     2656.0000000000        0.0000000000        0.0000000000
     2657.0000000000        0.0000000000        0.0000000000
     2658.0000000000        0.0000000000        0.0000000000
     2659.0000000000        0.0000000000        0.0000000000
     2660.0000000000        0.0000000000        0.0000000000
     2661.0000000000        0.0000000000        0.0000000000
     2662.0000000000        0.0000000000        0.0000000000
     2663.0000000000        0.0000000000        0.0000000000
     2664.0000000000        0.0000000000        0.0000000000
     2665.0000000000        0.0000000000        0.0000000000
     2666.0000000000        0.0000000000        0.0000000000
     2667.0000000000        0.0000000000        0.0000000000
     2668.0000000000        0.0000000000        0.0000000000
     2669.0000000000        0.0000000000        0.0000000000
     2670.0000000000        0.0000000000        0.0000000000
     2671.0000000000        0.0000000000        0.0000000000
     2672.0000000000        0.0000000000        0.0000000000
     2673.0000000000        0.0000000000        0.0000000000
     2674.0000000000        0.0000000000        0.0000000000
     2675.0000000000        0.0000000000        0.0000000000
     2676.0000000000        0.0000000000        0.0000000000
     2677.0000000000        0.0000000000        0.0000000000
     2678.0000000000        0.0000000000        0.0000000000
     2679.0000000000        0.0000000000        0.0000000000
     2680.0000000000        0.0000000000        0.0000000000
     2681.0000000000        0.0000000000        0.0000000000
     2682.0000000000        0.0000000000        0.0000000000
     2683.0000000000        0.0000000000        0.0000000000
     2684.0000000000        0.0000000000        0.0000000000
     2685.0000000000        0.0000000000        0.0000000000
     2686.0000000000        0.0000000000        0.0000000000
     2687.0000000000        0.0000000000        0.0000000000
     2688.0000000000        0.0000000000        0.0000000000
     2689.0000000000        0.0000000000        0.0000000000
     2690.0000000000        0.0000000000        0.0000000000
     2691.0000000000        0.0000000000        0.0000000000
     2692.0000000000        0.0000000000        0.0000000000
     2693.0000000000        0.0000000000        0.0000000000
     2694.0000000000        0.0000000000        0.0000000000
     2695.0000000000        0.0000000000        0.0000000000
     2696.0000000000        0.0000000000        0.0000000000
     2697.0000000000        0.0000000000        0.0000000000
     2698.0000000000        0.0000000000        0.0000000000
     2699.0000000000        0.0000000000        0.0000000000
     2700.0000000000        0.0000000000        0.0000000000
     2701.0000000000        0.0000000000        0.0000000000
     2702.0000000000        0.0000000000        0.0000000000
     2703.0000000000        0.0000000000        0.0000000000
     2704.0000000000        0.0000000000        0.0000000000
     2705.0000000000        0.0000000000        0.0000000000
     2706.0000000000        0.0000000000        0.0000000000
     2707.0000000000        0.0000000000        0.0000000000
     2708.0000000000        0.0000000000        0.0000000000
     2709.0000000000        0.0000000000        0.0000000000
     2710.0000000000        0.0000000000        0.0000000000
     2711.0000000000        0.0000000000        0.0000000000
     2712.0000000000        0.0000000000        0.0000000000
     2713.0000000000        0.0000000000        0.0000000000
     2714.0000000000        0.0000000000        0.0000000000
     2715.0000000000        0.0000000000        0.0000000000
     2716.0000000000        0.0000000000        0.0000000000
     2717.0000000000        0.0000000000        0.0000000000
     2718.0000000000        0.0000000000        0.0000000000
     2719.0000000000        0.0000000000        0.0000000000
     2720.0000000000        0.0000000000        0.0000000000
     2721.0000000000        0.0000000000        0.0000000000
     2722.0000000000        0.0000000000        0.0000000000
     2723.0000000000        0.0000000000        0.0000000000
     2724.0000000000        0.0000000000        0.0000000000
     2725.0000000000        0.0000000000        0.0000000000
     2726.0000000000        0.0000000000        0.0000000000
     2727.0000000000        0.0000000000        0.0000000000
     2728.0000000000        0.0000000000        0.0000000000
     2729.0000000000        0.0000000000        0.0000000000
     2730.0000000000        0.0000000000        0.0000000000
     2731.0000000000        0.0000000000        0.0000000000
     2732.0000000000        0.0000000000        0.0000000000
     2733.0000000000        0.0000000000        0.0000000000
     2734.0000000000        0.0000000000        0.0000000000
     2735.0000000000        0.0000000000        0.0000000000
     2736.0000000000        0.0000000000        0.0000000000
     2737.0000000000        0.0000000000        0.0000000000
     2738.0000000000        0.0000000000        0.0000000000
     2739.0000000000        0.0000000000        0.0000000000
     2740.0000000000        0.0000000000        0.0000000000
     2741.0000000000        0.0000000000        0.0000000000
     2742.0000000000        0.0000000000        0.0000000000
     2743.0000000000        0.0000000000        0.0000000000
     2744.0000000000        0.0000000000        0.0000000000
     2745.0000000000        0.0000000000        0.0000000000
     2746.0000000000        0.0000000000        0.0000000000
     2747.0000000000        0.0000000000        0.0000000000
     2748.0000000000        0.0000000000        0.0000000000
     2749.0000000000        0.0000000000        0.0000000000
     2750.0000000000        0.0000000000        0.0000000000
     2751.0000000000        0.0000000000        0.0000000000
     2752.0000000000        0.0000000000        0.0000000000
     2753.0000000000        0.0000000000        0.0000000000
     2754.0000000000        0.0000000000        0.0000000000
     2755.0000000000        0.0000000000        0.0000000000
     2756.0000000000        0.0000000000        0.0000000000
     2757.0000000000        0.0000000000        0.0000000000
     2758.0000000000        0.0000000000        0.0000000000
     2759.0000000000        0.0000000000        0.0000000000
     2760.0000000000        0.0000000000        0.0000000000
     2761.0000000000        0.0000000000        0.0000000000
     2762.0000000000        0.0000000000        0.0000000000
     2763.0000000000        0.0000000000        0.0000000000
     2764.0000000000        0.0000000000        0.0000000000
     2765.0000000000        0.0000000000        0.0000000000
     2766.0000000000        0.0000000000        0.0000000000
     2767.0000000000        0.0000000000        0.0000000000
     2768.0000000000        0.0000000000        0.0000000000
     2769.0000000000        0.0000000000        0.0000000000
     2770.0000000000        0.0000000000        0.0000000000
     2771.0000000000        0.0000000000        0.0000000000
     2772.0000000000        0.0000000000        0.0000000000
     2773.0000000000        0.0000000000        0.0000000000
     2774.0000000000        0.0000000000        0.0000000000
     2775.0000000000        0.0000000000        0.0000000000
     2776.0000000000        0.0000000000        0.0000000000
     2777.0000000000        0.0000000000        0.0000000000
     2778.0000000000        0.0000000000        0.0000000000
     2779.0000000000        0.0000000000        0.0000000000
     2780.0000000000        0.0000000000        0.0000000000
     2781.0000000000        0.0000000000        0.0000000000
     2782.0000000000        0.0000000000        0.0000000000
     2783.0000000000        0.0000000000        0.0000000000
     2784.0000000000        0.0000000000        0.0000000000
     2785.0000000000        0.0000000000        0.0000000000
     2786.0000000000        0.0000000000        0.0000000000
     2787.0000000000        0.0000000000        0.0000000000
     2788.0000000000        0.0000000000        0.0000000000
     2789.0000000000        0.0000000000        0.0000000000
     2790.0000000000        0.0000000000        0.0000000000
     2791.0000000000        0.0000000000        0.0000000000
     2792.0000000000        0.0000000000        0.0000000000
     2793.0000000000        0.0000000000        0.0000000000
     2794.0000000000        0.0000000000        0.0000000000
     2795.0000000000        0.0000000000        0.0000000000
     2796.0000000000        0.0000000000        0.0000000000
     2797.0000000000        0.0000000000        0.0000000000
     2798.0000000000        0.0000000000        0.0000000000
     2799.0000000000        0.0000000000        0.0000000000
     2800.0000000000        0.0000000000        0.0000000000
     2801.0000000000        0.0000000000        0.0000000000
     2802.0000000000        0.0000000000        0.0000000000
     2803.0000000000        0.0000000000        0.0000000000
     2804.0000000000        0.0000000000        0.0000000000
     2805.0000000000        0.0000000000        0.0000000000
     2806.0000000000        0.0000000000        0.0000000000
     2807.0000000000        0.0000000000        0.0000000000
     2808.0000000000        0.0000000000        0.0000000000
     2809.0000000000        0.0000000000        0.0000000000
     2810.0000000000        0.0000000000        0.0000000000
     2811.0000000000        0.0000000000        0.0000000000
     2812.0000000000        0.0000000000        0.0000000000
     2813.0000000000        0.0000000000        0.0000000000
     2814.0000000000        0.0000000000        0.0000000000
     2815.0000000000        0.0000000000        0.0000000000
     2816.0000000000        0.0000000000        0.0000000000
     2817.0000000000        0.0000000000        0.0000000000
     2818.0000000000        0.0000000000        0.0000000000
     2819.0000000000        0.0000000000        0.0000000000
     2820.0000000000        0.0000000000        0.0000000000
     2821.0000000000        0.0000000000        0.0000000000
     2822.0000000000        0.0000000000        0.0000000000
     2823.0000000000        0.0000000000        0.0000000000
     2824.0000000000        0.0000000000        0.0000000000
     2825.0000000000        0.0000000000        0.0000000000
     2826.0000000000        0.0000000000        0.0000000000
     2827.0000000000        0.0000000000        0.0000000000
     2828.0000000000        0.0000000000        0.0000000000
     2829.0000000000        0.0000000000        0.0000000000
     2830.0000000000        0.0000000000        0.0000000000
     2831.0000000000        0.0000000000        0.0000000000
     2832.0000000000        0.0000000000        0.0000000000
     2833.0000000000        0.0000000000        0.0000000000
     2834.0000000000        0.0000000000        0.0000000000
     2835.0000000000        0.0000000000        0.0000000000
     2836.0000000000        0.0000000000        0.0000000000
     2837.0000000000        0.0000000000        0.0000000000
     2838.0000000000        0.0000000000        0.0000000000
     2839.0000000000        0.0000000000        0.0000000000
     2840.0000000000        0.0000000000        0.0000000000
     2841.0000000000        0.0000000000        0.0000000000
     2842.0000000000        0.0000000000        0.0000000000
     2843.0000000000        0.0000000000        0.0000000000
     2844.0000000000        0.0000000000        0.0000000000
     2845.0000000000        0.0000000000        0.0000000000
     2846.0000000000        0.0000000000        0.0000000000
     2847.0000000000        0.0000000000        0.0000000000
     2848.0000000000        0.0000000000        0.0000000000
     2849.0000000000        0.0000000000        0.0000000000
     2850.0000000000        0.0000000000        0.0000000000
     2851.0000000000        0.0000000000        0.0000000000
     2852.0000000000        0.0000000000        0.0000000000
     2853.0000000000        0.0000000000        0.0000000000
     2854.0000000000        0.0000000000        0.0000000000
     2855.0000000000        0.0000000000        0.0000000000
     2856.0000000000        0.0000000000        0.0000000000
     2857.0000000000        0.0000000000        0.0000000000
     2858.0000000000        0.0000000000        0.0000000000
     2859.0000000000        0.0417722266        0.0005245009
     2860.0000000000        0.0423017075        0.0005345027
     2861.0000000000        0.0428413174        0.0005447604
     2862.0000000000        0.0433913163        0.0005552822
     2863.0000000000        0.0439519726        0.0005660766
     2864.0000000000        0.0445235634        0.0005771526
     2865.0000000000        0.0451063747        0.0005885194
     2866.0000000000        0.0457007022        0.0006001865
     2867.0000000000        0.0463068512        0.0006121640
     2868.0000000000        0.0469251372        0.0006244623
     2869.0000000000        0.0475558863        0.0006370921
     2870.0000000000        0.0481994357        0.0006500648
     2871.0000000000        0.0488561341        0.0006633920
     2872.0000000000        0.0495263419        0.0006770858
     2873.0000000000        0.0502104322        0.0006911591
     2874.0000000000        0.0509087910        0.0007056251
     2875.0000000000        0.0516218178        0.0007204974
     2876.0000000000        0.0523499261        0.0007357905
     2877.0000000000        0.0530935441        0.0007515194
     2878.0000000000        0.0538531154        0.0007676998
     2879.0000000000        0.0546290995        0.0007843478
     2880.0000000000        0.0554219725        0.0008014805
     2881.0000000000        0.0562322281        0.0008191158
     2882.0000000000        0.0570603777        0.0008372720
     2883.0000000000        0.0579069523        0.0008559687
     2884.0000000000        0.0587725021        0.0008752261
     2885.0000000000        0.0596575984        0.0008950654
     2886.0000000000        0.0605628341        0.0009155086
     2887.0000000000        0.0614888246        0.0009365789
     2888.0000000000        0.0624362090        0.0009583006
     2889.0000000000        0.0634056514        0.0009806990
     2890.0000000000        0.0643978415        0.0010038007
     2891.0000000000        0.0654134965        0.0010276335
     2892.0000000000        0.0664533618        0.0010522265
     2893.0000000000        0.0675182130        0.0010776102
     2894.0000000000        0.0686088565        0.0011038167
     2895.0000000000        0.0697261319        0.0011308797
     2896.0000000000        0.0708709130        0.0011588342
     2897.0000000000        0.0720441099        0.0011877175
     2898.0000000000        0.0732466705        0.0012175682
     2899.0000000000        0.0744795825        0.0012484274
     2900.0000000000        0.0757438756        0.0012803378
     2901.0000000000        0.0770406235        0.0013133446
     2902.0000000000        0.0783709461        0.0013474954
     2903.0000000000        0.0797360121        0.0013828400
     2904.0000000000        0.0811370415        0.0014194311
     2905.0000000000        0.0825753082        0.0014573241
     2906.0000000000        0.0840521431        0.0014965774
     2907.0000000000        0.0855689369        0.0015372525
     2908.0000000000        0.0871271437        0.0015794144
     2909.0000000000        0.0887282841        0.0016231317
     2910.0000000000        0.0903739495        0.0016684766
     2911.0000000000        0.1151928322        0.0020054138
     2912.0000000000        0.1172252583        0.0020597660
     2913.0000000000        0.1193130345        0.0021161293
     2914.0000000000        0.1214582189        0.0021745988
     2915.0000000000        0.1236629674        0.0022352746
     2916.0000000000        0.1259295390        0.0022982631
     2917.0000000000        0.1282603018        0.0023636765
     2918.0000000000        0.1306577400        0.0024316341
     2919.0000000000        0.1331244600        0.0025022619
     2920.0000000000        0.1356631985        0.0025756940
     2921.0000000000        0.1382768299        0.0026520722
     2922.0000000000        0.1409683752        0.0027315475
     2923.0000000000        0.1437410107        0.0028142802
     2924.0000000000        0.1465980781        0.0029004407
     2925.0000000000        0.1495430949        0.0029902101
     2926.0000000000        0.1525797655        0.0030837816
     2927.0000000000        0.1557119938        0.0031813608
     2928.0000000000        0.1589438958        0.0032831667
     2929.0000000000        0.1622798140        0.0033894333
     2930.0000000000        0.1657243324        0.0035004102
     2931.0000000000        0.1692822932        0.0036163641
     2932.0000000000        0.1729588143        0.0037375801
     2933.0000000000        0.1767593088        0.0038643633
     2934.0000000000        0.1806895054        0.0039970405
     2935.0000000000        0.1847554710        0.0041359619
     2936.0000000000        0.1889636355        0.0042815031
     2937.0000000000        0.1933208178        0.0044340672
     2938.0000000000        0.1978342550        0.0045940876
     2939.0000000000        0.2025116334        0.0047620302
     2940.0000000000        0.2073611229        0.0049383965
     2941.0000000000        0.2123914139        0.0051237268
     2942.0000000000        0.2176117583        0.0053186040
     2943.0000000000        0.2230320133        0.0055236570
     2944.0000000000        0.2286626903        0.0057395657
     2945.0000000000        0.2345150078        0.0059670655
     2946.0000000000        0.2406009497        0.0062069526
     2947.0000000000        0.2469333290        0.0064600903
     2948.0000000000        0.2535258584        0.0067274153
     2949.0000000000        0.2603932271        0.0070099456
     2950.0000000000        0.2675511860        0.0073087884
     2951.0000000000        0.2750166422        0.0076251497
     2952.0000000000        0.2828077620        0.0079603447
     2953.0000000000        0.2909440866        0.0083158093
     2954.0000000000        0.2994466589        0.0086931136
     2955.0000000000        0.3083381648        0.0090939765
     2956.0000000000        0.3176430910        0.0095202828
     2957.0000000000        0.3273878991        0.0099741019
     2958.0000000000        0.3376012216        0.0104577093
     2959.0000000000        0.3483140796        0.0109736111
     2960.0000000000        0.3595601270        0.0115245720
     2961.0000000000        0.3713759246        0.0121136465
     2962.0000000000        0.3838012474        0.0127442154
     2963.0000000000        0.3968794316        0.0134200270
     2964.0000000000        0.4106577649        0.0141452449
     2965.0000000000        0.4251879287        0.0149245025
     2966.0000000000        0.4405264986        0.0157629662
     2967.0000000000        0.4567355128        0.0166664081
     2968.0000000000        0.4738831196        0.0176412908
     2969.0000000000        0.4920443152        0.0186948658
     2970.0000000000        0.5113017887        0.0198352877
     2971.0000000000        0.5317468904        0.0210717485
     2972.0000000000        0.5534807457        0.0224146349
     2973.0000000000        0.5766155397        0.0238757129
     2974.0000000000        0.6012760029        0.0254683466
     2975.0000000000        0.6276011344        0.0272077565
     2976.0000000000        0.6557462080        0.0291113271
     2977.0000000000        0.6858851146        0.0311989744
     2978.0000000000        0.7182131059        0.0334935850
     2979.0000000000        0.7529500220        0.0360215453
     2980.0000000000        0.7903441004        0.0388133805
     2981.0000000000        0.8306764897        0.0419045300
     2982.0000000000        0.8742666205        0.0453362925
     2983.0000000000        0.9214786241        0.0491569836
     2984.0000000000        0.9727290374        0.0534233622
     2985.0000000000        1.0284960959        0.0582023942
     2986.0000000000        1.0893309995        0.0635734500
     2987.0000000000        1.1558716397        0.0696310546
     2988.0000000000        1.2288594192        0.0764883533
     2989.0000000000        1.3091599818        0.0842815065
     2990.0000000000        1.3977889171        0.0931753011
     2991.0000000000        1.4959438430        0.1033703681
     2992.0000000000        1.6050447206        0.1151125355
     2993.0000000000        1.7267848857        0.1287050479
     2994.0000000000        1.8631961400        0.1445246666
     2995.0000000000        2.0167324542        0.1630430728
     2996.0000000000        2.1903785353        0.1848555916
     2997.0000000000        2.3877919372        0.2107201269
     2998.0000000000        2.6134908843        0.2416104915
     2999.0000000000        2.8731050761        0.2787902643
     3000.0000000000        3.1737142364        0.3239162577
     3001.0000000000        3.5243103592        0.3791851997
     3002.0000000000        3.9364364500        0.4475442370
     3003.0000000000        4.4250802068        0.5329967456
     3004.0000000000        5.0099404345        0.6410519102
     3005.0000000000        5.7172446440        0.7793928005
     3006.0000000000        6.5823895787        0.9588774046
     3007.0000000000        7.6538177043        1.1950435902
     3008.0000000000        8.9987475222        1.5103569875
     3009.0000000000       10.7116398131        1.9374784141
     3010.0000000000       12.9265077766        2.5236636581
     3011.0000000000       15.8339274262        3.3354532794
     3012.0000000000       19.7013239136        4.4592072143
     3013.0000000000       24.8859475655        5.9815463993
     3014.0000000000       31.8007977864        7.9028346500
     3015.0000000000       40.7197976148        9.8805190073
     3016.0000000000       51.2003546197       10.7312603403
     3017.0000000000       61.0754035195        8.2860438396
     3018.0000000000       66.2707107100        1.5176227737
     3019.0000000000       63.7678128146       -6.2198970753
     3020.0000000000       55.1055849388      -10.3220024230
     3021.0000000000       44.4911405939      -10.4063394864
     3022.0000000000       34.8978125663       -8.6425171216
     3023.0000000000       27.2773927763       -6.6286862019
     3024.0000000000       21.5236243684       -4.9497712190
     3025.0000000000       17.2373894600       -3.6879980334
     3026.0000000000       14.0322090203       -2.7721720378
     3027.0000000000       11.6082064446       -2.1115168304
     3028.0000000000        9.7491099712       -1.6317614784
     3029.0000000000        8.3025142672       -1.2790600270
     3030.0000000000        7.1612524524       -1.0159556661
     3031.0000000000        6.2494156445       -0.8166750325
     3032.0000000000        5.5126141986       -0.6634356324
     3033.0000000000        4.9113646530       -0.5438549261
     3034.0000000000        4.4166216276       -0.4492038952
     3035.0000000000        4.0067451779       -0.3732441243
     3036.0000000000        3.6654236038       -0.3114528859
     3037.0000000000        3.3802348353       -0.2605030244
     3038.0000000000        3.1416384842       -0.2179100998
     3039.0000000000        2.9422617799       -0.1817899266
     3040.0000000000        2.7763887771       -0.1506895710
     3041.0000000000        2.6395922985       -0.1234676524
     3042.0000000000        2.5284678307       -0.0992079809
     3043.0000000000        2.4404417450       -0.0771558112
     3044.0000000000        2.3736351182       -0.0566693740
     3045.0000000000        2.3267706094       -0.0371815038
     3046.0000000000        2.2991142913       -0.0181675450
     3047.0000000000        2.2904477165        0.0008834820
     3048.0000000000        2.3010682912        0.0204970880
     3049.0000000000        2.3318186172        0.0412434940
     3050.0000000000        2.3841481933        0.0637727032
     3051.0000000000        2.4602141150        0.0888581250
     3052.0000000000        2.5630316683        0.1174537108
     3053.0000000000        2.6966916466        0.1507716801
     3054.0000000000        2.8666698561        0.1903912774
     3055.0000000000        3.0802671600        0.2384142974
     3056.0000000000        3.3472379956        0.2976914157
     3057.0000000000        3.6806953283        0.3721562956
     3058.0000000000        4.0984261863        0.4673241921
     3059.0000000000        4.6248222138        0.5910405423
     3060.0000000000        5.2937332295        0.7546020154
     3061.0000000000        6.1526914543        0.9744028730
     3062.0000000000        7.2690974690        1.2742171428
     3063.0000000000        8.7389388687        1.6878763869
     3064.0000000000       10.6978111711        2.2606844789
     3065.0000000000       13.3304340920        3.0432017420
     3066.0000000000       16.8628449279        4.0576339682
     3067.0000000000       21.4886351100        5.1885124495
     3068.0000000000       27.1201835263        5.9370455202
     3069.0000000000       32.8711538288        5.2063839356
     3070.0000000000       36.6924869408        2.0358200659
     3071.0000000000       36.4902773215       -2.4171697922
     3072.0000000000       32.3810180062       -5.3865758327
     3073.0000000000       26.5463921201       -5.9419820069
     3074.0000000000       20.9508151920       -5.1273557891
     3075.0000000000       16.3899797026       -3.9950931317
     3076.0000000000       12.9112572380       -2.9995340014
     3077.0000000000       10.3120007616       -2.2371668740
     3078.0000000000        8.3681085127       -1.6807139068
     3079.0000000000        6.8989666728       -1.2793756073
     3080.0000000000        5.7725806619       -0.9887710540
     3081.0000000000        4.8955814582       -0.7760258317
     3082.0000000000        4.2023318305       -0.6181086647
     3083.0000000000        3.6464299958       -0.4991558896
     3084.0000000000        3.1947099467       -0.4082428409
     3085.0000000000        2.8231494671       -0.3377882654
     3086.0000000000        2.5141043828       -0.2824711154
     3087.0000000000        2.2544340324       -0.2385082029
     3088.0000000000        2.0342199347       -0.2031735338
     3089.0000000000        1.8458800274       -0.1744766894
     3090.0000000000        1.6835486894       -0.1509455996
     3091.0000000000        1.5426372089       -0.1314781610
     3092.0000000000        1.4195182041       -0.1152396502
     3093.0000000000        1.3112962366       -0.1015909227
     3094.0000000000        1.2156390982       -0.0900375460
     3095.0000000000        1.1306523218       -0.0801933372
     3096.0000000000        1.0547848447       -0.0717539273
     3097.0000000000        0.9867573735       -0.0644773876
     3098.0000000000        0.9255074691       -0.0581698844
     3099.0000000000        0.8701470706       -0.0526749516
     3100.0000000000        0.8199293620       -0.0478653952
     3101.0000000000        0.7742227193       -0.0436371298
     3102.0000000000        0.7324900709       -0.0399044461
     3103.0000000000        0.6942724293       -0.0365963488
     3104.0000000000        0.6591756626       -0.0336537022
     3105.0000000000        0.6268598009       -0.0310269878
     3106.0000000000        0.5970303383       -0.0286745330
     3107.0000000000        0.5694311195       -0.0265611005
     3108.0000000000        0.5438384885       -0.0246567604
     3109.0000000000        0.5200564520       -0.0229359816
     3110.0000000000        0.4979126614       -0.0213768961
     3111.0000000000        0.4772550584       -0.0199607004
     3112.0000000000        0.4579490640       -0.0186711665
     3113.0000000000        0.4398752104       -0.0174942388
     3114.0000000000        0.4229271399       -0.0164177026
     3115.0000000000        0.4070099061       -0.0154309081
     3116.0000000000        0.3920385270       -0.0145245416
     3117.0000000000        0.3779367478       -0.0136904331
     3118.0000000000        0.3646359798       -0.0129213959
     3119.0000000000        0.3520743869       -0.0122110905
     3120.0000000000        0.3401960973       -0.0115539105
     3121.0000000000        0.3289505205       -0.0109448850
     3122.0000000000        0.3182917539       -0.0103795958
     3123.0000000000        0.3081780667       -0.0098541069
     3124.0000000000        0.2985714488       -0.0093649040
     3125.0000000000        0.2894372152       -0.0089088424
     3126.0000000000        0.2807436601       -0.0084831021
     3127.0000000000        0.2724617512       -0.0080851496
     3128.0000000000        0.2645648611       -0.0077127039
     3129.0000000000        0.2570285292       -0.0073637076
     3130.0000000000        0.2498302510       -0.0070363018
     3131.0000000000        0.2429492914       -0.0067288037
     3132.0000000000        0.2363665179       -0.0064396874
     3133.0000000000        0.2300642526       -0.0061675672
     3134.0000000000        0.2240261397       -0.0059111823
     3135.0000000000        0.2182370269       -0.0056693841
     3136.0000000000        0.2126828596       -0.0054411246
     3137.0000000000        0.2073505850       -0.0052254460
     3138.0000000000        0.2022280669       -0.0050214719
     3139.0000000000        0.1973040081       -0.0048283992
     3140.0000000000        0.1925678809       -0.0046454911
     3141.0000000000        0.1880098641       -0.0044720704
     3142.0000000000        0.1836207858       -0.0043075144
     3143.0000000000        0.1793920721       -0.0041512494
     3144.0000000000        0.1753157002       -0.0040027464
     3145.0000000000        0.1713841552       -0.0038615171
     3146.0000000000        0.1675903922       -0.0037271102
     3147.0000000000        0.1639278003       -0.0035991079
     3148.0000000000        0.1603901706       -0.0034771236
     3149.0000000000        0.1569716669       -0.0033607985
     3150.0000000000        0.1536667984       -0.0032497998
     3151.0000000000        0.1504703952       -0.0031438182
     3152.0000000000        0.1473775858       -0.0030425660
     3153.0000000000        0.1443837761       -0.0029457756
     3154.0000000000        0.1414846305       -0.0028531976
     3155.0000000000        0.1386760545       -0.0027645993
     3156.0000000000        0.1359541779       -0.0026797637
     3157.0000000000        0.1333153406       -0.0025984879
     3158.0000000000        0.1307560787       -0.0025205825
     3159.0000000000        0.1282731114       -0.0024458700
     3160.0000000000        0.1258633298       -0.0023741844
     3161.0000000000        0.1235237856       -0.0023053699
     3162.0000000000        0.1212516816       -0.0022392807
     3163.0000000000        0.1190443616       -0.0021757796
     3164.0000000000        0.1168993025       -0.0021147381
     3165.0000000000        0.1148141059       -0.0020560352
     3166.0000000000        0.1127864905       -0.0019995572
     3167.0000000000        0.1108142857       -0.0019451969
     3168.0000000000        0.1088954244       -0.0018928537
     3169.0000000000        0.1070279377       -0.0018424324
     3170.0000000000        0.1052099489       -0.0017938435
     3171.0000000000        0.1034396681       -0.0017470025
     3172.0000000000        0.1017153879       -0.0017018295
     3173.0000000000        0.1000354782       -0.0016582492
     3174.0000000000        0.0983983824       -0.0016161902
     3175.0000000000        0.0968026131       -0.0015755852
     3176.0000000000        0.0952467487       -0.0015363703
     3177.0000000000        0.0937294293       -0.0014984852
     3178.0000000000        0.0922493542       -0.0014618726
     3179.0000000000        0.0498768755       -0.0009177864
     3180.0000000000        0.0489715961       -0.0008929240
     3181.0000000000        0.0480907310       -0.0008689512
     3182.0000000000        0.0472334104       -0.0008458285
     3183.0000000000        0.0463988030       -0.0008235187
     3184.0000000000        0.0455861138       -0.0008019863
     3185.0000000000        0.0447945824       -0.0007811978
     3186.0000000000        0.0440234808       -0.0007611214
     3187.0000000000        0.0432721123       -0.0007417268
     3188.0000000000        0.0425398096       -0.0007229853
     3189.0000000000        0.0418259332       -0.0007048696
     3190.0000000000        0.0411298703       -0.0006873540
     3191.0000000000        0.0404510334       -0.0006704137
     3192.0000000000        0.0397888589       -0.0006540254
     3193.0000000000        0.0391428061       -0.0006381667
     3194.0000000000        0.0385123560       -0.0006228164
     3195.0000000000        0.0378970104       -0.0006079544
     3196.0000000000        0.0372962909       -0.0005935613
     3197.0000000000        0.0367097376       -0.0005796189
     3198.0000000000        0.0361369088       -0.0005661095
     3199.0000000000        0.0355773797       -0.0005530167
     3200.0000000000        0.0350307420       -0.0005403243
     3201.0000000000        0.0344966026       -0.0005280173
     3202.0000000000        0.0339745837       -0.0005160811
     3203.0000000000        0.0334643214       -0.0005045019
     3204.0000000000        0.0329654654       -0.0004932664
     3205.0000000000        0.0324776783       -0.0004823620
     3206.0000000000        0.0320006351       -0.0004717765
     3207.0000000000        0.0315340228       -0.0004614984
     3208.0000000000        0.0310775394       -0.0004515167
     3209.0000000000        0.0306308941       -0.0004418207
     3210.0000000000        0.0301938063       -0.0004324002
     3211.0000000000        0.0297660051       -0.0004232456
     3212.0000000000        0.0293472295       -0.0004143475
     3213.0000000000        0.0289372275       -0.0004056971
     3214.0000000000        0.0285357557       -0.0003972857
     3215.0000000000        0.0281425791       -0.0003891052
     3216.0000000000        0.0277574709       -0.0003811477
     3217.0000000000        0.0273802118       -0.0003734057
     3218.0000000000        0.0270105901       -0.0003658719
     3219.0000000000        0.0266484010       -0.0003585393
     3220.0000000000        0.0262934466       -0.0003514013
     3221.0000000000        0.0259455356       -0.0003444516
     3222.0000000000        0.0256044828       -0.0003376838
     3223.0000000000        0.0252701093       -0.0003310921
     3224.0000000000        0.0249422417       -0.0003246709
     3225.0000000000        0.0246207125       -0.0003184146
     3226.0000000000        0.0243053593       -0.0003123180
     3227.0000000000        0.0239960250       -0.0003063760
     3228.0000000000        0.0236925575       -0.0003005837
     3229.0000000000        0.0233948093       -0.0002949365
     3230.0000000000        0.0231026376       -0.0002894299
     3231.0000000000        0.0000000000        0.0000000000
     3232.0000000000        0.0000000000        0.0000000000
     3233.0000000000        0.0000000000        0.0000000000
     3234.0000000000        0.0000000000        0.0000000000
     3235.0000000000        0.0000000000        0.0000000000
     3236.0000000000        0.0000000000        0.0000000000
     3237.0000000000        0.0000000000        0.0000000000
     3238.0000000000        0.0000000000        0.0000000000
     3239.0000000000        0.0000000000        0.0000000000
     3240.0000000000        0.0000000000        0.0000000000
     3241.0000000000        0.0000000000        0.0000000000
     3242.0000000000        0.0000000000        0.0000000000
     3243.0000000000        0.0000000000        0.0000000000
     3244.0000000000        0.0000000000        0.0000000000
     3245.0000000000        0.0000000000        0.0000000000
     3246.0000000000        0.0000000000        0.0000000000
     3247.0000000000        0.0000000000        0.0000000000
     3248.0000000000        0.0000000000        0.0000000000
     3249.0000000000        0.0000000000        0.0000000000
     3250.0000000000        0.0000000000        0.0000000000
     3251.0000000000        0.0000000000        0.0000000000
     3252.0000000000        0.0000000000        0.0000000000
     3253.0000000000        0.0000000000        0.0000000000
     3254.0000000000        0.0000000000        0.0000000000
     3255.0000000000        0.0000000000        0.0000000000
     3256.0000000000        0.0000000000        0.0000000000
     3257.0000000000        0.0000000000        0.0000000000
     3258.0000000000        0.0000000000        0.0000000000
     3259.0000000000        0.0000000000        0.0000000000
     3260.0000000000        0.0000000000        0.0000000000
     3261.0000000000        0.0000000000        0.0000000000
     3262.0000000000        0.0000000000        0.0000000000
     3263.0000000000        0.0000000000        0.0000000000
     3264.0000000000        0.0000000000        0.0000000000
     3265.0000000000        0.0000000000        0.0000000000
     3266.0000000000        0.0000000000        0.0000000000
     3267.0000000000        0.0000000000        0.0000000000
     3268.0000000000        0.0000000000        0.0000000000
     3269.0000000000        0.0000000000        0.0000000000
     3270.0000000000        0.0000000000        0.0000000000
     3271.0000000000        0.0000000000        0.0000000000
     3272.0000000000        0.0000000000        0.0000000000
     3273.0000000000        0.0000000000        0.0000000000
     3274.0000000000        0.0000000000        0.0000000000
     3275.0000000000        0.0000000000        0.0000000000
     3276.0000000000        0.0000000000        0.0000000000
     3277.0000000000        0.0000000000        0.0000000000
     3278.0000000000        0.0000000000        0.0000000000
     3279.0000000000        0.0000000000        0.0000000000
     3280.0000000000        0.0000000000        0.0000000000
     3281.0000000000        0.0000000000        0.0000000000
     3282.0000000000        0.0000000000        0.0000000000
     3283.0000000000        0.0000000000        0.0000000000
     3284.0000000000        0.0000000000        0.0000000000
     3285.0000000000        0.0000000000        0.0000000000
     3286.0000000000        0.0000000000        0.0000000000
     3287.0000000000        0.0000000000        0.0000000000
     3288.0000000000        0.0000000000        0.0000000000
     3289.0000000000        0.0000000000        0.0000000000
     3290.0000000000        0.0000000000        0.0000000000
     3291.0000000000        0.0000000000        0.0000000000
     3292.0000000000        0.0000000000        0.0000000000
     3293.0000000000        0.0000000000        0.0000000000
     3294.0000000000        0.0000000000        0.0000000000
     3295.0000000000        0.0000000000        0.0000000000
     3296.0000000000        0.0000000000        0.0000000000
     3297.0000000000        0.0000000000        0.0000000000
     3298.0000000000        0.0000000000        0.0000000000
     3299.0000000000        0.0000000000        0.0000000000
     3300.0000000000        0.0000000000        0.0000000000
     3301.0000000000        0.0000000000        0.0000000000
     3302.0000000000        0.0000000000        0.0000000000
     3303.0000000000        0.0000000000        0.0000000000
     3304.0000000000        0.0000000000        0.0000000000
     3305.0000000000        0.0000000000        0.0000000000
     3306.0000000000        0.0000000000        0.0000000000
     3307.0000000000        0.0000000000        0.0000000000
     3308.0000000000        0.0000000000        0.0000000000
     3309.0000000000        0.0000000000        0.0000000000
     3310.0000000000        0.0000000000        0.0000000000
     3311.0000000000        0.0000000000        0.0000000000
     3312.0000000000        0.0000000000        0.0000000000
     3313.0000000000        0.0000000000        0.0000000000
     3314.0000000000        0.0000000000        0.0000000000
     3315.0000000000        0.0000000000        0.0000000000
     3316.0000000000        0.0000000000        0.0000000000
     3317.0000000000        0.0000000000        0.0000000000
     3318.0000000000        0.0000000000        0.0000000000
     3319.0000000000        0.0000000000        0.0000000000
     3320.0000000000        0.0000000000        0.0000000000
     3321.0000000000        0.0000000000        0.0000000000
     3322.0000000000        0.0000000000        0.0000000000
     3323.0000000000        0.0000000000        0.0000000000
     3324.0000000000        0.0000000000        0.0000000000
     3325.0000000000        0.0000000000        0.0000000000
     3326.0000000000        0.0000000000        0.0000000000
     3327.0000000000        0.0000000000        0.0000000000
     3328.0000000000        0.0000000000        0.0000000000
     3329.0000000000        0.0000000000        0.0000000000
     3330.0000000000        0.0000000000        0.0000000000
     3331.0000000000        0.0000000000        0.0000000000
     3332.0000000000        0.0000000000        0.0000000000
     3333.0000000000        0.0000000000        0.0000000000
     3334.0000000000        0.0000000000        0.0000000000
     3335.0000000000        0.0000000000        0.0000000000
     3336.0000000000        0.0000000000        0.0000000000
     3337.0000000000        0.0000000000        0.0000000000
     3338.0000000000        0.0000000000        0.0000000000
     3339.0000000000        0.0000000000        0.0000000000
     3340.0000000000        0.0000000000        0.0000000000
     3341.0000000000        0.0000000000        0.0000000000
     3342.0000000000        0.0000000000        0.0000000000
     3343.0000000000        0.0000000000        0.0000000000
     3344.0000000000        0.0000000000        0.0000000000
     3345.0000000000        0.0000000000        0.0000000000
     3346.0000000000        0.0000000000        0.0000000000
     3347.0000000000        0.0000000000        0.0000000000
     3348.0000000000        0.0000000000        0.0000000000
     3349.0000000000        0.0000000000        0.0000000000
     3350.0000000000        0.0000000000        0.0000000000
     3351.0000000000        0.0000000000        0.0000000000
     3352.0000000000        0.0000000000        0.0000000000
     3353.0000000000        0.0000000000        0.0000000000
     3354.0000000000        0.0000000000        0.0000000000
     3355.0000000000        0.0000000000        0.0000000000
     3356.0000000000        0.0000000000        0.0000000000
     3357.0000000000        0.0000000000        0.0000000000
     3358.0000000000        0.0000000000        0.0000000000
     3359.0000000000        0.0000000000        0.0000000000
     3360.0000000000        0.0000000000        0.0000000000
     3361.0000000000        0.0000000000        0.0000000000
     3362.0000000000        0.0000000000        0.0000000000
     3363.0000000000        0.0000000000        0.0000000000
     3364.0000000000        0.0000000000        0.0000000000
     3365.0000000000        0.0000000000        0.0000000000
     3366.0000000000        0.0000000000        0.0000000000
     3367.0000000000        0.0000000000        0.0000000000
     3368.0000000000        0.0000000000        0.0000000000
     3369.0000000000        0.0000000000        0.0000000000
     3370.0000000000        0.0000000000        0.0000000000
     3371.0000000000        0.0000000000        0.0000000000
     3372.0000000000        0.0000000000        0.0000000000
     3373.0000000000        0.0000000000        0.0000000000
     3374.0000000000        0.0000000000        0.0000000000
     3375.0000000000        0.0000000000        0.0000000000
     3376.0000000000        0.0000000000        0.0000000000
     3377.0000000000        0.0000000000        0.0000000000
     3378.0000000000        0.0000000000        0.0000000000
     3379.0000000000        0.0000000000        0.0000000000
     3380.0000000000        0.0000000000        0.0000000000
     3381.0000000000        0.0000000000        0.0000000000
     3382.0000000000        0.0000000000        0.0000000000
     3383.0000000000        0.0000000000        0.0000000000
     3384.0000000000        0.0000000000        0.0000000000
     3385.0000000000        0.0000000000        0.0000000000
     3386.0000000000        0.0000000000        0.0000000000
     3387.0000000000        0.0000000000        0.0000000000
     3388.0000000000        0.0000000000        0.0000000000
     3389.0000000000        0.0000000000        0.0000000000
     3390.0000000000        0.0000000000        0.0000000000
     3391.0000000000        0.0000000000        0.0000000000
     3392.0000000000        0.0000000000        0.0000000000
     3393.0000000000        0.0000000000        0.0000000000
     3394.0000000000        0.0000000000        0.0000000000
     3395.0000000000        0.0000000000        0.0000000000
     3396.0000000000        0.0000000000        0.0000000000
     3397.0000000000        0.0000000000        0.0000000000
     3398.0000000000        0.0000000000        0.0000000000
     3399.0000000000        0.0000000000        0.0000000000
     3400.0000000000        0.0000000000        0.0000000000
     3401.0000000000        0.0000000000        0.0000000000
     3402.0000000000        0.0000000000        0.0000000000
     3403.0000000000        0.0000000000        0.0000000000
     3404.0000000000        0.0000000000        0.0000000000
     3405.0000000000        0.0000000000        0.0000000000
     3406.0000000000        0.0000000000        0.0000000000
     3407.0000000000        0.0000000000        0.0000000000
     3408.0000000000        0.0000000000        0.0000000000
     3409.0000000000        0.0000000000        0.0000000000
     3410.0000000000        0.0000000000        0.0000000000
     3411.0000000000        0.0000000000        0.0000000000
     3412.0000000000        0.0000000000        0.0000000000
     3413.0000000000        0.0000000000        0.0000000000
     3414.0000000000        0.0000000000        0.0000000000
     3415.0000000000        0.0000000000        0.0000000000
     3416.0000000000        0.0000000000        0.0000000000
     3417.0000000000        0.0000000000        0.0000000000
     3418.0000000000        0.0000000000        0.0000000000
     3419.0000000000        0.0000000000        0.0000000000
     3420.0000000000        0.0000000000        0.0000000000
     3421.0000000000        0.0000000000        0.0000000000
     3422.0000000000        0.0000000000        0.0000000000
     3423.0000000000        0.0000000000        0.0000000000
     3424.0000000000        0.0000000000        0.0000000000
     3425.0000000000        0.0000000000        0.0000000000
     3426.0000000000        0.0000000000        0.0000000000
     3427.0000000000        0.0000000000        0.0000000000
     3428.0000000000        0.0000000000        0.0000000000
     3429.0000000000        0.0000000000        0.0000000000
     3430.0000000000        0.0000000000        0.0000000000
     3431.0000000000        0.0000000000        0.0000000000
     3432.0000000000        0.0000000000        0.0000000000
     3433.0000000000        0.0000000000        0.0000000000
     3434.0000000000        0.0000000000        0.0000000000
     3435.0000000000        0.0000000000        0.0000000000
     3436.0000000000        0.0000000000        0.0000000000
     3437.0000000000        0.0000000000        0.0000000000
     3438.0000000000        0.0000000000        0.0000000000
     3439.0000000000        0.0000000000        0.0000000000
     3440.0000000000        0.0000000000        0.0000000000
     3441.0000000000        0.0000000000        0.0000000000
     3442.0000000000        0.0000000000        0.0000000000
     3443.0000000000        0.0000000000        0.0000000000
     3444.0000000000        0.0000000000        0.0000000000
     3445.0000000000        0.0000000000        0.0000000000
     3446.0000000000        0.0000000000        0.0000000000
     3447.0000000000        0.0000000000        0.0000000000
     3448.0000000000        0.0000000000        0.0000000000
     3449.0000000000        0.0000000000        0.0000000000
     3450.0000000000        0.0000000000        0.0000000000
     3451.0000000000        0.0000000000        0.0000000000
     3452.0000000000        0.0000000000        0.0000000000
     3453.0000000000        0.0000000000        0.0000000000
     3454.0000000000        0.0000000000        0.0000000000
     3455.0000000000        0.0000000000        0.0000000000
     3456.0000000000        0.0000000000        0.0000000000
     3457.0000000000        0.0000000000        0.0000000000
     3458.0000000000        0.0000000000        0.0000000000
     3459.0000000000        0.0000000000        0.0000000000
     3460.0000000000        0.0000000000        0.0000000000
     3461.0000000000        0.0000000000        0.0000000000
     3462.0000000000        0.0000000000        0.0000000000
     3463.0000000000        0.0000000000        0.0000000000
     3464.0000000000        0.0000000000        0.0000000000
     3465.0000000000        0.0000000000        0.0000000000
     3466.0000000000        0.0000000000        0.0000000000
     3467.0000000000        0.0000000000        0.0000000000
     3468.0000000000        0.0000000000        0.0000000000
     3469.0000000000        0.0000000000        0.0000000000
     3470.0000000000        0.0000000000        0.0000000000
     3471.0000000000        0.0000000000        0.0000000000
     3472.0000000000        0.0000000000        0.0000000000
     3473.0000000000        0.0000000000        0.0000000000
     3474.0000000000        0.0000000000        0.0000000000
     3475.0000000000        0.0000000000        0.0000000000
     3476.0000000000        0.0000000000        0.0000000000
     3477.0000000000        0.0000000000        0.0000000000
     3478.0000000000        0.0000000000        0.0000000000
     3479.0000000000        0.0000000000        0.0000000000
     3480.0000000000        0.0000000000        0.0000000000
     3481.0000000000        0.0000000000        0.0000000000
     3482.0000000000        0.0000000000        0.0000000000
     3483.0000000000        0.0000000000        0.0000000000
     3484.0000000000        0.0000000000        0.0000000000
     3485.0000000000        0.0000000000        0.0000000000
     3486.0000000000        0.0000000000        0.0000000000
     3487.0000000000        0.0000000000        0.0000000000
     3488.0000000000        0.0000000000        0.0000000000
     3489.0000000000        0.0000000000        0.0000000000
     3490.0000000000        0.0000000000        0.0000000000
     3491.0000000000        0.0000000000        0.0000000000
     3492.0000000000        0.0000000000        0.0000000000
     3493.0000000000        0.0000000000        0.0000000000
     3494.0000000000        0.0000000000        0.0000000000
     3495.0000000000        0.0000000000        0.0000000000
     3496.0000000000        0.0000000000        0.0000000000
     3497.0000000000        0.0000000000        0.0000000000
     3498.0000000000        0.0000000000        0.0000000000
     3499.0000000000        0.0000000000        0.0000000000
     3500.0000000000        0.0000000000        0.0000000000
     3501.0000000000        0.0000000000        0.0000000000
     3502.0000000000        0.0000000000        0.0000000000
     3503.0000000000        0.0000000000        0.0000000000
     3504.0000000000        0.0000000000        0.0000000000
     3505.0000000000        0.0000000000        0.0000000000
     3506.0000000000        0.0000000000        0.0000000000
     3507.0000000000        0.0000000000        0.0000000000
     3508.0000000000        0.0000000000        0.0000000000
     3509.0000000000        0.0000000000        0.0000000000
     3510.0000000000        0.0000000000        0.0000000000
     3511.0000000000        0.0000000000        0.0000000000
     3512.0000000000        0.0000000000        0.0000000000
     3513.0000000000        0.0000000000        0.0000000000
     3514.0000000000        0.0000000000        0.0000000000
     3515.0000000000        0.0000000000        0.0000000000
     3516.0000000000        0.0000000000        0.0000000000
     3517.0000000000        0.0000000000        0.0000000000
     3518.0000000000        0.0000000000        0.0000000000
     3519.0000000000        0.0000000000        0.0000000000
     3520.0000000000        0.0000000000        0.0000000000
     3521.0000000000        0.0000000000        0.0000000000
     3522.0000000000        0.0000000000        0.0000000000
     3523.0000000000        0.0000000000        0.0000000000
     3524.0000000000        0.0000000000        0.0000000000
     3525.0000000000        0.0000000000        0.0000000000
     3526.0000000000        0.0000000000        0.0000000000
     3527.0000000000        0.0000000000        0.0000000000
     3528.0000000000        0.0000000000        0.0000000000
     3529.0000000000        0.0000000000        0.0000000000
     3530.0000000000        0.0000000000        0.0000000000
     3531.0000000000        0.0000000000        0.0000000000
     3532.0000000000        0.0000000000        0.0000000000
     3533.0000000000        0.0000000000        0.0000000000
     3534.0000000000        0.0000000000        0.0000000000
     3535.0000000000        0.0000000000        0.0000000000
     3536.0000000000        0.0000000000        0.0000000000
     3537.0000000000        0.0000000000        0.0000000000
     3538.0000000000        0.0000000000        0.0000000000
     3539.0000000000        0.0000000000        0.0000000000
     3540.0000000000        0.0000000000        0.0000000000
     3541.0000000000        0.0000000000        0.0000000000
     3542.0000000000        0.0000000000        0.0000000000
     3543.0000000000        0.0000000000        0.0000000000
     3544.0000000000        0.0000000000        0.0000000000
     3545.0000000000        0.0000000000        0.0000000000
     3546.0000000000        0.0000000000        0.0000000000
     3547.0000000000        0.0000000000        0.0000000000
     3548.0000000000        0.0000000000        0.0000000000
     3549.0000000000        0.0000000000        0.0000000000
     3550.0000000000        0.0000000000        0.0000000000
     3551.0000000000        0.0000000000        0.0000000000
     3552.0000000000        0.0000000000        0.0000000000
     3553.0000000000        0.0000000000        0.0000000000
     3554.0000000000        0.0000000000        0.0000000000
     3555.0000000000        0.0000000000        0.0000000000
     3556.0000000000        0.0000000000        0.0000000000
     3557.0000000000        0.0000000000        0.0000000000
     3558.0000000000        0.0000000000        0.0000000000
     3559.0000000000        0.0000000000        0.0000000000
     3560.0000000000        0.0000000000        0.0000000000
     3561.0000000000        0.0000000000        0.0000000000
     3562.0000000000        0.0000000000        0.0000000000
     3563.0000000000        0.0000000000        0.0000000000
     3564.0000000000        0.0000000000        0.0000000000
     3565.0000000000        0.0000000000        0.0000000000
     3566.0000000000        0.0000000000        0.0000000000
     3567.0000000000        0.0000000000        0.0000000000
     3568.0000000000        0.0000000000        0.0000000000
     3569.0000000000        0.0000000000        0.0000000000
     3570.0000000000        0.0000000000        0.0000000000
     3571.0000000000        0.0000000000        0.0000000000
     3572.0000000000        0.0000000000        0.0000000000
     3573.0000000000        0.0000000000        0.0000000000
     3574.0000000000        0.0000000000        0.0000000000
     3575.0000000000        0.0000000000        0.0000000000
     3576.0000000000        0.0000000000        0.0000000000
     3577.0000000000        0.0000000000        0.0000000000
     3578.0000000000        0.0000000000        0.0000000000
     3579.0000000000        0.0000000000        0.0000000000
     3580.0000000000        0.0000000000        0.0000000000
     3581.0000000000        0.0000000000        0.0000000000
     3582.0000000000        0.0000000000        0.0000000000
     3583.0000000000        0.0000000000        0.0000000000
     3584.0000000000        0.0000000000        0.0000000000
     3585.0000000000        0.0000000000        0.0000000000
     3586.0000000000        0.0000000000        0.0000000000
     3587.0000000000        0.0000000000        0.0000000000
     3588.0000000000        0.0000000000        0.0000000000
     3589.0000000000        0.0000000000        0.0000000000
     3590.0000000000        0.0000000000        0.0000000000
     3591.0000000000        0.0000000000        0.0000000000
     3592.0000000000        0.0000000000        0.0000000000
     3593.0000000000        0.0000000000        0.0000000000
     3594.0000000000        0.0000000000        0.0000000000
     3595.0000000000        0.0000000000        0.0000000000
     3596.0000000000        0.0000000000        0.0000000000
     3597.0000000000        0.0000000000        0.0000000000
     3598.0000000000        0.0000000000        0.0000000000
     3599.0000000000        0.0000000000        0.0000000000
     3600.0000000000        0.0000000000        0.0000000000
     3601.0000000000        0.0000000000        0.0000000000
     3602.0000000000        0.0000000000        0.0000000000
     3603.0000000000        0.0000000000        0.0000000000
     3604.0000000000        0.0000000000        0.0000000000
     3605.0000000000        0.0000000000        0.0000000000
     3606.0000000000        0.0000000000        0.0000000000
     3607.0000000000        0.0000000000        0.0000000000
     3608.0000000000        0.0000000000        0.0000000000
     3609.0000000000        0.0000000000        0.0000000000
     3610.0000000000        0.0000000000        0.0000000000
     3611.0000000000        0.0000000000        0.0000000000
     3612.0000000000        0.0000000000        0.0000000000
     3613.0000000000        0.0000000000        0.0000000000
     3614.0000000000        0.0000000000        0.0000000000
     3615.0000000000        0.0000000000        0.0000000000
     3616.0000000000        0.0000000000        0.0000000000
     3617.0000000000        0.0000000000        0.0000000000
     3618.0000000000        0.0000000000        0.0000000000
     3619.0000000000        0.0000000000        0.0000000000
     3620.0000000000        0.0000000000        0.0000000000
     3621.0000000000        0.0000000000        0.0000000000
     3622.0000000000        0.0000000000        0.0000000000
     3623.0000000000        0.0000000000        0.0000000000
     3624.0000000000        0.0000000000        0.0000000000
     3625.0000000000        0.0000000000        0.0000000000
     3626.0000000000        0.0000000000        0.0000000000
     3627.0000000000        0.0000000000        0.0000000000
     3628.0000000000        0.0000000000        0.0000000000
     3629.0000000000        0.0000000000        0.0000000000
     3630.0000000000        0.0000000000        0.0000000000
     3631.0000000000        0.0000000000        0.0000000000
     3632.0000000000        0.0000000000        0.0000000000
     3633.0000000000        0.0000000000        0.0000000000
     3634.0000000000        0.0000000000        0.0000000000
     3635.0000000000        0.0000000000        0.0000000000
     3636.0000000000        0.0000000000        0.0000000000
     3637.0000000000        0.0000000000        0.0000000000
     3638.0000000000        0.0000000000        0.0000000000
     3639.0000000000        0.0000000000        0.0000000000
     3640.0000000000        0.0000000000        0.0000000000
     3641.0000000000        0.0000000000        0.0000000000
     3642.0000000000        0.0000000000        0.0000000000
     3643.0000000000        0.0000000000        0.0000000000
     3644.0000000000        0.0000000000        0.0000000000
     3645.0000000000        0.0000000000        0.0000000000
     3646.0000000000        0.0000000000        0.0000000000
     3647.0000000000        0.0000000000        0.0000000000
     3648.0000000000        0.0000000000        0.0000000000
     3649.0000000000        0.0000000000        0.0000000000
     3650.0000000000        0.0000000000        0.0000000000
     3651.0000000000        0.0000000000        0.0000000000
     3652.0000000000        0.0000000000        0.0000000000
     3653.0000000000        0.0000000000        0.0000000000
     3654.0000000000        0.0000000000        0.0000000000
     3655.0000000000        0.0000000000        0.0000000000
     3656.0000000000        0.0000000000        0.0000000000
     3657.0000000000        0.0000000000        0.0000000000
     3658.0000000000        0.0000000000        0.0000000000
     3659.0000000000        0.0000000000        0.0000000000
     3660.0000000000        0.0000000000        0.0000000000
     3661.0000000000        0.0000000000        0.0000000000
     3662.0000000000        0.0000000000        0.0000000000
     3663.0000000000        0.0000000000        0.0000000000
     3664.0000000000        0.0000000000        0.0000000000
     3665.0000000000        0.0000000000        0.0000000000
     3666.0000000000        0.0000000000        0.0000000000
     3667.0000000000        0.0000000000        0.0000000000
     3668.0000000000        0.0000000000        0.0000000000
     3669.0000000000        0.0000000000        0.0000000000
     3670.0000000000        0.0000000000        0.0000000000
     3671.0000000000        0.0000000000        0.0000000000
     3672.0000000000        0.0000000000        0.0000000000
     3673.0000000000        0.0000000000        0.0000000000
     3674.0000000000        0.0000000000        0.0000000000
     3675.0000000000        0.0000000000        0.0000000000
     3676.0000000000        0.0000000000        0.0000000000
     3677.0000000000        0.0000000000        0.0000000000
     3678.0000000000        0.0000000000        0.0000000000
     3679.0000000000        0.0000000000        0.0000000000
     3680.0000000000        0.0000000000        0.0000000000
     3681.0000000000        0.0000000000        0.0000000000
     3682.0000000000        0.0000000000        0.0000000000
     3683.0000000000        0.0000000000        0.0000000000
     3684.0000000000        0.0000000000        0.0000000000
     3685.0000000000        0.0000000000        0.0000000000
     3686.0000000000        0.0000000000        0.0000000000
     3687.0000000000        0.0000000000        0.0000000000
     3688.0000000000        0.0000000000        0.0000000000
     3689.0000000000        0.0000000000        0.0000000000
     3690.0000000000        0.0000000000        0.0000000000
     3691.0000000000        0.0000000000        0.0000000000
     3692.0000000000        0.0000000000        0.0000000000
     3693.0000000000        0.0000000000        0.0000000000
     3694.0000000000        0.0000000000        0.0000000000
     3695.0000000000        0.0000000000        0.0000000000
     3696.0000000000        0.0000000000        0.0000000000
     3697.0000000000        0.0000000000        0.0000000000
     3698.0000000000        0.0000000000        0.0000000000
     3699.0000000000        0.0000000000        0.0000000000
     3700.0000000000        0.0000000000        0.0000000000
     3701.0000000000        0.0000000000        0.0000000000
     3702.0000000000        0.0000000000        0.0000000000
     3703.0000000000        0.0000000000        0.0000000000
     3704.0000000000        0.0000000000        0.0000000000
     3705.0000000000        0.0000000000        0.0000000000
     3706.0000000000        0.0000000000        0.0000000000
     3707.0000000000        0.0000000000        0.0000000000
     3708.0000000000        0.0000000000        0.0000000000
     3709.0000000000        0.0000000000        0.0000000000
     3710.0000000000        0.0000000000        0.0000000000
     3711.0000000000        0.0000000000        0.0000000000
     3712.0000000000        0.0000000000        0.0000000000
     3713.0000000000        0.0000000000        0.0000000000
     3714.0000000000        0.0000000000        0.0000000000
     3715.0000000000        0.0000000000        0.0000000000
     3716.0000000000        0.0000000000        0.0000000000
     3717.0000000000        0.0000000000        0.0000000000
     3718.0000000000        0.0000000000        0.0000000000
     3719.0000000000        0.0000000000        0.0000000000
     3720.0000000000        0.0000000000        0.0000000000
     3721.0000000000        0.0000000000        0.0000000000
     3722.0000000000        0.0000000000        0.0000000000
     3723.0000000000        0.0000000000        0.0000000000
     3724.0000000000        0.0000000000        0.0000000000
     3725.0000000000        0.0000000000        0.0000000000
     3726.0000000000        0.0000000000        0.0000000000
     3727.0000000000        0.0000000000        0.0000000000
     3728.0000000000        0.0000000000        0.0000000000
     3729.0000000000        0.0000000000        0.0000000000
     3730.0000000000        0.0000000000        0.0000000000
     3731.0000000000        0.0000000000        0.0000000000
     3732.0000000000        0.0000000000        0.0000000000
     3733.0000000000        0.0000000000        0.0000000000
     3734.0000000000        0.0000000000        0.0000000000
     3735.0000000000        0.0000000000        0.0000000000
     3736.0000000000        0.0000000000        0.0000000000
     3737.0000000000        0.0000000000        0.0000000000
     3738.0000000000        0.0000000000        0.0000000000
     3739.0000000000        0.0000000000        0.0000000000
     3740.0000000000        0.0000000000        0.0000000000
     3741.0000000000        0.0000000000        0.0000000000
     3742.0000000000        0.0000000000        0.0000000000
     3743.0000000000        0.0000000000        0.0000000000
     3744.0000000000        0.0000000000        0.0000000000
     3745.0000000000        0.0000000000        0.0000000000
     3746.0000000000        0.0000000000        0.0000000000
     3747.0000000000        0.0000000000        0.0000000000
     3748.0000000000        0.0000000000        0.0000000000
     3749.0000000000        0.0000000000        0.0000000000
     3750.0000000000        0.0000000000        0.0000000000
     3751.0000000000        0.0000000000        0.0000000000
     3752.0000000000        0.0000000000        0.0000000000
     3753.0000000000        0.0000000000        0.0000000000
     3754.0000000000        0.0000000000        0.0000000000
     3755.0000000000        0.0000000000        0.0000000000
     3756.0000000000        0.0000000000        0.0000000000
     3757.0000000000        0.0000000000        0.0000000000
     3758.0000000000        0.0000000000        0.0000000000
     3759.0000000000        0.0000000000        0.0000000000
     3760.0000000000        0.0000000000        0.0000000000
     3761.0000000000        0.0000000000        0.0000000000
     3762.0000000000        0.0000000000        0.0000000000
     3763.0000000000        0.0000000000        0.0000000000
     3764.0000000000        0.0000000000        0.0000000000
     3765.0000000000        0.0000000000        0.0000000000
     3766.0000000000        0.0000000000        0.0000000000
     3767.0000000000        0.0000000000        0.0000000000
     3768.0000000000        0.0000000000        0.0000000000
     3769.0000000000        0.0000000000        0.0000000000
     3770.0000000000        0.0000000000        0.0000000000
     3771.0000000000        0.0000000000        0.0000000000
     3772.0000000000        0.0000000000        0.0000000000
     3773.0000000000        0.0000000000        0.0000000000
     3774.0000000000        0.0000000000        0.0000000000
     3775.0000000000        0.0000000000        0.0000000000
     3776.0000000000        0.0000000000        0.0000000000
     3777.0000000000        0.0000000000        0.0000000000
     3778.0000000000        0.0000000000        0.0000000000
     3779.0000000000        0.0000000000        0.0000000000
     3780.0000000000        0.0000000000        0.0000000000
     3781.0000000000        0.0000000000        0.0000000000
     3782.0000000000        0.0000000000        0.0000000000
     3783.0000000000        0.0000000000        0.0000000000
     3784.0000000000        0.0000000000        0.0000000000
     3785.0000000000        0.0000000000        0.0000000000
     3786.0000000000        0.0000000000        0.0000000000
     3787.0000000000        0.0000000000        0.0000000000
     3788.0000000000        0.0000000000        0.0000000000
     3789.0000000000        0.0000000000        0.0000000000
     3790.0000000000        0.0000000000        0.0000000000
     3791.0000000000        0.0000000000        0.0000000000
     3792.0000000000        0.0000000000        0.0000000000
     3793.0000000000        0.0000000000        0.0000000000
     3794.0000000000        0.0000000000        0.0000000000
     3795.0000000000        0.0000000000        0.0000000000
     3796.0000000000        0.0000000000        0.0000000000
     3797.0000000000        0.0000000000        0.0000000000
     3798.0000000000        0.0000000000        0.0000000000
     3799.0000000000        0.0000000000        0.0000000000
     3800.0000000000        0.0000000000        0.0000000000
     3801.0000000000        0.0000000000        0.0000000000
     3802.0000000000        0.0000000000        0.0000000000
     3803.0000000000        0.0000000000        0.0000000000
     3804.0000000000        0.0000000000        0.0000000000
     3805.0000000000        0.0000000000        0.0000000000
     3806.0000000000        0.0000000000        0.0000000000
     3807.0000000000        0.0000000000        0.0000000000
     3808.0000000000        0.0000000000        0.0000000000
     3809.0000000000        0.0000000000        0.0000000000
     3810.0000000000        0.0000000000        0.0000000000
     3811.0000000000        0.0000000000        0.0000000000
     3812.0000000000        0.0000000000        0.0000000000
     3813.0000000000        0.0000000000        0.0000000000
     3814.0000000000        0.0000000000        0.0000000000
     3815.0000000000        0.0000000000        0.0000000000
     3816.0000000000        0.0000000000        0.0000000000
     3817.0000000000        0.0000000000        0.0000000000
     3818.0000000000        0.0000000000        0.0000000000
     3819.0000000000        0.0000000000        0.0000000000
     3820.0000000000        0.0000000000        0.0000000000
     3821.0000000000        0.0000000000        0.0000000000
     3822.0000000000        0.0000000000        0.0000000000
     3823.0000000000        0.0000000000        0.0000000000
     3824.0000000000        0.0000000000        0.0000000000
     3825.0000000000        0.0000000000        0.0000000000
     3826.0000000000        0.0000000000        0.0000000000
     3827.0000000000        0.0000000000        0.0000000000
     3828.0000000000        0.0000000000        0.0000000000
     3829.0000000000        0.0000000000        0.0000000000
     3830.0000000000        0.0000000000        0.0000000000
     3831.0000000000        0.0000000000        0.0000000000
     3832.0000000000        0.0000000000        0.0000000000
     3833.0000000000        0.0000000000        0.0000000000
     3834.0000000000        0.0000000000        0.0000000000
     3835.0000000000        0.0000000000        0.0000000000
     3836.0000000000        0.0000000000        0.0000000000
     3837.0000000000        0.0000000000        0.0000000000
     3838.0000000000        0.0000000000        0.0000000000
     3839.0000000000        0.0000000000        0.0000000000
     3840.0000000000        0.0000000000        0.0000000000
     3841.0000000000        0.0000000000        0.0000000000
     3842.0000000000        0.0000000000        0.0000000000
     3843.0000000000        0.0000000000        0.0000000000
     3844.0000000000        0.0000000000        0.0000000000
     3845.0000000000        0.0000000000        0.0000000000
     3846.0000000000        0.0000000000        0.0000000000
     3847.0000000000        0.0000000000        0.0000000000
     3848.0000000000        0.0000000000        0.0000000000
     3849.0000000000        0.0000000000        0.0000000000
     3850.0000000000        0.0000000000        0.0000000000
     3851.0000000000        0.0000000000        0.0000000000
     3852.0000000000        0.0000000000        0.0000000000
     3853.0000000000        0.0000000000        0.0000000000
     3854.0000000000        0.0000000000        0.0000000000
     3855.0000000000        0.0000000000        0.0000000000
     3856.0000000000        0.0000000000        0.0000000000
     3857.0000000000        0.0000000000        0.0000000000
     3858.0000000000        0.0000000000        0.0000000000
     3859.0000000000        0.0000000000        0.0000000000
     3860.0000000000        0.0000000000        0.0000000000
     3861.0000000000        0.0000000000        0.0000000000
     3862.0000000000        0.0000000000        0.0000000000
     3863.0000000000        0.0000000000        0.0000000000
     3864.0000000000        0.0000000000        0.0000000000
     3865.0000000000        0.0000000000        0.0000000000
     3866.0000000000        0.0000000000        0.0000000000
     3867.0000000000        0.0000000000        0.0000000000
     3868.0000000000        0.0000000000        0.0000000000
     3869.0000000000        0.0000000000        0.0000000000
     3870.0000000000        0.0000000000        0.0000000000
     3871.0000000000        0.0000000000        0.0000000000
     3872.0000000000        0.0000000000        0.0000000000
     3873.0000000000        0.0000000000        0.0000000000
     3874.0000000000        0.0000000000        0.0000000000
     3875.0000000000        0.0000000000        0.0000000000
     3876.0000000000        0.0000000000        0.0000000000
     3877.0000000000        0.0000000000        0.0000000000
     3878.0000000000        0.0000000000        0.0000000000
     3879.0000000000        0.0000000000        0.0000000000
     3880.0000000000        0.0000000000        0.0000000000
     3881.0000000000        0.0000000000        0.0000000000
     3882.0000000000        0.0000000000        0.0000000000
     3883.0000000000        0.0000000000        0.0000000000
     3884.0000000000        0.0000000000        0.0000000000
     3885.0000000000        0.0000000000        0.0000000000
     3886.0000000000        0.0000000000        0.0000000000
     3887.0000000000        0.0000000000        0.0000000000
     3888.0000000000        0.0000000000        0.0000000000
     3889.0000000000        0.0000000000        0.0000000000
     3890.0000000000        0.0000000000        0.0000000000
     3891.0000000000        0.0000000000        0.0000000000
     3892.0000000000        0.0000000000        0.0000000000
     3893.0000000000        0.0000000000        0.0000000000
     3894.0000000000        0.0000000000        0.0000000000
     3895.0000000000        0.0000000000        0.0000000000
     3896.0000000000        0.0000000000        0.0000000000
     3897.0000000000        0.0000000000        0.0000000000
     3898.0000000000        0.0000000000        0.0000000000
     3899.0000000000        0.0000000000        0.0000000000
     3900.0000000000        0.0000000000        0.0000000000
     3901.0000000000        0.0000000000        0.0000000000
     3902.0000000000        0.0000000000        0.0000000000
     3903.0000000000        0.0000000000        0.0000000000
     3904.0000000000        0.0000000000        0.0000000000
     3905.0000000000        0.0000000000        0.0000000000
     3906.0000000000        0.0000000000        0.0000000000
     3907.0000000000        0.0000000000        0.0000000000
     3908.0000000000        0.0000000000        0.0000000000
     3909.0000000000        0.0000000000        0.0000000000
     3910.0000000000        0.0000000000        0.0000000000
     3911.0000000000        0.0000000000        0.0000000000
     3912.0000000000        0.0000000000        0.0000000000
     3913.0000000000        0.0000000000        0.0000000000
     3914.0000000000        0.0000000000        0.0000000000
     3915.0000000000        0.0000000000        0.0000000000
     3916.0000000000        0.0000000000        0.0000000000
     3917.0000000000        0.0000000000        0.0000000000
     3918.0000000000        0.0000000000        0.0000000000
     3919.0000000000        0.0000000000        0.0000000000
     3920.0000000000        0.0000000000        0.0000000000
     3921.0000000000        0.0000000000        0.0000000000
     3922.0000000000        0.0000000000        0.0000000000
     3923.0000000000        0.0000000000        0.0000000000
     3924.0000000000        0.0000000000        0.0000000000
     3925.0000000000        0.0000000000        0.0000000000
     3926.0000000000        0.0000000000        0.0000000000
     3927.0000000000        0.0000000000        0.0000000000
     3928.0000000000        0.0000000000        0.0000000000
     3929.0000000000        0.0000000000        0.0000000000
     3930.0000000000        0.0000000000        0.0000000000
     3931.0000000000        0.0000000000        0.0000000000
     3932.0000000000        0.0000000000        0.0000000000
     3933.0000000000        0.0000000000        0.0000000000
     3934.0000000000        0.0000000000        0.0000000000
     3935.0000000000        0.0000000000        0.0000000000
     3936.0000000000        0.0000000000        0.0000000000
     3937.0000000000        0.0000000000        0.0000000000
     3938.0000000000        0.0000000000        0.0000000000
     3939.0000000000        0.0000000000        0.0000000000
     3940.0000000000        0.0000000000        0.0000000000
     3941.0000000000        0.0000000000        0.0000000000
     3942.0000000000        0.0000000000        0.0000000000
     3943.0000000000        0.0000000000        0.0000000000
     3944.0000000000        0.0000000000        0.0000000000
     3945.0000000000        0.0000000000        0.0000000000
     3946.0000000000        0.0000000000        0.0000000000
     3947.0000000000        0.0000000000        0.0000000000
     3948.0000000000        0.0000000000        0.0000000000
     3949.0000000000        0.0000000000        0.0000000000
     3950.0000000000        0.0000000000        0.0000000000
     3951.0000000000        0.0000000000        0.0000000000
     3952.0000000000        0.0000000000        0.0000000000
     3953.0000000000        0.0000000000        0.0000000000
     3954.0000000000        0.0000000000        0.0000000000
     3955.0000000000        0.0000000000        0.0000000000
     3956.0000000000        0.0000000000        0.0000000000
     3957.0000000000        0.0000000000        0.0000000000
     3958.0000000000        0.0000000000        0.0000000000
     3959.0000000000        0.0000000000        0.0000000000
     3960.0000000000        0.0000000000        0.0000000000
     3961.0000000000        0.0000000000        0.0000000000
     3962.0000000000        0.0000000000        0.0000000000
     3963.0000000000        0.0000000000        0.0000000000
     3964.0000000000        0.0000000000        0.0000000000
     3965.0000000000        0.0000000000        0.0000000000
     3966.0000000000        0.0000000000        0.0000000000
     3967.0000000000        0.0000000000        0.0000000000
     3968.0000000000        0.0000000000        0.0000000000
     3969.0000000000        0.0000000000        0.0000000000
     3970.0000000000        0.0000000000        0.0000000000
     3971.0000000000        0.0000000000        0.0000000000
     3972.0000000000        0.0000000000        0.0000000000
     3973.0000000000        0.0000000000        0.0000000000
     3974.0000000000        0.0000000000        0.0000000000
     3975.0000000000        0.0000000000        0.0000000000
     3976.0000000000        0.0000000000        0.0000000000
     3977.0000000000        0.0000000000        0.0000000000
     3978.0000000000        0.0000000000        0.0000000000
     3979.0000000000        0.0000000000        0.0000000000
     3980.0000000000        0.0000000000        0.0000000000
     3981.0000000000        0.0000000000        0.0000000000
     3982.0000000000        0.0000000000        0.0000000000
     3983.0000000000        0.0000000000        0.0000000000
     3984.0000000000        0.0000000000        0.0000000000
     3985.0000000000        0.0000000000        0.0000000000
     3986.0000000000        0.0000000000        0.0000000000
     3987.0000000000        0.0000000000        0.0000000000
     3988.0000000000        0.0000000000        0.0000000000
     3989.0000000000        0.0000000000        0.0000000000
     3990.0000000000        0.0000000000        0.0000000000
     3991.0000000000        0.0000000000        0.0000000000
     3992.0000000000        0.0000000000        0.0000000000
     3993.0000000000        0.0000000000        0.0000000000
     3994.0000000000        0.0000000000        0.0000000000
     3995.0000000000        0.0000000000        0.0000000000
     3996.0000000000        0.0000000000        0.0000000000
     3997.0000000000        0.0000000000        0.0000000000
     3998.0000000000        0.0000000000        0.0000000000
     3999.0000000000        0.0000000000        0.0000000000
