# Raman Activity Spectrum
# X-Axis:  Frequency (cm-1)
# Y-Axis:  Intensity

# Peak information
#                  X                   Y
#     109.7559000000        0.0390000000
#     219.6483000000        0.0620000000
#     353.4068000000        0.2112000000
#     409.1925000000        1.3708000000
#     529.6984000000        0.7219000000
#     545.2223000000        1.3943000000
#     663.1479000000        1.7015000000
#     851.1809000000        6.8413000000
#     993.3603000000        2.6307000000
#    1125.8894000000        4.1060000000
#    1197.7751000000        2.2375000000
#    1217.9829000000        2.8684000000
#    1318.8254000000        2.5046000000
#    1333.0313000000        5.0073000000
#    1467.3017000000        0.3674000000
#    1521.3290000000        6.1603000000
#    3117.5637000000       96.8835000000
#    3186.4415000000       48.4417000000

# Spectra
#                  X                   Y               DY/DX
        0.0000000000        0.0000041166        0.0000000749
        1.0000000000        0.0000041926        0.0000000770
        2.0000000000        0.0000042707        0.0000000792
        3.0000000000        0.0000043509        0.0000000814
        4.0000000000        0.0000044335        0.0000000837
        5.0000000000        0.0000045184        0.0000000861
        6.0000000000        0.0000046058        0.0000000886
        7.0000000000        0.0000046957        0.0000000913
        8.0000000000        0.0000047883        0.0000000940
        9.0000000000        0.0000048837        0.0000000968
       10.0000000000        0.0000049820        0.0000000997
       11.0000000000        0.0000050832        0.0000001028
       12.0000000000        0.0000051875        0.0000001060
       13.0000000000        0.0000052951        0.0000001093
       14.0000000000        0.0000054061        0.0000001127
       15.0000000000        0.0000055206        0.0000001163
       16.0000000000        0.0000056388        0.0000001201
       17.0000000000        0.0000057608        0.0000001240
       18.0000000000        0.0000058868        0.0000001281
       19.0000000000        0.0000060170        0.0000001323
       20.0000000000        0.0000061516        0.0000001368
       21.0000000000        0.0000062907        0.0000001415
       22.0000000000        0.0000064346        0.0000001463
       23.0000000000        0.0000065835        0.0000001514
       24.0000000000        0.0000067376        0.0000001568
       25.0000000000        0.0000068971        0.0000001624
       26.0000000000        0.0000070624        0.0000001683
       27.0000000000        0.0000072337        0.0000001744
       28.0000000000        0.0000074114        0.0000001809
       29.0000000000        0.0000075956        0.0000001877
       30.0000000000        0.0000077868        0.0000001948
       31.0000000000        0.0000079853        0.0000002023
       32.0000000000        0.0000081914        0.0000002101
       33.0000000000        0.0000084057        0.0000002184
       34.0000000000        0.0000086284        0.0000002272
       35.0000000000        0.0000088602        0.0000002364
       36.0000000000        0.0000091013        0.0000002461
       37.0000000000        0.0000093525        0.0000002563
       38.0000000000        0.0000096142        0.0000002671
       39.0000000000        0.0000098870        0.0000002786
       40.0000000000        0.0000101715        0.0000002907
       41.0000000000        0.0000104686        0.0000003035
       42.0000000000        0.0000107788        0.0000003171
       43.0000000000        0.0000111030        0.0000003315
       44.0000000000        0.0000114420        0.0000003467
       45.0000000000        0.0000117967        0.0000003630
       46.0000000000        0.0000121682        0.0000003802
       47.0000000000        0.0000125575        0.0000003986
       48.0000000000        0.0000129658        0.0000004182
       49.0000000000        0.0000133943        0.0000004390
       50.0000000000        0.0000138443        0.0000004613
       51.0000000000        0.0000143174        0.0000004851
       52.0000000000        0.0000148151        0.0000005106
       53.0000000000        0.0000153391        0.0000005379
       54.0000000000        0.0000158915        0.0000005671
       55.0000000000        0.0000164741        0.0000005985
       56.0000000000        0.0000170893        0.0000006323
       57.0000000000        0.0000177396        0.0000006687
       58.0000000000        0.0000184276        0.0000007079
       59.0000000000        0.0000191563        0.0000007502
       60.0000000000        0.0000229522        0.0000008338
       61.0000000000        0.0000238108        0.0000008840
       62.0000000000        0.0000247217        0.0000009385
       63.0000000000        0.0000256893        0.0000009976
       64.0000000000        0.0000267186        0.0000010619
       65.0000000000        0.0000278150        0.0000011319
       66.0000000000        0.0000289846        0.0000012084
       67.0000000000        0.0000302342        0.0000012920
       68.0000000000        0.0000315712        0.0000013836
       69.0000000000        0.0000330043        0.0000014842
       70.0000000000        0.0000345430        0.0000015949
       71.0000000000        0.0000361980        0.0000017172
       72.0000000000        0.0000379816        0.0000018523
       73.0000000000        0.0000399076        0.0000020022
       74.0000000000        0.0000419917        0.0000021690
       75.0000000000        0.0000442519        0.0000023549
       76.0000000000        0.0000467089        0.0000025629
       77.0000000000        0.0000493863        0.0000027964
       78.0000000000        0.0000523114        0.0000030593
       79.0000000000        0.0000555162        0.0000033564
       80.0000000000        0.0000590375        0.0000036934
       81.0000000000        0.0000629186        0.0000040773
       82.0000000000        0.0000672105        0.0000045165
       83.0000000000        0.0000719733        0.0000050211
       84.0000000000        0.0000772786        0.0000056038
       85.0000000000        0.0000832120        0.0000062801
       86.0000000000        0.0000898764        0.0000070695
       87.0000000000        0.0000973967        0.0000079963
       88.0000000000        0.0001059250        0.0000090914
       89.0000000000        0.0001156487        0.0000103944
       90.0000000000        0.0001267999        0.0000119561
       91.0000000000        0.0001396691        0.0000138430
       92.0000000000        0.0001546231        0.0000161426
       93.0000000000        0.0001721302        0.0000189714
       94.0000000000        0.0001927941        0.0000224866
       95.0000000000        0.0002174029        0.0000269031
       96.0000000000        0.0002469984        0.0000325179
       97.0000000000        0.0002829753        0.0000397481
       98.0000000000        0.0003272275        0.0000491859
       99.0000000000        0.0003823627        0.0000616832
      100.0000000000        0.0004520196        0.0000784757
      101.0000000000        0.0005413356        0.0001013588
      102.0000000000        0.0006576157        0.0001329109
      103.0000000000        0.0008112174        0.0001766730
      104.0000000000        0.0010164632        0.0002369190
      105.0000000000        0.0012916732        0.0003167996
      106.0000000000        0.0016553026        0.0004116239
      107.0000000000        0.0021105977        0.0004917267
      108.0000000000        0.0026082766        0.0004789641
      109.0000000000        0.0030028006        0.0002734839
      110.0000000000        0.0030984109       -0.0000938781
      111.0000000000        0.0028363010       -0.0004011304
      112.0000000000        0.0023671870       -0.0005035179
      113.0000000000        0.0018788849       -0.0004578199
      114.0000000000        0.0014668466       -0.0003642174
      115.0000000000        0.0011485398       -0.0002750893
      116.0000000000        0.0009101929       -0.0002049434
      117.0000000000        0.0007324600       -0.0001532842
      118.0000000000        0.0005988425       -0.0001159850
      119.0000000000        0.0004970489       -0.0000890434
      120.0000000000        0.0004183333       -0.0000693995
      121.0000000000        0.0003565471       -0.0000548862
      122.0000000000        0.0003073548       -0.0000440067
      123.0000000000        0.0002676691       -0.0000357315
      124.0000000000        0.0002352635       -0.0000293481
      125.0000000000        0.0002085100       -0.0000243582
      126.0000000000        0.0001862013       -0.0000204090
      127.0000000000        0.0001674302       -0.0000172474
      128.0000000000        0.0001515059       -0.0000146891
      129.0000000000        0.0001378964       -0.0000125986
      130.0000000000        0.0001261868       -0.0000108746
      131.0000000000        0.0001160507       -0.0000094407
      132.0000000000        0.0001072282       -0.0000082387
      133.0000000000        0.0000995110       -0.0000072236
      134.0000000000        0.0000927304       -0.0000063604
      135.0000000000        0.0000867488       -0.0000056216
      136.0000000000        0.0000814531       -0.0000049854
      137.0000000000        0.0000767497       -0.0000044343
      138.0000000000        0.0000725609       -0.0000039542
      139.0000000000        0.0000688214       -0.0000035339
      140.0000000000        0.0000654764       -0.0000031639
      141.0000000000        0.0000624794       -0.0000028366
      142.0000000000        0.0000597911       -0.0000025457
      143.0000000000        0.0000573776       -0.0000022859
      144.0000000000        0.0000552103       -0.0000020528
      145.0000000000        0.0000532644       -0.0000018426
      146.0000000000        0.0000515185       -0.0000016523
      147.0000000000        0.0000499542       -0.0000014790
      148.0000000000        0.0000485555       -0.0000013206
      149.0000000000        0.0000473087       -0.0000011750
      150.0000000000        0.0000462018       -0.0000010406
      151.0000000000        0.0000452243       -0.0000009158
      152.0000000000        0.0000443673       -0.0000007994
      153.0000000000        0.0000436230       -0.0000006902
      154.0000000000        0.0000429848       -0.0000005872
      155.0000000000        0.0000424470       -0.0000004894
      156.0000000000        0.0000420046       -0.0000003960
      157.0000000000        0.0000416537       -0.0000003064
      158.0000000000        0.0000413908       -0.0000002198
      159.0000000000        0.0000412133       -0.0000001355
      160.0000000000        0.0000411192       -0.0000000530
      161.0000000000        0.0000411068        0.0000000282
      162.0000000000        0.0000411754        0.0000001088
      163.0000000000        0.0000413244        0.0000001893
      164.0000000000        0.0000415541        0.0000002701
      165.0000000000        0.0000418650        0.0000003519
      166.0000000000        0.0000422583        0.0000004351
      167.0000000000        0.0000427358        0.0000005203
      168.0000000000        0.0000432997        0.0000006080
      169.0000000000        0.0000439528        0.0000006989
      170.0000000000        0.0000446987        0.0000007936
      171.0000000000        0.0000455414        0.0000008927
      172.0000000000        0.0000464859        0.0000009971
      173.0000000000        0.0000475377        0.0000011075
      174.0000000000        0.0000487032        0.0000012248
      175.0000000000        0.0000499900        0.0000013501
      176.0000000000        0.0000514064        0.0000014844
      177.0000000000        0.0000529622        0.0000016290
      178.0000000000        0.0000546683        0.0000017853
      179.0000000000        0.0000565373        0.0000019550
      180.0000000000        0.0000585833        0.0000021398
      181.0000000000        0.0000608226        0.0000023419
      182.0000000000        0.0000632737        0.0000025637
      183.0000000000        0.0000659576        0.0000028082
      184.0000000000        0.0000688986        0.0000030785
      185.0000000000        0.0000721244        0.0000033785
      186.0000000000        0.0000756670        0.0000037127
      187.0000000000        0.0000795631        0.0000040866
      188.0000000000        0.0000838555        0.0000045065
      189.0000000000        0.0000885938        0.0000049798
      190.0000000000        0.0000938360        0.0000055159
      191.0000000000        0.0000996501        0.0000061256
      192.0000000000        0.0001061161        0.0000068222
      193.0000000000        0.0001133288        0.0000076220
      194.0000000000        0.0001314361        0.0000086708
      195.0000000000        0.0001406301        0.0000097443
      196.0000000000        0.0001509842        0.0000109966
      197.0000000000        0.0001626958        0.0000124667
      198.0000000000        0.0001760065        0.0000142039
      199.0000000000        0.0001912133        0.0000162710
      200.0000000000        0.0002086853        0.0000187495
      201.0000000000        0.0002288845        0.0000217456
      202.0000000000        0.0002523952        0.0000253993
      203.0000000000        0.0002799638        0.0000298973
      204.0000000000        0.0003125543        0.0000354920
      205.0000000000        0.0003514269        0.0000425285
      206.0000000000        0.0003982492        0.0000514851
      207.0000000000        0.0004552579        0.0000630335
      208.0000000000        0.0005254942        0.0000781298
      209.0000000000        0.0006131519        0.0000981500
      210.0000000000        0.0007240914        0.0001250916
      211.0000000000        0.0008665954        0.0001618559
      212.0000000000        0.0010524449        0.0002125975
      213.0000000000        0.0012983217        0.0002829760
      214.0000000000        0.0016271798        0.0003796541
      215.0000000000        0.0020679596        0.0005069226
      216.0000000000        0.0026483985        0.0006549642
      217.0000000000        0.0033682336        0.0007711803
      218.0000000000        0.0041374251        0.0007256560
      219.0000000000        0.0047136938        0.0003709001
      220.0000000000        0.0048002047       -0.0002084666
      221.0000000000        0.0043434420       -0.0006557036
      222.0000000000        0.0035996801       -0.0007821215
      223.0000000000        0.0028498987       -0.0006966763
      224.0000000000        0.0022258412       -0.0005495829
      225.0000000000        0.0017463244       -0.0004139343
      226.0000000000        0.0013877565       -0.0003083339
      227.0000000000        0.0011202466       -0.0002308501
      228.0000000000        0.0009188745       -0.0001749410
      229.0000000000        0.0007652167       -0.0001345287
      230.0000000000        0.0006461963       -0.0001050245
      231.0000000000        0.0005526213       -0.0000831928
      232.0000000000        0.0004780049       -0.0000668014
      233.0000000000        0.0004177221       -0.0000543145
      234.0000000000        0.0003684325       -0.0000446680
      235.0000000000        0.0003276898       -0.0000371172
      236.0000000000        0.0002936773       -0.0000311337
      237.0000000000        0.0002650276       -0.0000263379
      238.0000000000        0.0002406986       -0.0000224533
      239.0000000000        0.0002198859       -0.0000192759
      240.0000000000        0.0002019622       -0.0000166534
      241.0000000000        0.0001864329       -0.0000144707
      242.0000000000        0.0001729039       -0.0000126398
      243.0000000000        0.0001610588       -0.0000110928
      244.0000000000        0.0001506414       -0.0000097768
      245.0000000000        0.0001414421       -0.0000086502
      246.0000000000        0.0001332889       -0.0000076799
      247.0000000000        0.0001260390       -0.0000068396
      248.0000000000        0.0001195736       -0.0000061078
      249.0000000000        0.0001137931       -0.0000054673
      250.0000000000        0.0001731347       -0.0000040939
      251.0000000000        0.0001693024       -0.0000035807
      252.0000000000        0.0001659547       -0.0000031231
      253.0000000000        0.0001630403       -0.0000027131
      254.0000000000        0.0001605150       -0.0000023438
      255.0000000000        0.0001583410       -0.0000020098
      256.0000000000        0.0001564854       -0.0000017061
      257.0000000000        0.0001549199       -0.0000014289
      258.0000000000        0.0001536200       -0.0000011745
      259.0000000000        0.0001525643       -0.0000009400
      260.0000000000        0.0001517343       -0.0000007228
      261.0000000000        0.0001511136       -0.0000005208
      262.0000000000        0.0001506882       -0.0000003320
      263.0000000000        0.0001504457       -0.0000001547
      264.0000000000        0.0001503754        0.0000000126
      265.0000000000        0.0001504680        0.0000001711
      266.0000000000        0.0001507152        0.0000003222
      267.0000000000        0.0001511101        0.0000004667
      268.0000000000        0.0001516467        0.0000006056
      269.0000000000        0.0001523198        0.0000007398
      270.0000000000        0.0001511923        0.0000008940
      271.0000000000        0.0001521498        0.0000010204
      272.0000000000        0.0001532323        0.0000011442
      273.0000000000        0.0001544375        0.0000012659
      274.0000000000        0.0001557635        0.0000013860
      275.0000000000        0.0001572091        0.0000015051
      276.0000000000        0.0001587736        0.0000016237
      277.0000000000        0.0001604565        0.0000017422
      278.0000000000        0.0001622581        0.0000018611
      279.0000000000        0.0001641790        0.0000019808
      280.0000000000        0.0001662202        0.0000021018
      281.0000000000        0.0001683831        0.0000022244
      282.0000000000        0.0001706696        0.0000023490
      283.0000000000        0.0001730820        0.0000024762
      284.0000000000        0.0001756229        0.0000026063
      285.0000000000        0.0001782956        0.0000027397
      286.0000000000        0.0001811037        0.0000028770
      287.0000000000        0.0001840511        0.0000030186
      288.0000000000        0.0001871425        0.0000031649
      289.0000000000        0.0001903828        0.0000033166
      290.0000000000        0.0001937776        0.0000034741
      291.0000000000        0.0001973331        0.0000036380
      292.0000000000        0.0002010560        0.0000038090
      293.0000000000        0.0002049536        0.0000039877
      294.0000000000        0.0002090341        0.0000041748
      295.0000000000        0.0002133062        0.0000043711
      296.0000000000        0.0002177797        0.0000045775
      297.0000000000        0.0002224650        0.0000047949
      298.0000000000        0.0002273736        0.0000050243
      299.0000000000        0.0002325180        0.0000052669
      300.0000000000        0.0002379121        0.0000055237
      301.0000000000        0.0002435707        0.0000057962
      302.0000000000        0.0002495103        0.0000060860
      303.0000000000        0.0002557489        0.0000063945
      304.0000000000        0.0002623062        0.0000067237
      305.0000000000        0.0002692039        0.0000070757
      306.0000000000        0.0002764660        0.0000074528
      307.0000000000        0.0002841187        0.0000078575
      308.0000000000        0.0002921912        0.0000082928
      309.0000000000        0.0003007156        0.0000087620
      310.0000000000        0.0003097276        0.0000092688
      311.0000000000        0.0003192671        0.0000098175
      312.0000000000        0.0003293782        0.0000104129
      313.0000000000        0.0003401104        0.0000110607
      314.0000000000        0.0003515192        0.0000117672
      315.0000000000        0.0003636668        0.0000125397
      316.0000000000        0.0003766234        0.0000133867
      317.0000000000        0.0003904684        0.0000143182
      318.0000000000        0.0004052918        0.0000153457
      319.0000000000        0.0004211961        0.0000164825
      320.0000000000        0.0004382986        0.0000177447
      321.0000000000        0.0004567335        0.0000191509
      322.0000000000        0.0004766557        0.0000207234
      323.0000000000        0.0004982444        0.0000224887
      324.0000000000        0.0005217079        0.0000244788
      325.0000000000        0.0005472896        0.0000267320
      326.0000000000        0.0005752751        0.0000292951
      327.0000000000        0.0006060019        0.0000322251
      328.0000000000        0.0006398709        0.0000355923
      329.0000000000        0.0006773611        0.0000394837
      330.0000000000        0.0007190488        0.0000440078
      331.0000000000        0.0007656327        0.0000493013
      332.0000000000        0.0008179653        0.0000555380
      333.0000000000        0.0008770964        0.0000629400
      334.0000000000        0.0009443288        0.0000717953
      335.0000000000        0.0010212955        0.0000824801
      336.0000000000        0.0011100628        0.0000954917
      337.0000000000        0.0012132737        0.0001114953
      338.0000000000        0.0013343473        0.0001313916
      339.0000000000        0.0014777611        0.0001564163
      340.0000000000        0.0016494542        0.0001882870
      341.0000000000        0.0018574124        0.0002294234
      342.0000000000        0.0021125241        0.0002832788
      343.0000000000        0.0024298456        0.0003548351
      344.0000000000        0.0028304713        0.0004513304
      345.0000000000        0.0033442688        0.0005832619
      346.0000000000        0.0040137203        0.0007655453
      347.0000000000        0.0048987324        0.0010180542
      348.0000000000        0.0060806179        0.0013626005
      349.0000000000        0.0076579407        0.0018073224
      350.0000000000        0.0097120446        0.0022967781
      351.0000000000        0.0121936641        0.0026025311
      352.0000000000        0.0146939648        0.0022381722
      353.0000000000        0.0163038561        0.0008125907
      354.0000000000        0.0161426184       -0.0011129443
      355.0000000000        0.0143220116       -0.0023454596
      356.0000000000        0.0118072753       -0.0025411301
      357.0000000000        0.0094267341       -0.0021710643
      358.0000000000        0.0075025362       -0.0016791458
      359.0000000000        0.0060455666       -0.0012511462
      360.0000000000        0.0049660642       -0.0009242570
      361.0000000000        0.0041676284       -0.0006854433
      362.0000000000        0.0035732196       -0.0005126382
      363.0000000000        0.0031267453       -0.0003868272
      364.0000000000        0.0027886233       -0.0002939826
      365.0000000000        0.0025310984       -0.0002242840
      366.0000000000        0.0023346199       -0.0001709605
      367.0000000000        0.0021852926       -0.0001293376
      368.0000000000        0.0020731408       -0.0000961577
      369.0000000000        0.0019909371       -0.0000691196
      370.0000000000        0.0019662976       -0.0000461589
      371.0000000000        0.0019300090       -0.0000268819
      372.0000000000        0.0019117441       -0.0000099809
      373.0000000000        0.0019094875        0.0000052360
      374.0000000000        0.0019218375        0.0000193137
      375.0000000000        0.0019478838        0.0000326961
      376.0000000000        0.0019871237        0.0000457593
      377.0000000000        0.0020394075        0.0000588370
      378.0000000000        0.0021049060        0.0000722396
      379.0000000000        0.0021840964        0.0000862716
      380.0000000000        0.0022747664        0.0001012833
      381.0000000000        0.0023840546        0.0001175361
      382.0000000000        0.0025103897        0.0001354439
      383.0000000000        0.0026556376        0.0001554397
      384.0000000000        0.0028221345        0.0001780350
      385.0000000000        0.0030127783        0.0002038469
      386.0000000000        0.0032948338        0.0002344317
      387.0000000000        0.0035461688        0.0002691481
      388.0000000000        0.0038351613        0.0003099694
      389.0000000000        0.0041686436        0.0003584134
      390.0000000000        0.0045551763        0.0004164418
      391.0000000000        0.0050055678        0.0004866193
      392.0000000000        0.0055335834        0.0005723403
      393.0000000000        0.0061569279        0.0006781534
      394.0000000000        0.0068986200        0.0008102319
      395.0000000000        0.0077889406        0.0009770664
      396.0000000000        0.0088682303        0.0011904931
      397.0000000000        0.0101909531        0.0014672341
      398.0000000000        0.0118316619        0.0018312142
      399.0000000000        0.0138938182        0.0023170200
      400.0000000000        0.0165228225        0.0029749321
      401.0000000000        0.0199249673        0.0038777064
      402.0000000000        0.0243936464        0.0051278330
      403.0000000000        0.0303406840        0.0068584913
      404.0000000000        0.0383166577        0.0092038505
      405.0000000000        0.0489594938        0.0121669672
      406.0000000000        0.0626971762        0.0152266759
      407.0000000000        0.0788628709        0.0165707104
      408.0000000000        0.0941400125        0.0128552717
      409.0000000000        0.1022497146        0.0024485461
      410.0000000000        0.0984811529       -0.0095297790
      411.0000000000        0.0851451802       -0.0159334196
      412.0000000000        0.0687350022       -0.0161076647
      413.0000000000        0.0538748220       -0.0133959990
      414.0000000000        0.0420579030       -0.0102835022
      415.0000000000        0.0331284676       -0.0076848221
      416.0000000000        0.0264710693       -0.0057310631
      417.0000000000        0.0214875571       -0.0043131492
      418.0000000000        0.0177132649       -0.0032907588
      419.0000000000        0.0148129010       -0.0025488726
      420.0000000000        0.0125501121       -0.0020040557
      421.0000000000        0.0107586470       -0.0015982634
      422.0000000000        0.0093206897       -0.0012915641
      423.0000000000        0.0081517588       -0.0010564185
      424.0000000000        0.0071904511       -0.0008736632
      425.0000000000        0.0063915091       -0.0007298044
      426.0000000000        0.0057211151       -0.0006152146
      427.0000000000        0.0051536643       -0.0005229328
      428.0000000000        0.0046695279       -0.0004478592
      429.0000000000        0.0042534814       -0.0003862101
      430.0000000000        0.0038935873       -0.0003351444
      431.0000000000        0.0035803897       -0.0002925039
      432.0000000000        0.0033063273       -0.0002566321
      433.0000000000        0.0030653006       -0.0002262442
      434.0000000000        0.0028523486       -0.0002003345
      435.0000000000        0.0026634055       -0.0001781087
      436.0000000000        0.0024951154       -0.0001589344
      437.0000000000        0.0023446899       -0.0001423038
      438.0000000000        0.0022097976       -0.0001278063
      439.0000000000        0.0020884783       -0.0001151078
      440.0000000000        0.0019790742       -0.0001039344
      441.0000000000        0.0018801769       -0.0000940601
      442.0000000000        0.0017905837       -0.0000852976
      443.0000000000        0.0017092634       -0.0000774907
      444.0000000000        0.0016353278       -0.0000705082
      445.0000000000        0.0015680091       -0.0000642399
      446.0000000000        0.0015066413       -0.0000585921
      447.0000000000        0.0014506446       -0.0000534854
      448.0000000000        0.0013995130       -0.0000488517
      449.0000000000        0.0013528031       -0.0000446327
      450.0000000000        0.0013101262       -0.0000407781
      451.0000000000        0.0012711400       -0.0000372444
      452.0000000000        0.0012355432       -0.0000339937
      453.0000000000        0.0012030694       -0.0000309930
      454.0000000000        0.0011734834       -0.0000282135
      455.0000000000        0.0011465771       -0.0000256297
      456.0000000000        0.0011221662       -0.0000232192
      457.0000000000        0.0011000877       -0.0000209619
      458.0000000000        0.0010801972       -0.0000188402
      459.0000000000        0.0010623674       -0.0000168382
      460.0000000000        0.0010464857       -0.0000149415
      461.0000000000        0.0010324536       -0.0000131372
      462.0000000000        0.0010201844       -0.0000114136
      463.0000000000        0.0010096031       -0.0000097598
      464.0000000000        0.0010006448       -0.0000081660
      465.0000000000        0.0009932542       -0.0000066229
      466.0000000000        0.0009873849       -0.0000051220
      467.0000000000        0.0009829989       -0.0000036551
      468.0000000000        0.0009800659       -0.0000022145
      469.0000000000        0.0009785636       -0.0000007928
      470.0000000000        0.0009784765        0.0000006172
      471.0000000000        0.0009797965        0.0000020226
      472.0000000000        0.0009825224        0.0000034302
      473.0000000000        0.0009866600        0.0000048472
      474.0000000000        0.0009922221        0.0000062804
      475.0000000000        0.0009992287        0.0000077372
      476.0000000000        0.0010077068        0.0000092249
      477.0000000000        0.0010176914        0.0000107513
      478.0000000000        0.0010292251        0.0000123246
      479.0000000000        0.0010423591        0.0000139534
      480.0000000000        0.0010571535        0.0000156470
      481.0000000000        0.0010736780        0.0000174152
      482.0000000000        0.0010920125        0.0000192691
      483.0000000000        0.0011122486        0.0000212203
      484.0000000000        0.0011344900        0.0000232820
      485.0000000000        0.0011588543        0.0000254686
      486.0000000000        0.0011854742        0.0000277960
      487.0000000000        0.0012144993        0.0000302823
      488.0000000000        0.0012460984        0.0000329475
      489.0000000000        0.0012804614        0.0000358143
      490.0000000000        0.0013178027        0.0000389085
      491.0000000000        0.0013583639        0.0000422594
      492.0000000000        0.0014024183        0.0000459006
      493.0000000000        0.0014502748        0.0000498706
      494.0000000000        0.0015022839        0.0000542139
      495.0000000000        0.0015588439        0.0000589818
      496.0000000000        0.0016204090        0.0000642346
      497.0000000000        0.0016874980        0.0000700424
      498.0000000000        0.0017607061        0.0000764877
      499.0000000000        0.0018407183        0.0000836682
      500.0000000000        0.0019283259        0.0000916997
      501.0000000000        0.0020244473        0.0001007211
      502.0000000000        0.0021301531        0.0001108988
      503.0000000000        0.0022466971        0.0001224345
      504.0000000000        0.0024513519        0.0001365259
      505.0000000000        0.0025952360        0.0001515884
      506.0000000000        0.0027552871        0.0001689289
      507.0000000000        0.0029340064        0.0001890113
      508.0000000000        0.0031344164        0.0002124190
      509.0000000000        0.0033601971        0.0002398915
      510.0000000000        0.0036158671        0.0002723763
      511.0000000000        0.0039070248        0.0003110991
      512.0000000000        0.0042406737        0.0003576642
      513.0000000000        0.0046256673        0.0004141954
      514.0000000000        0.0050634373        0.0004836634
      515.0000000000        0.0055885271        0.0005696876
      516.0000000000        0.0062101254        0.0006777197
      517.0000000000        0.0069537475        0.0008151960
      518.0000000000        0.0078537906        0.0009926409
      519.0000000000        0.0089573045        0.0012251315
      520.0000000000        0.0103295598        0.0015344632
      521.0000000000        0.0120622178        0.0019522096
      522.0000000000        0.0142849806        0.0025235340
      523.0000000000        0.0171808793        0.0033101308
      524.0000000000        0.0210016698        0.0043855777
      525.0000000000        0.0260667846        0.0058012589
      526.0000000000        0.0326916762        0.0074654890
      527.0000000000        0.0409120057        0.0088420160
      528.0000000000        0.0498309968        0.0085629410
      529.0000000000        0.0569102755        0.0049846073
      530.0000000000        0.0588998355       -0.0011539785
      531.0000000000        0.0550535402       -0.0060139696
      532.0000000000        0.0480930272       -0.0073444090
      533.0000000000        0.0411871678       -0.0062145628
      534.0000000000        0.0359256590       -0.0042651664
      535.0000000000        0.0326553994       -0.0022993343
      536.0000000000        0.0312723289       -0.0004897935
      537.0000000000        0.0316517403        0.0012499023
      538.0000000000        0.0338055263        0.0030906032
      539.0000000000        0.0379325430        0.0052299376
      540.0000000000        0.0444276002        0.0078522172
      541.0000000000        0.0538185434        0.0110040106
      542.0000000000        0.0664710898        0.0142203471
      543.0000000000        0.0817282311        0.0157783324
      544.0000000000        0.0963763746        0.0124116565
      545.0000000000        0.1042389533        0.0023789368
      546.0000000000        0.1004968500       -0.0094569948
      547.0000000000        0.0872048884       -0.0159364942
      548.0000000000        0.0707405104       -0.0162051776
      549.0000000000        0.0557586506       -0.0135333772
      550.0000000000        0.0438007001       -0.0104244231
      551.0000000000        0.0347348431       -0.0078156644
      552.0000000000        0.0279531230       -0.0058487822
      553.0000000000        0.0228582942       -0.0044182670
      554.0000000000        0.0189846050       -0.0033846857
      555.0000000000        0.0159952975       -0.0026330634
      556.0000000000        0.0136526424       -0.0020797944
      557.0000000000        0.0117892034       -0.0016666386
      558.0000000000        0.0102861645       -0.0013534921
      559.0000000000        0.0090582015       -0.0011126737
      560.0000000000        0.0080431960       -0.0009249049
      561.0000000000        0.0071952803       -0.0007765972
      562.0000000000        0.0064801122       -0.0006580452
      563.0000000000        0.0058716337       -0.0005622230
      564.0000000000        0.0053498222       -0.0004839761
      565.0000000000        0.0048991101       -0.0004194745
      566.0000000000        0.0045072593       -0.0003658373
      567.0000000000        0.0041645502       -0.0003208727
      568.0000000000        0.0038631892       -0.0002828947
      569.0000000000        0.0035968716       -0.0002505935
      570.0000000000        0.0032972221       -0.0002221554
      571.0000000000        0.0030872580       -0.0001983535
      572.0000000000        0.0028994544       -0.0001777377
      573.0000000000        0.0027308957       -0.0001597857
      574.0000000000        0.0025791370       -0.0001440741
      575.0000000000        0.0024421165       -0.0001302574
      576.0000000000        0.0023180858       -0.0001180515
      577.0000000000        0.0022055551       -0.0001072218
      578.0000000000        0.0021032489       -0.0000975730
      579.0000000000        0.0020100702       -0.0000889417
      580.0000000000        0.0019250723       -0.0000811906
      581.0000000000        0.0018474345       -0.0000742036
      582.0000000000        0.0017764434       -0.0000678821
      583.0000000000        0.0017114767       -0.0000621418
      584.0000000000        0.0016519902       -0.0000569107
      585.0000000000        0.0015975065       -0.0000521264
      586.0000000000        0.0015476064       -0.0000477353
      587.0000000000        0.0015019206       -0.0000436905
      588.0000000000        0.0014601237       -0.0000399512
      589.0000000000        0.0014219284       -0.0000364816
      590.0000000000        0.0013870812       -0.0000332502
      591.0000000000        0.0013553581       -0.0000302290
      592.0000000000        0.0013265614       -0.0000273933
      593.0000000000        0.0013005171       -0.0000247208
      594.0000000000        0.0012770721       -0.0000221915
      595.0000000000        0.0012560923       -0.0000197875
      596.0000000000        0.0012374608       -0.0000174922
      597.0000000000        0.0012210766       -0.0000152907
      598.0000000000        0.0012068529       -0.0000131689
      599.0000000000        0.0011947165       -0.0000111140
      600.0000000000        0.0011846066       -0.0000091138
      601.0000000000        0.0011764746       -0.0000071566
      602.0000000000        0.0011702827       -0.0000052316
      603.0000000000        0.0011660043       -0.0000033279
      604.0000000000        0.0011636233       -0.0000014351
      605.0000000000        0.0011631339        0.0000004571
      606.0000000000        0.0011645408        0.0000023593
      607.0000000000        0.0011678592        0.0000042818
      608.0000000000        0.0011731149        0.0000062355
      609.0000000000        0.0011803444        0.0000082316
      610.0000000000        0.0011895961        0.0000102818
      611.0000000000        0.0012009301        0.0000123984
      612.0000000000        0.0012144194        0.0000145946
      613.0000000000        0.0012301506        0.0000168848
      614.0000000000        0.0012482253        0.0000192843
      615.0000000000        0.0012687612        0.0000218100
      616.0000000000        0.0012918936        0.0000244806
      617.0000000000        0.0013177774        0.0000273166
      618.0000000000        0.0013465895        0.0000303411
      619.0000000000        0.0013785309        0.0000335797
      620.0000000000        0.0014138300        0.0000370616
      621.0000000000        0.0014527460        0.0000408195
      622.0000000000        0.0014955734        0.0000448908
      623.0000000000        0.0015426462        0.0000493181
      624.0000000000        0.0015943446        0.0000541505
      625.0000000000        0.0016511009        0.0000594443
      626.0000000000        0.0017134086        0.0000652648
      627.0000000000        0.0017818312        0.0000716880
      628.0000000000        0.0018570147        0.0000788024
      629.0000000000        0.0019397009        0.0000867121
      630.0000000000        0.0020307447        0.0000955397
      631.0000000000        0.0021311344        0.0001054303
      632.0000000000        0.0022420169        0.0001165567
      633.0000000000        0.0023647282        0.0001291256
      634.0000000000        0.0025008313        0.0001433857
      635.0000000000        0.0026521629        0.0001596380
      636.0000000000        0.0028208926        0.0001782491
      637.0000000000        0.0030095958        0.0001996678
      638.0000000000        0.0032213474        0.0002244484
      639.0000000000        0.0034598409        0.0002532793
      640.0000000000        0.0037295410        0.0002870226
      641.0000000000        0.0040358831        0.0003267668
      642.0000000000        0.0043855327        0.0003738982
      643.0000000000        0.0047867300        0.0004301985
      644.0000000000        0.0052497491        0.0004979805
      645.0000000000        0.0057875186        0.0005802779
      646.0000000000        0.0064164697        0.0006811150
      647.0000000000        0.0071577077        0.0008058931
      648.0000000000        0.0080386528        0.0009619527
      649.0000000000        0.0090953657        0.0011594007
      650.0000000000        0.0103758871        0.0014123384
      651.0000000000        0.0119450914        0.0017407044
      652.0000000000        0.0138918143        0.0021730428
      653.0000000000        0.0163393906        0.0027506375
      654.0000000000        0.0194612196        0.0035335109
      655.0000000000        0.0235033749        0.0046084670
      656.0000000000        0.0288157547        0.0060975326
      657.0000000000        0.0358888987        0.0081583284
      658.0000000000        0.0453762294        0.0109462422
      659.0000000000        0.0580265842        0.0144504575
      660.0000000000        0.0743141615        0.0180132494
      661.0000000000        0.0933591784        0.0194177963
      662.0000000000        0.1110918118        0.0147026305
      663.0000000000        0.1200604183        0.0022108873
      664.0000000000        0.1150098797       -0.0117044458
      665.0000000000        0.0990232345       -0.0188502302
      666.0000000000        0.0797503324       -0.0188147242
      667.0000000000        0.0624443408       -0.0155641467
      668.0000000000        0.0487303976       -0.0119242502
      669.0000000000        0.0383790952       -0.0089074747
      670.0000000000        0.0306614934       -0.0066452920
      671.0000000000        0.0248811394       -0.0050047819
      672.0000000000        0.0204998140       -0.0038218243
      673.0000000000        0.0171298447       -0.0029630740
      674.0000000000        0.0144980703       -0.0023320903
      675.0000000000        0.0124123140       -0.0018618455
      676.0000000000        0.0107363246       -0.0015062331
      677.0000000000        0.0093723448       -0.0012334458
      678.0000000000        0.0082492772       -0.0010213399
      679.0000000000        0.0073146870       -0.0008543140
      680.0000000000        0.0065293686       -0.0007212307
      681.0000000000        0.0058636209       -0.0006140323
      682.0000000000        0.0052946613       -0.0005268124
      683.0000000000        0.0048048101       -0.0004551865
      684.0000000000        0.0043801969       -0.0003958606
      685.0000000000        0.0040098295       -0.0003463317
      686.0000000000        0.0036849135       -0.0003046772
      687.0000000000        0.0033983508       -0.0002694061
      688.0000000000        0.0031443656       -0.0002393503
      689.0000000000        0.0029182214       -0.0002135874
      690.0000000000        0.0026833659       -0.0001909753
      691.0000000000        0.0025022313       -0.0001717457
      692.0000000000        0.0026312348       -0.0001513379
      693.0000000000        0.0024874111       -0.0001366311
      694.0000000000        0.0023573792       -0.0001237063
      695.0000000000        0.0022394926       -0.0001123009
      696.0000000000        0.0021323440       -0.0001021971
      697.0000000000        0.0020347254       -0.0000932133
      698.0000000000        0.0019455950       -0.0000851974
      699.0000000000        0.0018640509       -0.0000780212
      700.0000000000        0.0017893091       -0.0000715761
      701.0000000000        0.0017206859       -0.0000657699
      702.0000000000        0.0016575827       -0.0000605240
      703.0000000000        0.0015994738       -0.0000557708
      704.0000000000        0.0015458962       -0.0000514524
      705.0000000000        0.0014964408       -0.0000475187
      706.0000000000        0.0013882875       -0.0000431497
      707.0000000000        0.0013467990       -0.0000398750
      708.0000000000        0.0013084474       -0.0000368706
      709.0000000000        0.0012729774       -0.0000341076
      710.0000000000        0.0012401603       -0.0000315608
      711.0000000000        0.0012097912       -0.0000292080
      712.0000000000        0.0011816862       -0.0000270296
      713.0000000000        0.0011556798       -0.0000250081
      714.0000000000        0.0011316227       -0.0000231283
      715.0000000000        0.0011093804       -0.0000213765
      716.0000000000        0.0010888312       -0.0000197404
      717.0000000000        0.0010698648       -0.0000182091
      718.0000000000        0.0010523814       -0.0000167728
      719.0000000000        0.0010362905       -0.0000154228
      720.0000000000        0.0010215097       -0.0000141511
      721.0000000000        0.0010079645       -0.0000129507
      722.0000000000        0.0009955867       -0.0000118151
      723.0000000000        0.0009843147       -0.0000107384
      724.0000000000        0.0009740921       -0.0000097153
      725.0000000000        0.0009648678       -0.0000087410
      726.0000000000        0.0009565952       -0.0000078111
      727.0000000000        0.0009492321       -0.0000069216
      728.0000000000        0.0009427399       -0.0000060686
      729.0000000000        0.0009370837       -0.0000052489
      730.0000000000        0.0009322320       -0.0000044593
      731.0000000000        0.0009281561       -0.0000036968
      732.0000000000        0.0009248303       -0.0000029588
      733.0000000000        0.0009222313       -0.0000022427
      734.0000000000        0.0009203383       -0.0000015463
      735.0000000000        0.0009191328       -0.0000008673
      736.0000000000        0.0009185986       -0.0000002036
      737.0000000000        0.0009187211        0.0000004466
      738.0000000000        0.0009194879        0.0000010852
      739.0000000000        0.0009208883        0.0000017140
      740.0000000000        0.0009229133        0.0000023347
      741.0000000000        0.0009255555        0.0000029488
      742.0000000000        0.0009288091        0.0000035578
      743.0000000000        0.0009326698        0.0000041633
      744.0000000000        0.0009371349        0.0000047666
      745.0000000000        0.0009422029        0.0000053693
      746.0000000000        0.0009478738        0.0000059727
      747.0000000000        0.0009541489        0.0000065781
      748.0000000000        0.0009610310        0.0000071868
      749.0000000000        0.0009685242        0.0000078003
      750.0000000000        0.0009766337        0.0000084199
      751.0000000000        0.0009853664        0.0000090469
      752.0000000000        0.0009947304        0.0000096826
      753.0000000000        0.0010047350        0.0000103285
      754.0000000000        0.0010153911        0.0000109859
      755.0000000000        0.0010267110        0.0000116562
      756.0000000000        0.0010387084        0.0000123410
      757.0000000000        0.0010513984        0.0000130418
      758.0000000000        0.0010647978        0.0000137601
      759.0000000000        0.0010789249        0.0000144975
      760.0000000000        0.0010937997        0.0000152557
      761.0000000000        0.0011094438        0.0000160365
      762.0000000000        0.0011258808        0.0000168417
      763.0000000000        0.0011431360        0.0000176733
      764.0000000000        0.0011612368        0.0000185333
      765.0000000000        0.0011802128        0.0000194239
      766.0000000000        0.0012000955        0.0000203473
      767.0000000000        0.0012209190        0.0000213059
      768.0000000000        0.0012427199        0.0000223024
      769.0000000000        0.0012655373        0.0000233394
      770.0000000000        0.0012894132        0.0000244198
      771.0000000000        0.0013143925        0.0000255468
      772.0000000000        0.0013405235        0.0000267237
      773.0000000000        0.0013678577        0.0000279540
      774.0000000000        0.0013964506        0.0000292416
      775.0000000000        0.0014263613        0.0000305904
      776.0000000000        0.0014576533        0.0000320051
      777.0000000000        0.0014903949        0.0000334902
      778.0000000000        0.0015246591        0.0000350511
      779.0000000000        0.0015605241        0.0000366931
      780.0000000000        0.0015980743        0.0000384223
      781.0000000000        0.0016374000        0.0000402453
      782.0000000000        0.0016785984        0.0000421690
      783.0000000000        0.0017217741        0.0000442012
      784.0000000000        0.0017670397        0.0000463502
      785.0000000000        0.0018145165        0.0000486252
      786.0000000000        0.0018643353        0.0000510360
      787.0000000000        0.0019166374        0.0000535936
      788.0000000000        0.0019715754        0.0000563099
      789.0000000000        0.0020293144        0.0000591978
      790.0000000000        0.0020900331        0.0000622718
      791.0000000000        0.0021539253        0.0000655476
      792.0000000000        0.0022212013        0.0000690425
      793.0000000000        0.0022920896        0.0000727756
      794.0000000000        0.0023668390        0.0000767682
      795.0000000000        0.0024457203        0.0000810436
      796.0000000000        0.0025290291        0.0000856279
      797.0000000000        0.0026170886        0.0000905499
      798.0000000000        0.0027102521        0.0000958416
      799.0000000000        0.0028089071        0.0001015391
      800.0000000000        0.0029134788        0.0001076822
      801.0000000000        0.0030244350        0.0001143160
      802.0000000000        0.0031422910        0.0001214907
      803.0000000000        0.0032676155        0.0001292629
      804.0000000000        0.0034010373        0.0001376967
      805.0000000000        0.0035432533        0.0001468641
      806.0000000000        0.0036950372        0.0001568470
      807.0000000000        0.0038572500        0.0001677385
      808.0000000000        0.0040308521        0.0001796444
      809.0000000000        0.0042169170        0.0001926857
      810.0000000000        0.0044166480        0.0002070012
      811.0000000000        0.0046313970        0.0002227503
      812.0000000000        0.0048626875        0.0002401169
      813.0000000000        0.0051122406        0.0002593139
      814.0000000000        0.0053820072        0.0002805883
      815.0000000000        0.0056742051        0.0003042282
      816.0000000000        0.0059913638        0.0003305707
      817.0000000000        0.0063363786        0.0003600119
      818.0000000000        0.0067125754        0.0003930194
      819.0000000000        0.0071237897        0.0004301473
      820.0000000000        0.0075744621        0.0004720558
      821.0000000000        0.0080697565        0.0005195352
      822.0000000000        0.0086157044        0.0005735369
      823.0000000000        0.0092193854        0.0006352124
      824.0000000000        0.0098149518        0.0007068859
      825.0000000000        0.0105616213        0.0007884151
      826.0000000000        0.0113960813        0.0008828593
      827.0000000000        0.0123325157        0.0009928531
      828.0000000000        0.0133880607        0.0011216951
      829.0000000000        0.0145835640        0.0012735491
      830.0000000000        0.0159445801        0.0014537166
      831.0000000000        0.0175026837        0.0016690102
      832.0000000000        0.0192972258        0.0019282703
      833.0000000000        0.0213777026        0.0022430895
      834.0000000000        0.0239155839        0.0026302017
      835.0000000000        0.0267757873        0.0031075329
      836.0000000000        0.0301703923        0.0037044376
      837.0000000000        0.0342372072        0.0044594747
      838.0000000000        0.0391597358        0.0054264210
      839.0000000000        0.0451856628        0.0066812797
      840.0000000000        0.0526539921        0.0083328171
      841.0000000000        0.0620351639        0.0105382998
      842.0000000000        0.0739903246        0.0135263668
      843.0000000000        0.0894575019        0.0176278210
      844.0000000000        0.1097706608        0.0233084170
      845.0000000000        0.1368016063        0.0311724539
      846.0000000000        0.1730504296        0.0418253918
      847.0000000000        0.2214057637        0.0552669457
      848.0000000000        0.2837779169        0.0690920578
      849.0000000000        0.3570518878        0.0750060442
      850.0000000000        0.4260347678        0.0578299544
      851.0000000000        0.4622121331        0.0104292781
      852.0000000000        0.4445247656       -0.0436665579
      853.0000000000        0.3838103031       -0.0722886713
      854.0000000000        0.3095017287       -0.0728341661
      855.0000000000        0.2423611773       -0.0604874172
      856.0000000000        0.1890200503       -0.0464086780
      857.0000000000        0.1487253493       -0.0346769863
      858.0000000000        0.1186836592       -0.0258629946
      859.0000000000        0.0961923860       -0.0194677837
      860.0000000000        0.0791549483       -0.0148565826
      861.0000000000        0.0660592230       -0.0115102954
      862.0000000000        0.0558394108       -0.0090526666
      863.0000000000        0.0477457958       -0.0072220087
      864.0000000000        0.0412470206       -0.0058382998
      865.0000000000        0.0359620128       -0.0047773764
      866.0000000000        0.0316137541       -0.0039528299
      867.0000000000        0.0279980359       -0.0033038054
      868.0000000000        0.0249622417       -0.0027868797
      869.0000000000        0.0223908024       -0.0023706513
      870.0000000000        0.0201951077       -0.0020321119
      871.0000000000        0.0183064198       -0.0017541887
      872.0000000000        0.0166708326       -0.0015240600
      873.0000000000        0.0152456396       -0.0013319864
      874.0000000000        0.0139966855       -0.0011704907
      875.0000000000        0.0128964124       -0.0010337739
      876.0000000000        0.0119224017       -0.0009172966
      877.0000000000        0.0110562758       -0.0008174734
      878.0000000000        0.0102828614       -0.0007314491
      879.0000000000        0.0095895468       -0.0006569319
      880.0000000000        0.0089657833       -0.0005920691
      881.0000000000        0.0084026962       -0.0005353524
      882.0000000000        0.0078927775       -0.0004855459
      883.0000000000        0.0074296425       -0.0004416307
      884.0000000000        0.0070078354       -0.0004027621
      885.0000000000        0.0066226722       -0.0003682356
      886.0000000000        0.0062701145       -0.0003374611
      887.0000000000        0.0059466660       -0.0003099413
      888.0000000000        0.0056492878       -0.0002852559
      889.0000000000        0.0053753292       -0.0002630473
      890.0000000000        0.0051224697       -0.0002430106
      891.0000000000        0.0048886716       -0.0002248843
      892.0000000000        0.0046721396       -0.0002084437
      893.0000000000        0.0044712873       -0.0001934948
      894.0000000000        0.0042847091       -0.0001798694
      895.0000000000        0.0041111563       -0.0001674213
      896.0000000000        0.0039495166       -0.0001560232
      897.0000000000        0.0037987972       -0.0001455636
      898.0000000000        0.0036581093       -0.0001359447
      899.0000000000        0.0035266564       -0.0001270803
      900.0000000000        0.0034037225       -0.0001188946
      901.0000000000        0.0032886634       -0.0001113204
      902.0000000000        0.0031808979       -0.0001042979
      903.0000000000        0.0030799014       -0.0000977742
      904.0000000000        0.0029851991       -0.0000917020
      905.0000000000        0.0028963611       -0.0000860389
      906.0000000000        0.0028129977       -0.0000807470
      907.0000000000        0.0027347548       -0.0000757922
      908.0000000000        0.0026613111       -0.0000711439
      909.0000000000        0.0025923742       -0.0000667742
      910.0000000000        0.0025276783       -0.0000626580
      911.0000000000        0.0024669814       -0.0000587725
      912.0000000000        0.0024100633       -0.0000550969
      913.0000000000        0.0023567239       -0.0000516122
      914.0000000000        0.0023067812       -0.0000483009
      915.0000000000        0.0022600696       -0.0000451471
      916.0000000000        0.0022164395       -0.0000421359
      917.0000000000        0.0021757549       -0.0000392537
      918.0000000000        0.0021378934       -0.0000364876
      919.0000000000        0.0021027448       -0.0000338259
      920.0000000000        0.0020702105       -0.0000312574
      921.0000000000        0.0020402026       -0.0000287714
      922.0000000000        0.0020126435       -0.0000263580
      923.0000000000        0.0019874656       -0.0000240076
      924.0000000000        0.0019646104       -0.0000217111
      925.0000000000        0.0019440284       -0.0000194596
      926.0000000000        0.0019256791       -0.0000172444
      927.0000000000        0.0019095304       -0.0000150570
      928.0000000000        0.0018955586       -0.0000128891
      929.0000000000        0.0018837485       -0.0000107323
      930.0000000000        0.0018740932       -0.0000085781
      931.0000000000        0.0018665943       -0.0000064180
      932.0000000000        0.0018612621       -0.0000042433
      933.0000000000        0.0018581156       -0.0000020449
      934.0000000000        0.0018571832        0.0000001864
      935.0000000000        0.0018585026        0.0000024605
      936.0000000000        0.0018621218        0.0000047877
      937.0000000000        0.0018680994        0.0000071791
      938.0000000000        0.0018765053        0.0000096463
      939.0000000000        0.0018874215        0.0000122020
      940.0000000000        0.0019009434        0.0000148599
      941.0000000000        0.0019171804        0.0000176350
      942.0000000000        0.0019362579        0.0000205435
      943.0000000000        0.0019583180        0.0000236035
      944.0000000000        0.0019835220        0.0000268348
      945.0000000000        0.0020120521        0.0000302595
      946.0000000000        0.0020441137        0.0000339022
      947.0000000000        0.0020799383        0.0000377904
      948.0000000000        0.0021197865        0.0000419551
      949.0000000000        0.0021639521        0.0000464312
      950.0000000000        0.0022127658        0.0000512582
      951.0000000000        0.0022666005        0.0000564813
      952.0000000000        0.0023258774        0.0000621516
      953.0000000000        0.0023910723        0.0000683279
      954.0000000000        0.0024627243        0.0000750779
      955.0000000000        0.0025414451        0.0000824794
      956.0000000000        0.0026279302        0.0000906227
      957.0000000000        0.0027229727        0.0000996130
      958.0000000000        0.0028274792        0.0001095728
      959.0000000000        0.0029424893        0.0001206461
      960.0000000000        0.0030691988        0.0001330025
      961.0000000000        0.0032089884        0.0001468425
      962.0000000000        0.0033634576        0.0001624051
      963.0000000000        0.0035344672        0.0001799754
      964.0000000000        0.0037241913        0.0001998968
      965.0000000000        0.0039351816        0.0002225838
      966.0000000000        0.0043338628        0.0002505837
      967.0000000000        0.0045990349        0.0002804670
      968.0000000000        0.0048963444        0.0003149991
      969.0000000000        0.0052308946        0.0003551237
      970.0000000000        0.0056088458        0.0004020206
      971.0000000000        0.0060376845        0.0004571769
      972.0000000000        0.0065265768        0.0005224825
      973.0000000000        0.0070868330        0.0006003621
      974.0000000000        0.0077325286        0.0006939562
      975.0000000000        0.0084813392        0.0008073751
      976.0000000000        0.0093556798        0.0009460576
      977.0000000000        0.0103842744        0.0011172851
      978.0000000000        0.0116043480        0.0013309270
      979.0000000000        0.0130647253        0.0016005332
      980.0000000000        0.0148302689        0.0019449562
      981.0000000000        0.0169883132        0.0023907779
      982.0000000000        0.0196580936        0.0029759574
      983.0000000000        0.0230046750        0.0037552930
      984.0000000000        0.0272595478        0.0048084173
      985.0000000000        0.0327507127        0.0062507788
      986.0000000000        0.0399448064        0.0082461481
      987.0000000000        0.0494993704        0.0110116586
      988.0000000000        0.0623043152        0.0147817559
      989.0000000000        0.0794288796        0.0196286164
      990.0000000000        0.1017231337        0.0248969792
      991.0000000000        0.1285359939        0.0279937025
      992.0000000000        0.1551983412        0.0235597133
      993.0000000000        0.1716872636        0.0076414951
      994.0000000000        0.1687726999       -0.0131133588
      995.0000000000        0.1482601515       -0.0259117435
      996.0000000000        0.1207472702       -0.0276178500
      997.0000000000        0.0949508751       -0.0234840122
      998.0000000000        0.0741337158       -0.0181839565
      999.0000000000        0.0583214735       -0.0136197345
     1000.0000000000        0.0465244458       -0.0101504687
     1001.0000000000        0.0377054985       -0.0076244960
     1002.0000000000        0.0310410290       -0.0058033199
     1003.0000000000        0.0259322271       -0.0044839163
     1004.0000000000        0.0219561505       -0.0035171539
     1005.0000000000        0.0188154559       -0.0027988519
     1006.0000000000        0.0162997758       -0.0022572939
     1007.0000000000        0.0142585884       -0.0018430690
     1008.0000000000        0.0125827451       -0.0015218561
     1009.0000000000        0.0111919868       -0.0012695386
     1010.0000000000        0.0100264775       -0.0010689487
     1011.0000000000        0.0090410116       -0.0009077013
     1012.0000000000        0.0079147337       -0.0007731846
     1013.0000000000        0.0071969374       -0.0006658767
     1014.0000000000        0.0065768068       -0.0005771290
     1015.0000000000        0.0060377719       -0.0005031330
     1016.0000000000        0.0055666036       -0.0004409702
     1017.0000000000        0.0051526456       -0.0003883813
     1018.0000000000        0.0047872425       -0.0003436002
     1019.0000000000        0.0044633099       -0.0003052344
     1020.0000000000        0.0041750069       -0.0002721763
     1021.0000000000        0.0039174858       -0.0002435382
     1022.0000000000        0.0036866977       -0.0002186031
     1023.0000000000        0.0034792408       -0.0001967880
     1024.0000000000        0.0032922416       -0.0001776158
     1025.0000000000        0.0031232602       -0.0001606932
     1026.0000000000        0.0029702145       -0.0001456947
     1027.0000000000        0.0028313204       -0.0001323488
     1028.0000000000        0.0027050421       -0.0001204283
     1029.0000000000        0.0025900528       -0.0001097417
     1030.0000000000        0.0024852015       -0.0001001273
     1031.0000000000        0.0023894869       -0.0000914474
     1032.0000000000        0.0023020345       -0.0000835847
     1033.0000000000        0.0022220789       -0.0000764383
     1034.0000000000        0.0021489480       -0.0000699218
     1035.0000000000        0.0020820504       -0.0000639603
     1036.0000000000        0.0020208643       -0.0000584886
     1037.0000000000        0.0019649287       -0.0000534504
     1038.0000000000        0.0020015713       -0.0000476984
     1039.0000000000        0.0019560669       -0.0000433636
     1040.0000000000        0.0019147435       -0.0000393305
     1041.0000000000        0.0018773167       -0.0000355652
     1042.0000000000        0.0018435339       -0.0000320377
     1043.0000000000        0.0018131710       -0.0000287211
     1044.0000000000        0.0017860293       -0.0000255916
     1045.0000000000        0.0017619328       -0.0000226274
     1046.0000000000        0.0017407259       -0.0000198091
     1047.0000000000        0.0017222718       -0.0000171191
     1048.0000000000        0.0017064503       -0.0000145412
     1049.0000000000        0.0016931570       -0.0000120605
     1050.0000000000        0.0016823015       -0.0000096633
     1051.0000000000        0.0016738067       -0.0000073370
     1052.0000000000        0.0016676079       -0.0000050696
     1053.0000000000        0.0016636517       -0.0000028498
     1054.0000000000        0.0016618959       -0.0000006671
     1055.0000000000        0.0016623087        0.0000014890
     1056.0000000000        0.0016648682        0.0000036282
     1057.0000000000        0.0016695626        0.0000057602
     1058.0000000000        0.0017880573        0.0000092896
     1059.0000000000        0.0017984318        0.0000114623
     1060.0000000000        0.0018109892        0.0000136569
     1061.0000000000        0.0018257561        0.0000158831
     1062.0000000000        0.0018427691        0.0000181507
     1063.0000000000        0.0018620747        0.0000204700
     1064.0000000000        0.0018837298        0.0000228515
     1065.0000000000        0.0019078021        0.0000253062
     1066.0000000000        0.0019343705        0.0000278458
     1067.0000000000        0.0019635262        0.0000304828
     1068.0000000000        0.0019953730        0.0000332305
     1069.0000000000        0.0020300287        0.0000361031
     1070.0000000000        0.0020676259        0.0000391161
     1071.0000000000        0.0021083134        0.0000422864
     1072.0000000000        0.0021522574        0.0000456325
     1073.0000000000        0.0021996436        0.0000491744
     1074.0000000000        0.0022506790        0.0000529346
     1075.0000000000        0.0023055938        0.0000569377
     1076.0000000000        0.0023646445        0.0000612111
     1077.0000000000        0.0024281162        0.0000657853
     1078.0000000000        0.0024963268        0.0000706947
     1079.0000000000        0.0025696300        0.0000759774
     1080.0000000000        0.0026484205        0.0000816769
     1081.0000000000        0.0027331389        0.0000878418
     1082.0000000000        0.0028242777        0.0000945277
     1083.0000000000        0.0029223887        0.0001017973
     1084.0000000000        0.0030280908        0.0001097227
     1085.0000000000        0.0031420800        0.0001183861
     1086.0000000000        0.0032651403        0.0001278818
     1087.0000000000        0.0033981573        0.0001383190
     1088.0000000000        0.0035421340        0.0001498237
     1089.0000000000        0.0036982091        0.0001625423
     1090.0000000000        0.0038676799        0.0001766456
     1091.0000000000        0.0040520282        0.0001923335
     1092.0000000000        0.0042529530        0.0002098411
     1093.0000000000        0.0044724090        0.0002294462
     1094.0000000000        0.0047126536        0.0002514781
     1095.0000000000        0.0049763044        0.0002763300
     1096.0000000000        0.0052664096        0.0003044729
     1097.0000000000        0.0055865351        0.0003364745
     1098.0000000000        0.0059408727        0.0003730234
     1099.0000000000        0.0063343753        0.0004149590
     1100.0000000000        0.0067729272        0.0004633122
     1101.0000000000        0.0072635601        0.0005193571
     1102.0000000000        0.0078147298        0.0005846805
     1103.0000000000        0.0084366717        0.0006612732
     1104.0000000000        0.0091418647        0.0007516546
     1105.0000000000        0.0099456389        0.0008590406
     1106.0000000000        0.0108669816        0.0009875750
     1107.0000000000        0.0119296174        0.0011426510
     1108.0000000000        0.0131634701        0.0013313632
     1109.0000000000        0.0146066664        0.0015631503
     1110.0000000000        0.0163083148        0.0018507212
     1111.0000000000        0.0183324074        0.0022114049
     1112.0000000000        0.0207633711        0.0026691420
     1113.0000000000        0.0237140628        0.0032574521
     1114.0000000000        0.0273374243        0.0040238869
     1115.0000000000        0.0318436352        0.0050367223
     1116.0000000000        0.0375254911        0.0063949023
     1117.0000000000        0.0447958026        0.0082422768
     1118.0000000000        0.0542412391        0.0107859780
     1119.0000000000        0.0666946723        0.0143130838
     1120.0000000000        0.0833140503        0.0191794195
     1121.0000000000        0.1056040126        0.0256823635
     1122.0000000000        0.1351607801        0.0335746759
     1123.0000000000        0.1725637433        0.0407614295
     1124.0000000000        0.2145026677        0.0412616072
     1125.0000000000        0.2498690746        0.0263902133
     1126.0000000000        0.2619944618       -0.0035894818
     1127.0000000000        0.2435120959       -0.0312463899
     1128.0000000000        0.2053308459       -0.0421564108
     1129.0000000000        0.1637916878       -0.0394287515
     1130.0000000000        0.1280736150       -0.0317354497
     1131.0000000000        0.1002741691       -0.0240645279
     1132.0000000000        0.0794164778       -0.0179339212
     1133.0000000000        0.0638724224       -0.0133949018
     1134.0000000000        0.0522075996       -0.0101136991
     1135.0000000000        0.0433417590       -0.0077451183
     1136.0000000000        0.0365035795       -0.0060205109
     1137.0000000000        0.0311505492       -0.0047484242
     1138.0000000000        0.0269004961       -0.0037964017
     1139.0000000000        0.0234817324       -0.0030733405
     1140.0000000000        0.0206986928       -0.0025162675
     1141.0000000000        0.0184086656       -0.0020812115
     1142.0000000000        0.0165060561       -0.0017370855
     1143.0000000000        0.0149116753       -0.0014616173
     1144.0000000000        0.0135653730       -0.0012386345
     1145.0000000000        0.0124209103       -0.0010562390
     1146.0000000000        0.0114423447       -0.0009055660
     1147.0000000000        0.0106014498       -0.0007799305
     1148.0000000000        0.0098758504       -0.0006742333
     1149.0000000000        0.0092476576       -0.0005845417
     1150.0000000000        0.0087024605       -0.0005077911
     1151.0000000000        0.0082285713       -0.0004415689
     1152.0000000000        0.0078164567       -0.0003839570
     1153.0000000000        0.0074583036       -0.0003334156
     1154.0000000000        0.0070408160       -0.0002873667
     1155.0000000000        0.0067737591       -0.0002474718
     1156.0000000000        0.0065445562       -0.0002115299
     1157.0000000000        0.0063496190       -0.0001788323
     1158.0000000000        0.0061860114       -0.0001487778
     1159.0000000000        0.0061468301       -0.0001196549
     1160.0000000000        0.0060404366       -0.0000933758
     1161.0000000000        0.0059596564       -0.0000683642
     1162.0000000000        0.0059034089       -0.0000442512
     1163.0000000000        0.0058709696       -0.0000206917
     1164.0000000000        0.0058619517        0.0000026462
     1165.0000000000        0.0058762975        0.0000260909
     1166.0000000000        0.0059142806        0.0000499774
     1167.0000000000        0.0059765166        0.0000746575
     1168.0000000000        0.0060639865        0.0001005114
     1169.0000000000        0.0061780706        0.0001279605
     1170.0000000000        0.0063205980        0.0001574834
     1171.0000000000        0.0064939124        0.0001896346
     1172.0000000000        0.0067009600        0.0002250686
     1173.0000000000        0.0069454038        0.0002645706
     1174.0000000000        0.0074239341        0.0003115115
     1175.0000000000        0.0077602595        0.0003622858
     1176.0000000000        0.0081510599        0.0004207359
     1177.0000000000        0.0086049045        0.0004887228
     1178.0000000000        0.0091324700        0.0005686264
     1179.0000000000        0.0097471457        0.0006635266
     1180.0000000000        0.0104658526        0.0007774580
     1181.0000000000        0.0113101687        0.0009157708
     1182.0000000000        0.0123078887        0.0010856524
     1183.0000000000        0.0134952171        0.0012968867
     1184.0000000000        0.0149198881        0.0015629753
     1185.0000000000        0.0166456632        0.0019028088
     1186.0000000000        0.0187588891        0.0023431744
     1187.0000000000        0.0213781506        0.0029225212
     1188.0000000000        0.0246685455        0.0036965390
     1189.0000000000        0.0288626808        0.0047460870
     1190.0000000000        0.0342907469        0.0061872191
     1191.0000000000        0.0414203776        0.0081794855
     1192.0000000000        0.0508981562        0.0109162394
     1193.0000000000        0.0635528173        0.0145433059
     1194.0000000000        0.0802268362        0.0188622286
     1195.0000000000        0.1010989326        0.0225678773
     1196.0000000000        0.1240204611        0.0221806336
     1197.0000000000        0.1425199059        0.0131664867
     1198.0000000000        0.1477498697       -0.0032657649
     1199.0000000000        0.1368804842       -0.0171745930
     1200.0000000000        0.1166067773       -0.0218415896
     1201.0000000000        0.0954788967       -0.0197040545
     1202.0000000000        0.0779246286       -0.0152981209
     1203.0000000000        0.0648207800       -0.0110200679
     1204.0000000000        0.0556147881       -0.0075304335
     1205.0000000000        0.0495082108       -0.0047912587
     1206.0000000000        0.0458544503       -0.0025856909
     1207.0000000000        0.0442347342       -0.0006872823
     1208.0000000000        0.0444457354        0.0011082825
     1209.0000000000        0.0464814002        0.0029945393
     1210.0000000000        0.0505330396        0.0051766198
     1211.0000000000        0.0570120699        0.0078923983
     1212.0000000000        0.0665869015        0.0114149850
     1213.0000000000        0.0801933540        0.0159825872
     1214.0000000000        0.0988815203        0.0215034863
     1215.0000000000        0.1231322459        0.0267320005
     1216.0000000000        0.1510185807        0.0278735231
     1217.0000000000        0.1754746520        0.0189511777
     1218.0000000000        0.1851101194       -0.0008833597
     1219.0000000000        0.1737907967       -0.0204845714
     1220.0000000000        0.1479998947       -0.0290274708
     1221.0000000000        0.1190641505       -0.0277204760
     1222.0000000000        0.0938130107       -0.0225429771
     1223.0000000000        0.0740075627       -0.0171913887
     1224.0000000000        0.0590786864       -0.0128609035
     1225.0000000000        0.0479138946       -0.0096377997
     1226.0000000000        0.0395073271       -0.0073020470
     1227.0000000000        0.0330946876       -0.0056135332
     1228.0000000000        0.0281283059       -0.0043827177
     1229.0000000000        0.0242224075       -0.0034738200
     1230.0000000000        0.0211050558       -0.0027927175
     1231.0000000000        0.0185828505       -0.0022746359
     1232.0000000000        0.0165165158       -0.0018748013
     1233.0000000000        0.0148043510       -0.0015619574
     1234.0000000000        0.0133710365       -0.0013140120
     1235.0000000000        0.0121600165       -0.0011151402
     1236.0000000000        0.0111282613       -0.0009538526
     1237.0000000000        0.0102426243       -0.0008216968
     1238.0000000000        0.0094772734       -0.0007123749
     1239.0000000000        0.0088118586       -0.0006211379
     1240.0000000000        0.0082301860       -0.0005443632
     1241.0000000000        0.0077192491       -0.0004792581
     1242.0000000000        0.0072685102       -0.0004236474
     1243.0000000000        0.0068693634       -0.0003758211
     1244.0000000000        0.0065147284       -0.0003344223
     1245.0000000000        0.0061987403       -0.0002983657
     1246.0000000000        0.0059165099       -0.0002667759
     1247.0000000000        0.0056639380       -0.0002389417
     1248.0000000000        0.0054375698       -0.0002142808
     1249.0000000000        0.0052344794       -0.0001923135
     1250.0000000000        0.0050521783       -0.0001726419
     1251.0000000000        0.0048885418       -0.0001549336
     1252.0000000000        0.0047417502       -0.0001389094
     1253.0000000000        0.0046102407       -0.0001243333
     1254.0000000000        0.0044926681       -0.0001110047
     1255.0000000000        0.0043878731       -0.0000987516
     1256.0000000000        0.0042948559       -0.0000874261
     1257.0000000000        0.0042127545       -0.0000769000
     1258.0000000000        0.0041408268       -0.0000670613
     1259.0000000000        0.0040784357       -0.0000578115
     1260.0000000000        0.0040250366       -0.0000490635
     1261.0000000000        0.0039801676       -0.0000407392
     1262.0000000000        0.0039434405       -0.0000327684
     1263.0000000000        0.0039145342       -0.0000250872
     1264.0000000000        0.0038931893       -0.0000176365
     1265.0000000000        0.0038792028       -0.0000103615
     1266.0000000000        0.0038724251       -0.0000032104
     1267.0000000000        0.0038727572        0.0000038663
     1268.0000000000        0.0038801489        0.0000109166
     1269.0000000000        0.0038945974        0.0000179877
     1270.0000000000        0.0039161471        0.0000251268
     1271.0000000000        0.0039448895        0.0000323815
     1272.0000000000        0.0039809649        0.0000398008
     1273.0000000000        0.0040245631        0.0000474360
     1274.0000000000        0.0040759267        0.0000553408
     1275.0000000000        0.0041353537        0.0000635728
     1276.0000000000        0.0042032019        0.0000721941
     1277.0000000000        0.0042798942        0.0000812727
     1278.0000000000        0.0043659245        0.0000908831
     1279.0000000000        0.0044618654        0.0001011085
     1280.0000000000        0.0045683774        0.0001120418
     1281.0000000000        0.0046862197        0.0001237878
     1282.0000000000        0.0048162633        0.0001364656
     1283.0000000000        0.0049595067        0.0001502114
     1284.0000000000        0.0051170940        0.0001651817
     1285.0000000000        0.0052903383        0.0001815576
     1286.0000000000        0.0053177834        0.0002015841
     1287.0000000000        0.0055291095        0.0002214016
     1288.0000000000        0.0057613039        0.0002433730
     1289.0000000000        0.0060166874        0.0002678421
     1290.0000000000        0.0062979562        0.0002952180
     1291.0000000000        0.0066082549        0.0003259915
     1292.0000000000        0.0069512675        0.0003607542
     1293.0000000000        0.0073313308        0.0004002250
     1294.0000000000        0.0077535778        0.0004452835
     1295.0000000000        0.0082241189        0.0004970138
     1296.0000000000        0.0087502747        0.0005567631
     1297.0000000000        0.0093408760        0.0006262198
     1298.0000000000        0.0100066554        0.0007075194
     1299.0000000000        0.0107607628        0.0008033890
     1300.0000000000        0.0116194512        0.0009173474
     1301.0000000000        0.0126030014        0.0010539855
     1302.0000000000        0.0137369797        0.0012193630
     1303.0000000000        0.0150539755        0.0014215789
     1304.0000000000        0.0165960278        0.0016715997
     1305.0000000000        0.0184180633        0.0019844787
     1306.0000000000        0.0205928281        0.0023811680
     1307.0000000000        0.0232180524        0.0028912315
     1308.0000000000        0.0264405837        0.0035570835
     1309.0000000000        0.0304175638        0.0044393344
     1310.0000000000        0.0354204302        0.0056263931
     1311.0000000000        0.0418135712        0.0072447603
     1312.0000000000        0.0501113046        0.0094687363
     1313.0000000000        0.0610243357        0.0125119562
     1314.0000000000        0.0754685809        0.0165456909
     1315.0000000000        0.0943990202        0.0213939636
     1316.0000000000        0.1181149318        0.0257347415
     1317.0000000000        0.1445100581        0.0259224175
     1318.0000000000        0.1668483971        0.0169667793
     1319.0000000000        0.1755236948       -0.0003125346
     1320.0000000000        0.1670251888       -0.0153164320
     1321.0000000000        0.1484111191       -0.0201798018
     1322.0000000000        0.1293224547       -0.0171313646
     1323.0000000000        0.1151200274       -0.0110686125
     1324.0000000000        0.1073042762       -0.0045810913
     1325.0000000000        0.1059000627        0.0017599253
     1326.0000000000        0.1108783210        0.0082719909
     1327.0000000000        0.1227030480        0.0155607532
     1328.0000000000        0.1424554506        0.0242011105
     1329.0000000000        0.1715816122        0.0342128801
     1330.0000000000        0.2107594402        0.0437134335
     1331.0000000000        0.2568542022        0.0465648067
     1332.0000000000        0.2982289964        0.0326544935
     1333.0000000000        0.3155265542       -0.0002865311
     1334.0000000000        0.2973612059       -0.0340645648
     1335.0000000000        0.2538073164       -0.0494984517
     1336.0000000000        0.2041745771       -0.0477677112
     1337.0000000000        0.1605467477       -0.0390338087
     1338.0000000000        0.1262128654       -0.0298311072
     1339.0000000000        0.1002951699       -0.0223362451
     1340.0000000000        0.0809012281       -0.0167436774
     1341.0000000000        0.0662958564       -0.0126867906
     1342.0000000000        0.0551542699       -0.0097532344
     1343.0000000000        0.0465253391       -0.0076149808
     1344.0000000000        0.0397385628       -0.0060363608
     1345.0000000000        0.0343211505       -0.0048538174
     1346.0000000000        0.0299368186       -0.0039547409
     1347.0000000000        0.0263433858       -0.0032612823
     1348.0000000000        0.0233640039       -0.0027190955
     1349.0000000000        0.0208676931       -0.0022897705
     1350.0000000000        0.0187560952       -0.0019457956
     1351.0000000000        0.0169543673       -0.0016671978
     1352.0000000000        0.0154048461       -0.0014392838
     1353.0000000000        0.0140625835       -0.0012511069
     1354.0000000000        0.0128921594       -0.0010944129
     1355.0000000000        0.0118653777       -0.0009629063
     1356.0000000000        0.0109595805       -0.0008517342
     1357.0000000000        0.0101563995       -0.0007571182
     1358.0000000000        0.0093535781       -0.0006749999
     1359.0000000000        0.0087143187       -0.0006052212
     1360.0000000000        0.0081400238       -0.0005447902
     1361.0000000000        0.0076221313       -0.0004921897
     1362.0000000000        0.0073789787       -0.0004433592
     1363.0000000000        0.0069562797       -0.0004028969
     1364.0000000000        0.0065715986       -0.0003671983
     1365.0000000000        0.0062205248       -0.0003355784
     1366.0000000000        0.0058992732       -0.0003074672
     1367.0000000000        0.0056045807       -0.0002823875
     1368.0000000000        0.0053336222       -0.0002599380
     1369.0000000000        0.0050839416       -0.0002397795
     1370.0000000000        0.0048533959       -0.0002216241
     1371.0000000000        0.0046401079       -0.0002052261
     1372.0000000000        0.0044424283       -0.0001903752
     1373.0000000000        0.0042589025       -0.0001768904
     1374.0000000000        0.0040882443       -0.0001646158
     1375.0000000000        0.0039293127       -0.0001534162
     1376.0000000000        0.0037810930       -0.0001431740
     1377.0000000000        0.0036426799       -0.0001337868
     1378.0000000000        0.0034016441       -0.0001237708
     1379.0000000000        0.0032818821       -0.0001158615
     1380.0000000000        0.0031697155       -0.0001085692
     1381.0000000000        0.0030645585       -0.0001018328
     1382.0000000000        0.0029658828       -0.0000955982
     1383.0000000000        0.0028732108       -0.0000898177
     1384.0000000000        0.0027861103       -0.0000844486
     1385.0000000000        0.0027041892       -0.0000794528
     1386.0000000000        0.0026270915       -0.0000747965
     1387.0000000000        0.0025544932       -0.0000704493
     1388.0000000000        0.0024860991       -0.0000663838
     1389.0000000000        0.0024216399       -0.0000625755
     1390.0000000000        0.0023608697       -0.0000590023
     1391.0000000000        0.0023035637       -0.0000556441
     1392.0000000000        0.0022495159       -0.0000524828
     1393.0000000000        0.0021985380       -0.0000495019
     1394.0000000000        0.0021504570       -0.0000466865
     1395.0000000000        0.0021051145       -0.0000440228
     1396.0000000000        0.0020623649       -0.0000414985
     1397.0000000000        0.0020220749       -0.0000391020
     1398.0000000000        0.0019841218       -0.0000368229
     1399.0000000000        0.0019483931       -0.0000346515
     1400.0000000000        0.0019147858       -0.0000325788
     1401.0000000000        0.0018832053       -0.0000305967
     1402.0000000000        0.0018535649       -0.0000286972
     1403.0000000000        0.0018257856       -0.0000268735
     1404.0000000000        0.0017997951       -0.0000251186
     1405.0000000000        0.0017755276       -0.0000234263
     1406.0000000000        0.0017529236       -0.0000217907
     1407.0000000000        0.0017319292       -0.0000202061
     1408.0000000000        0.0017124962       -0.0000186671
     1409.0000000000        0.0016945814       -0.0000171687
     1410.0000000000        0.0016781469       -0.0000157058
     1411.0000000000        0.0016631595       -0.0000142737
     1412.0000000000        0.0016495908       -0.0000128676
     1413.0000000000        0.0016374172       -0.0000114829
     1414.0000000000        0.0016266194       -0.0000101150
     1415.0000000000        0.0016171831       -0.0000087593
     1416.0000000000        0.0016090982       -0.0000074112
     1417.0000000000        0.0016023597       -0.0000060660
     1418.0000000000        0.0015969670       -0.0000047187
     1419.0000000000        0.0015929247       -0.0000033643
     1420.0000000000        0.0015902425       -0.0000019975
     1421.0000000000        0.0015889356       -0.0000006129
     1422.0000000000        0.0015890248        0.0000007957
     1423.0000000000        0.0015905371        0.0000022346
     1424.0000000000        0.0015935063        0.0000037107
     1425.0000000000        0.0015979735        0.0000052318
     1426.0000000000        0.0016039876        0.0000068060
     1427.0000000000        0.0016116064        0.0000084429
     1428.0000000000        0.0016208976        0.0000101527
     1429.0000000000        0.0016319401        0.0000119473
     1430.0000000000        0.0016448249        0.0000138399
     1431.0000000000        0.0016596576        0.0000158458
     1432.0000000000        0.0016765601        0.0000179825
     1433.0000000000        0.0016956729        0.0000202701
     1434.0000000000        0.0017171584        0.0000227321
     1435.0000000000        0.0017412044        0.0000253961
     1436.0000000000        0.0017680286        0.0000282945
     1437.0000000000        0.0017978842        0.0000314656
     1438.0000000000        0.0018310660        0.0000349554
     1439.0000000000        0.0018679194        0.0000388188
     1440.0000000000        0.0019088502        0.0000431224
     1441.0000000000        0.0019543378        0.0000479472
     1442.0000000000        0.0020049512        0.0000533926
     1443.0000000000        0.0020613704        0.0000595814
     1444.0000000000        0.0021244124        0.0000666667
     1445.0000000000        0.0021950662        0.0000748409
     1446.0000000000        0.0022745378        0.0000843481
     1447.0000000000        0.0023643098        0.0000955006
     1448.0000000000        0.0024662208        0.0001087024
     1449.0000000000        0.0025825720        0.0001244817
     1450.0000000000        0.0027162735        0.0001435366
     1451.0000000000        0.0028710448        0.0001668013
     1452.0000000000        0.0030516960        0.0001955414
     1453.0000000000        0.0032645244        0.0002314942
     1454.0000000000        0.0035178837        0.0002770771
     1455.0000000000        0.0038230090        0.0003356989
     1456.0000000000        0.0041952272        0.0004122285
     1457.0000000000        0.0046557437        0.0005136957
     1458.0000000000        0.0052342853        0.0006503148
     1459.0000000000        0.0059729536        0.0008368823
     1460.0000000000        0.0069315994        0.0010943366
     1461.0000000000        0.0081944091        0.0014502533
     1462.0000000000        0.0098748235        0.0019337522
     1463.0000000000        0.0121075178        0.0025511933
     1464.0000000000        0.0149941698        0.0032111714
     1465.0000000000        0.0184337268        0.0035687587
     1466.0000000000        0.0218012474        0.0029380238
     1467.0000000000        0.0238127331        0.0008713971
     1468.0000000000        0.0233627430       -0.0017081262
     1469.0000000000        0.0207712290       -0.0032214416
     1470.0000000000        0.0173875182       -0.0033662184
     1471.0000000000        0.0142655801       -0.0028217687
     1472.0000000000        0.0117811249       -0.0021533300
     1473.0000000000        0.0099243118       -0.0015829703
     1474.0000000000        0.0085690899       -0.0011492321
     1475.0000000000        0.0075871221       -0.0008314874
     1476.0000000000        0.0068774905       -0.0005998156
     1477.0000000000        0.0063672551       -0.0004290845
     1478.0000000000        0.0060052045       -0.0003008895
     1479.0000000000        0.0056605729       -0.0002011717
     1480.0000000000        0.0054997136       -0.0001234245
     1481.0000000000        0.0054088842       -0.0000602561
     1482.0000000000        0.0053758060       -0.0000073140
     1483.0000000000        0.0053918977        0.0000385256
     1484.0000000000        0.0054512617        0.0000795604
     1485.0000000000        0.0055500016        0.0001175321
     1486.0000000000        0.0056857640        0.0001538101
     1487.0000000000        0.0058574340        0.0001895195
     1488.0000000000        0.0060649385        0.0002256324
     1489.0000000000        0.0063091296        0.0002630366
     1490.0000000000        0.0065917278        0.0003025896
     1491.0000000000        0.0069153157        0.0003451655
     1492.0000000000        0.0072833765        0.0003916981
     1493.0000000000        0.0077003749        0.0004432249
     1494.0000000000        0.0079843196        0.0005032647
     1495.0000000000        0.0085195127        0.0005685156
     1496.0000000000        0.0091244337        0.0006430276
     1497.0000000000        0.0098093310        0.0007288449
     1498.0000000000        0.0105867266        0.0008284925
     1499.0000000000        0.0114719696        0.0009451284
     1500.0000000000        0.0124839651        0.0010827461
     1501.0000000000        0.0136461415        0.0012464522
     1502.0000000000        0.0149877439        0.0014428483
     1503.0000000000        0.0165455807        0.0016805640
     1504.0000000000        0.0183664068        0.0019710115
     1505.0000000000        0.0205102133        0.0023294656
     1506.0000000000        0.0230548235        0.0027766292
     1507.0000000000        0.0261023963        0.0033409312
     1508.0000000000        0.0297887428        0.0040619354
     1509.0000000000        0.0342968410        0.0049954436
     1510.0000000000        0.0398766490        0.0062211670
     1511.0000000000        0.0468743759        0.0078542057
     1512.0000000000        0.0557757622        0.0100618357
     1513.0000000000        0.0672692525        0.0130864894
     1514.0000000000        0.0823342606        0.0172716546
     1515.0000000000        0.1023499907        0.0230711573
     1516.0000000000        0.1291790969        0.0309693342
     1517.0000000000        0.1650456578        0.0410926067
     1518.0000000000        0.2116705873        0.0519997632
     1519.0000000000        0.2675309645        0.0581329281
     1520.0000000000        0.3225832481        0.0482383418
     1521.0000000000        0.3557690221        0.0145233930
     1522.0000000000        0.3483707759       -0.0284146622
     1523.0000000000        0.3049650157       -0.0542190141
     1524.0000000000        0.2477439613       -0.0571863645
     1525.0000000000        0.1944596567       -0.0484141999
     1526.0000000000        0.1515848119       -0.0374237343
     1527.0000000000        0.1190514268       -0.0280177254
     1528.0000000000        0.0947824050       -0.0208839371
     1529.0000000000        0.0766346843       -0.0156933849
     1530.0000000000        0.0629139181       -0.0119512224
     1531.0000000000        0.0523900818       -0.0092394175
     1532.0000000000        0.0441947600       -0.0072516740
     1533.0000000000        0.0377173769       -0.0057741981
     1534.0000000000        0.0325258245       -0.0046598398
     1535.0000000000        0.0283107958       -0.0038071987
     1536.0000000000        0.0248479015       -0.0031458188
     1537.0000000000        0.0219720690       -0.0026261726
     1538.0000000000        0.0195601758       -0.0022129893
     1539.0000000000        0.0175191630       -0.0018808127
     1540.0000000000        0.0157778063       -0.0016110268
     1541.0000000000        0.0142809464       -0.0013898431
     1542.0000000000        0.0129853925       -0.0012069244
     1543.0000000000        0.0118569758       -0.0010544314
     1544.0000000000        0.0108684057       -0.0009263549
     1545.0000000000        0.0099976896       -0.0008180412
     1546.0000000000        0.0092269569       -0.0007258522
     1547.0000000000        0.0085415733       -0.0006469183
     1548.0000000000        0.0079294678       -0.0005789568
     1549.0000000000        0.0073806161       -0.0005201378
     1550.0000000000        0.0068866405       -0.0004689832
     1551.0000000000        0.0064404979       -0.0004242911
     1552.0000000000        0.0060362341       -0.0003850775
     1553.0000000000        0.0056687884       -0.0003505320
     1554.0000000000        0.0053338390       -0.0003199833
     1555.0000000000        0.0050276771       -0.0002928719
     1556.0000000000        0.0047471063       -0.0002687296
     1557.0000000000        0.0044893603       -0.0002471622
     1558.0000000000        0.0042520353       -0.0002278365
     1559.0000000000        0.0040330348       -0.0002104696
     1560.0000000000        0.0038305239       -0.0001948202
     1561.0000000000        0.0036428910       -0.0001806817
     1562.0000000000        0.0034687162       -0.0001678766
     1563.0000000000        0.0033067447       -0.0001562516
     1564.0000000000        0.0031558641       -0.0001456742
     1565.0000000000        0.0030150857       -0.0001360292
     1566.0000000000        0.0028835285       -0.0001272163
     1567.0000000000        0.0027604052       -0.0001191478
     1568.0000000000        0.0026450105       -0.0001117469
     1569.0000000000        0.0025367114       -0.0001049461
     1570.0000000000        0.0024349382       -0.0000986858
     1571.0000000000        0.0023391772       -0.0000929135
     1572.0000000000        0.0022489642       -0.0000875825
     1573.0000000000        0.0021638789       -0.0000826516
     1574.0000000000        0.0020835400       -0.0000780839
     1575.0000000000        0.0020076010       -0.0000738467
     1576.0000000000        0.0019357463       -0.0000699106
     1577.0000000000        0.0018676882       -0.0000662493
     1578.0000000000        0.0018031639       -0.0000628394
     1579.0000000000        0.0017419328       -0.0000596595
     1580.0000000000        0.0016837745       -0.0000566907
     1581.0000000000        0.0016284868       -0.0000539157
     1582.0000000000        0.0015758836       -0.0000513190
     1583.0000000000        0.0015257940       -0.0000488865
     1584.0000000000        0.0014780602       -0.0000466054
     1585.0000000000        0.0014325367       -0.0000444641
     1586.0000000000        0.0013890889       -0.0000424521
     1587.0000000000        0.0013475926       -0.0000405597
     1588.0000000000        0.0013079325       -0.0000387783
     1589.0000000000        0.0012700017       -0.0000370997
     1590.0000000000        0.0012337012       -0.0000355168
     1591.0000000000        0.0011989386       -0.0000340226
     1592.0000000000        0.0011656283       -0.0000326112
     1593.0000000000        0.0011336905       -0.0000312769
     1594.0000000000        0.0011030506       -0.0000300145
     1595.0000000000        0.0010736392       -0.0000288191
     1596.0000000000        0.0010453915       -0.0000276865
     1597.0000000000        0.0010182467       -0.0000266125
     1598.0000000000        0.0009921482       -0.0000255934
     1599.0000000000        0.0009670428       -0.0000246257
     1600.0000000000        0.0009428807       -0.0000237063
     1601.0000000000        0.0009196152       -0.0000228321
     1602.0000000000        0.0008972024       -0.0000220004
     1603.0000000000        0.0008756011       -0.0000212087
     1604.0000000000        0.0008547725       -0.0000204545
     1605.0000000000        0.0008346802       -0.0000197358
     1606.0000000000        0.0008152899       -0.0000190503
     1607.0000000000        0.0007965691       -0.0000183963
     1608.0000000000        0.0007784874       -0.0000177719
     1609.0000000000        0.0007610159       -0.0000171755
     1610.0000000000        0.0007441275       -0.0000166055
     1611.0000000000        0.0007277965       -0.0000160605
     1612.0000000000        0.0007119986       -0.0000155391
     1613.0000000000        0.0006967107       -0.0000150401
     1614.0000000000        0.0006819113       -0.0000145623
     1615.0000000000        0.0006675796       -0.0000141044
     1616.0000000000        0.0006536960       -0.0000136657
     1617.0000000000        0.0006402422       -0.0000132449
     1618.0000000000        0.0006272005       -0.0000128413
     1619.0000000000        0.0006145542       -0.0000124539
     1620.0000000000        0.0006022875       -0.0000120820
     1621.0000000000        0.0005903854       -0.0000117247
     1622.0000000000        0.0005788334       -0.0000113815
     1623.0000000000        0.0005676180       -0.0000110515
     1624.0000000000        0.0005567262       -0.0000107342
     1625.0000000000        0.0005461457       -0.0000104289
     1626.0000000000        0.0005358646       -0.0000101351
     1627.0000000000        0.0005258719       -0.0000098522
     1628.0000000000        0.0005027680       -0.0000094133
     1629.0000000000        0.0004934852       -0.0000091539
     1630.0000000000        0.0004844570       -0.0000089040
     1631.0000000000        0.0004756742       -0.0000086630
     1632.0000000000        0.0004671280       -0.0000084307
     1633.0000000000        0.0004588100       -0.0000082066
     1634.0000000000        0.0004507121       -0.0000079904
     1635.0000000000        0.0004428267       -0.0000077817
     1636.0000000000        0.0004351463       -0.0000075802
     1637.0000000000        0.0004276639       -0.0000073857
     1638.0000000000        0.0004203727       -0.0000071977
     1639.0000000000        0.0004132664       -0.0000070160
     1640.0000000000        0.0004063387       -0.0000068404
     1641.0000000000        0.0003995837       -0.0000066706
     1642.0000000000        0.0003929957       -0.0000065064
     1643.0000000000        0.0003865692       -0.0000063475
     1644.0000000000        0.0003802990       -0.0000061937
     1645.0000000000        0.0003741801       -0.0000060449
     1646.0000000000        0.0003682077       -0.0000059008
     1647.0000000000        0.0003623770       -0.0000057612
     1648.0000000000        0.0003566838       -0.0000056260
     1649.0000000000        0.0003511235       -0.0000054950
     1650.0000000000        0.0003456923       -0.0000053681
     1651.0000000000        0.0003403861       -0.0000052450
     1652.0000000000        0.0003352011       -0.0000051257
     1653.0000000000        0.0003301336       -0.0000050099
     1654.0000000000        0.0003251801       -0.0000048976
     1655.0000000000        0.0003203373       -0.0000047886
     1656.0000000000        0.0003156018       -0.0000046829
     1657.0000000000        0.0003109705       -0.0000045802
     1658.0000000000        0.0003064404       -0.0000044805
     1659.0000000000        0.0003020085       -0.0000043837
     1660.0000000000        0.0002976721       -0.0000042896
     1661.0000000000        0.0002934283       -0.0000041983
     1662.0000000000        0.0002892747       -0.0000041095
     1663.0000000000        0.0002852086       -0.0000040231
     1664.0000000000        0.0002812276       -0.0000039392
     1665.0000000000        0.0002773293       -0.0000038576
     1666.0000000000        0.0002735116       -0.0000037783
     1667.0000000000        0.0002697721       -0.0000037011
     1668.0000000000        0.0002661088       -0.0000036260
     1669.0000000000        0.0002625195       -0.0000035529
     1670.0000000000        0.0002590024       -0.0000034817
     1671.0000000000        0.0002555555       -0.0000034125
     1672.0000000000        0.0002521769       -0.0000033450
     1673.0000000000        0.0002488648       -0.0000032794
     1674.0000000000        0.0002456176       -0.0000032154
     1675.0000000000        0.0002424335       -0.0000031531
     1676.0000000000        0.0002393109       -0.0000030924
     1677.0000000000        0.0002362482       -0.0000030332
     1678.0000000000        0.0002332439       -0.0000029756
     1679.0000000000        0.0002302966       -0.0000029194
     1680.0000000000        0.0002274048       -0.0000028645
     1681.0000000000        0.0002245670       -0.0000028111
     1682.0000000000        0.0000000000        0.0000000000
     1683.0000000000        0.0000000000        0.0000000000
     1684.0000000000        0.0000000000        0.0000000000
     1685.0000000000        0.0000000000        0.0000000000
     1686.0000000000        0.0000000000        0.0000000000
     1687.0000000000        0.0000000000        0.0000000000
     1688.0000000000        0.0000000000        0.0000000000
     1689.0000000000        0.0000000000        0.0000000000
     1690.0000000000        0.0000000000        0.0000000000
     1691.0000000000        0.0000000000        0.0000000000
     1692.0000000000        0.0000000000        0.0000000000
     1693.0000000000        0.0000000000        0.0000000000
     1694.0000000000        0.0000000000        0.0000000000
     1695.0000000000        0.0000000000        0.0000000000
     1696.0000000000        0.0000000000        0.0000000000
     1697.0000000000        0.0000000000        0.0000000000
     1698.0000000000        0.0000000000        0.0000000000
     1699.0000000000        0.0000000000        0.0000000000
     1700.0000000000        0.0000000000        0.0000000000
     1701.0000000000        0.0000000000        0.0000000000
     1702.0000000000        0.0000000000        0.0000000000
     1703.0000000000        0.0000000000        0.0000000000
     1704.0000000000        0.0000000000        0.0000000000
     1705.0000000000        0.0000000000        0.0000000000
     1706.0000000000        0.0000000000        0.0000000000
     1707.0000000000        0.0000000000        0.0000000000
     1708.0000000000        0.0000000000        0.0000000000
     1709.0000000000        0.0000000000        0.0000000000
     1710.0000000000        0.0000000000        0.0000000000
     1711.0000000000        0.0000000000        0.0000000000
     1712.0000000000        0.0000000000        0.0000000000
     1713.0000000000        0.0000000000        0.0000000000
     1714.0000000000        0.0000000000        0.0000000000
     1715.0000000000        0.0000000000        0.0000000000
     1716.0000000000        0.0000000000        0.0000000000
     1717.0000000000        0.0000000000        0.0000000000
     1718.0000000000        0.0000000000        0.0000000000
     1719.0000000000        0.0000000000        0.0000000000
     1720.0000000000        0.0000000000        0.0000000000
     1721.0000000000        0.0000000000        0.0000000000
     1722.0000000000        0.0000000000        0.0000000000
     1723.0000000000        0.0000000000        0.0000000000
     1724.0000000000        0.0000000000        0.0000000000
     1725.0000000000        0.0000000000        0.0000000000
     1726.0000000000        0.0000000000        0.0000000000
     1727.0000000000        0.0000000000        0.0000000000
     1728.0000000000        0.0000000000        0.0000000000
     1729.0000000000        0.0000000000        0.0000000000
     1730.0000000000        0.0000000000        0.0000000000
     1731.0000000000        0.0000000000        0.0000000000
     1732.0000000000        0.0000000000        0.0000000000
     1733.0000000000        0.0000000000        0.0000000000
     1734.0000000000        0.0000000000        0.0000000000
     1735.0000000000        0.0000000000        0.0000000000
     1736.0000000000        0.0000000000        0.0000000000
     1737.0000000000        0.0000000000        0.0000000000
     1738.0000000000        0.0000000000        0.0000000000
     1739.0000000000        0.0000000000        0.0000000000
     1740.0000000000        0.0000000000        0.0000000000
     1741.0000000000        0.0000000000        0.0000000000
     1742.0000000000        0.0000000000        0.0000000000
     1743.0000000000        0.0000000000        0.0000000000
     1744.0000000000        0.0000000000        0.0000000000
     1745.0000000000        0.0000000000        0.0000000000
     1746.0000000000        0.0000000000        0.0000000000
     1747.0000000000        0.0000000000        0.0000000000
     1748.0000000000        0.0000000000        0.0000000000
     1749.0000000000        0.0000000000        0.0000000000
     1750.0000000000        0.0000000000        0.0000000000
     1751.0000000000        0.0000000000        0.0000000000
     1752.0000000000        0.0000000000        0.0000000000
     1753.0000000000        0.0000000000        0.0000000000
     1754.0000000000        0.0000000000        0.0000000000
     1755.0000000000        0.0000000000        0.0000000000
     1756.0000000000        0.0000000000        0.0000000000
     1757.0000000000        0.0000000000        0.0000000000
     1758.0000000000        0.0000000000        0.0000000000
     1759.0000000000        0.0000000000        0.0000000000
     1760.0000000000        0.0000000000        0.0000000000
     1761.0000000000        0.0000000000        0.0000000000
     1762.0000000000        0.0000000000        0.0000000000
     1763.0000000000        0.0000000000        0.0000000000
     1764.0000000000        0.0000000000        0.0000000000
     1765.0000000000        0.0000000000        0.0000000000
     1766.0000000000        0.0000000000        0.0000000000
     1767.0000000000        0.0000000000        0.0000000000
     1768.0000000000        0.0000000000        0.0000000000
     1769.0000000000        0.0000000000        0.0000000000
     1770.0000000000        0.0000000000        0.0000000000
     1771.0000000000        0.0000000000        0.0000000000
     1772.0000000000        0.0000000000        0.0000000000
     1773.0000000000        0.0000000000        0.0000000000
     1774.0000000000        0.0000000000        0.0000000000
     1775.0000000000        0.0000000000        0.0000000000
     1776.0000000000        0.0000000000        0.0000000000
     1777.0000000000        0.0000000000        0.0000000000
     1778.0000000000        0.0000000000        0.0000000000
     1779.0000000000        0.0000000000        0.0000000000
     1780.0000000000        0.0000000000        0.0000000000
     1781.0000000000        0.0000000000        0.0000000000
     1782.0000000000        0.0000000000        0.0000000000
     1783.0000000000        0.0000000000        0.0000000000
     1784.0000000000        0.0000000000        0.0000000000
     1785.0000000000        0.0000000000        0.0000000000
     1786.0000000000        0.0000000000        0.0000000000
     1787.0000000000        0.0000000000        0.0000000000
     1788.0000000000        0.0000000000        0.0000000000
     1789.0000000000        0.0000000000        0.0000000000
     1790.0000000000        0.0000000000        0.0000000000
     1791.0000000000        0.0000000000        0.0000000000
     1792.0000000000        0.0000000000        0.0000000000
     1793.0000000000        0.0000000000        0.0000000000
     1794.0000000000        0.0000000000        0.0000000000
     1795.0000000000        0.0000000000        0.0000000000
     1796.0000000000        0.0000000000        0.0000000000
     1797.0000000000        0.0000000000        0.0000000000
     1798.0000000000        0.0000000000        0.0000000000
     1799.0000000000        0.0000000000        0.0000000000
     1800.0000000000        0.0000000000        0.0000000000
     1801.0000000000        0.0000000000        0.0000000000
     1802.0000000000        0.0000000000        0.0000000000
     1803.0000000000        0.0000000000        0.0000000000
     1804.0000000000        0.0000000000        0.0000000000
     1805.0000000000        0.0000000000        0.0000000000
     1806.0000000000        0.0000000000        0.0000000000
     1807.0000000000        0.0000000000        0.0000000000
     1808.0000000000        0.0000000000        0.0000000000
     1809.0000000000        0.0000000000        0.0000000000
     1810.0000000000        0.0000000000        0.0000000000
     1811.0000000000        0.0000000000        0.0000000000
     1812.0000000000        0.0000000000        0.0000000000
     1813.0000000000        0.0000000000        0.0000000000
     1814.0000000000        0.0000000000        0.0000000000
     1815.0000000000        0.0000000000        0.0000000000
     1816.0000000000        0.0000000000        0.0000000000
     1817.0000000000        0.0000000000        0.0000000000
     1818.0000000000        0.0000000000        0.0000000000
     1819.0000000000        0.0000000000        0.0000000000
     1820.0000000000        0.0000000000        0.0000000000
     1821.0000000000        0.0000000000        0.0000000000
     1822.0000000000        0.0000000000        0.0000000000
     1823.0000000000        0.0000000000        0.0000000000
     1824.0000000000        0.0000000000        0.0000000000
     1825.0000000000        0.0000000000        0.0000000000
     1826.0000000000        0.0000000000        0.0000000000
     1827.0000000000        0.0000000000        0.0000000000
     1828.0000000000        0.0000000000        0.0000000000
     1829.0000000000        0.0000000000        0.0000000000
     1830.0000000000        0.0000000000        0.0000000000
     1831.0000000000        0.0000000000        0.0000000000
     1832.0000000000        0.0000000000        0.0000000000
     1833.0000000000        0.0000000000        0.0000000000
     1834.0000000000        0.0000000000        0.0000000000
     1835.0000000000        0.0000000000        0.0000000000
     1836.0000000000        0.0000000000        0.0000000000
     1837.0000000000        0.0000000000        0.0000000000
     1838.0000000000        0.0000000000        0.0000000000
     1839.0000000000        0.0000000000        0.0000000000
     1840.0000000000        0.0000000000        0.0000000000
     1841.0000000000        0.0000000000        0.0000000000
     1842.0000000000        0.0000000000        0.0000000000
     1843.0000000000        0.0000000000        0.0000000000
     1844.0000000000        0.0000000000        0.0000000000
     1845.0000000000        0.0000000000        0.0000000000
     1846.0000000000        0.0000000000        0.0000000000
     1847.0000000000        0.0000000000        0.0000000000
     1848.0000000000        0.0000000000        0.0000000000
     1849.0000000000        0.0000000000        0.0000000000
     1850.0000000000        0.0000000000        0.0000000000
     1851.0000000000        0.0000000000        0.0000000000
     1852.0000000000        0.0000000000        0.0000000000
     1853.0000000000        0.0000000000        0.0000000000
     1854.0000000000        0.0000000000        0.0000000000
     1855.0000000000        0.0000000000        0.0000000000
     1856.0000000000        0.0000000000        0.0000000000
     1857.0000000000        0.0000000000        0.0000000000
     1858.0000000000        0.0000000000        0.0000000000
     1859.0000000000        0.0000000000        0.0000000000
     1860.0000000000        0.0000000000        0.0000000000
     1861.0000000000        0.0000000000        0.0000000000
     1862.0000000000        0.0000000000        0.0000000000
     1863.0000000000        0.0000000000        0.0000000000
     1864.0000000000        0.0000000000        0.0000000000
     1865.0000000000        0.0000000000        0.0000000000
     1866.0000000000        0.0000000000        0.0000000000
     1867.0000000000        0.0000000000        0.0000000000
     1868.0000000000        0.0000000000        0.0000000000
     1869.0000000000        0.0000000000        0.0000000000
     1870.0000000000        0.0000000000        0.0000000000
     1871.0000000000        0.0000000000        0.0000000000
     1872.0000000000        0.0000000000        0.0000000000
     1873.0000000000        0.0000000000        0.0000000000
     1874.0000000000        0.0000000000        0.0000000000
     1875.0000000000        0.0000000000        0.0000000000
     1876.0000000000        0.0000000000        0.0000000000
     1877.0000000000        0.0000000000        0.0000000000
     1878.0000000000        0.0000000000        0.0000000000
     1879.0000000000        0.0000000000        0.0000000000
     1880.0000000000        0.0000000000        0.0000000000
     1881.0000000000        0.0000000000        0.0000000000
     1882.0000000000        0.0000000000        0.0000000000
     1883.0000000000        0.0000000000        0.0000000000
     1884.0000000000        0.0000000000        0.0000000000
     1885.0000000000        0.0000000000        0.0000000000
     1886.0000000000        0.0000000000        0.0000000000
     1887.0000000000        0.0000000000        0.0000000000
     1888.0000000000        0.0000000000        0.0000000000
     1889.0000000000        0.0000000000        0.0000000000
     1890.0000000000        0.0000000000        0.0000000000
     1891.0000000000        0.0000000000        0.0000000000
     1892.0000000000        0.0000000000        0.0000000000
     1893.0000000000        0.0000000000        0.0000000000
     1894.0000000000        0.0000000000        0.0000000000
     1895.0000000000        0.0000000000        0.0000000000
     1896.0000000000        0.0000000000        0.0000000000
     1897.0000000000        0.0000000000        0.0000000000
     1898.0000000000        0.0000000000        0.0000000000
     1899.0000000000        0.0000000000        0.0000000000
     1900.0000000000        0.0000000000        0.0000000000
     1901.0000000000        0.0000000000        0.0000000000
     1902.0000000000        0.0000000000        0.0000000000
     1903.0000000000        0.0000000000        0.0000000000
     1904.0000000000        0.0000000000        0.0000000000
     1905.0000000000        0.0000000000        0.0000000000
     1906.0000000000        0.0000000000        0.0000000000
     1907.0000000000        0.0000000000        0.0000000000
     1908.0000000000        0.0000000000        0.0000000000
     1909.0000000000        0.0000000000        0.0000000000
     1910.0000000000        0.0000000000        0.0000000000
     1911.0000000000        0.0000000000        0.0000000000
     1912.0000000000        0.0000000000        0.0000000000
     1913.0000000000        0.0000000000        0.0000000000
     1914.0000000000        0.0000000000        0.0000000000
     1915.0000000000        0.0000000000        0.0000000000
     1916.0000000000        0.0000000000        0.0000000000
     1917.0000000000        0.0000000000        0.0000000000
     1918.0000000000        0.0000000000        0.0000000000
     1919.0000000000        0.0000000000        0.0000000000
     1920.0000000000        0.0000000000        0.0000000000
     1921.0000000000        0.0000000000        0.0000000000
     1922.0000000000        0.0000000000        0.0000000000
     1923.0000000000        0.0000000000        0.0000000000
     1924.0000000000        0.0000000000        0.0000000000
     1925.0000000000        0.0000000000        0.0000000000
     1926.0000000000        0.0000000000        0.0000000000
     1927.0000000000        0.0000000000        0.0000000000
     1928.0000000000        0.0000000000        0.0000000000
     1929.0000000000        0.0000000000        0.0000000000
     1930.0000000000        0.0000000000        0.0000000000
     1931.0000000000        0.0000000000        0.0000000000
     1932.0000000000        0.0000000000        0.0000000000
     1933.0000000000        0.0000000000        0.0000000000
     1934.0000000000        0.0000000000        0.0000000000
     1935.0000000000        0.0000000000        0.0000000000
     1936.0000000000        0.0000000000        0.0000000000
     1937.0000000000        0.0000000000        0.0000000000
     1938.0000000000        0.0000000000        0.0000000000
     1939.0000000000        0.0000000000        0.0000000000
     1940.0000000000        0.0000000000        0.0000000000
     1941.0000000000        0.0000000000        0.0000000000
     1942.0000000000        0.0000000000        0.0000000000
     1943.0000000000        0.0000000000        0.0000000000
     1944.0000000000        0.0000000000        0.0000000000
     1945.0000000000        0.0000000000        0.0000000000
     1946.0000000000        0.0000000000        0.0000000000
     1947.0000000000        0.0000000000        0.0000000000
     1948.0000000000        0.0000000000        0.0000000000
     1949.0000000000        0.0000000000        0.0000000000
     1950.0000000000        0.0000000000        0.0000000000
     1951.0000000000        0.0000000000        0.0000000000
     1952.0000000000        0.0000000000        0.0000000000
     1953.0000000000        0.0000000000        0.0000000000
     1954.0000000000        0.0000000000        0.0000000000
     1955.0000000000        0.0000000000        0.0000000000
     1956.0000000000        0.0000000000        0.0000000000
     1957.0000000000        0.0000000000        0.0000000000
     1958.0000000000        0.0000000000        0.0000000000
     1959.0000000000        0.0000000000        0.0000000000
     1960.0000000000        0.0000000000        0.0000000000
     1961.0000000000        0.0000000000        0.0000000000
     1962.0000000000        0.0000000000        0.0000000000
     1963.0000000000        0.0000000000        0.0000000000
     1964.0000000000        0.0000000000        0.0000000000
     1965.0000000000        0.0000000000        0.0000000000
     1966.0000000000        0.0000000000        0.0000000000
     1967.0000000000        0.0000000000        0.0000000000
     1968.0000000000        0.0000000000        0.0000000000
     1969.0000000000        0.0000000000        0.0000000000
     1970.0000000000        0.0000000000        0.0000000000
     1971.0000000000        0.0000000000        0.0000000000
     1972.0000000000        0.0000000000        0.0000000000
     1973.0000000000        0.0000000000        0.0000000000
     1974.0000000000        0.0000000000        0.0000000000
     1975.0000000000        0.0000000000        0.0000000000
     1976.0000000000        0.0000000000        0.0000000000
     1977.0000000000        0.0000000000        0.0000000000
     1978.0000000000        0.0000000000        0.0000000000
     1979.0000000000        0.0000000000        0.0000000000
     1980.0000000000        0.0000000000        0.0000000000
     1981.0000000000        0.0000000000        0.0000000000
     1982.0000000000        0.0000000000        0.0000000000
     1983.0000000000        0.0000000000        0.0000000000
     1984.0000000000        0.0000000000        0.0000000000
     1985.0000000000        0.0000000000        0.0000000000
     1986.0000000000        0.0000000000        0.0000000000
     1987.0000000000        0.0000000000        0.0000000000
     1988.0000000000        0.0000000000        0.0000000000
     1989.0000000000        0.0000000000        0.0000000000
     1990.0000000000        0.0000000000        0.0000000000
     1991.0000000000        0.0000000000        0.0000000000
     1992.0000000000        0.0000000000        0.0000000000
     1993.0000000000        0.0000000000        0.0000000000
     1994.0000000000        0.0000000000        0.0000000000
     1995.0000000000        0.0000000000        0.0000000000
     1996.0000000000        0.0000000000        0.0000000000
     1997.0000000000        0.0000000000        0.0000000000
     1998.0000000000        0.0000000000        0.0000000000
     1999.0000000000        0.0000000000        0.0000000000
     2000.0000000000        0.0000000000        0.0000000000
     2001.0000000000        0.0000000000        0.0000000000
     2002.0000000000        0.0000000000        0.0000000000
     2003.0000000000        0.0000000000        0.0000000000
     2004.0000000000        0.0000000000        0.0000000000
     2005.0000000000        0.0000000000        0.0000000000
     2006.0000000000        0.0000000000        0.0000000000
     2007.0000000000        0.0000000000        0.0000000000
     2008.0000000000        0.0000000000        0.0000000000
     2009.0000000000        0.0000000000        0.0000000000
     2010.0000000000        0.0000000000        0.0000000000
     2011.0000000000        0.0000000000        0.0000000000
     2012.0000000000        0.0000000000        0.0000000000
     2013.0000000000        0.0000000000        0.0000000000
     2014.0000000000        0.0000000000        0.0000000000
     2015.0000000000        0.0000000000        0.0000000000
     2016.0000000000        0.0000000000        0.0000000000
     2017.0000000000        0.0000000000        0.0000000000
     2018.0000000000        0.0000000000        0.0000000000
     2019.0000000000        0.0000000000        0.0000000000
     2020.0000000000        0.0000000000        0.0000000000
     2021.0000000000        0.0000000000        0.0000000000
     2022.0000000000        0.0000000000        0.0000000000
     2023.0000000000        0.0000000000        0.0000000000
     2024.0000000000        0.0000000000        0.0000000000
     2025.0000000000        0.0000000000        0.0000000000
     2026.0000000000        0.0000000000        0.0000000000
     2027.0000000000        0.0000000000        0.0000000000
     2028.0000000000        0.0000000000        0.0000000000
     2029.0000000000        0.0000000000        0.0000000000
     2030.0000000000        0.0000000000        0.0000000000
     2031.0000000000        0.0000000000        0.0000000000
     2032.0000000000        0.0000000000        0.0000000000
     2033.0000000000        0.0000000000        0.0000000000
     2034.0000000000        0.0000000000        0.0000000000
     2035.0000000000        0.0000000000        0.0000000000
     2036.0000000000        0.0000000000        0.0000000000
     2037.0000000000        0.0000000000        0.0000000000
     2038.0000000000        0.0000000000        0.0000000000
     2039.0000000000        0.0000000000        0.0000000000
     2040.0000000000        0.0000000000        0.0000000000
     2041.0000000000        0.0000000000        0.0000000000
     2042.0000000000        0.0000000000        0.0000000000
     2043.0000000000        0.0000000000        0.0000000000
     2044.0000000000        0.0000000000        0.0000000000
     2045.0000000000        0.0000000000        0.0000000000
     2046.0000000000        0.0000000000        0.0000000000
     2047.0000000000        0.0000000000        0.0000000000
     2048.0000000000        0.0000000000        0.0000000000
     2049.0000000000        0.0000000000        0.0000000000
     2050.0000000000        0.0000000000        0.0000000000
     2051.0000000000        0.0000000000        0.0000000000
     2052.0000000000        0.0000000000        0.0000000000
     2053.0000000000        0.0000000000        0.0000000000
     2054.0000000000        0.0000000000        0.0000000000
     2055.0000000000        0.0000000000        0.0000000000
     2056.0000000000        0.0000000000        0.0000000000
     2057.0000000000        0.0000000000        0.0000000000
     2058.0000000000        0.0000000000        0.0000000000
     2059.0000000000        0.0000000000        0.0000000000
     2060.0000000000        0.0000000000        0.0000000000
     2061.0000000000        0.0000000000        0.0000000000
     2062.0000000000        0.0000000000        0.0000000000
     2063.0000000000        0.0000000000        0.0000000000
     2064.0000000000        0.0000000000        0.0000000000
     2065.0000000000        0.0000000000        0.0000000000
     2066.0000000000        0.0000000000        0.0000000000
     2067.0000000000        0.0000000000        0.0000000000
     2068.0000000000        0.0000000000        0.0000000000
     2069.0000000000        0.0000000000        0.0000000000
     2070.0000000000        0.0000000000        0.0000000000
     2071.0000000000        0.0000000000        0.0000000000
     2072.0000000000        0.0000000000        0.0000000000
     2073.0000000000        0.0000000000        0.0000000000
     2074.0000000000        0.0000000000        0.0000000000
     2075.0000000000        0.0000000000        0.0000000000
     2076.0000000000        0.0000000000        0.0000000000
     2077.0000000000        0.0000000000        0.0000000000
     2078.0000000000        0.0000000000        0.0000000000
     2079.0000000000        0.0000000000        0.0000000000
     2080.0000000000        0.0000000000        0.0000000000
     2081.0000000000        0.0000000000        0.0000000000
     2082.0000000000        0.0000000000        0.0000000000
     2083.0000000000        0.0000000000        0.0000000000
     2084.0000000000        0.0000000000        0.0000000000
     2085.0000000000        0.0000000000        0.0000000000
     2086.0000000000        0.0000000000        0.0000000000
     2087.0000000000        0.0000000000        0.0000000000
     2088.0000000000        0.0000000000        0.0000000000
     2089.0000000000        0.0000000000        0.0000000000
     2090.0000000000        0.0000000000        0.0000000000
     2091.0000000000        0.0000000000        0.0000000000
     2092.0000000000        0.0000000000        0.0000000000
     2093.0000000000        0.0000000000        0.0000000000
     2094.0000000000        0.0000000000        0.0000000000
     2095.0000000000        0.0000000000        0.0000000000
     2096.0000000000        0.0000000000        0.0000000000
     2097.0000000000        0.0000000000        0.0000000000
     2098.0000000000        0.0000000000        0.0000000000
     2099.0000000000        0.0000000000        0.0000000000
     2100.0000000000        0.0000000000        0.0000000000
     2101.0000000000        0.0000000000        0.0000000000
     2102.0000000000        0.0000000000        0.0000000000
     2103.0000000000        0.0000000000        0.0000000000
     2104.0000000000        0.0000000000        0.0000000000
     2105.0000000000        0.0000000000        0.0000000000
     2106.0000000000        0.0000000000        0.0000000000
     2107.0000000000        0.0000000000        0.0000000000
     2108.0000000000        0.0000000000        0.0000000000
     2109.0000000000        0.0000000000        0.0000000000
     2110.0000000000        0.0000000000        0.0000000000
     2111.0000000000        0.0000000000        0.0000000000
     2112.0000000000        0.0000000000        0.0000000000
     2113.0000000000        0.0000000000        0.0000000000
     2114.0000000000        0.0000000000        0.0000000000
     2115.0000000000        0.0000000000        0.0000000000
     2116.0000000000        0.0000000000        0.0000000000
     2117.0000000000        0.0000000000        0.0000000000
     2118.0000000000        0.0000000000        0.0000000000
     2119.0000000000        0.0000000000        0.0000000000
     2120.0000000000        0.0000000000        0.0000000000
     2121.0000000000        0.0000000000        0.0000000000
     2122.0000000000        0.0000000000        0.0000000000
     2123.0000000000        0.0000000000        0.0000000000
     2124.0000000000        0.0000000000        0.0000000000
     2125.0000000000        0.0000000000        0.0000000000
     2126.0000000000        0.0000000000        0.0000000000
     2127.0000000000        0.0000000000        0.0000000000
     2128.0000000000        0.0000000000        0.0000000000
     2129.0000000000        0.0000000000        0.0000000000
     2130.0000000000        0.0000000000        0.0000000000
     2131.0000000000        0.0000000000        0.0000000000
     2132.0000000000        0.0000000000        0.0000000000
     2133.0000000000        0.0000000000        0.0000000000
     2134.0000000000        0.0000000000        0.0000000000
     2135.0000000000        0.0000000000        0.0000000000
     2136.0000000000        0.0000000000        0.0000000000
     2137.0000000000        0.0000000000        0.0000000000
     2138.0000000000        0.0000000000        0.0000000000
     2139.0000000000        0.0000000000        0.0000000000
     2140.0000000000        0.0000000000        0.0000000000
     2141.0000000000        0.0000000000        0.0000000000
     2142.0000000000        0.0000000000        0.0000000000
     2143.0000000000        0.0000000000        0.0000000000
     2144.0000000000        0.0000000000        0.0000000000
     2145.0000000000        0.0000000000        0.0000000000
     2146.0000000000        0.0000000000        0.0000000000
     2147.0000000000        0.0000000000        0.0000000000
     2148.0000000000        0.0000000000        0.0000000000
     2149.0000000000        0.0000000000        0.0000000000
     2150.0000000000        0.0000000000        0.0000000000
     2151.0000000000        0.0000000000        0.0000000000
     2152.0000000000        0.0000000000        0.0000000000
     2153.0000000000        0.0000000000        0.0000000000
     2154.0000000000        0.0000000000        0.0000000000
     2155.0000000000        0.0000000000        0.0000000000
     2156.0000000000        0.0000000000        0.0000000000
     2157.0000000000        0.0000000000        0.0000000000
     2158.0000000000        0.0000000000        0.0000000000
     2159.0000000000        0.0000000000        0.0000000000
     2160.0000000000        0.0000000000        0.0000000000
     2161.0000000000        0.0000000000        0.0000000000
     2162.0000000000        0.0000000000        0.0000000000
     2163.0000000000        0.0000000000        0.0000000000
     2164.0000000000        0.0000000000        0.0000000000
     2165.0000000000        0.0000000000        0.0000000000
     2166.0000000000        0.0000000000        0.0000000000
     2167.0000000000        0.0000000000        0.0000000000
     2168.0000000000        0.0000000000        0.0000000000
     2169.0000000000        0.0000000000        0.0000000000
     2170.0000000000        0.0000000000        0.0000000000
     2171.0000000000        0.0000000000        0.0000000000
     2172.0000000000        0.0000000000        0.0000000000
     2173.0000000000        0.0000000000        0.0000000000
     2174.0000000000        0.0000000000        0.0000000000
     2175.0000000000        0.0000000000        0.0000000000
     2176.0000000000        0.0000000000        0.0000000000
     2177.0000000000        0.0000000000        0.0000000000
     2178.0000000000        0.0000000000        0.0000000000
     2179.0000000000        0.0000000000        0.0000000000
     2180.0000000000        0.0000000000        0.0000000000
     2181.0000000000        0.0000000000        0.0000000000
     2182.0000000000        0.0000000000        0.0000000000
     2183.0000000000        0.0000000000        0.0000000000
     2184.0000000000        0.0000000000        0.0000000000
     2185.0000000000        0.0000000000        0.0000000000
     2186.0000000000        0.0000000000        0.0000000000
     2187.0000000000        0.0000000000        0.0000000000
     2188.0000000000        0.0000000000        0.0000000000
     2189.0000000000        0.0000000000        0.0000000000
     2190.0000000000        0.0000000000        0.0000000000
     2191.0000000000        0.0000000000        0.0000000000
     2192.0000000000        0.0000000000        0.0000000000
     2193.0000000000        0.0000000000        0.0000000000
     2194.0000000000        0.0000000000        0.0000000000
     2195.0000000000        0.0000000000        0.0000000000
     2196.0000000000        0.0000000000        0.0000000000
     2197.0000000000        0.0000000000        0.0000000000
     2198.0000000000        0.0000000000        0.0000000000
     2199.0000000000        0.0000000000        0.0000000000
     2200.0000000000        0.0000000000        0.0000000000
     2201.0000000000        0.0000000000        0.0000000000
     2202.0000000000        0.0000000000        0.0000000000
     2203.0000000000        0.0000000000        0.0000000000
     2204.0000000000        0.0000000000        0.0000000000
     2205.0000000000        0.0000000000        0.0000000000
     2206.0000000000        0.0000000000        0.0000000000
     2207.0000000000        0.0000000000        0.0000000000
     2208.0000000000        0.0000000000        0.0000000000
     2209.0000000000        0.0000000000        0.0000000000
     2210.0000000000        0.0000000000        0.0000000000
     2211.0000000000        0.0000000000        0.0000000000
     2212.0000000000        0.0000000000        0.0000000000
     2213.0000000000        0.0000000000        0.0000000000
     2214.0000000000        0.0000000000        0.0000000000
     2215.0000000000        0.0000000000        0.0000000000
     2216.0000000000        0.0000000000        0.0000000000
     2217.0000000000        0.0000000000        0.0000000000
     2218.0000000000        0.0000000000        0.0000000000
     2219.0000000000        0.0000000000        0.0000000000
     2220.0000000000        0.0000000000        0.0000000000
     2221.0000000000        0.0000000000        0.0000000000
     2222.0000000000        0.0000000000        0.0000000000
     2223.0000000000        0.0000000000        0.0000000000
     2224.0000000000        0.0000000000        0.0000000000
     2225.0000000000        0.0000000000        0.0000000000
     2226.0000000000        0.0000000000        0.0000000000
     2227.0000000000        0.0000000000        0.0000000000
     2228.0000000000        0.0000000000        0.0000000000
     2229.0000000000        0.0000000000        0.0000000000
     2230.0000000000        0.0000000000        0.0000000000
     2231.0000000000        0.0000000000        0.0000000000
     2232.0000000000        0.0000000000        0.0000000000
     2233.0000000000        0.0000000000        0.0000000000
     2234.0000000000        0.0000000000        0.0000000000
     2235.0000000000        0.0000000000        0.0000000000
     2236.0000000000        0.0000000000        0.0000000000
     2237.0000000000        0.0000000000        0.0000000000
     2238.0000000000        0.0000000000        0.0000000000
     2239.0000000000        0.0000000000        0.0000000000
     2240.0000000000        0.0000000000        0.0000000000
     2241.0000000000        0.0000000000        0.0000000000
     2242.0000000000        0.0000000000        0.0000000000
     2243.0000000000        0.0000000000        0.0000000000
     2244.0000000000        0.0000000000        0.0000000000
     2245.0000000000        0.0000000000        0.0000000000
     2246.0000000000        0.0000000000        0.0000000000
     2247.0000000000        0.0000000000        0.0000000000
     2248.0000000000        0.0000000000        0.0000000000
     2249.0000000000        0.0000000000        0.0000000000
     2250.0000000000        0.0000000000        0.0000000000
     2251.0000000000        0.0000000000        0.0000000000
     2252.0000000000        0.0000000000        0.0000000000
     2253.0000000000        0.0000000000        0.0000000000
     2254.0000000000        0.0000000000        0.0000000000
     2255.0000000000        0.0000000000        0.0000000000
     2256.0000000000        0.0000000000        0.0000000000
     2257.0000000000        0.0000000000        0.0000000000
     2258.0000000000        0.0000000000        0.0000000000
     2259.0000000000        0.0000000000        0.0000000000
     2260.0000000000        0.0000000000        0.0000000000
     2261.0000000000        0.0000000000        0.0000000000
     2262.0000000000        0.0000000000        0.0000000000
     2263.0000000000        0.0000000000        0.0000000000
     2264.0000000000        0.0000000000        0.0000000000
     2265.0000000000        0.0000000000        0.0000000000
     2266.0000000000        0.0000000000        0.0000000000
     2267.0000000000        0.0000000000        0.0000000000
     2268.0000000000        0.0000000000        0.0000000000
     2269.0000000000        0.0000000000        0.0000000000
     2270.0000000000        0.0000000000        0.0000000000
     2271.0000000000        0.0000000000        0.0000000000
     2272.0000000000        0.0000000000        0.0000000000
     2273.0000000000        0.0000000000        0.0000000000
     2274.0000000000        0.0000000000        0.0000000000
     2275.0000000000        0.0000000000        0.0000000000
     2276.0000000000        0.0000000000        0.0000000000
     2277.0000000000        0.0000000000        0.0000000000
     2278.0000000000        0.0000000000        0.0000000000
     2279.0000000000        0.0000000000        0.0000000000
     2280.0000000000        0.0000000000        0.0000000000
     2281.0000000000        0.0000000000        0.0000000000
     2282.0000000000        0.0000000000        0.0000000000
     2283.0000000000        0.0000000000        0.0000000000
     2284.0000000000        0.0000000000        0.0000000000
     2285.0000000000        0.0000000000        0.0000000000
     2286.0000000000        0.0000000000        0.0000000000
     2287.0000000000        0.0000000000        0.0000000000
     2288.0000000000        0.0000000000        0.0000000000
     2289.0000000000        0.0000000000        0.0000000000
     2290.0000000000        0.0000000000        0.0000000000
     2291.0000000000        0.0000000000        0.0000000000
     2292.0000000000        0.0000000000        0.0000000000
     2293.0000000000        0.0000000000        0.0000000000
     2294.0000000000        0.0000000000        0.0000000000
     2295.0000000000        0.0000000000        0.0000000000
     2296.0000000000        0.0000000000        0.0000000000
     2297.0000000000        0.0000000000        0.0000000000
     2298.0000000000        0.0000000000        0.0000000000
     2299.0000000000        0.0000000000        0.0000000000
     2300.0000000000        0.0000000000        0.0000000000
     2301.0000000000        0.0000000000        0.0000000000
     2302.0000000000        0.0000000000        0.0000000000
     2303.0000000000        0.0000000000        0.0000000000
     2304.0000000000        0.0000000000        0.0000000000
     2305.0000000000        0.0000000000        0.0000000000
     2306.0000000000        0.0000000000        0.0000000000
     2307.0000000000        0.0000000000        0.0000000000
     2308.0000000000        0.0000000000        0.0000000000
     2309.0000000000        0.0000000000        0.0000000000
     2310.0000000000        0.0000000000        0.0000000000
     2311.0000000000        0.0000000000        0.0000000000
     2312.0000000000        0.0000000000        0.0000000000
     2313.0000000000        0.0000000000        0.0000000000
     2314.0000000000        0.0000000000        0.0000000000
     2315.0000000000        0.0000000000        0.0000000000
     2316.0000000000        0.0000000000        0.0000000000
     2317.0000000000        0.0000000000        0.0000000000
     2318.0000000000        0.0000000000        0.0000000000
     2319.0000000000        0.0000000000        0.0000000000
     2320.0000000000        0.0000000000        0.0000000000
     2321.0000000000        0.0000000000        0.0000000000
     2322.0000000000        0.0000000000        0.0000000000
     2323.0000000000        0.0000000000        0.0000000000
     2324.0000000000        0.0000000000        0.0000000000
     2325.0000000000        0.0000000000        0.0000000000
     2326.0000000000        0.0000000000        0.0000000000
     2327.0000000000        0.0000000000        0.0000000000
     2328.0000000000        0.0000000000        0.0000000000
     2329.0000000000        0.0000000000        0.0000000000
     2330.0000000000        0.0000000000        0.0000000000
     2331.0000000000        0.0000000000        0.0000000000
     2332.0000000000        0.0000000000        0.0000000000
     2333.0000000000        0.0000000000        0.0000000000
     2334.0000000000        0.0000000000        0.0000000000
     2335.0000000000        0.0000000000        0.0000000000
     2336.0000000000        0.0000000000        0.0000000000
     2337.0000000000        0.0000000000        0.0000000000
     2338.0000000000        0.0000000000        0.0000000000
     2339.0000000000        0.0000000000        0.0000000000
     2340.0000000000        0.0000000000        0.0000000000
     2341.0000000000        0.0000000000        0.0000000000
     2342.0000000000        0.0000000000        0.0000000000
     2343.0000000000        0.0000000000        0.0000000000
     2344.0000000000        0.0000000000        0.0000000000
     2345.0000000000        0.0000000000        0.0000000000
     2346.0000000000        0.0000000000        0.0000000000
     2347.0000000000        0.0000000000        0.0000000000
     2348.0000000000        0.0000000000        0.0000000000
     2349.0000000000        0.0000000000        0.0000000000
     2350.0000000000        0.0000000000        0.0000000000
     2351.0000000000        0.0000000000        0.0000000000
     2352.0000000000        0.0000000000        0.0000000000
     2353.0000000000        0.0000000000        0.0000000000
     2354.0000000000        0.0000000000        0.0000000000
     2355.0000000000        0.0000000000        0.0000000000
     2356.0000000000        0.0000000000        0.0000000000
     2357.0000000000        0.0000000000        0.0000000000
     2358.0000000000        0.0000000000        0.0000000000
     2359.0000000000        0.0000000000        0.0000000000
     2360.0000000000        0.0000000000        0.0000000000
     2361.0000000000        0.0000000000        0.0000000000
     2362.0000000000        0.0000000000        0.0000000000
     2363.0000000000        0.0000000000        0.0000000000
     2364.0000000000        0.0000000000        0.0000000000
     2365.0000000000        0.0000000000        0.0000000000
     2366.0000000000        0.0000000000        0.0000000000
     2367.0000000000        0.0000000000        0.0000000000
     2368.0000000000        0.0000000000        0.0000000000
     2369.0000000000        0.0000000000        0.0000000000
     2370.0000000000        0.0000000000        0.0000000000
     2371.0000000000        0.0000000000        0.0000000000
     2372.0000000000        0.0000000000        0.0000000000
     2373.0000000000        0.0000000000        0.0000000000
     2374.0000000000        0.0000000000        0.0000000000
     2375.0000000000        0.0000000000        0.0000000000
     2376.0000000000        0.0000000000        0.0000000000
     2377.0000000000        0.0000000000        0.0000000000
     2378.0000000000        0.0000000000        0.0000000000
     2379.0000000000        0.0000000000        0.0000000000
     2380.0000000000        0.0000000000        0.0000000000
     2381.0000000000        0.0000000000        0.0000000000
     2382.0000000000        0.0000000000        0.0000000000
     2383.0000000000        0.0000000000        0.0000000000
     2384.0000000000        0.0000000000        0.0000000000
     2385.0000000000        0.0000000000        0.0000000000
     2386.0000000000        0.0000000000        0.0000000000
     2387.0000000000        0.0000000000        0.0000000000
     2388.0000000000        0.0000000000        0.0000000000
     2389.0000000000        0.0000000000        0.0000000000
     2390.0000000000        0.0000000000        0.0000000000
     2391.0000000000        0.0000000000        0.0000000000
     2392.0000000000        0.0000000000        0.0000000000
     2393.0000000000        0.0000000000        0.0000000000
     2394.0000000000        0.0000000000        0.0000000000
     2395.0000000000        0.0000000000        0.0000000000
     2396.0000000000        0.0000000000        0.0000000000
     2397.0000000000        0.0000000000        0.0000000000
     2398.0000000000        0.0000000000        0.0000000000
     2399.0000000000        0.0000000000        0.0000000000
     2400.0000000000        0.0000000000        0.0000000000
     2401.0000000000        0.0000000000        0.0000000000
     2402.0000000000        0.0000000000        0.0000000000
     2403.0000000000        0.0000000000        0.0000000000
     2404.0000000000        0.0000000000        0.0000000000
     2405.0000000000        0.0000000000        0.0000000000
     2406.0000000000        0.0000000000        0.0000000000
     2407.0000000000        0.0000000000        0.0000000000
     2408.0000000000        0.0000000000        0.0000000000
     2409.0000000000        0.0000000000        0.0000000000
     2410.0000000000        0.0000000000        0.0000000000
     2411.0000000000        0.0000000000        0.0000000000
     2412.0000000000        0.0000000000        0.0000000000
     2413.0000000000        0.0000000000        0.0000000000
     2414.0000000000        0.0000000000        0.0000000000
     2415.0000000000        0.0000000000        0.0000000000
     2416.0000000000        0.0000000000        0.0000000000
     2417.0000000000        0.0000000000        0.0000000000
     2418.0000000000        0.0000000000        0.0000000000
     2419.0000000000        0.0000000000        0.0000000000
     2420.0000000000        0.0000000000        0.0000000000
     2421.0000000000        0.0000000000        0.0000000000
     2422.0000000000        0.0000000000        0.0000000000
     2423.0000000000        0.0000000000        0.0000000000
     2424.0000000000        0.0000000000        0.0000000000
     2425.0000000000        0.0000000000        0.0000000000
     2426.0000000000        0.0000000000        0.0000000000
     2427.0000000000        0.0000000000        0.0000000000
     2428.0000000000        0.0000000000        0.0000000000
     2429.0000000000        0.0000000000        0.0000000000
     2430.0000000000        0.0000000000        0.0000000000
     2431.0000000000        0.0000000000        0.0000000000
     2432.0000000000        0.0000000000        0.0000000000
     2433.0000000000        0.0000000000        0.0000000000
     2434.0000000000        0.0000000000        0.0000000000
     2435.0000000000        0.0000000000        0.0000000000
     2436.0000000000        0.0000000000        0.0000000000
     2437.0000000000        0.0000000000        0.0000000000
     2438.0000000000        0.0000000000        0.0000000000
     2439.0000000000        0.0000000000        0.0000000000
     2440.0000000000        0.0000000000        0.0000000000
     2441.0000000000        0.0000000000        0.0000000000
     2442.0000000000        0.0000000000        0.0000000000
     2443.0000000000        0.0000000000        0.0000000000
     2444.0000000000        0.0000000000        0.0000000000
     2445.0000000000        0.0000000000        0.0000000000
     2446.0000000000        0.0000000000        0.0000000000
     2447.0000000000        0.0000000000        0.0000000000
     2448.0000000000        0.0000000000        0.0000000000
     2449.0000000000        0.0000000000        0.0000000000
     2450.0000000000        0.0000000000        0.0000000000
     2451.0000000000        0.0000000000        0.0000000000
     2452.0000000000        0.0000000000        0.0000000000
     2453.0000000000        0.0000000000        0.0000000000
     2454.0000000000        0.0000000000        0.0000000000
     2455.0000000000        0.0000000000        0.0000000000
     2456.0000000000        0.0000000000        0.0000000000
     2457.0000000000        0.0000000000        0.0000000000
     2458.0000000000        0.0000000000        0.0000000000
     2459.0000000000        0.0000000000        0.0000000000
     2460.0000000000        0.0000000000        0.0000000000
     2461.0000000000        0.0000000000        0.0000000000
     2462.0000000000        0.0000000000        0.0000000000
     2463.0000000000        0.0000000000        0.0000000000
     2464.0000000000        0.0000000000        0.0000000000
     2465.0000000000        0.0000000000        0.0000000000
     2466.0000000000        0.0000000000        0.0000000000
     2467.0000000000        0.0000000000        0.0000000000
     2468.0000000000        0.0000000000        0.0000000000
     2469.0000000000        0.0000000000        0.0000000000
     2470.0000000000        0.0000000000        0.0000000000
     2471.0000000000        0.0000000000        0.0000000000
     2472.0000000000        0.0000000000        0.0000000000
     2473.0000000000        0.0000000000        0.0000000000
     2474.0000000000        0.0000000000        0.0000000000
     2475.0000000000        0.0000000000        0.0000000000
     2476.0000000000        0.0000000000        0.0000000000
     2477.0000000000        0.0000000000        0.0000000000
     2478.0000000000        0.0000000000        0.0000000000
     2479.0000000000        0.0000000000        0.0000000000
     2480.0000000000        0.0000000000        0.0000000000
     2481.0000000000        0.0000000000        0.0000000000
     2482.0000000000        0.0000000000        0.0000000000
     2483.0000000000        0.0000000000        0.0000000000
     2484.0000000000        0.0000000000        0.0000000000
     2485.0000000000        0.0000000000        0.0000000000
     2486.0000000000        0.0000000000        0.0000000000
     2487.0000000000        0.0000000000        0.0000000000
     2488.0000000000        0.0000000000        0.0000000000
     2489.0000000000        0.0000000000        0.0000000000
     2490.0000000000        0.0000000000        0.0000000000
     2491.0000000000        0.0000000000        0.0000000000
     2492.0000000000        0.0000000000        0.0000000000
     2493.0000000000        0.0000000000        0.0000000000
     2494.0000000000        0.0000000000        0.0000000000
     2495.0000000000        0.0000000000        0.0000000000
     2496.0000000000        0.0000000000        0.0000000000
     2497.0000000000        0.0000000000        0.0000000000
     2498.0000000000        0.0000000000        0.0000000000
     2499.0000000000        0.0000000000        0.0000000000
     2500.0000000000        0.0000000000        0.0000000000
     2501.0000000000        0.0000000000        0.0000000000
     2502.0000000000        0.0000000000        0.0000000000
     2503.0000000000        0.0000000000        0.0000000000
     2504.0000000000        0.0000000000        0.0000000000
     2505.0000000000        0.0000000000        0.0000000000
     2506.0000000000        0.0000000000        0.0000000000
     2507.0000000000        0.0000000000        0.0000000000
     2508.0000000000        0.0000000000        0.0000000000
     2509.0000000000        0.0000000000        0.0000000000
     2510.0000000000        0.0000000000        0.0000000000
     2511.0000000000        0.0000000000        0.0000000000
     2512.0000000000        0.0000000000        0.0000000000
     2513.0000000000        0.0000000000        0.0000000000
     2514.0000000000        0.0000000000        0.0000000000
     2515.0000000000        0.0000000000        0.0000000000
     2516.0000000000        0.0000000000        0.0000000000
     2517.0000000000        0.0000000000        0.0000000000
     2518.0000000000        0.0000000000        0.0000000000
     2519.0000000000        0.0000000000        0.0000000000
     2520.0000000000        0.0000000000        0.0000000000
     2521.0000000000        0.0000000000        0.0000000000
     2522.0000000000        0.0000000000        0.0000000000
     2523.0000000000        0.0000000000        0.0000000000
     2524.0000000000        0.0000000000        0.0000000000
     2525.0000000000        0.0000000000        0.0000000000
     2526.0000000000        0.0000000000        0.0000000000
     2527.0000000000        0.0000000000        0.0000000000
     2528.0000000000        0.0000000000        0.0000000000
     2529.0000000000        0.0000000000        0.0000000000
     2530.0000000000        0.0000000000        0.0000000000
     2531.0000000000        0.0000000000        0.0000000000
     2532.0000000000        0.0000000000        0.0000000000
     2533.0000000000        0.0000000000        0.0000000000
     2534.0000000000        0.0000000000        0.0000000000
     2535.0000000000        0.0000000000        0.0000000000
     2536.0000000000        0.0000000000        0.0000000000
     2537.0000000000        0.0000000000        0.0000000000
     2538.0000000000        0.0000000000        0.0000000000
     2539.0000000000        0.0000000000        0.0000000000
     2540.0000000000        0.0000000000        0.0000000000
     2541.0000000000        0.0000000000        0.0000000000
     2542.0000000000        0.0000000000        0.0000000000
     2543.0000000000        0.0000000000        0.0000000000
     2544.0000000000        0.0000000000        0.0000000000
     2545.0000000000        0.0000000000        0.0000000000
     2546.0000000000        0.0000000000        0.0000000000
     2547.0000000000        0.0000000000        0.0000000000
     2548.0000000000        0.0000000000        0.0000000000
     2549.0000000000        0.0000000000        0.0000000000
     2550.0000000000        0.0000000000        0.0000000000
     2551.0000000000        0.0000000000        0.0000000000
     2552.0000000000        0.0000000000        0.0000000000
     2553.0000000000        0.0000000000        0.0000000000
     2554.0000000000        0.0000000000        0.0000000000
     2555.0000000000        0.0000000000        0.0000000000
     2556.0000000000        0.0000000000        0.0000000000
     2557.0000000000        0.0000000000        0.0000000000
     2558.0000000000        0.0000000000        0.0000000000
     2559.0000000000        0.0000000000        0.0000000000
     2560.0000000000        0.0000000000        0.0000000000
     2561.0000000000        0.0000000000        0.0000000000
     2562.0000000000        0.0000000000        0.0000000000
     2563.0000000000        0.0000000000        0.0000000000
     2564.0000000000        0.0000000000        0.0000000000
     2565.0000000000        0.0000000000        0.0000000000
     2566.0000000000        0.0000000000        0.0000000000
     2567.0000000000        0.0000000000        0.0000000000
     2568.0000000000        0.0000000000        0.0000000000
     2569.0000000000        0.0000000000        0.0000000000
     2570.0000000000        0.0000000000        0.0000000000
     2571.0000000000        0.0000000000        0.0000000000
     2572.0000000000        0.0000000000        0.0000000000
     2573.0000000000        0.0000000000        0.0000000000
     2574.0000000000        0.0000000000        0.0000000000
     2575.0000000000        0.0000000000        0.0000000000
     2576.0000000000        0.0000000000        0.0000000000
     2577.0000000000        0.0000000000        0.0000000000
     2578.0000000000        0.0000000000        0.0000000000
     2579.0000000000        0.0000000000        0.0000000000
     2580.0000000000        0.0000000000        0.0000000000
     2581.0000000000        0.0000000000        0.0000000000
     2582.0000000000        0.0000000000        0.0000000000
     2583.0000000000        0.0000000000        0.0000000000
     2584.0000000000        0.0000000000        0.0000000000
     2585.0000000000        0.0000000000        0.0000000000
     2586.0000000000        0.0000000000        0.0000000000
     2587.0000000000        0.0000000000        0.0000000000
     2588.0000000000        0.0000000000        0.0000000000
     2589.0000000000        0.0000000000        0.0000000000
     2590.0000000000        0.0000000000        0.0000000000
     2591.0000000000        0.0000000000        0.0000000000
     2592.0000000000        0.0000000000        0.0000000000
     2593.0000000000        0.0000000000        0.0000000000
     2594.0000000000        0.0000000000        0.0000000000
     2595.0000000000        0.0000000000        0.0000000000
     2596.0000000000        0.0000000000        0.0000000000
     2597.0000000000        0.0000000000        0.0000000000
     2598.0000000000        0.0000000000        0.0000000000
     2599.0000000000        0.0000000000        0.0000000000
     2600.0000000000        0.0000000000        0.0000000000
     2601.0000000000        0.0000000000        0.0000000000
     2602.0000000000        0.0000000000        0.0000000000
     2603.0000000000        0.0000000000        0.0000000000
     2604.0000000000        0.0000000000        0.0000000000
     2605.0000000000        0.0000000000        0.0000000000
     2606.0000000000        0.0000000000        0.0000000000
     2607.0000000000        0.0000000000        0.0000000000
     2608.0000000000        0.0000000000        0.0000000000
     2609.0000000000        0.0000000000        0.0000000000
     2610.0000000000        0.0000000000        0.0000000000
     2611.0000000000        0.0000000000        0.0000000000
     2612.0000000000        0.0000000000        0.0000000000
     2613.0000000000        0.0000000000        0.0000000000
     2614.0000000000        0.0000000000        0.0000000000
     2615.0000000000        0.0000000000        0.0000000000
     2616.0000000000        0.0000000000        0.0000000000
     2617.0000000000        0.0000000000        0.0000000000
     2618.0000000000        0.0000000000        0.0000000000
     2619.0000000000        0.0000000000        0.0000000000
     2620.0000000000        0.0000000000        0.0000000000
     2621.0000000000        0.0000000000        0.0000000000
     2622.0000000000        0.0000000000        0.0000000000
     2623.0000000000        0.0000000000        0.0000000000
     2624.0000000000        0.0000000000        0.0000000000
     2625.0000000000        0.0000000000        0.0000000000
     2626.0000000000        0.0000000000        0.0000000000
     2627.0000000000        0.0000000000        0.0000000000
     2628.0000000000        0.0000000000        0.0000000000
     2629.0000000000        0.0000000000        0.0000000000
     2630.0000000000        0.0000000000        0.0000000000
     2631.0000000000        0.0000000000        0.0000000000
     2632.0000000000        0.0000000000        0.0000000000
     2633.0000000000        0.0000000000        0.0000000000
     2634.0000000000        0.0000000000        0.0000000000
     2635.0000000000        0.0000000000        0.0000000000
     2636.0000000000        0.0000000000        0.0000000000
     2637.0000000000        0.0000000000        0.0000000000
     2638.0000000000        0.0000000000        0.0000000000
     2639.0000000000        0.0000000000        0.0000000000
     2640.0000000000        0.0000000000        0.0000000000
     2641.0000000000        0.0000000000        0.0000000000
     2642.0000000000        0.0000000000        0.0000000000
     2643.0000000000        0.0000000000        0.0000000000
     2644.0000000000        0.0000000000        0.0000000000
     2645.0000000000        0.0000000000        0.0000000000
     2646.0000000000        0.0000000000        0.0000000000
     2647.0000000000        0.0000000000        0.0000000000
     2648.0000000000        0.0000000000        0.0000000000
     2649.0000000000        0.0000000000        0.0000000000
     2650.0000000000        0.0000000000        0.0000000000
     2651.0000000000        0.0000000000        0.0000000000
     2652.0000000000        0.0000000000        0.0000000000
     2653.0000000000        0.0000000000        0.0000000000
     2654.0000000000        0.0000000000        0.0000000000
     2655.0000000000        0.0000000000        0.0000000000
     2656.0000000000        0.0000000000        0.0000000000
     2657.0000000000        0.0000000000        0.0000000000
     2658.0000000000        0.0000000000        0.0000000000
     2659.0000000000        0.0000000000        0.0000000000
     2660.0000000000        0.0000000000        0.0000000000
     2661.0000000000        0.0000000000        0.0000000000
     2662.0000000000        0.0000000000        0.0000000000
     2663.0000000000        0.0000000000        0.0000000000
     2664.0000000000        0.0000000000        0.0000000000
     2665.0000000000        0.0000000000        0.0000000000
     2666.0000000000        0.0000000000        0.0000000000
     2667.0000000000        0.0000000000        0.0000000000
     2668.0000000000        0.0000000000        0.0000000000
     2669.0000000000        0.0000000000        0.0000000000
     2670.0000000000        0.0000000000        0.0000000000
     2671.0000000000        0.0000000000        0.0000000000
     2672.0000000000        0.0000000000        0.0000000000
     2673.0000000000        0.0000000000        0.0000000000
     2674.0000000000        0.0000000000        0.0000000000
     2675.0000000000        0.0000000000        0.0000000000
     2676.0000000000        0.0000000000        0.0000000000
     2677.0000000000        0.0000000000        0.0000000000
     2678.0000000000        0.0000000000        0.0000000000
     2679.0000000000        0.0000000000        0.0000000000
     2680.0000000000        0.0000000000        0.0000000000
     2681.0000000000        0.0000000000        0.0000000000
     2682.0000000000        0.0000000000        0.0000000000
     2683.0000000000        0.0000000000        0.0000000000
     2684.0000000000        0.0000000000        0.0000000000
     2685.0000000000        0.0000000000        0.0000000000
     2686.0000000000        0.0000000000        0.0000000000
     2687.0000000000        0.0000000000        0.0000000000
     2688.0000000000        0.0000000000        0.0000000000
     2689.0000000000        0.0000000000        0.0000000000
     2690.0000000000        0.0000000000        0.0000000000
     2691.0000000000        0.0000000000        0.0000000000
     2692.0000000000        0.0000000000        0.0000000000
     2693.0000000000        0.0000000000        0.0000000000
     2694.0000000000        0.0000000000        0.0000000000
     2695.0000000000        0.0000000000        0.0000000000
     2696.0000000000        0.0000000000        0.0000000000
     2697.0000000000        0.0000000000        0.0000000000
     2698.0000000000        0.0000000000        0.0000000000
     2699.0000000000        0.0000000000        0.0000000000
     2700.0000000000        0.0000000000        0.0000000000
     2701.0000000000        0.0000000000        0.0000000000
     2702.0000000000        0.0000000000        0.0000000000
     2703.0000000000        0.0000000000        0.0000000000
     2704.0000000000        0.0000000000        0.0000000000
     2705.0000000000        0.0000000000        0.0000000000
     2706.0000000000        0.0000000000        0.0000000000
     2707.0000000000        0.0000000000        0.0000000000
     2708.0000000000        0.0000000000        0.0000000000
     2709.0000000000        0.0000000000        0.0000000000
     2710.0000000000        0.0000000000        0.0000000000
     2711.0000000000        0.0000000000        0.0000000000
     2712.0000000000        0.0000000000        0.0000000000
     2713.0000000000        0.0000000000        0.0000000000
     2714.0000000000        0.0000000000        0.0000000000
     2715.0000000000        0.0000000000        0.0000000000
     2716.0000000000        0.0000000000        0.0000000000
     2717.0000000000        0.0000000000        0.0000000000
     2718.0000000000        0.0000000000        0.0000000000
     2719.0000000000        0.0000000000        0.0000000000
     2720.0000000000        0.0000000000        0.0000000000
     2721.0000000000        0.0000000000        0.0000000000
     2722.0000000000        0.0000000000        0.0000000000
     2723.0000000000        0.0000000000        0.0000000000
     2724.0000000000        0.0000000000        0.0000000000
     2725.0000000000        0.0000000000        0.0000000000
     2726.0000000000        0.0000000000        0.0000000000
     2727.0000000000        0.0000000000        0.0000000000
     2728.0000000000        0.0000000000        0.0000000000
     2729.0000000000        0.0000000000        0.0000000000
     2730.0000000000        0.0000000000        0.0000000000
     2731.0000000000        0.0000000000        0.0000000000
     2732.0000000000        0.0000000000        0.0000000000
     2733.0000000000        0.0000000000        0.0000000000
     2734.0000000000        0.0000000000        0.0000000000
     2735.0000000000        0.0000000000        0.0000000000
     2736.0000000000        0.0000000000        0.0000000000
     2737.0000000000        0.0000000000        0.0000000000
     2738.0000000000        0.0000000000        0.0000000000
     2739.0000000000        0.0000000000        0.0000000000
     2740.0000000000        0.0000000000        0.0000000000
     2741.0000000000        0.0000000000        0.0000000000
     2742.0000000000        0.0000000000        0.0000000000
     2743.0000000000        0.0000000000        0.0000000000
     2744.0000000000        0.0000000000        0.0000000000
     2745.0000000000        0.0000000000        0.0000000000
     2746.0000000000        0.0000000000        0.0000000000
     2747.0000000000        0.0000000000        0.0000000000
     2748.0000000000        0.0000000000        0.0000000000
     2749.0000000000        0.0000000000        0.0000000000
     2750.0000000000        0.0000000000        0.0000000000
     2751.0000000000        0.0000000000        0.0000000000
     2752.0000000000        0.0000000000        0.0000000000
     2753.0000000000        0.0000000000        0.0000000000
     2754.0000000000        0.0000000000        0.0000000000
     2755.0000000000        0.0000000000        0.0000000000
     2756.0000000000        0.0000000000        0.0000000000
     2757.0000000000        0.0000000000        0.0000000000
     2758.0000000000        0.0000000000        0.0000000000
     2759.0000000000        0.0000000000        0.0000000000
     2760.0000000000        0.0000000000        0.0000000000
     2761.0000000000        0.0000000000        0.0000000000
     2762.0000000000        0.0000000000        0.0000000000
     2763.0000000000        0.0000000000        0.0000000000
     2764.0000000000        0.0000000000        0.0000000000
     2765.0000000000        0.0000000000        0.0000000000
     2766.0000000000        0.0000000000        0.0000000000
     2767.0000000000        0.0000000000        0.0000000000
     2768.0000000000        0.0000000000        0.0000000000
     2769.0000000000        0.0000000000        0.0000000000
     2770.0000000000        0.0000000000        0.0000000000
     2771.0000000000        0.0000000000        0.0000000000
     2772.0000000000        0.0000000000        0.0000000000
     2773.0000000000        0.0000000000        0.0000000000
     2774.0000000000        0.0000000000        0.0000000000
     2775.0000000000        0.0000000000        0.0000000000
     2776.0000000000        0.0000000000        0.0000000000
     2777.0000000000        0.0000000000        0.0000000000
     2778.0000000000        0.0000000000        0.0000000000
     2779.0000000000        0.0000000000        0.0000000000
     2780.0000000000        0.0000000000        0.0000000000
     2781.0000000000        0.0000000000        0.0000000000
     2782.0000000000        0.0000000000        0.0000000000
     2783.0000000000        0.0000000000        0.0000000000
     2784.0000000000        0.0000000000        0.0000000000
     2785.0000000000        0.0000000000        0.0000000000
     2786.0000000000        0.0000000000        0.0000000000
     2787.0000000000        0.0000000000        0.0000000000
     2788.0000000000        0.0000000000        0.0000000000
     2789.0000000000        0.0000000000        0.0000000000
     2790.0000000000        0.0000000000        0.0000000000
     2791.0000000000        0.0000000000        0.0000000000
     2792.0000000000        0.0000000000        0.0000000000
     2793.0000000000        0.0000000000        0.0000000000
     2794.0000000000        0.0000000000        0.0000000000
     2795.0000000000        0.0000000000        0.0000000000
     2796.0000000000        0.0000000000        0.0000000000
     2797.0000000000        0.0000000000        0.0000000000
     2798.0000000000        0.0000000000        0.0000000000
     2799.0000000000        0.0000000000        0.0000000000
     2800.0000000000        0.0000000000        0.0000000000
     2801.0000000000        0.0000000000        0.0000000000
     2802.0000000000        0.0000000000        0.0000000000
     2803.0000000000        0.0000000000        0.0000000000
     2804.0000000000        0.0000000000        0.0000000000
     2805.0000000000        0.0000000000        0.0000000000
     2806.0000000000        0.0000000000        0.0000000000
     2807.0000000000        0.0000000000        0.0000000000
     2808.0000000000        0.0000000000        0.0000000000
     2809.0000000000        0.0000000000        0.0000000000
     2810.0000000000        0.0000000000        0.0000000000
     2811.0000000000        0.0000000000        0.0000000000
     2812.0000000000        0.0000000000        0.0000000000
     2813.0000000000        0.0000000000        0.0000000000
     2814.0000000000        0.0000000000        0.0000000000
     2815.0000000000        0.0000000000        0.0000000000
     2816.0000000000        0.0000000000        0.0000000000
     2817.0000000000        0.0000000000        0.0000000000
     2818.0000000000        0.0000000000        0.0000000000
     2819.0000000000        0.0000000000        0.0000000000
     2820.0000000000        0.0000000000        0.0000000000
     2821.0000000000        0.0000000000        0.0000000000
     2822.0000000000        0.0000000000        0.0000000000
     2823.0000000000        0.0000000000        0.0000000000
     2824.0000000000        0.0000000000        0.0000000000
     2825.0000000000        0.0000000000        0.0000000000
     2826.0000000000        0.0000000000        0.0000000000
     2827.0000000000        0.0000000000        0.0000000000
     2828.0000000000        0.0000000000        0.0000000000
     2829.0000000000        0.0000000000        0.0000000000
     2830.0000000000        0.0000000000        0.0000000000
     2831.0000000000        0.0000000000        0.0000000000
     2832.0000000000        0.0000000000        0.0000000000
     2833.0000000000        0.0000000000        0.0000000000
     2834.0000000000        0.0000000000        0.0000000000
     2835.0000000000        0.0000000000        0.0000000000
     2836.0000000000        0.0000000000        0.0000000000
     2837.0000000000        0.0000000000        0.0000000000
     2838.0000000000        0.0000000000        0.0000000000
     2839.0000000000        0.0000000000        0.0000000000
     2840.0000000000        0.0000000000        0.0000000000
     2841.0000000000        0.0000000000        0.0000000000
     2842.0000000000        0.0000000000        0.0000000000
     2843.0000000000        0.0000000000        0.0000000000
     2844.0000000000        0.0000000000        0.0000000000
     2845.0000000000        0.0000000000        0.0000000000
     2846.0000000000        0.0000000000        0.0000000000
     2847.0000000000        0.0000000000        0.0000000000
     2848.0000000000        0.0000000000        0.0000000000
     2849.0000000000        0.0000000000        0.0000000000
     2850.0000000000        0.0000000000        0.0000000000
     2851.0000000000        0.0000000000        0.0000000000
     2852.0000000000        0.0000000000        0.0000000000
     2853.0000000000        0.0000000000        0.0000000000
     2854.0000000000        0.0000000000        0.0000000000
     2855.0000000000        0.0000000000        0.0000000000
     2856.0000000000        0.0000000000        0.0000000000
     2857.0000000000        0.0000000000        0.0000000000
     2858.0000000000        0.0000000000        0.0000000000
     2859.0000000000        0.0000000000        0.0000000000
     2860.0000000000        0.0000000000        0.0000000000
     2861.0000000000        0.0000000000        0.0000000000
     2862.0000000000        0.0000000000        0.0000000000
     2863.0000000000        0.0000000000        0.0000000000
     2864.0000000000        0.0000000000        0.0000000000
     2865.0000000000        0.0000000000        0.0000000000
     2866.0000000000        0.0000000000        0.0000000000
     2867.0000000000        0.0000000000        0.0000000000
     2868.0000000000        0.0000000000        0.0000000000
     2869.0000000000        0.0000000000        0.0000000000
     2870.0000000000        0.0000000000        0.0000000000
     2871.0000000000        0.0000000000        0.0000000000
     2872.0000000000        0.0000000000        0.0000000000
     2873.0000000000        0.0000000000        0.0000000000
     2874.0000000000        0.0000000000        0.0000000000
     2875.0000000000        0.0000000000        0.0000000000
     2876.0000000000        0.0000000000        0.0000000000
     2877.0000000000        0.0000000000        0.0000000000
     2878.0000000000        0.0000000000        0.0000000000
     2879.0000000000        0.0000000000        0.0000000000
     2880.0000000000        0.0000000000        0.0000000000
     2881.0000000000        0.0000000000        0.0000000000
     2882.0000000000        0.0000000000        0.0000000000
     2883.0000000000        0.0000000000        0.0000000000
     2884.0000000000        0.0000000000        0.0000000000
     2885.0000000000        0.0000000000        0.0000000000
     2886.0000000000        0.0000000000        0.0000000000
     2887.0000000000        0.0000000000        0.0000000000
     2888.0000000000        0.0000000000        0.0000000000
     2889.0000000000        0.0000000000        0.0000000000
     2890.0000000000        0.0000000000        0.0000000000
     2891.0000000000        0.0000000000        0.0000000000
     2892.0000000000        0.0000000000        0.0000000000
     2893.0000000000        0.0000000000        0.0000000000
     2894.0000000000        0.0000000000        0.0000000000
     2895.0000000000        0.0000000000        0.0000000000
     2896.0000000000        0.0000000000        0.0000000000
     2897.0000000000        0.0000000000        0.0000000000
     2898.0000000000        0.0000000000        0.0000000000
     2899.0000000000        0.0000000000        0.0000000000
     2900.0000000000        0.0000000000        0.0000000000
     2901.0000000000        0.0000000000        0.0000000000
     2902.0000000000        0.0000000000        0.0000000000
     2903.0000000000        0.0000000000        0.0000000000
     2904.0000000000        0.0000000000        0.0000000000
     2905.0000000000        0.0000000000        0.0000000000
     2906.0000000000        0.0000000000        0.0000000000
     2907.0000000000        0.0000000000        0.0000000000
     2908.0000000000        0.0000000000        0.0000000000
     2909.0000000000        0.0000000000        0.0000000000
     2910.0000000000        0.0000000000        0.0000000000
     2911.0000000000        0.0000000000        0.0000000000
     2912.0000000000        0.0000000000        0.0000000000
     2913.0000000000        0.0000000000        0.0000000000
     2914.0000000000        0.0000000000        0.0000000000
     2915.0000000000        0.0000000000        0.0000000000
     2916.0000000000        0.0000000000        0.0000000000
     2917.0000000000        0.0000000000        0.0000000000
     2918.0000000000        0.0000000000        0.0000000000
     2919.0000000000        0.0000000000        0.0000000000
     2920.0000000000        0.0000000000        0.0000000000
     2921.0000000000        0.0000000000        0.0000000000
     2922.0000000000        0.0000000000        0.0000000000
     2923.0000000000        0.0000000000        0.0000000000
     2924.0000000000        0.0000000000        0.0000000000
     2925.0000000000        0.0000000000        0.0000000000
     2926.0000000000        0.0000000000        0.0000000000
     2927.0000000000        0.0000000000        0.0000000000
     2928.0000000000        0.0000000000        0.0000000000
     2929.0000000000        0.0000000000        0.0000000000
     2930.0000000000        0.0000000000        0.0000000000
     2931.0000000000        0.0000000000        0.0000000000
     2932.0000000000        0.0000000000        0.0000000000
     2933.0000000000        0.0000000000        0.0000000000
     2934.0000000000        0.0000000000        0.0000000000
     2935.0000000000        0.0000000000        0.0000000000
     2936.0000000000        0.0000000000        0.0000000000
     2937.0000000000        0.0000000000        0.0000000000
     2938.0000000000        0.0000000000        0.0000000000
     2939.0000000000        0.0000000000        0.0000000000
     2940.0000000000        0.0000000000        0.0000000000
     2941.0000000000        0.0000000000        0.0000000000
     2942.0000000000        0.0000000000        0.0000000000
     2943.0000000000        0.0000000000        0.0000000000
     2944.0000000000        0.0000000000        0.0000000000
     2945.0000000000        0.0000000000        0.0000000000
     2946.0000000000        0.0000000000        0.0000000000
     2947.0000000000        0.0000000000        0.0000000000
     2948.0000000000        0.0000000000        0.0000000000
     2949.0000000000        0.0000000000        0.0000000000
     2950.0000000000        0.0000000000        0.0000000000
     2951.0000000000        0.0000000000        0.0000000000
     2952.0000000000        0.0000000000        0.0000000000
     2953.0000000000        0.0000000000        0.0000000000
     2954.0000000000        0.0000000000        0.0000000000
     2955.0000000000        0.0000000000        0.0000000000
     2956.0000000000        0.0000000000        0.0000000000
     2957.0000000000        0.0000000000        0.0000000000
     2958.0000000000        0.0023997139        0.0000300596
     2959.0000000000        0.0024300582        0.0000306314
     2960.0000000000        0.0024609816        0.0000312178
     2961.0000000000        0.0024924988        0.0000318193
     2962.0000000000        0.0025246253        0.0000324363
     2963.0000000000        0.0025573768        0.0000330694
     2964.0000000000        0.0025907697        0.0000337191
     2965.0000000000        0.0026248207        0.0000343859
     2966.0000000000        0.0026595473        0.0000350704
     2967.0000000000        0.0026949675        0.0000357731
     2968.0000000000        0.0027310999        0.0000364948
     2969.0000000000        0.0027679636        0.0000372360
     2970.0000000000        0.0028055786        0.0000379974
     2971.0000000000        0.0028439654        0.0000387797
     2972.0000000000        0.0028831452        0.0000395836
     2973.0000000000        0.0029231401        0.0000404099
     2974.0000000000        0.0029639728        0.0000412594
     2975.0000000000        0.0030056668        0.0000421328
     2976.0000000000        0.0030482466        0.0000430310
     2977.0000000000        0.0030917374        0.0000439550
     2978.0000000000        0.0031361654        0.0000449055
     2979.0000000000        0.0031815577        0.0000458837
     2980.0000000000        0.0032279423        0.0000468905
     2981.0000000000        0.0032753486        0.0000479270
     2982.0000000000        0.0033238065        0.0000489942
     2983.0000000000        0.0033733475        0.0000500933
     2984.0000000000        0.0034240041        0.0000512255
     2985.0000000000        0.0034758101        0.0000523921
     2986.0000000000        0.0035288003        0.0000535944
     2987.0000000000        0.0035830113        0.0000548338
     2988.0000000000        0.0036384807        0.0000561116
     2989.0000000000        0.0036952479        0.0000574295
     2990.0000000000        0.0037533536        0.0000587889
     2991.0000000000        0.0038128402        0.0000601916
     2992.0000000000        0.0038737518        0.0000616392
     2993.0000000000        0.0039361342        0.0000631336
     2994.0000000000        0.0040000353        0.0000646767
     2995.0000000000        0.0040655046        0.0000662705
     2996.0000000000        0.0041325939        0.0000679171
     2997.0000000000        0.0042013570        0.0000696186
     2998.0000000000        0.0042718501        0.0000713774
     2999.0000000000        0.0043441317        0.0000731960
     3000.0000000000        0.0044182628        0.0000750768
     3001.0000000000        0.0044943070        0.0000770226
     3002.0000000000        0.0045723307        0.0000790362
     3003.0000000000        0.0046524031        0.0000811206
     3004.0000000000        0.0047345965        0.0000832789
     3005.0000000000        0.0048189866        0.0000855144
     3006.0000000000        0.0049056522        0.0000878306
     3007.0000000000        0.0049946760        0.0000902312
     3008.0000000000        0.0050861440        0.0000927200
     3009.0000000000        0.0051801468        0.0000953012
     3010.0000000000        0.0052767786        0.0000979790
     3011.0000000000        0.0053761385        0.0001007580
     3012.0000000000        0.0054783300        0.0001036431
     3013.0000000000        0.0055834618        0.0001066394
     3014.0000000000        0.0056916476        0.0001097522
     3015.0000000000        0.0058030068        0.0001129872
     3016.0000000000        0.0059176648        0.0001163506
     3017.0000000000        0.0060357530        0.0001198488
     3018.0000000000        0.0061574096        0.0001234885
     3019.0000000000        0.0062827796        0.0001272771
     3020.0000000000        0.0064120158        0.0001312221
     3021.0000000000        0.0065452787        0.0001353317
     3022.0000000000        0.0066827371        0.0001396147
     3023.0000000000        0.0068245689        0.0001440802
     3024.0000000000        0.0069709617        0.0001487381
     3025.0000000000        0.0071221128        0.0001535988
     3026.0000000000        0.0072782306        0.0001586735
     3027.0000000000        0.0086202527        0.0001787754
     3028.0000000000        0.0088019176        0.0001845964
     3029.0000000000        0.0089895319        0.0001906767
     3030.0000000000        0.0091833623        0.0001970311
     3031.0000000000        0.0093836907        0.0002036753
     3032.0000000000        0.0095908151        0.0002106262
     3033.0000000000        0.0098050512        0.0002179018
     3034.0000000000        0.0100267334        0.0002255215
     3035.0000000000        0.0102562159        0.0002335061
     3036.0000000000        0.0104938747        0.0002418779
     3037.0000000000        0.0107401087        0.0002506607
     3038.0000000000        0.0109953416        0.0002598803
     3039.0000000000        0.0112600242        0.0002695646
     3040.0000000000        0.0115346355        0.0002797432
     3041.0000000000        0.0118196861        0.0002904485
     3042.0000000000        0.0121157196        0.0003017152
     3043.0000000000        0.0124233161        0.0003135808
     3044.0000000000        0.0127430945        0.0003260861
     3045.0000000000        0.0130757162        0.0003392751
     3046.0000000000        0.0134218884        0.0003531954
     3047.0000000000        0.0137823679        0.0003678988
     3048.0000000000        0.0141579657        0.0003834416
     3049.0000000000        0.0145495512        0.0003998849
     3050.0000000000        0.0149580578        0.0004172954
     3051.0000000000        0.0153844886        0.0004357458
     3052.0000000000        0.0158299223        0.0004553153
     3053.0000000000        0.0162955210        0.0004760906
     3054.0000000000        0.0167825371        0.0004981667
     3055.0000000000        0.0172923226        0.0005216477
     3056.0000000000        0.0178263386        0.0005466477
     3057.0000000000        0.0183861660        0.0005732922
     3058.0000000000        0.0189735172        0.0006017197
     3059.0000000000        0.0195902502        0.0006320824
     3060.0000000000        0.0202383831        0.0006645489
     3061.0000000000        0.0209201112        0.0006993055
     3062.0000000000        0.0216378261        0.0007365587
     3063.0000000000        0.0223941369        0.0007765377
     3064.0000000000        0.0231918949        0.0008194978
     3065.0000000000        0.0240342205        0.0008657231
     3066.0000000000        0.0249245348        0.0009155311
     3067.0000000000        0.0258665949        0.0009692772
     3068.0000000000        0.0268645341        0.0010273596
     3069.0000000000        0.0279229083        0.0010902263
     3070.0000000000        0.0290467488        0.0011583815
     3071.0000000000        0.0302416233        0.0012323950
     3072.0000000000        0.0315137055        0.0013129114
     3073.0000000000        0.0328698565        0.0014006625
     3074.0000000000        0.0343177184        0.0014964811
     3075.0000000000        0.0358658232        0.0016013176
     3076.0000000000        0.0375237202        0.0017162596
     3077.0000000000        0.0393021249        0.0018425558
     3078.0000000000        0.0412130935        0.0019816445
     3079.0000000000        0.0432702291        0.0021351875
     3080.0000000000        0.0454889256        0.0023051121
     3081.0000000000        0.0478866574        0.0024936613
     3082.0000000000        0.0504833250        0.0027034556
     3083.0000000000        0.0533016691        0.0029375693
     3084.0000000000        0.0563677699        0.0031996240
     3085.0000000000        0.0597116502        0.0034939050
     3086.0000000000        0.0633680095        0.0038255075
     3087.0000000000        0.0673771214        0.0042005191
     3088.0000000000        0.0717859378        0.0046262514
     3089.0000000000        0.0766494537        0.0051115350
     3090.0000000000        0.0820324078        0.0056670976
     3091.0000000000        0.0880114131        0.0063060526
     3092.0000000000        0.0946776465        0.0070445356
     3093.0000000000        0.1021402701        0.0079025401
     3094.0000000000        0.1105308158        0.0089050249
     3095.0000000000        0.1200088554        0.0100833949
     3096.0000000000        0.1307693944        0.0114774998
     3097.0000000000        0.1430526101        0.0131383622
     3098.0000000000        0.1571568019        0.0151319384
     3099.0000000000        0.1734558013        0.0175443648
     3100.0000000000        0.1924226368        0.0204893605
     3101.0000000000        0.2146620862        0.0241188025
     3102.0000000000        0.2409560038        0.0286380172
     3103.0000000000        0.2723272409        0.0343281616
     3104.0000000000        0.3101309472        0.0415793525
     3105.0000000000        0.3561866163        0.0509401715
     3106.0000000000        0.4129712218        0.0631920563
     3107.0000000000        0.4839041441        0.0794608763
     3108.0000000000        0.5737687450        0.1013813927
     3109.0000000000        0.6893307295        0.1313273814
     3110.0000000000        0.8402148934        0.1726894172
     3111.0000000000        1.0400331650        0.2300537068
     3112.0000000000        1.3074340374        0.3087014904
     3113.0000000000        1.6656355896        0.4115907096
     3114.0000000000        2.1359003654        0.5291734406
     3115.0000000000        2.7143094774        0.6153918104
     3116.0000000000        3.3205343056        0.5621485966
     3117.0000000000        3.7528311782        0.2590338113
     3118.0000000000        3.7824950223       -0.2033319069
     3119.0000000000        3.3912136958       -0.5380727650
     3120.0000000000        2.7938744419       -0.6189010970
     3121.0000000000        2.2054962912       -0.5431340895
     3122.0000000000        1.7206350606       -0.4258495239
     3123.0000000000        1.3495180716       -0.3200933004
     3124.0000000000        1.0722860041       -0.2383991490
     3125.0000000000        0.8653941215       -0.1786084268
     3126.0000000000        0.7095241782       -0.1354793972
     3127.0000000000        0.5904718878       -0.1042828622
     3128.0000000000        0.4981722665       -0.0814802209
     3129.0000000000        0.4255512148       -0.0645838076
     3130.0000000000        0.3676133492       -0.0518788360
     3131.0000000000        0.3207937998       -0.0421849437
     3132.0000000000        0.2825151956       -0.0346838538
     3133.0000000000        0.2508881683       -0.0288019781
     3134.0000000000        0.2245085019       -0.0241320546
     3135.0000000000        0.2023186314       -0.0203810152
     3136.0000000000        0.1835120303       -0.0173351314
     3137.0000000000        0.1674663875       -0.0148364978
     3138.0000000000        0.1536963082       -0.0127669875
     3139.0000000000        0.1418194106       -0.0110371727
     3140.0000000000        0.1315317259       -0.0095785784
     3141.0000000000        0.1225896420       -0.0083382000
     3142.0000000000        0.1147965035       -0.0072745755
     3143.0000000000        0.1079925679       -0.0063549387
     3144.0000000000        0.1020474050       -0.0055531327
     3145.0000000000        0.0968541004       -0.0048480620
     3146.0000000000        0.0923248007       -0.0042225323
     3147.0000000000        0.0883872723       -0.0036623706
     3148.0000000000        0.0849822329       -0.0031557489
     3149.0000000000        0.0820612796       -0.0026926586
     3150.0000000000        0.0795852855       -0.0022644944
     3151.0000000000        0.0775231699       -0.0018637191
     3152.0000000000        0.0758509727       -0.0014835861
     3153.0000000000        0.0745511845       -0.0011179043
     3154.0000000000        0.0736122969       -0.0007608292
     3155.0000000000        0.0730285539       -0.0004066694
     3156.0000000000        0.0727998928       -0.0000496978
     3157.0000000000        0.0729320767        0.0003160437
     3158.0000000000        0.0734370297        0.0006969565
     3159.0000000000        0.0743333988        0.0011001289
     3160.0000000000        0.0756473812        0.0015336266
     3161.0000000000        0.0774138745        0.0020068509
     3162.0000000000        0.0796780293        0.0025309924
     3163.0000000000        0.0824973195        0.0031196185
     3164.0000000000        0.0859442882        0.0037894483
     3165.0000000000        0.0901101914        0.0045613884
     3166.0000000000        0.0951098530        0.0054619406
     3167.0000000000        0.1010881750        0.0065251368
     3168.0000000000        0.1082289402        0.0077952356
     3169.0000000000        0.1167668308        0.0093305277
     3170.0000000000        0.1270040147        0.0112087739
     3171.0000000000        0.1393333061        0.0135350769
     3172.0000000000        0.1542709025        0.0164534149
     3173.0000000000        0.1725032400        0.0201637331
     3174.0000000000        0.1949548782        0.0249475035
     3175.0000000000        0.2228879337        0.0312061434
     3176.0000000000        0.2580488957        0.0395185721
     3177.0000000000        0.3028858102        0.0507257179
     3178.0000000000        0.3608660999        0.0660475010
     3179.0000000000        0.4369239632        0.0872194539
     3180.0000000000        0.5380241887        0.1165622087
     3181.0000000000        0.6736426879        0.1566522365
     3182.0000000000        0.8553396517        0.2085677540
     3183.0000000000        1.0929022272        0.2662152561
     3184.0000000000        1.3814402110        0.3036798637
     3185.0000000000        1.6747937916        0.2645575846
     3186.0000000000        1.8675788330        0.1007383081
     3187.0000000000        1.8539058435       -0.1264482589
     3188.0000000000        1.6420373117       -0.2759982681
     3189.0000000000        1.3440954984       -0.3026773802
     3190.0000000000        1.0594721738       -0.2605022510
     3191.0000000000        0.8279064595       -0.2027264361
     3192.0000000000        0.6514410728       -0.1521119572
     3193.0000000000        0.5196543724       -0.1134053741
     3194.0000000000        0.4211319952       -0.0851679780
     3195.0000000000        0.3466985431       -0.0648055695
     3196.0000000000        0.2896547329       -0.0500621184
     3197.0000000000        0.2452631257       -0.0392689732
     3198.0000000000        0.2101934949       -0.0312577054
     3199.0000000000        0.1820913940       -0.0252236160
     3200.0000000000        0.1592737835       -0.0206125131
     3201.0000000000        0.1405215006       -0.0170397613
     3202.0000000000        0.1249389970       -0.0142353539
     3203.0000000000        0.1118592644       -0.0120072885
     3204.0000000000        0.1007788371       -0.0102171955
     3205.0000000000        0.0913128525       -0.0087640286
     3206.0000000000        0.0831635903       -0.0075730475
     3207.0000000000        0.0760981647       -0.0065882911
     3208.0000000000        0.0699325047       -0.0057673719
     3209.0000000000        0.0645197083       -0.0050778329
     3210.0000000000        0.0597414753       -0.0044945658
     3211.0000000000        0.0555017354       -0.0039979595
     3212.0000000000        0.0517218561       -0.0035725585
     3213.0000000000        0.0483370048       -0.0032060789
     3214.0000000000        0.0452933590       -0.0028886797
     3215.0000000000        0.0425459491       -0.0026124183
     3216.0000000000        0.0400569748       -0.0023708388
     3217.0000000000        0.0377944818       -0.0021586595
     3218.0000000000        0.0357313135       -0.0019715320
     3219.0000000000        0.0338442743       -0.0018058551
     3220.0000000000        0.0321134579       -0.0016586304
     3221.0000000000        0.0305217040       -0.0015273474
     3222.0000000000        0.0290541567       -0.0014098944
     3223.0000000000        0.0276979032       -0.0013044863
     3224.0000000000        0.0264416768       -0.0012096074
     3225.0000000000        0.0252756115       -0.0011239653
     3226.0000000000        0.0241910378       -0.0010464536
     3227.0000000000        0.0231803126       -0.0009761213
     3228.0000000000        0.0222366768       -0.0009121479
     3229.0000000000        0.0213541350       -0.0008538232
     3230.0000000000        0.0205273539       -0.0008005305
     3231.0000000000        0.0197515766       -0.0007517322
     3232.0000000000        0.0190225488       -0.0007069583
     3233.0000000000        0.0183364563       -0.0006657971
     3234.0000000000        0.0176898716       -0.0006278863
     3235.0000000000        0.0170797071       -0.0005929067
     3236.0000000000        0.0165031755       -0.0005605762
     3237.0000000000        0.0159577553       -0.0005306448
     3238.0000000000        0.0154411606       -0.0005028903
     3239.0000000000        0.0149513152       -0.0004771151
     3240.0000000000        0.0144863296       -0.0004531428
     3241.0000000000        0.0140444813       -0.0004308157
     3242.0000000000        0.0136241971       -0.0004099924
     3243.0000000000        0.0132240378       -0.0003905459
     3244.0000000000        0.0128426845       -0.0003723622
     3245.0000000000        0.0124789269       -0.0003553383
     3246.0000000000        0.0121316523       -0.0003393814
     3247.0000000000        0.0117998366       -0.0003244073
     3248.0000000000        0.0114825356       -0.0003103400
     3249.0000000000        0.0111788776       -0.0002971102
     3250.0000000000        0.0108880569       -0.0002846554
     3251.0000000000        0.0106093277       -0.0002729181
     3252.0000000000        0.0103419989       -0.0002618463
     3253.0000000000        0.0100854292       -0.0002513924
     3254.0000000000        0.0098390227       -0.0002415128
     3255.0000000000        0.0096022254       -0.0002321678
     3256.0000000000        0.0093745212       -0.0002233206
     3257.0000000000        0.0091554294       -0.0002149378
     3258.0000000000        0.0089445011       -0.0002069886
     3259.0000000000        0.0087413171       -0.0001994446
     3260.0000000000        0.0085454856       -0.0001922795
     3261.0000000000        0.0083566398       -0.0001854693
     3262.0000000000        0.0081744361       -0.0001789918
     3263.0000000000        0.0079985523       -0.0001728262
     3264.0000000000        0.0078286860       -0.0001669536
     3265.0000000000        0.0076645533       -0.0001613563
     3266.0000000000        0.0075058872       -0.0001560178
     3267.0000000000        0.0073524364       -0.0001509231
     3268.0000000000        0.0072039645       -0.0001460579
     3269.0000000000        0.0070602485       -0.0001414091
     3270.0000000000        0.0069210782       -0.0001369645
     3271.0000000000        0.0067862551       -0.0001327127
     3272.0000000000        0.0066555920       -0.0001286431
     3273.0000000000        0.0065289116       -0.0001247456
     3274.0000000000        0.0064060465       -0.0001210111
     3275.0000000000        0.0062868380       -0.0001174308
     3276.0000000000        0.0061711361       -0.0001139968
     3277.0000000000        0.0060587983       -0.0001107012
     3278.0000000000        0.0035759924       -0.0000779650
     3279.0000000000        0.0034992832       -0.0000754714
     3280.0000000000        0.0034250145       -0.0000730829
     3281.0000000000        0.0033530841       -0.0000707942
     3282.0000000000        0.0032833947       -0.0000685999
     3283.0000000000        0.0032158544       -0.0000664953
     3284.0000000000        0.0031503756       -0.0000644759
     3285.0000000000        0.0030868755       -0.0000625375
     3286.0000000000        0.0030252751       -0.0000606759
     3287.0000000000        0.0029654994       -0.0000588874
     3288.0000000000        0.0029074771       -0.0000571685
     3289.0000000000        0.0028511403       -0.0000555158
     3290.0000000000        0.0027964244       -0.0000539262
     3291.0000000000        0.0027432679       -0.0000523967
     3292.0000000000        0.0026916120       -0.0000509244
     3293.0000000000        0.0026414008       -0.0000495068
     3294.0000000000        0.0025925810       -0.0000481413
     3295.0000000000        0.0025451017       -0.0000468255
     3296.0000000000        0.0024989143       -0.0000455572
     3297.0000000000        0.0024539723       -0.0000443343
     3298.0000000000        0.0024102313       -0.0000431547
     3299.0000000000        0.0023676491       -0.0000420166
     3300.0000000000        0.0023261849       -0.0000409182
     3301.0000000000        0.0022858001       -0.0000398577
     3302.0000000000        0.0022464575       -0.0000388335
     3303.0000000000        0.0022081216       -0.0000378441
     3304.0000000000        0.0021707582       -0.0000368880
     3305.0000000000        0.0021343349       -0.0000359638
     3306.0000000000        0.0020988204       -0.0000350703
     3307.0000000000        0.0020641846       -0.0000342060
     3308.0000000000        0.0020303989       -0.0000333700
     3309.0000000000        0.0019974357       -0.0000325609
     3310.0000000000        0.0019652684       -0.0000317778
     3311.0000000000        0.0019338717       -0.0000310196
     3312.0000000000        0.0019032212       -0.0000302853
     3313.0000000000        0.0018732933       -0.0000295741
     3314.0000000000        0.0018440657       -0.0000288849
     3315.0000000000        0.0018155166       -0.0000282169
     3316.0000000000        0.0017876251       -0.0000275694
     3317.0000000000        0.0017603713       -0.0000269415
     3318.0000000000        0.0017337358       -0.0000263325
     3319.0000000000        0.0017077001       -0.0000257418
     3320.0000000000        0.0016822464       -0.0000251686
     3321.0000000000        0.0016573573       -0.0000246123
     3322.0000000000        0.0016330164       -0.0000240722
     3323.0000000000        0.0016092077       -0.0000235478
     3324.0000000000        0.0015859157       -0.0000230386
     3325.0000000000        0.0015631257       -0.0000225439
     3326.0000000000        0.0015408233       -0.0000220633
     3327.0000000000        0.0015189946       -0.0000215962
     3328.0000000000        0.0014976265       -0.0000211422
     3329.0000000000        0.0014767060       -0.0000207009
     3330.0000000000        0.0014562206       -0.0000202717
     3331.0000000000        0.0014361585       -0.0000198544
     3332.0000000000        0.0014165081       -0.0000194484
     3333.0000000000        0.0013972581       -0.0000190534
     3334.0000000000        0.0013783978       -0.0000186690
     3335.0000000000        0.0013599166       -0.0000182949
     3336.0000000000        0.0013418047       -0.0000179307
     3337.0000000000        0.0013240520       -0.0000175761
     3338.0000000000        0.0013066493       -0.0000172308
     3339.0000000000        0.0012895873       -0.0000168945
     3340.0000000000        0.0012728574       -0.0000165669
     3341.0000000000        0.0012564507       -0.0000162477
     3342.0000000000        0.0012403592       -0.0000159366
     3343.0000000000        0.0012245748       -0.0000156335
     3344.0000000000        0.0012090898       -0.0000153379
     3345.0000000000        0.0011938965       -0.0000150498
     3346.0000000000        0.0011789878       -0.0000147688
     3347.0000000000        0.0000000000        0.0000000000
     3348.0000000000        0.0000000000        0.0000000000
     3349.0000000000        0.0000000000        0.0000000000
     3350.0000000000        0.0000000000        0.0000000000
     3351.0000000000        0.0000000000        0.0000000000
     3352.0000000000        0.0000000000        0.0000000000
     3353.0000000000        0.0000000000        0.0000000000
     3354.0000000000        0.0000000000        0.0000000000
     3355.0000000000        0.0000000000        0.0000000000
     3356.0000000000        0.0000000000        0.0000000000
     3357.0000000000        0.0000000000        0.0000000000
     3358.0000000000        0.0000000000        0.0000000000
     3359.0000000000        0.0000000000        0.0000000000
     3360.0000000000        0.0000000000        0.0000000000
     3361.0000000000        0.0000000000        0.0000000000
     3362.0000000000        0.0000000000        0.0000000000
     3363.0000000000        0.0000000000        0.0000000000
     3364.0000000000        0.0000000000        0.0000000000
     3365.0000000000        0.0000000000        0.0000000000
     3366.0000000000        0.0000000000        0.0000000000
     3367.0000000000        0.0000000000        0.0000000000
     3368.0000000000        0.0000000000        0.0000000000
     3369.0000000000        0.0000000000        0.0000000000
     3370.0000000000        0.0000000000        0.0000000000
     3371.0000000000        0.0000000000        0.0000000000
     3372.0000000000        0.0000000000        0.0000000000
     3373.0000000000        0.0000000000        0.0000000000
     3374.0000000000        0.0000000000        0.0000000000
     3375.0000000000        0.0000000000        0.0000000000
     3376.0000000000        0.0000000000        0.0000000000
     3377.0000000000        0.0000000000        0.0000000000
     3378.0000000000        0.0000000000        0.0000000000
     3379.0000000000        0.0000000000        0.0000000000
     3380.0000000000        0.0000000000        0.0000000000
     3381.0000000000        0.0000000000        0.0000000000
     3382.0000000000        0.0000000000        0.0000000000
     3383.0000000000        0.0000000000        0.0000000000
     3384.0000000000        0.0000000000        0.0000000000
     3385.0000000000        0.0000000000        0.0000000000
     3386.0000000000        0.0000000000        0.0000000000
     3387.0000000000        0.0000000000        0.0000000000
     3388.0000000000        0.0000000000        0.0000000000
     3389.0000000000        0.0000000000        0.0000000000
     3390.0000000000        0.0000000000        0.0000000000
     3391.0000000000        0.0000000000        0.0000000000
     3392.0000000000        0.0000000000        0.0000000000
     3393.0000000000        0.0000000000        0.0000000000
     3394.0000000000        0.0000000000        0.0000000000
     3395.0000000000        0.0000000000        0.0000000000
     3396.0000000000        0.0000000000        0.0000000000
     3397.0000000000        0.0000000000        0.0000000000
     3398.0000000000        0.0000000000        0.0000000000
     3399.0000000000        0.0000000000        0.0000000000
     3400.0000000000        0.0000000000        0.0000000000
     3401.0000000000        0.0000000000        0.0000000000
     3402.0000000000        0.0000000000        0.0000000000
     3403.0000000000        0.0000000000        0.0000000000
     3404.0000000000        0.0000000000        0.0000000000
     3405.0000000000        0.0000000000        0.0000000000
     3406.0000000000        0.0000000000        0.0000000000
     3407.0000000000        0.0000000000        0.0000000000
     3408.0000000000        0.0000000000        0.0000000000
     3409.0000000000        0.0000000000        0.0000000000
     3410.0000000000        0.0000000000        0.0000000000
     3411.0000000000        0.0000000000        0.0000000000
     3412.0000000000        0.0000000000        0.0000000000
     3413.0000000000        0.0000000000        0.0000000000
     3414.0000000000        0.0000000000        0.0000000000
     3415.0000000000        0.0000000000        0.0000000000
     3416.0000000000        0.0000000000        0.0000000000
     3417.0000000000        0.0000000000        0.0000000000
     3418.0000000000        0.0000000000        0.0000000000
     3419.0000000000        0.0000000000        0.0000000000
     3420.0000000000        0.0000000000        0.0000000000
     3421.0000000000        0.0000000000        0.0000000000
     3422.0000000000        0.0000000000        0.0000000000
     3423.0000000000        0.0000000000        0.0000000000
     3424.0000000000        0.0000000000        0.0000000000
     3425.0000000000        0.0000000000        0.0000000000
     3426.0000000000        0.0000000000        0.0000000000
     3427.0000000000        0.0000000000        0.0000000000
     3428.0000000000        0.0000000000        0.0000000000
     3429.0000000000        0.0000000000        0.0000000000
     3430.0000000000        0.0000000000        0.0000000000
     3431.0000000000        0.0000000000        0.0000000000
     3432.0000000000        0.0000000000        0.0000000000
     3433.0000000000        0.0000000000        0.0000000000
     3434.0000000000        0.0000000000        0.0000000000
     3435.0000000000        0.0000000000        0.0000000000
     3436.0000000000        0.0000000000        0.0000000000
     3437.0000000000        0.0000000000        0.0000000000
     3438.0000000000        0.0000000000        0.0000000000
     3439.0000000000        0.0000000000        0.0000000000
     3440.0000000000        0.0000000000        0.0000000000
     3441.0000000000        0.0000000000        0.0000000000
     3442.0000000000        0.0000000000        0.0000000000
     3443.0000000000        0.0000000000        0.0000000000
     3444.0000000000        0.0000000000        0.0000000000
     3445.0000000000        0.0000000000        0.0000000000
     3446.0000000000        0.0000000000        0.0000000000
     3447.0000000000        0.0000000000        0.0000000000
     3448.0000000000        0.0000000000        0.0000000000
     3449.0000000000        0.0000000000        0.0000000000
     3450.0000000000        0.0000000000        0.0000000000
     3451.0000000000        0.0000000000        0.0000000000
     3452.0000000000        0.0000000000        0.0000000000
     3453.0000000000        0.0000000000        0.0000000000
     3454.0000000000        0.0000000000        0.0000000000
     3455.0000000000        0.0000000000        0.0000000000
     3456.0000000000        0.0000000000        0.0000000000
     3457.0000000000        0.0000000000        0.0000000000
     3458.0000000000        0.0000000000        0.0000000000
     3459.0000000000        0.0000000000        0.0000000000
     3460.0000000000        0.0000000000        0.0000000000
     3461.0000000000        0.0000000000        0.0000000000
     3462.0000000000        0.0000000000        0.0000000000
     3463.0000000000        0.0000000000        0.0000000000
     3464.0000000000        0.0000000000        0.0000000000
     3465.0000000000        0.0000000000        0.0000000000
     3466.0000000000        0.0000000000        0.0000000000
     3467.0000000000        0.0000000000        0.0000000000
     3468.0000000000        0.0000000000        0.0000000000
     3469.0000000000        0.0000000000        0.0000000000
     3470.0000000000        0.0000000000        0.0000000000
     3471.0000000000        0.0000000000        0.0000000000
     3472.0000000000        0.0000000000        0.0000000000
     3473.0000000000        0.0000000000        0.0000000000
     3474.0000000000        0.0000000000        0.0000000000
     3475.0000000000        0.0000000000        0.0000000000
     3476.0000000000        0.0000000000        0.0000000000
     3477.0000000000        0.0000000000        0.0000000000
     3478.0000000000        0.0000000000        0.0000000000
     3479.0000000000        0.0000000000        0.0000000000
     3480.0000000000        0.0000000000        0.0000000000
     3481.0000000000        0.0000000000        0.0000000000
     3482.0000000000        0.0000000000        0.0000000000
     3483.0000000000        0.0000000000        0.0000000000
     3484.0000000000        0.0000000000        0.0000000000
     3485.0000000000        0.0000000000        0.0000000000
     3486.0000000000        0.0000000000        0.0000000000
     3487.0000000000        0.0000000000        0.0000000000
     3488.0000000000        0.0000000000        0.0000000000
     3489.0000000000        0.0000000000        0.0000000000
     3490.0000000000        0.0000000000        0.0000000000
     3491.0000000000        0.0000000000        0.0000000000
     3492.0000000000        0.0000000000        0.0000000000
     3493.0000000000        0.0000000000        0.0000000000
     3494.0000000000        0.0000000000        0.0000000000
     3495.0000000000        0.0000000000        0.0000000000
     3496.0000000000        0.0000000000        0.0000000000
     3497.0000000000        0.0000000000        0.0000000000
     3498.0000000000        0.0000000000        0.0000000000
     3499.0000000000        0.0000000000        0.0000000000
     3500.0000000000        0.0000000000        0.0000000000
     3501.0000000000        0.0000000000        0.0000000000
     3502.0000000000        0.0000000000        0.0000000000
     3503.0000000000        0.0000000000        0.0000000000
     3504.0000000000        0.0000000000        0.0000000000
     3505.0000000000        0.0000000000        0.0000000000
     3506.0000000000        0.0000000000        0.0000000000
     3507.0000000000        0.0000000000        0.0000000000
     3508.0000000000        0.0000000000        0.0000000000
     3509.0000000000        0.0000000000        0.0000000000
     3510.0000000000        0.0000000000        0.0000000000
     3511.0000000000        0.0000000000        0.0000000000
     3512.0000000000        0.0000000000        0.0000000000
     3513.0000000000        0.0000000000        0.0000000000
     3514.0000000000        0.0000000000        0.0000000000
     3515.0000000000        0.0000000000        0.0000000000
     3516.0000000000        0.0000000000        0.0000000000
     3517.0000000000        0.0000000000        0.0000000000
     3518.0000000000        0.0000000000        0.0000000000
     3519.0000000000        0.0000000000        0.0000000000
     3520.0000000000        0.0000000000        0.0000000000
     3521.0000000000        0.0000000000        0.0000000000
     3522.0000000000        0.0000000000        0.0000000000
     3523.0000000000        0.0000000000        0.0000000000
     3524.0000000000        0.0000000000        0.0000000000
     3525.0000000000        0.0000000000        0.0000000000
     3526.0000000000        0.0000000000        0.0000000000
     3527.0000000000        0.0000000000        0.0000000000
     3528.0000000000        0.0000000000        0.0000000000
     3529.0000000000        0.0000000000        0.0000000000
     3530.0000000000        0.0000000000        0.0000000000
     3531.0000000000        0.0000000000        0.0000000000
     3532.0000000000        0.0000000000        0.0000000000
     3533.0000000000        0.0000000000        0.0000000000
     3534.0000000000        0.0000000000        0.0000000000
     3535.0000000000        0.0000000000        0.0000000000
     3536.0000000000        0.0000000000        0.0000000000
     3537.0000000000        0.0000000000        0.0000000000
     3538.0000000000        0.0000000000        0.0000000000
     3539.0000000000        0.0000000000        0.0000000000
     3540.0000000000        0.0000000000        0.0000000000
     3541.0000000000        0.0000000000        0.0000000000
     3542.0000000000        0.0000000000        0.0000000000
     3543.0000000000        0.0000000000        0.0000000000
     3544.0000000000        0.0000000000        0.0000000000
     3545.0000000000        0.0000000000        0.0000000000
     3546.0000000000        0.0000000000        0.0000000000
     3547.0000000000        0.0000000000        0.0000000000
     3548.0000000000        0.0000000000        0.0000000000
     3549.0000000000        0.0000000000        0.0000000000
     3550.0000000000        0.0000000000        0.0000000000
     3551.0000000000        0.0000000000        0.0000000000
     3552.0000000000        0.0000000000        0.0000000000
     3553.0000000000        0.0000000000        0.0000000000
     3554.0000000000        0.0000000000        0.0000000000
     3555.0000000000        0.0000000000        0.0000000000
     3556.0000000000        0.0000000000        0.0000000000
     3557.0000000000        0.0000000000        0.0000000000
     3558.0000000000        0.0000000000        0.0000000000
     3559.0000000000        0.0000000000        0.0000000000
     3560.0000000000        0.0000000000        0.0000000000
     3561.0000000000        0.0000000000        0.0000000000
     3562.0000000000        0.0000000000        0.0000000000
     3563.0000000000        0.0000000000        0.0000000000
     3564.0000000000        0.0000000000        0.0000000000
     3565.0000000000        0.0000000000        0.0000000000
     3566.0000000000        0.0000000000        0.0000000000
     3567.0000000000        0.0000000000        0.0000000000
     3568.0000000000        0.0000000000        0.0000000000
     3569.0000000000        0.0000000000        0.0000000000
     3570.0000000000        0.0000000000        0.0000000000
     3571.0000000000        0.0000000000        0.0000000000
     3572.0000000000        0.0000000000        0.0000000000
     3573.0000000000        0.0000000000        0.0000000000
     3574.0000000000        0.0000000000        0.0000000000
     3575.0000000000        0.0000000000        0.0000000000
     3576.0000000000        0.0000000000        0.0000000000
     3577.0000000000        0.0000000000        0.0000000000
     3578.0000000000        0.0000000000        0.0000000000
     3579.0000000000        0.0000000000        0.0000000000
     3580.0000000000        0.0000000000        0.0000000000
     3581.0000000000        0.0000000000        0.0000000000
     3582.0000000000        0.0000000000        0.0000000000
     3583.0000000000        0.0000000000        0.0000000000
     3584.0000000000        0.0000000000        0.0000000000
     3585.0000000000        0.0000000000        0.0000000000
     3586.0000000000        0.0000000000        0.0000000000
     3587.0000000000        0.0000000000        0.0000000000
     3588.0000000000        0.0000000000        0.0000000000
     3589.0000000000        0.0000000000        0.0000000000
     3590.0000000000        0.0000000000        0.0000000000
     3591.0000000000        0.0000000000        0.0000000000
     3592.0000000000        0.0000000000        0.0000000000
     3593.0000000000        0.0000000000        0.0000000000
     3594.0000000000        0.0000000000        0.0000000000
     3595.0000000000        0.0000000000        0.0000000000
     3596.0000000000        0.0000000000        0.0000000000
     3597.0000000000        0.0000000000        0.0000000000
     3598.0000000000        0.0000000000        0.0000000000
     3599.0000000000        0.0000000000        0.0000000000
     3600.0000000000        0.0000000000        0.0000000000
     3601.0000000000        0.0000000000        0.0000000000
     3602.0000000000        0.0000000000        0.0000000000
     3603.0000000000        0.0000000000        0.0000000000
     3604.0000000000        0.0000000000        0.0000000000
     3605.0000000000        0.0000000000        0.0000000000
     3606.0000000000        0.0000000000        0.0000000000
     3607.0000000000        0.0000000000        0.0000000000
     3608.0000000000        0.0000000000        0.0000000000
     3609.0000000000        0.0000000000        0.0000000000
     3610.0000000000        0.0000000000        0.0000000000
     3611.0000000000        0.0000000000        0.0000000000
     3612.0000000000        0.0000000000        0.0000000000
     3613.0000000000        0.0000000000        0.0000000000
     3614.0000000000        0.0000000000        0.0000000000
     3615.0000000000        0.0000000000        0.0000000000
     3616.0000000000        0.0000000000        0.0000000000
     3617.0000000000        0.0000000000        0.0000000000
     3618.0000000000        0.0000000000        0.0000000000
     3619.0000000000        0.0000000000        0.0000000000
     3620.0000000000        0.0000000000        0.0000000000
     3621.0000000000        0.0000000000        0.0000000000
     3622.0000000000        0.0000000000        0.0000000000
     3623.0000000000        0.0000000000        0.0000000000
     3624.0000000000        0.0000000000        0.0000000000
     3625.0000000000        0.0000000000        0.0000000000
     3626.0000000000        0.0000000000        0.0000000000
     3627.0000000000        0.0000000000        0.0000000000
     3628.0000000000        0.0000000000        0.0000000000
     3629.0000000000        0.0000000000        0.0000000000
     3630.0000000000        0.0000000000        0.0000000000
     3631.0000000000        0.0000000000        0.0000000000
     3632.0000000000        0.0000000000        0.0000000000
     3633.0000000000        0.0000000000        0.0000000000
     3634.0000000000        0.0000000000        0.0000000000
     3635.0000000000        0.0000000000        0.0000000000
     3636.0000000000        0.0000000000        0.0000000000
     3637.0000000000        0.0000000000        0.0000000000
     3638.0000000000        0.0000000000        0.0000000000
     3639.0000000000        0.0000000000        0.0000000000
     3640.0000000000        0.0000000000        0.0000000000
     3641.0000000000        0.0000000000        0.0000000000
     3642.0000000000        0.0000000000        0.0000000000
     3643.0000000000        0.0000000000        0.0000000000
     3644.0000000000        0.0000000000        0.0000000000
     3645.0000000000        0.0000000000        0.0000000000
     3646.0000000000        0.0000000000        0.0000000000
     3647.0000000000        0.0000000000        0.0000000000
     3648.0000000000        0.0000000000        0.0000000000
     3649.0000000000        0.0000000000        0.0000000000
     3650.0000000000        0.0000000000        0.0000000000
     3651.0000000000        0.0000000000        0.0000000000
     3652.0000000000        0.0000000000        0.0000000000
     3653.0000000000        0.0000000000        0.0000000000
     3654.0000000000        0.0000000000        0.0000000000
     3655.0000000000        0.0000000000        0.0000000000
     3656.0000000000        0.0000000000        0.0000000000
     3657.0000000000        0.0000000000        0.0000000000
     3658.0000000000        0.0000000000        0.0000000000
     3659.0000000000        0.0000000000        0.0000000000
     3660.0000000000        0.0000000000        0.0000000000
     3661.0000000000        0.0000000000        0.0000000000
     3662.0000000000        0.0000000000        0.0000000000
     3663.0000000000        0.0000000000        0.0000000000
     3664.0000000000        0.0000000000        0.0000000000
     3665.0000000000        0.0000000000        0.0000000000
     3666.0000000000        0.0000000000        0.0000000000
     3667.0000000000        0.0000000000        0.0000000000
     3668.0000000000        0.0000000000        0.0000000000
     3669.0000000000        0.0000000000        0.0000000000
     3670.0000000000        0.0000000000        0.0000000000
     3671.0000000000        0.0000000000        0.0000000000
     3672.0000000000        0.0000000000        0.0000000000
     3673.0000000000        0.0000000000        0.0000000000
     3674.0000000000        0.0000000000        0.0000000000
     3675.0000000000        0.0000000000        0.0000000000
     3676.0000000000        0.0000000000        0.0000000000
     3677.0000000000        0.0000000000        0.0000000000
     3678.0000000000        0.0000000000        0.0000000000
     3679.0000000000        0.0000000000        0.0000000000
     3680.0000000000        0.0000000000        0.0000000000
     3681.0000000000        0.0000000000        0.0000000000
     3682.0000000000        0.0000000000        0.0000000000
     3683.0000000000        0.0000000000        0.0000000000
     3684.0000000000        0.0000000000        0.0000000000
     3685.0000000000        0.0000000000        0.0000000000
     3686.0000000000        0.0000000000        0.0000000000
     3687.0000000000        0.0000000000        0.0000000000
     3688.0000000000        0.0000000000        0.0000000000
     3689.0000000000        0.0000000000        0.0000000000
     3690.0000000000        0.0000000000        0.0000000000
     3691.0000000000        0.0000000000        0.0000000000
     3692.0000000000        0.0000000000        0.0000000000
     3693.0000000000        0.0000000000        0.0000000000
     3694.0000000000        0.0000000000        0.0000000000
     3695.0000000000        0.0000000000        0.0000000000
     3696.0000000000        0.0000000000        0.0000000000
     3697.0000000000        0.0000000000        0.0000000000
     3698.0000000000        0.0000000000        0.0000000000
     3699.0000000000        0.0000000000        0.0000000000
     3700.0000000000        0.0000000000        0.0000000000
     3701.0000000000        0.0000000000        0.0000000000
     3702.0000000000        0.0000000000        0.0000000000
     3703.0000000000        0.0000000000        0.0000000000
     3704.0000000000        0.0000000000        0.0000000000
     3705.0000000000        0.0000000000        0.0000000000
     3706.0000000000        0.0000000000        0.0000000000
     3707.0000000000        0.0000000000        0.0000000000
     3708.0000000000        0.0000000000        0.0000000000
     3709.0000000000        0.0000000000        0.0000000000
     3710.0000000000        0.0000000000        0.0000000000
     3711.0000000000        0.0000000000        0.0000000000
     3712.0000000000        0.0000000000        0.0000000000
     3713.0000000000        0.0000000000        0.0000000000
     3714.0000000000        0.0000000000        0.0000000000
     3715.0000000000        0.0000000000        0.0000000000
     3716.0000000000        0.0000000000        0.0000000000
     3717.0000000000        0.0000000000        0.0000000000
     3718.0000000000        0.0000000000        0.0000000000
     3719.0000000000        0.0000000000        0.0000000000
     3720.0000000000        0.0000000000        0.0000000000
     3721.0000000000        0.0000000000        0.0000000000
     3722.0000000000        0.0000000000        0.0000000000
     3723.0000000000        0.0000000000        0.0000000000
     3724.0000000000        0.0000000000        0.0000000000
     3725.0000000000        0.0000000000        0.0000000000
     3726.0000000000        0.0000000000        0.0000000000
     3727.0000000000        0.0000000000        0.0000000000
     3728.0000000000        0.0000000000        0.0000000000
     3729.0000000000        0.0000000000        0.0000000000
     3730.0000000000        0.0000000000        0.0000000000
     3731.0000000000        0.0000000000        0.0000000000
     3732.0000000000        0.0000000000        0.0000000000
     3733.0000000000        0.0000000000        0.0000000000
     3734.0000000000        0.0000000000        0.0000000000
     3735.0000000000        0.0000000000        0.0000000000
     3736.0000000000        0.0000000000        0.0000000000
     3737.0000000000        0.0000000000        0.0000000000
     3738.0000000000        0.0000000000        0.0000000000
     3739.0000000000        0.0000000000        0.0000000000
     3740.0000000000        0.0000000000        0.0000000000
     3741.0000000000        0.0000000000        0.0000000000
     3742.0000000000        0.0000000000        0.0000000000
     3743.0000000000        0.0000000000        0.0000000000
     3744.0000000000        0.0000000000        0.0000000000
     3745.0000000000        0.0000000000        0.0000000000
     3746.0000000000        0.0000000000        0.0000000000
     3747.0000000000        0.0000000000        0.0000000000
     3748.0000000000        0.0000000000        0.0000000000
     3749.0000000000        0.0000000000        0.0000000000
     3750.0000000000        0.0000000000        0.0000000000
     3751.0000000000        0.0000000000        0.0000000000
     3752.0000000000        0.0000000000        0.0000000000
     3753.0000000000        0.0000000000        0.0000000000
     3754.0000000000        0.0000000000        0.0000000000
     3755.0000000000        0.0000000000        0.0000000000
     3756.0000000000        0.0000000000        0.0000000000
     3757.0000000000        0.0000000000        0.0000000000
     3758.0000000000        0.0000000000        0.0000000000
     3759.0000000000        0.0000000000        0.0000000000
     3760.0000000000        0.0000000000        0.0000000000
     3761.0000000000        0.0000000000        0.0000000000
     3762.0000000000        0.0000000000        0.0000000000
     3763.0000000000        0.0000000000        0.0000000000
     3764.0000000000        0.0000000000        0.0000000000
     3765.0000000000        0.0000000000        0.0000000000
     3766.0000000000        0.0000000000        0.0000000000
     3767.0000000000        0.0000000000        0.0000000000
     3768.0000000000        0.0000000000        0.0000000000
     3769.0000000000        0.0000000000        0.0000000000
     3770.0000000000        0.0000000000        0.0000000000
     3771.0000000000        0.0000000000        0.0000000000
     3772.0000000000        0.0000000000        0.0000000000
     3773.0000000000        0.0000000000        0.0000000000
     3774.0000000000        0.0000000000        0.0000000000
     3775.0000000000        0.0000000000        0.0000000000
     3776.0000000000        0.0000000000        0.0000000000
     3777.0000000000        0.0000000000        0.0000000000
     3778.0000000000        0.0000000000        0.0000000000
     3779.0000000000        0.0000000000        0.0000000000
     3780.0000000000        0.0000000000        0.0000000000
     3781.0000000000        0.0000000000        0.0000000000
     3782.0000000000        0.0000000000        0.0000000000
     3783.0000000000        0.0000000000        0.0000000000
     3784.0000000000        0.0000000000        0.0000000000
     3785.0000000000        0.0000000000        0.0000000000
     3786.0000000000        0.0000000000        0.0000000000
     3787.0000000000        0.0000000000        0.0000000000
     3788.0000000000        0.0000000000        0.0000000000
     3789.0000000000        0.0000000000        0.0000000000
     3790.0000000000        0.0000000000        0.0000000000
     3791.0000000000        0.0000000000        0.0000000000
     3792.0000000000        0.0000000000        0.0000000000
     3793.0000000000        0.0000000000        0.0000000000
     3794.0000000000        0.0000000000        0.0000000000
     3795.0000000000        0.0000000000        0.0000000000
     3796.0000000000        0.0000000000        0.0000000000
     3797.0000000000        0.0000000000        0.0000000000
     3798.0000000000        0.0000000000        0.0000000000
     3799.0000000000        0.0000000000        0.0000000000
     3800.0000000000        0.0000000000        0.0000000000
     3801.0000000000        0.0000000000        0.0000000000
     3802.0000000000        0.0000000000        0.0000000000
     3803.0000000000        0.0000000000        0.0000000000
     3804.0000000000        0.0000000000        0.0000000000
     3805.0000000000        0.0000000000        0.0000000000
     3806.0000000000        0.0000000000        0.0000000000
     3807.0000000000        0.0000000000        0.0000000000
     3808.0000000000        0.0000000000        0.0000000000
     3809.0000000000        0.0000000000        0.0000000000
     3810.0000000000        0.0000000000        0.0000000000
     3811.0000000000        0.0000000000        0.0000000000
     3812.0000000000        0.0000000000        0.0000000000
     3813.0000000000        0.0000000000        0.0000000000
     3814.0000000000        0.0000000000        0.0000000000
     3815.0000000000        0.0000000000        0.0000000000
     3816.0000000000        0.0000000000        0.0000000000
     3817.0000000000        0.0000000000        0.0000000000
     3818.0000000000        0.0000000000        0.0000000000
     3819.0000000000        0.0000000000        0.0000000000
     3820.0000000000        0.0000000000        0.0000000000
     3821.0000000000        0.0000000000        0.0000000000
     3822.0000000000        0.0000000000        0.0000000000
     3823.0000000000        0.0000000000        0.0000000000
     3824.0000000000        0.0000000000        0.0000000000
     3825.0000000000        0.0000000000        0.0000000000
     3826.0000000000        0.0000000000        0.0000000000
     3827.0000000000        0.0000000000        0.0000000000
     3828.0000000000        0.0000000000        0.0000000000
     3829.0000000000        0.0000000000        0.0000000000
     3830.0000000000        0.0000000000        0.0000000000
     3831.0000000000        0.0000000000        0.0000000000
     3832.0000000000        0.0000000000        0.0000000000
     3833.0000000000        0.0000000000        0.0000000000
     3834.0000000000        0.0000000000        0.0000000000
     3835.0000000000        0.0000000000        0.0000000000
     3836.0000000000        0.0000000000        0.0000000000
     3837.0000000000        0.0000000000        0.0000000000
     3838.0000000000        0.0000000000        0.0000000000
     3839.0000000000        0.0000000000        0.0000000000
     3840.0000000000        0.0000000000        0.0000000000
     3841.0000000000        0.0000000000        0.0000000000
     3842.0000000000        0.0000000000        0.0000000000
     3843.0000000000        0.0000000000        0.0000000000
     3844.0000000000        0.0000000000        0.0000000000
     3845.0000000000        0.0000000000        0.0000000000
     3846.0000000000        0.0000000000        0.0000000000
     3847.0000000000        0.0000000000        0.0000000000
     3848.0000000000        0.0000000000        0.0000000000
     3849.0000000000        0.0000000000        0.0000000000
     3850.0000000000        0.0000000000        0.0000000000
     3851.0000000000        0.0000000000        0.0000000000
     3852.0000000000        0.0000000000        0.0000000000
     3853.0000000000        0.0000000000        0.0000000000
     3854.0000000000        0.0000000000        0.0000000000
     3855.0000000000        0.0000000000        0.0000000000
     3856.0000000000        0.0000000000        0.0000000000
     3857.0000000000        0.0000000000        0.0000000000
     3858.0000000000        0.0000000000        0.0000000000
     3859.0000000000        0.0000000000        0.0000000000
     3860.0000000000        0.0000000000        0.0000000000
     3861.0000000000        0.0000000000        0.0000000000
     3862.0000000000        0.0000000000        0.0000000000
     3863.0000000000        0.0000000000        0.0000000000
     3864.0000000000        0.0000000000        0.0000000000
     3865.0000000000        0.0000000000        0.0000000000
     3866.0000000000        0.0000000000        0.0000000000
     3867.0000000000        0.0000000000        0.0000000000
     3868.0000000000        0.0000000000        0.0000000000
     3869.0000000000        0.0000000000        0.0000000000
     3870.0000000000        0.0000000000        0.0000000000
     3871.0000000000        0.0000000000        0.0000000000
     3872.0000000000        0.0000000000        0.0000000000
     3873.0000000000        0.0000000000        0.0000000000
     3874.0000000000        0.0000000000        0.0000000000
     3875.0000000000        0.0000000000        0.0000000000
     3876.0000000000        0.0000000000        0.0000000000
     3877.0000000000        0.0000000000        0.0000000000
     3878.0000000000        0.0000000000        0.0000000000
     3879.0000000000        0.0000000000        0.0000000000
     3880.0000000000        0.0000000000        0.0000000000
     3881.0000000000        0.0000000000        0.0000000000
     3882.0000000000        0.0000000000        0.0000000000
     3883.0000000000        0.0000000000        0.0000000000
     3884.0000000000        0.0000000000        0.0000000000
     3885.0000000000        0.0000000000        0.0000000000
     3886.0000000000        0.0000000000        0.0000000000
     3887.0000000000        0.0000000000        0.0000000000
     3888.0000000000        0.0000000000        0.0000000000
     3889.0000000000        0.0000000000        0.0000000000
     3890.0000000000        0.0000000000        0.0000000000
     3891.0000000000        0.0000000000        0.0000000000
     3892.0000000000        0.0000000000        0.0000000000
     3893.0000000000        0.0000000000        0.0000000000
     3894.0000000000        0.0000000000        0.0000000000
     3895.0000000000        0.0000000000        0.0000000000
     3896.0000000000        0.0000000000        0.0000000000
     3897.0000000000        0.0000000000        0.0000000000
     3898.0000000000        0.0000000000        0.0000000000
     3899.0000000000        0.0000000000        0.0000000000
     3900.0000000000        0.0000000000        0.0000000000
     3901.0000000000        0.0000000000        0.0000000000
     3902.0000000000        0.0000000000        0.0000000000
     3903.0000000000        0.0000000000        0.0000000000
     3904.0000000000        0.0000000000        0.0000000000
     3905.0000000000        0.0000000000        0.0000000000
     3906.0000000000        0.0000000000        0.0000000000
     3907.0000000000        0.0000000000        0.0000000000
     3908.0000000000        0.0000000000        0.0000000000
     3909.0000000000        0.0000000000        0.0000000000
     3910.0000000000        0.0000000000        0.0000000000
     3911.0000000000        0.0000000000        0.0000000000
     3912.0000000000        0.0000000000        0.0000000000
     3913.0000000000        0.0000000000        0.0000000000
     3914.0000000000        0.0000000000        0.0000000000
     3915.0000000000        0.0000000000        0.0000000000
     3916.0000000000        0.0000000000        0.0000000000
     3917.0000000000        0.0000000000        0.0000000000
     3918.0000000000        0.0000000000        0.0000000000
     3919.0000000000        0.0000000000        0.0000000000
     3920.0000000000        0.0000000000        0.0000000000
     3921.0000000000        0.0000000000        0.0000000000
     3922.0000000000        0.0000000000        0.0000000000
     3923.0000000000        0.0000000000        0.0000000000
     3924.0000000000        0.0000000000        0.0000000000
     3925.0000000000        0.0000000000        0.0000000000
     3926.0000000000        0.0000000000        0.0000000000
     3927.0000000000        0.0000000000        0.0000000000
     3928.0000000000        0.0000000000        0.0000000000
     3929.0000000000        0.0000000000        0.0000000000
     3930.0000000000        0.0000000000        0.0000000000
     3931.0000000000        0.0000000000        0.0000000000
     3932.0000000000        0.0000000000        0.0000000000
     3933.0000000000        0.0000000000        0.0000000000
     3934.0000000000        0.0000000000        0.0000000000
     3935.0000000000        0.0000000000        0.0000000000
     3936.0000000000        0.0000000000        0.0000000000
     3937.0000000000        0.0000000000        0.0000000000
     3938.0000000000        0.0000000000        0.0000000000
     3939.0000000000        0.0000000000        0.0000000000
     3940.0000000000        0.0000000000        0.0000000000
     3941.0000000000        0.0000000000        0.0000000000
     3942.0000000000        0.0000000000        0.0000000000
     3943.0000000000        0.0000000000        0.0000000000
     3944.0000000000        0.0000000000        0.0000000000
     3945.0000000000        0.0000000000        0.0000000000
     3946.0000000000        0.0000000000        0.0000000000
     3947.0000000000        0.0000000000        0.0000000000
     3948.0000000000        0.0000000000        0.0000000000
     3949.0000000000        0.0000000000        0.0000000000
     3950.0000000000        0.0000000000        0.0000000000
     3951.0000000000        0.0000000000        0.0000000000
     3952.0000000000        0.0000000000        0.0000000000
     3953.0000000000        0.0000000000        0.0000000000
     3954.0000000000        0.0000000000        0.0000000000
     3955.0000000000        0.0000000000        0.0000000000
     3956.0000000000        0.0000000000        0.0000000000
     3957.0000000000        0.0000000000        0.0000000000
     3958.0000000000        0.0000000000        0.0000000000
     3959.0000000000        0.0000000000        0.0000000000
     3960.0000000000        0.0000000000        0.0000000000
     3961.0000000000        0.0000000000        0.0000000000
     3962.0000000000        0.0000000000        0.0000000000
     3963.0000000000        0.0000000000        0.0000000000
     3964.0000000000        0.0000000000        0.0000000000
     3965.0000000000        0.0000000000        0.0000000000
     3966.0000000000        0.0000000000        0.0000000000
     3967.0000000000        0.0000000000        0.0000000000
     3968.0000000000        0.0000000000        0.0000000000
     3969.0000000000        0.0000000000        0.0000000000
     3970.0000000000        0.0000000000        0.0000000000
     3971.0000000000        0.0000000000        0.0000000000
     3972.0000000000        0.0000000000        0.0000000000
     3973.0000000000        0.0000000000        0.0000000000
     3974.0000000000        0.0000000000        0.0000000000
     3975.0000000000        0.0000000000        0.0000000000
     3976.0000000000        0.0000000000        0.0000000000
     3977.0000000000        0.0000000000        0.0000000000
     3978.0000000000        0.0000000000        0.0000000000
     3979.0000000000        0.0000000000        0.0000000000
     3980.0000000000        0.0000000000        0.0000000000
     3981.0000000000        0.0000000000        0.0000000000
     3982.0000000000        0.0000000000        0.0000000000
     3983.0000000000        0.0000000000        0.0000000000
     3984.0000000000        0.0000000000        0.0000000000
     3985.0000000000        0.0000000000        0.0000000000
     3986.0000000000        0.0000000000        0.0000000000
     3987.0000000000        0.0000000000        0.0000000000
     3988.0000000000        0.0000000000        0.0000000000
     3989.0000000000        0.0000000000        0.0000000000
     3990.0000000000        0.0000000000        0.0000000000
     3991.0000000000        0.0000000000        0.0000000000
     3992.0000000000        0.0000000000        0.0000000000
     3993.0000000000        0.0000000000        0.0000000000
     3994.0000000000        0.0000000000        0.0000000000
     3995.0000000000        0.0000000000        0.0000000000
     3996.0000000000        0.0000000000        0.0000000000
     3997.0000000000        0.0000000000        0.0000000000
     3998.0000000000        0.0000000000        0.0000000000
     3999.0000000000        0.0000000000        0.0000000000
