# Raman Activity Spectrum
# X-Axis:  Frequency (cm-1)
# Y-Axis:  Intensity

# Peak information
#                  X                   Y
#     252.6049000000        0.0030000000
#     409.7947000000        0.1704000000
#     502.2014000000        0.8733000000
#     612.0609000000        0.6364000000
#     941.1124000000        7.1248000000
#    1057.9419000000        4.9162000000
#    1247.8214000000        5.2456000000
#    1269.0598000000        2.0417000000
#    1271.4657000000        2.5251000000
#    1530.2047000000        0.8069000000
#    1532.4299000000        6.1894000000
#    1595.4397000000        1.5464000000
#    1623.1268000000       10.6656000000
#    1624.5278000000        7.0163000000
#    3227.6589000000      121.6350000000
#    3301.5832000000       59.2122000000
#    3303.1446000000       97.4871000000
#    3332.7459000000       51.1878000000

# Spectra
#                  X                   Y               DY/DX
        0.0000000000        0.0000000000        0.0000000000
        1.0000000000        0.0000000000        0.0000000000
        2.0000000000        0.0000000000        0.0000000000
        3.0000000000        0.0000000000        0.0000000000
        4.0000000000        0.0000000000        0.0000000000
        5.0000000000        0.0000000000        0.0000000000
        6.0000000000        0.0000000000        0.0000000000
        7.0000000000        0.0000000000        0.0000000000
        8.0000000000        0.0000000000        0.0000000000
        9.0000000000        0.0000000000        0.0000000000
       10.0000000000        0.0000000000        0.0000000000
       11.0000000000        0.0000000000        0.0000000000
       12.0000000000        0.0000000000        0.0000000000
       13.0000000000        0.0000000000        0.0000000000
       14.0000000000        0.0000000000        0.0000000000
       15.0000000000        0.0000000000        0.0000000000
       16.0000000000        0.0000000000        0.0000000000
       17.0000000000        0.0000000000        0.0000000000
       18.0000000000        0.0000000000        0.0000000000
       19.0000000000        0.0000000000        0.0000000000
       20.0000000000        0.0000000000        0.0000000000
       21.0000000000        0.0000000000        0.0000000000
       22.0000000000        0.0000000000        0.0000000000
       23.0000000000        0.0000000000        0.0000000000
       24.0000000000        0.0000000000        0.0000000000
       25.0000000000        0.0000000000        0.0000000000
       26.0000000000        0.0000000000        0.0000000000
       27.0000000000        0.0000000000        0.0000000000
       28.0000000000        0.0000000000        0.0000000000
       29.0000000000        0.0000000000        0.0000000000
       30.0000000000        0.0000000000        0.0000000000
       31.0000000000        0.0000000000        0.0000000000
       32.0000000000        0.0000000000        0.0000000000
       33.0000000000        0.0000000000        0.0000000000
       34.0000000000        0.0000000000        0.0000000000
       35.0000000000        0.0000000000        0.0000000000
       36.0000000000        0.0000000000        0.0000000000
       37.0000000000        0.0000000000        0.0000000000
       38.0000000000        0.0000000000        0.0000000000
       39.0000000000        0.0000000000        0.0000000000
       40.0000000000        0.0000000000        0.0000000000
       41.0000000000        0.0000000000        0.0000000000
       42.0000000000        0.0000000000        0.0000000000
       43.0000000000        0.0000000000        0.0000000000
       44.0000000000        0.0000000000        0.0000000000
       45.0000000000        0.0000000000        0.0000000000
       46.0000000000        0.0000000000        0.0000000000
       47.0000000000        0.0000000000        0.0000000000
       48.0000000000        0.0000000000        0.0000000000
       49.0000000000        0.0000000000        0.0000000000
       50.0000000000        0.0000000000        0.0000000000
       51.0000000000        0.0000000000        0.0000000000
       52.0000000000        0.0000000000        0.0000000000
       53.0000000000        0.0000000000        0.0000000000
       54.0000000000        0.0000000000        0.0000000000
       55.0000000000        0.0000000000        0.0000000000
       56.0000000000        0.0000000000        0.0000000000
       57.0000000000        0.0000000000        0.0000000000
       58.0000000000        0.0000000000        0.0000000000
       59.0000000000        0.0000000000        0.0000000000
       60.0000000000        0.0000000000        0.0000000000
       61.0000000000        0.0000000000        0.0000000000
       62.0000000000        0.0000000000        0.0000000000
       63.0000000000        0.0000000000        0.0000000000
       64.0000000000        0.0000000000        0.0000000000
       65.0000000000        0.0000000000        0.0000000000
       66.0000000000        0.0000000000        0.0000000000
       67.0000000000        0.0000000000        0.0000000000
       68.0000000000        0.0000000000        0.0000000000
       69.0000000000        0.0000000000        0.0000000000
       70.0000000000        0.0000000000        0.0000000000
       71.0000000000        0.0000000000        0.0000000000
       72.0000000000        0.0000000000        0.0000000000
       73.0000000000        0.0000000000        0.0000000000
       74.0000000000        0.0000000000        0.0000000000
       75.0000000000        0.0000000000        0.0000000000
       76.0000000000        0.0000000000        0.0000000000
       77.0000000000        0.0000000000        0.0000000000
       78.0000000000        0.0000000000        0.0000000000
       79.0000000000        0.0000000000        0.0000000000
       80.0000000000        0.0000000000        0.0000000000
       81.0000000000        0.0000000000        0.0000000000
       82.0000000000        0.0000000000        0.0000000000
       83.0000000000        0.0000000000        0.0000000000
       84.0000000000        0.0000000000        0.0000000000
       85.0000000000        0.0000000000        0.0000000000
       86.0000000000        0.0000000000        0.0000000000
       87.0000000000        0.0000000000        0.0000000000
       88.0000000000        0.0000000000        0.0000000000
       89.0000000000        0.0000000000        0.0000000000
       90.0000000000        0.0000000000        0.0000000000
       91.0000000000        0.0000000000        0.0000000000
       92.0000000000        0.0000000000        0.0000000000
       93.0000000000        0.0000001499        0.0000000019
       94.0000000000        0.0000001517        0.0000000019
       95.0000000000        0.0000001537        0.0000000019
       96.0000000000        0.0000001556        0.0000000020
       97.0000000000        0.0000001577        0.0000000020
       98.0000000000        0.0000001597        0.0000000021
       99.0000000000        0.0000001618        0.0000000021
      100.0000000000        0.0000001639        0.0000000021
      101.0000000000        0.0000001661        0.0000000022
      102.0000000000        0.0000001683        0.0000000022
      103.0000000000        0.0000001705        0.0000000023
      104.0000000000        0.0000001728        0.0000000023
      105.0000000000        0.0000001752        0.0000000024
      106.0000000000        0.0000001776        0.0000000024
      107.0000000000        0.0000001800        0.0000000025
      108.0000000000        0.0000001825        0.0000000025
      109.0000000000        0.0000001851        0.0000000026
      110.0000000000        0.0000001877        0.0000000026
      111.0000000000        0.0000001903        0.0000000027
      112.0000000000        0.0000001931        0.0000000027
      113.0000000000        0.0000001958        0.0000000028
      114.0000000000        0.0000001987        0.0000000029
      115.0000000000        0.0000002016        0.0000000029
      116.0000000000        0.0000002045        0.0000000030
      117.0000000000        0.0000002075        0.0000000031
      118.0000000000        0.0000002106        0.0000000031
      119.0000000000        0.0000002138        0.0000000032
      120.0000000000        0.0000002170        0.0000000033
      121.0000000000        0.0000002203        0.0000000033
      122.0000000000        0.0000002237        0.0000000034
      123.0000000000        0.0000002272        0.0000000035
      124.0000000000        0.0000002307        0.0000000036
      125.0000000000        0.0000002344        0.0000000037
      126.0000000000        0.0000002381        0.0000000038
      127.0000000000        0.0000002419        0.0000000038
      128.0000000000        0.0000002458        0.0000000039
      129.0000000000        0.0000002497        0.0000000040
      130.0000000000        0.0000002538        0.0000000041
      131.0000000000        0.0000002580        0.0000000042
      132.0000000000        0.0000002623        0.0000000043
      133.0000000000        0.0000002667        0.0000000045
      134.0000000000        0.0000002712        0.0000000046
      135.0000000000        0.0000002759        0.0000000047
      136.0000000000        0.0000002806        0.0000000048
      137.0000000000        0.0000002855        0.0000000049
      138.0000000000        0.0000002905        0.0000000051
      139.0000000000        0.0000002956        0.0000000052
      140.0000000000        0.0000003009        0.0000000053
      141.0000000000        0.0000003063        0.0000000055
      142.0000000000        0.0000003118        0.0000000056
      143.0000000000        0.0000003175        0.0000000058
      144.0000000000        0.0000003234        0.0000000059
      145.0000000000        0.0000003294        0.0000000061
      146.0000000000        0.0000003356        0.0000000063
      147.0000000000        0.0000003420        0.0000000065
      148.0000000000        0.0000003486        0.0000000067
      149.0000000000        0.0000003553        0.0000000068
      150.0000000000        0.0000003623        0.0000000071
      151.0000000000        0.0000003694        0.0000000073
      152.0000000000        0.0000003768        0.0000000075
      153.0000000000        0.0000003844        0.0000000077
      154.0000000000        0.0000003922        0.0000000079
      155.0000000000        0.0000004003        0.0000000082
      156.0000000000        0.0000004086        0.0000000084
      157.0000000000        0.0000004172        0.0000000087
      158.0000000000        0.0000004260        0.0000000090
      159.0000000000        0.0000004352        0.0000000093
      160.0000000000        0.0000004446        0.0000000096
      161.0000000000        0.0000004543        0.0000000099
      162.0000000000        0.0000004644        0.0000000102
      163.0000000000        0.0000004748        0.0000000106
      164.0000000000        0.0000004855        0.0000000109
      165.0000000000        0.0000004967        0.0000000113
      166.0000000000        0.0000005082        0.0000000117
      167.0000000000        0.0000005201        0.0000000121
      168.0000000000        0.0000005324        0.0000000126
      169.0000000000        0.0000005452        0.0000000130
      170.0000000000        0.0000005585        0.0000000135
      171.0000000000        0.0000005722        0.0000000140
      172.0000000000        0.0000005865        0.0000000145
      173.0000000000        0.0000006013        0.0000000151
      174.0000000000        0.0000006166        0.0000000156
      175.0000000000        0.0000006326        0.0000000163
      176.0000000000        0.0000006491        0.0000000169
      177.0000000000        0.0000006664        0.0000000176
      178.0000000000        0.0000006843        0.0000000183
      179.0000000000        0.0000007030        0.0000000190
      180.0000000000        0.0000007224        0.0000000198
      181.0000000000        0.0000007427        0.0000000207
      182.0000000000        0.0000007638        0.0000000216
      183.0000000000        0.0000007858        0.0000000225
      184.0000000000        0.0000008088        0.0000000235
      185.0000000000        0.0000008328        0.0000000246
      186.0000000000        0.0000008579        0.0000000257
      187.0000000000        0.0000008842        0.0000000269
      188.0000000000        0.0000009117        0.0000000281
      189.0000000000        0.0000009405        0.0000000295
      190.0000000000        0.0000009706        0.0000000309
      191.0000000000        0.0000010022        0.0000000324
      192.0000000000        0.0000010354        0.0000000340
      193.0000000000        0.0000010703        0.0000000358
      194.0000000000        0.0000011070        0.0000000376
      195.0000000000        0.0000011456        0.0000000396
      196.0000000000        0.0000011862        0.0000000417
      197.0000000000        0.0000012290        0.0000000440
      198.0000000000        0.0000012742        0.0000000464
      199.0000000000        0.0000013219        0.0000000490
      200.0000000000        0.0000013724        0.0000000519
      201.0000000000        0.0000014258        0.0000000549
      202.0000000000        0.0000014823        0.0000000582
      203.0000000000        0.0000015423        0.0000000618
      204.0000000000        0.0000016060        0.0000000656
      205.0000000000        0.0000016737        0.0000000698
      206.0000000000        0.0000017457        0.0000000744
      207.0000000000        0.0000018226        0.0000000793
      208.0000000000        0.0000019045        0.0000000847
      209.0000000000        0.0000019921        0.0000000906
      210.0000000000        0.0000020859        0.0000000971
      211.0000000000        0.0000021865        0.0000001041
      212.0000000000        0.0000022945        0.0000001119
      213.0000000000        0.0000024106        0.0000001205
      214.0000000000        0.0000025358        0.0000001300
      215.0000000000        0.0000026709        0.0000001405
      216.0000000000        0.0000028171        0.0000001521
      217.0000000000        0.0000029755        0.0000001651
      218.0000000000        0.0000031477        0.0000001795
      219.0000000000        0.0000033352        0.0000001957
      220.0000000000        0.0000035398        0.0000002139
      221.0000000000        0.0000037638        0.0000002344
      222.0000000000        0.0000040095        0.0000002576
      223.0000000000        0.0000042800        0.0000002840
      224.0000000000        0.0000045787        0.0000003140
      225.0000000000        0.0000049095        0.0000003484
      226.0000000000        0.0000052772        0.0000003879
      227.0000000000        0.0000056874        0.0000004337
      228.0000000000        0.0000061469        0.0000004868
      229.0000000000        0.0000066640        0.0000005489
      230.0000000000        0.0000072483        0.0000006218
      231.0000000000        0.0000079121        0.0000007082
      232.0000000000        0.0000086701        0.0000008110
      233.0000000000        0.0000095409        0.0000009344
      234.0000000000        0.0000105476        0.0000010838
      235.0000000000        0.0000117194        0.0000012660
      236.0000000000        0.0000130937        0.0000014906
      237.0000000000        0.0000147188        0.0000017701
      238.0000000000        0.0000166579        0.0000021220
      239.0000000000        0.0000189948        0.0000025702
      240.0000000000        0.0000218415        0.0000031485
      241.0000000000        0.0000253509        0.0000039051
      242.0000000000        0.0000297338        0.0000049091
      243.0000000000        0.0000352847        0.0000062613
      244.0000000000        0.0000424204        0.0000081076
      245.0000000000        0.0000517335        0.0000106570
      246.0000000000        0.0000640627        0.0000141930
      247.0000000000        0.0000805595        0.0000190458
      248.0000000000        0.0001026665        0.0000254142
      249.0000000000        0.0001317358        0.0000327566
      250.0000000000        0.0001758453        0.0000384323
      251.0000000000        0.0002139406        0.0000356365
      252.0000000000        0.0002418113        0.0000173596
      253.0000000000        0.0002449498       -0.0000114550
      254.0000000000        0.0002214753       -0.0000329808
      255.0000000000        0.0001844739       -0.0000386133
      256.0000000000        0.0001476237       -0.0000341148
      257.0000000000        0.0001171314       -0.0000268020
      258.0000000000        0.0000937756       -0.0000201371
      259.0000000000        0.0000763490       -0.0000149691
      260.0000000000        0.0000633755       -0.0000111817
      261.0000000000        0.0000536346       -0.0000084488
      262.0000000000        0.0000462267       -0.0000064721
      263.0000000000        0.0000405138       -0.0000050275
      264.0000000000        0.0000360475       -0.0000039573
      265.0000000000        0.0000325112       -0.0000031526
      266.0000000000        0.0000296791       -0.0000025385
      267.0000000000        0.0000273881       -0.0000020632
      268.0000000000        0.0000255186       -0.0000016904
      269.0000000000        0.0000239818       -0.0000013942
      270.0000000000        0.0000227110       -0.0000011560
      271.0000000000        0.0000216550       -0.0000009624
      272.0000000000        0.0000207747       -0.0000008034
      273.0000000000        0.0000200393       -0.0000006715
      274.0000000000        0.0000194246       -0.0000005610
      275.0000000000        0.0000189114       -0.0000004678
      276.0000000000        0.0000184844       -0.0000003884
      277.0000000000        0.0000181309       -0.0000003202
      278.0000000000        0.0000178408       -0.0000002613
      279.0000000000        0.0000176058       -0.0000002099
      280.0000000000        0.0000174190       -0.0000001648
      281.0000000000        0.0000172745       -0.0000001249
      282.0000000000        0.0000171677       -0.0000000894
      283.0000000000        0.0000170945       -0.0000000575
      284.0000000000        0.0000170516       -0.0000000288
      285.0000000000        0.0000170361       -0.0000000027
      286.0000000000        0.0000170455        0.0000000212
      287.0000000000        0.0000170779        0.0000000433
      288.0000000000        0.0000171315        0.0000000637
      289.0000000000        0.0000172048        0.0000000827
      290.0000000000        0.0000172966        0.0000001006
      291.0000000000        0.0000174057        0.0000001175
      292.0000000000        0.0000175313        0.0000001336
      293.0000000000        0.0000176727        0.0000001490
      294.0000000000        0.0000178291        0.0000001638
      295.0000000000        0.0000180000        0.0000001781
      296.0000000000        0.0000181851        0.0000001920
      297.0000000000        0.0000183839        0.0000002056
      298.0000000000        0.0000185962        0.0000002190
      299.0000000000        0.0000188218        0.0000002322
      300.0000000000        0.0000190606        0.0000002453
      301.0000000000        0.0000193124        0.0000002583
      302.0000000000        0.0000195772        0.0000002713
      303.0000000000        0.0000198551        0.0000002844
      304.0000000000        0.0000201461        0.0000002976
      305.0000000000        0.0000204503        0.0000003109
      306.0000000000        0.0000207678        0.0000003243
      307.0000000000        0.0000210990        0.0000003380
      308.0000000000        0.0000214439        0.0000003519
      309.0000000000        0.0000218029        0.0000003661
      310.0000000000        0.0000221762        0.0000003806
      311.0000000000        0.0000225642        0.0000003955
      312.0000000000        0.0000229673        0.0000004108
      313.0000000000        0.0000233859        0.0000004265
      314.0000000000        0.0000238205        0.0000004427
      315.0000000000        0.0000242715        0.0000004594
      316.0000000000        0.0000247395        0.0000004767
      317.0000000000        0.0000252250        0.0000004945
      318.0000000000        0.0000257288        0.0000005130
      319.0000000000        0.0000262514        0.0000005322
      320.0000000000        0.0000267935        0.0000005522
      321.0000000000        0.0000273560        0.0000005729
      322.0000000000        0.0000279396        0.0000005945
      323.0000000000        0.0000285452        0.0000006169
      324.0000000000        0.0000291738        0.0000006404
      325.0000000000        0.0000298263        0.0000006648
      326.0000000000        0.0000305038        0.0000006904
      327.0000000000        0.0000312074        0.0000007171
      328.0000000000        0.0000319384        0.0000007450
      329.0000000000        0.0000326979        0.0000007743
      330.0000000000        0.0000334874        0.0000008049
      331.0000000000        0.0000343083        0.0000008371
      332.0000000000        0.0000351622        0.0000008709
      333.0000000000        0.0000360507        0.0000009064
      334.0000000000        0.0000369756        0.0000009437
      335.0000000000        0.0000379388        0.0000009830
      336.0000000000        0.0000389423        0.0000010244
      337.0000000000        0.0000399884        0.0000010680
      338.0000000000        0.0000410792        0.0000011141
      339.0000000000        0.0000422174        0.0000011627
      340.0000000000        0.0000434055        0.0000012141
      341.0000000000        0.0000446465        0.0000012684
      342.0000000000        0.0000459435        0.0000013260
      343.0000000000        0.0000888300        0.0000019084
      344.0000000000        0.0000907754        0.0000019830
      345.0000000000        0.0000927975        0.0000020619
      346.0000000000        0.0000949008        0.0000021454
      347.0000000000        0.0000970899        0.0000022338
      348.0000000000        0.0000993701        0.0000023275
      349.0000000000        0.0001017468        0.0000024270
      350.0000000000        0.0001042261        0.0000025327
      351.0000000000        0.0001068144        0.0000026451
      352.0000000000        0.0001095187        0.0000027648
      353.0000000000        0.0001123467        0.0000028925
      354.0000000000        0.0001153067        0.0000030289
      355.0000000000        0.0001184076        0.0000031746
      356.0000000000        0.0001216593        0.0000033307
      357.0000000000        0.0001250727        0.0000034980
      358.0000000000        0.0001286594        0.0000036776
      359.0000000000        0.0001324323        0.0000038707
      360.0000000000        0.0001364057        0.0000040787
      361.0000000000        0.0001405951        0.0000043030
      362.0000000000        0.0001450177        0.0000045454
      363.0000000000        0.0001496925        0.0000048078
      364.0000000000        0.0001546406        0.0000050922
      365.0000000000        0.0001598852        0.0000054013
      366.0000000000        0.0001654523        0.0000057377
      367.0000000000        0.0001713709        0.0000061047
      368.0000000000        0.0001776731        0.0000065058
      369.0000000000        0.0001843953        0.0000069453
      370.0000000000        0.0001915780        0.0000074278
      371.0000000000        0.0001992671        0.0000079590
      372.0000000000        0.0002075144        0.0000085453
      373.0000000000        0.0002163786        0.0000091940
      374.0000000000        0.0002259262        0.0000099140
      375.0000000000        0.0002362336        0.0000107152
      376.0000000000        0.0002473878        0.0000116098
      377.0000000000        0.0002594891        0.0000126119
      378.0000000000        0.0002726531        0.0000137383
      379.0000000000        0.0002870138        0.0000150090
      380.0000000000        0.0003027272        0.0000164481
      381.0000000000        0.0003199757        0.0000180846
      382.0000000000        0.0003389738        0.0000199537
      383.0000000000        0.0003599748        0.0000220983
      384.0000000000        0.0003832796        0.0000245711
      385.0000000000        0.0004092480        0.0000274375
      386.0000000000        0.0004383127        0.0000307787
      387.0000000000        0.0004709976        0.0000346969
      388.0000000000        0.0005079415        0.0000393213
      389.0000000000        0.0005499301        0.0000448171
      390.0000000000        0.0005979366        0.0000513974
      391.0000000000        0.0006531780        0.0000593397
      392.0000000000        0.0007171906        0.0000690096
      393.0000000000        0.0007919334        0.0000808937
      394.0000000000        0.0008799322        0.0000956483
      395.0000000000        0.0009844818        0.0001141693
      396.0000000000        0.0011099338        0.0001376957
      397.0000000000        0.0012621127        0.0001679647
      398.0000000000        0.0014489214        0.0002074437
      399.0000000000        0.0016812347        0.0002596788
      400.0000000000        0.0019742198        0.0003298127
      401.0000000000        0.0023492816        0.0004253201
      402.0000000000        0.0028368516        0.0005569423
      403.0000000000        0.0034800933        0.0007394738
      404.0000000000        0.0043387930        0.0009909165
      405.0000000000        0.0054897926        0.0013250889
      406.0000000000        0.0070117532        0.0017244598
      407.0000000000        0.0089231292        0.0020698360
      408.0000000000        0.0110284437        0.0020398519
      409.0000000000        0.0127295636        0.0012075147
      410.0000000000        0.0131954370       -0.0003318936
      411.0000000000        0.0121416567       -0.0016567822
      412.0000000000        0.0101803161       -0.0021219601
      413.0000000000        0.0081132748       -0.0019443756
      414.0000000000        0.0063604238       -0.0015513235
      415.0000000000        0.0050041249       -0.0011723048
      416.0000000000        0.0039886824       -0.0008727173
      417.0000000000        0.0032323473       -0.0006517359
      418.0000000000        0.0026647781       -0.0004921034
      419.0000000000        0.0022334148       -0.0003767915
      420.0000000000        0.0019008253       -0.0002927178
      421.0000000000        0.0016406922       -0.0002306004
      422.0000000000        0.0014344654       -0.0001840261
      423.0000000000        0.0012689444       -0.0001485831
      424.0000000000        0.0011346161       -0.0001212196
      425.0000000000        0.0010245301       -0.0000998020
      426.0000000000        0.0009335381       -0.0000828202
      427.0000000000        0.0008577754       -0.0000691908
      428.0000000000        0.0007943038       -0.0000581262
      429.0000000000        0.0007408632       -0.0000490460
      430.0000000000        0.0006956958       -0.0000415174
      431.0000000000        0.0006574209       -0.0000352137
      432.0000000000        0.0006249439       -0.0000298854
      433.0000000000        0.0005973898       -0.0000253397
      434.0000000000        0.0005740540       -0.0000214265
      435.0000000000        0.0005543656       -0.0000180275
      436.0000000000        0.0005378592       -0.0000150484
      437.0000000000        0.0005241541       -0.0000124138
      438.0000000000        0.0005129375       -0.0000100623
      439.0000000000        0.0005039520       -0.0000079439
      440.0000000000        0.0004969858       -0.0000060173
      441.0000000000        0.0004918650       -0.0000042480
      442.0000000000        0.0004884471       -0.0000026070
      443.0000000000        0.0004866166       -0.0000010695
      444.0000000000        0.0004862808        0.0000003858
      445.0000000000        0.0004873671        0.0000017775
      446.0000000000        0.0004898201        0.0000031220
      447.0000000000        0.0004936003        0.0000044343
      448.0000000000        0.0004986824        0.0000057278
      449.0000000000        0.0005050540        0.0000070154
      450.0000000000        0.0005127153        0.0000083090
      451.0000000000        0.0005216780        0.0000096204
      452.0000000000        0.0005319658        0.0000109610
      453.0000000000        0.0005732098        0.0000127144
      454.0000000000        0.0005866400        0.0000141558
      455.0000000000        0.0006015433        0.0000156628
      456.0000000000        0.0006179917        0.0000172484
      457.0000000000        0.0006360710        0.0000189270
      458.0000000000        0.0006558819        0.0000207141
      459.0000000000        0.0006775410        0.0000226266
      460.0000000000        0.0007011832        0.0000246836
      461.0000000000        0.0007269635        0.0000269064
      462.0000000000        0.0007550593        0.0000293189
      463.0000000000        0.0007856737        0.0000319486
      464.0000000000        0.0008190392        0.0000348266
      465.0000000000        0.0008554216        0.0000379891
      466.0000000000        0.0008951259        0.0000414777
      467.0000000000        0.0009385019        0.0000453411
      468.0000000000        0.0009859520        0.0000496362
      469.0000000000        0.0010379403        0.0000544298
      470.0000000000        0.0010950039        0.0000598010
      471.0000000000        0.0011577661        0.0000658440
      472.0000000000        0.0012269531        0.0000726711
      473.0000000000        0.0013034145        0.0000804176
      474.0000000000        0.0013881489        0.0000892469
      475.0000000000        0.0014823351        0.0000993580
      476.0000000000        0.0015873726        0.0001109944
      477.0000000000        0.0017049317        0.0001244566
      478.0000000000        0.0018370178        0.0001401178
      479.0000000000        0.0019860547        0.0001584450
      480.0000000000        0.0021549912        0.0001800276
      481.0000000000        0.0023474426        0.0002056156
      482.0000000000        0.0025678757        0.0002361729
      483.0000000000        0.0028218573        0.0002729497
      484.0000000000        0.0031163887        0.0003175849
      485.0000000000        0.0034603627        0.0003722513
      486.0000000000        0.0038651951        0.0004398634
      487.0000000000        0.0043457077        0.0005243790
      488.0000000000        0.0049213794        0.0006312439
      489.0000000000        0.0056181419        0.0007680507
      490.0000000000        0.0064709870        0.0009455272
      491.0000000000        0.0075277945        0.0011790222
      492.0000000000        0.0088549902        0.0014907244
      493.0000000000        0.0105459056        0.0019128915
      494.0000000000        0.0127329404        0.0024922073
      495.0000000000        0.0156043927        0.0032944615
      496.0000000000        0.0194246215        0.0044052440
      497.0000000000        0.0245472983        0.0059111386
      498.0000000000        0.0313830686        0.0078156298
      499.0000000000        0.0402104169        0.0097881105
      500.0000000000        0.0506104247        0.0106716167
      501.0000000000        0.0604672328        0.0083179990
      502.0000000000        0.0657483499        0.0016494478
      503.0000000000        0.0633920751       -0.0060765551
      504.0000000000        0.0548449705       -0.0102396781
      505.0000000000        0.0442830502       -0.0103787885
      506.0000000000        0.0347022362       -0.0086409586
      507.0000000000        0.0270780892       -0.0066359458
      508.0000000000        0.0213156038       -0.0049594068
      509.0000000000        0.0170193593       -0.0036982773
      510.0000000000        0.0138036833       -0.0027829013
      511.0000000000        0.0113686510       -0.0021228869
      512.0000000000        0.0094977653       -0.0016440069
      513.0000000000        0.0080384003       -0.0012923839
      514.0000000000        0.0068832034       -0.0010305285
      515.0000000000        0.0059561052       -0.0008326497
      516.0000000000        0.0052025663       -0.0006809612
      517.0000000000        0.0045829511       -0.0005630877
      518.0000000000        0.0040680508       -0.0004703162
      519.0000000000        0.0036360422       -0.0003964308
      520.0000000000        0.0032704049       -0.0003369378
      521.0000000000        0.0029584757       -0.0002885456
      522.0000000000        0.0026904342       -0.0002488120
      523.0000000000        0.0024585815       -0.0002159036
      524.0000000000        0.0022568198       -0.0001884278
      525.0000000000        0.0020802740       -0.0001653157
      526.0000000000        0.0019250120       -0.0001457385
      527.0000000000        0.0017878364       -0.0001290474
      528.0000000000        0.0016661272       -0.0001147300
      529.0000000000        0.0015577222       -0.0001023782
      530.0000000000        0.0014608254       -0.0000916646
      531.0000000000        0.0013739357       -0.0000823244
      532.0000000000        0.0012957911       -0.0000741419
      533.0000000000        0.0012253253       -0.0000669404
      534.0000000000        0.0011616322       -0.0000605741
      535.0000000000        0.0011039391       -0.0000549222
      536.0000000000        0.0010515835       -0.0000498838
      537.0000000000        0.0010039955       -0.0000453741
      538.0000000000        0.0009606829       -0.0000413219
      539.0000000000        0.0009212195       -0.0000376666
      540.0000000000        0.0008852347       -0.0000343568
      541.0000000000        0.0008524056       -0.0000313483
      542.0000000000        0.0008224503       -0.0000286033
      543.0000000000        0.0007951221       -0.0000260891
      544.0000000000        0.0007702048       -0.0000237771
      545.0000000000        0.0007475087       -0.0000216428
      546.0000000000        0.0007268673       -0.0000196642
      547.0000000000        0.0007081347       -0.0000178224
      548.0000000000        0.0006911827       -0.0000161003
      549.0000000000        0.0006758993       -0.0000144828
      550.0000000000        0.0006621867       -0.0000129565
      551.0000000000        0.0006499600       -0.0000115090
      552.0000000000        0.0006391461       -0.0000101294
      553.0000000000        0.0006296822       -0.0000088072
      554.0000000000        0.0006215155       -0.0000075333
      555.0000000000        0.0006146025       -0.0000062986
      556.0000000000        0.0006089081       -0.0000050949
      557.0000000000        0.0006044051       -0.0000039142
      558.0000000000        0.0006010746       -0.0000027487
      559.0000000000        0.0005989051       -0.0000015911
      560.0000000000        0.0005978924       -0.0000004336
      561.0000000000        0.0005980403        0.0000007312
      562.0000000000        0.0005993599        0.0000019111
      563.0000000000        0.0006018701        0.0000031140
      564.0000000000        0.0006055983        0.0000043483
      565.0000000000        0.0006105802        0.0000056229
      566.0000000000        0.0006168607        0.0000069473
      567.0000000000        0.0006244947        0.0000083318
      568.0000000000        0.0006335480        0.0000097877
      569.0000000000        0.0006440980        0.0000113274
      570.0000000000        0.0006480702        0.0000130668
      571.0000000000        0.0006620014        0.0000148158
      572.0000000000        0.0006777455        0.0000166959
      573.0000000000        0.0006954434        0.0000187269
      574.0000000000        0.0007152574        0.0000209320
      575.0000000000        0.0007373742        0.0000233375
      576.0000000000        0.0007620092        0.0000259739
      577.0000000000        0.0007894107        0.0000288767
      578.0000000000        0.0008198653        0.0000320877
      579.0000000000        0.0008537049        0.0000356556
      580.0000000000        0.0008913147        0.0000396384
      581.0000000000        0.0009331428        0.0000441048
      582.0000000000        0.0009797127        0.0000491371
      583.0000000000        0.0010316384        0.0000548342
      584.0000000000        0.0010896424        0.0000613158
      585.0000000000        0.0011545797        0.0000687276
      586.0000000000        0.0012274667        0.0000772481
      587.0000000000        0.0013095184        0.0000870978
      588.0000000000        0.0014021958        0.0000985505
      589.0000000000        0.0015072672        0.0001119496
      590.0000000000        0.0016268870        0.0001277286
      591.0000000000        0.0017637002        0.0001464402
      592.0000000000        0.0019209795        0.0001687951
      593.0000000000        0.0021028093        0.0001957166
      594.0000000000        0.0023143347        0.0002284172
      595.0000000000        0.0025621006        0.0002685065
      596.0000000000        0.0028545231        0.0003181474
      597.0000000000        0.0032025479        0.0003802822
      598.0000000000        0.0036205865        0.0004589669
      599.0000000000        0.0041278613        0.0005598673
      600.0000000000        0.0047503616        0.0006910029
      601.0000000000        0.0055237203        0.0008638667
      602.0000000000        0.0064974662        0.0010950924
      603.0000000000        0.0077413020        0.0014088655
      604.0000000000        0.0093541985        0.0018401181
      605.0000000000        0.0114768284        0.0024377434
      606.0000000000        0.0143059115        0.0032641078
      607.0000000000        0.0181015024        0.0043778590
      608.0000000000        0.0231548026        0.0057627783
      609.0000000000        0.0296268598        0.0071252582
      610.0000000000        0.0370963029        0.0075316929
      611.0000000000        0.0438404149        0.0054190574
      612.0000000000        0.0469056260        0.0003547351
      613.0000000000        0.0444685596       -0.0049393700
      614.0000000000        0.0380023550       -0.0074434841
      615.0000000000        0.0304933535       -0.0072568340
      616.0000000000        0.0238550466       -0.0059441803
      617.0000000000        0.0186284825       -0.0045373137
      618.0000000000        0.0146917775       -0.0033867668
      619.0000000000        0.0117568473       -0.0025280662
      620.0000000000        0.0095566980       -0.0019061406
      621.0000000000        0.0078869434       -0.0014575694
      622.0000000000        0.0066008415       -0.0011316388
      623.0000000000        0.0055950695       -0.0008918688
      624.0000000000        0.0047969072       -0.0007129491
      625.0000000000        0.0041547493       -0.0005774718
      626.0000000000        0.0036315280       -0.0004734203
      627.0000000000        0.0032002516       -0.0003924210
      628.0000000000        0.0028409891       -0.0003285675
      629.0000000000        0.0025388210       -0.0002776387
      630.0000000000        0.0022824317       -0.0002365769
      631.0000000000        0.0020631325       -0.0002031384
      632.0000000000        0.0018741740       -0.0001756560
      633.0000000000        0.0017102565       -0.0001528756
      634.0000000000        0.0015671759       -0.0001338434
      635.0000000000        0.0014415664       -0.0001178264
      636.0000000000        0.0013307092       -0.0001042552
      637.0000000000        0.0012323903       -0.0000926839
      638.0000000000        0.0011447932       -0.0000827595
      639.0000000000        0.0010664165       -0.0000742011
      640.0000000000        0.0009960114       -0.0000667828
      641.0000000000        0.0009325323       -0.0000603217
      642.0000000000        0.0008750989       -0.0000546690
      643.0000000000        0.0008229657       -0.0000497027
      644.0000000000        0.0007754985       -0.0000453219
      645.0000000000        0.0007321548       -0.0000414431
      646.0000000000        0.0006924683       -0.0000379966
      647.0000000000        0.0006560370       -0.0000349239
      648.0000000000        0.0006225123       -0.0000321758
      649.0000000000        0.0005915911       -0.0000297106
      650.0000000000        0.0005630087       -0.0000274928
      651.0000000000        0.0005365331       -0.0000254922
      652.0000000000        0.0005119606       -0.0000236828
      653.0000000000        0.0004891113       -0.0000220423
      654.0000000000        0.0004678261       -0.0000205514
      655.0000000000        0.0004479641       -0.0000191935
      656.0000000000        0.0004293996       -0.0000179541
      657.0000000000        0.0004120207       -0.0000168204
      658.0000000000        0.0003957273       -0.0000157814
      659.0000000000        0.0003804297       -0.0000148274
      660.0000000000        0.0003660471       -0.0000139498
      661.0000000000        0.0003525071       -0.0000131412
      662.0000000000        0.0003397440       -0.0000123949
      663.0000000000        0.0002869887       -0.0000111989
      664.0000000000        0.0002761086       -0.0000105693
      665.0000000000        0.0002658346       -0.0000099860
      666.0000000000        0.0002561225       -0.0000094448
      667.0000000000        0.0002469322       -0.0000089419
      668.0000000000        0.0002382271       -0.0000084740
      669.0000000000        0.0002299735       -0.0000080382
      670.0000000000        0.0002221409       -0.0000076317
      671.0000000000        0.0002147011       -0.0000072521
      672.0000000000        0.0002076284       -0.0000068973
      673.0000000000        0.0002008990       -0.0000065651
      674.0000000000        0.0001944911       -0.0000062540
      675.0000000000        0.0001883846       -0.0000059622
      676.0000000000        0.0001825608       -0.0000056882
      677.0000000000        0.0001770027       -0.0000054307
      678.0000000000        0.0001716942       -0.0000051886
      679.0000000000        0.0001666208       -0.0000049606
      680.0000000000        0.0001617687       -0.0000047457
      681.0000000000        0.0001571253       -0.0000045431
      682.0000000000        0.0001526788       -0.0000043518
      683.0000000000        0.0001484182       -0.0000041711
      684.0000000000        0.0001443332       -0.0000040003
      685.0000000000        0.0001404145       -0.0000038386
      686.0000000000        0.0001366531       -0.0000036856
      687.0000000000        0.0001330407       -0.0000035405
      688.0000000000        0.0001295695       -0.0000034030
      689.0000000000        0.0001262323       -0.0000032725
      690.0000000000        0.0001230223       -0.0000031486
      691.0000000000        0.0001199331       -0.0000030308
      692.0000000000        0.0001169587       -0.0000029189
      693.0000000000        0.0001140935       -0.0000028124
      694.0000000000        0.0001113322       -0.0000027110
      695.0000000000        0.0001086699       -0.0000026144
      696.0000000000        0.0001061019       -0.0000025223
      697.0000000000        0.0001036238       -0.0000024346
      698.0000000000        0.0001012315       -0.0000023508
      699.0000000000        0.0000989210       -0.0000022708
      700.0000000000        0.0000966886       -0.0000021945
      701.0000000000        0.0000945309       -0.0000021215
      702.0000000000        0.0000924446       -0.0000020517
      703.0000000000        0.0000904266       -0.0000019849
      704.0000000000        0.0000884739       -0.0000019210
      705.0000000000        0.0000865837       -0.0000018598
      706.0000000000        0.0000847535       -0.0000018012
      707.0000000000        0.0000829806       -0.0000017450
      708.0000000000        0.0000812627       -0.0000016911
      709.0000000000        0.0000795976       -0.0000016394
      710.0000000000        0.0000779832       -0.0000015898
      711.0000000000        0.0000764173       -0.0000015422
      712.0000000000        0.0000748981       -0.0000014965
      713.0000000000        0.0000734238       -0.0000014525
      714.0000000000        0.0000719925       -0.0000014103
      715.0000000000        0.0000706026       -0.0000013697
      716.0000000000        0.0000692526       -0.0000013306
      717.0000000000        0.0000679410       -0.0000012930
      718.0000000000        0.0000666662       -0.0000012568
      719.0000000000        0.0000654270       -0.0000012219
      720.0000000000        0.0000642219       -0.0000011883
      721.0000000000        0.0000630499       -0.0000011560
      722.0000000000        0.0000619096       -0.0000011248
      723.0000000000        0.0000608000       -0.0000010947
      724.0000000000        0.0000597199       -0.0000010656
      725.0000000000        0.0000586684       -0.0000010376
      726.0000000000        0.0000576443       -0.0000010106
      727.0000000000        0.0000566468       -0.0000009845
      728.0000000000        0.0000556750       -0.0000009593
      729.0000000000        0.0000547280       -0.0000009349
      730.0000000000        0.0000538049       -0.0000009114
      731.0000000000        0.0000529050       -0.0000008886
      732.0000000000        0.0000520275       -0.0000008666
      733.0000000000        0.0000511716       -0.0000008453
      734.0000000000        0.0000503366       -0.0000008247
      735.0000000000        0.0000495219       -0.0000008048
      736.0000000000        0.0000487268       -0.0000007855
      737.0000000000        0.0000479507       -0.0000007668
      738.0000000000        0.0000471930       -0.0000007487
      739.0000000000        0.0000464531       -0.0000007312
      740.0000000000        0.0000457305       -0.0000007142
      741.0000000000        0.0000450246       -0.0000006977
      742.0000000000        0.0000443349       -0.0000006817
      743.0000000000        0.0000436610       -0.0000006663
      744.0000000000        0.0000430022       -0.0000006513
      745.0000000000        0.0000423583       -0.0000006367
      746.0000000000        0.0000417287       -0.0000006225
      747.0000000000        0.0000411131       -0.0000006088
      748.0000000000        0.0000405109       -0.0000005955
      749.0000000000        0.0000399219       -0.0000005826
      750.0000000000        0.0000393457       -0.0000005700
      751.0000000000        0.0000387818       -0.0000005578
      752.0000000000        0.0000382300       -0.0000005459
      753.0000000000        0.0000376898       -0.0000005344
      754.0000000000        0.0000371611       -0.0000005232
      755.0000000000        0.0000366433       -0.0000005123
      756.0000000000        0.0000361363       -0.0000005017
      757.0000000000        0.0000356398       -0.0000004914
      758.0000000000        0.0000351534       -0.0000004814
      759.0000000000        0.0000346769       -0.0000004716
      760.0000000000        0.0000342100       -0.0000004622
      761.0000000000        0.0000337525       -0.0000004529
      762.0000000000        0.0000333041       -0.0000004439
      763.0000000000        0.0000328646       -0.0000004352
      764.0000000000        0.0000324337       -0.0000004266
      765.0000000000        0.0000320113       -0.0000004183
      766.0000000000        0.0000315970       -0.0000004102
      767.0000000000        0.0000311907       -0.0000004024
      768.0000000000        0.0000307922       -0.0000003947
      769.0000000000        0.0000304013       -0.0000003872
      770.0000000000        0.0000300178       -0.0000003799
      771.0000000000        0.0000296415       -0.0000003728
      772.0000000000        0.0000292723       -0.0000003658
      773.0000000000        0.0000000000        0.0000000000
      774.0000000000        0.0000000000        0.0000000000
      775.0000000000        0.0000000000        0.0000000000
      776.0000000000        0.0000000000        0.0000000000
      777.0000000000        0.0000000000        0.0000000000
      778.0000000000        0.0000000000        0.0000000000
      779.0000000000        0.0000000000        0.0000000000
      780.0000000000        0.0000000000        0.0000000000
      781.0000000000        0.0000000000        0.0000000000
      782.0000000000        0.0003078048        0.0000038666
      783.0000000000        0.0003117081        0.0000039403
      784.0000000000        0.0003156861        0.0000040160
      785.0000000000        0.0003197408        0.0000040936
      786.0000000000        0.0003238740        0.0000041732
      787.0000000000        0.0003280879        0.0000042549
      788.0000000000        0.0003323845        0.0000043387
      789.0000000000        0.0003367661        0.0000044248
      790.0000000000        0.0003412349        0.0000045131
      791.0000000000        0.0003457932        0.0000046039
      792.0000000000        0.0003504434        0.0000046970
      793.0000000000        0.0003551881        0.0000047927
      794.0000000000        0.0003600297        0.0000048910
      795.0000000000        0.0003649710        0.0000049920
      796.0000000000        0.0003700147        0.0000050958
      797.0000000000        0.0003751636        0.0000052025
      798.0000000000        0.0003804207        0.0000053122
      799.0000000000        0.0003857891        0.0000054251
      800.0000000000        0.0003912719        0.0000055411
      801.0000000000        0.0003968724        0.0000056604
      802.0000000000        0.0004025940        0.0000057833
      803.0000000000        0.0004084401        0.0000059096
      804.0000000000        0.0004144145        0.0000060397
      805.0000000000        0.0004205209        0.0000061737
      806.0000000000        0.0004267632        0.0000063116
      807.0000000000        0.0004331455        0.0000064537
      808.0000000000        0.0004396720        0.0000066001
      809.0000000000        0.0004463471        0.0000067509
      810.0000000000        0.0004531754        0.0000069063
      811.0000000000        0.0004601614        0.0000070666
      812.0000000000        0.0004673102        0.0000072319
      813.0000000000        0.0004746269        0.0000074023
      814.0000000000        0.0004821167        0.0000075782
      815.0000000000        0.0004897851        0.0000077596
      816.0000000000        0.0004976379        0.0000079469
      817.0000000000        0.0005056810        0.0000081403
      818.0000000000        0.0005139206        0.0000083400
      819.0000000000        0.0005223632        0.0000085463
      820.0000000000        0.0005310155        0.0000087594
      821.0000000000        0.0005398844        0.0000089797
      822.0000000000        0.0005489773        0.0000092074
      823.0000000000        0.0005583018        0.0000094429
      824.0000000000        0.0005678658        0.0000096865
      825.0000000000        0.0005776776        0.0000099385
      826.0000000000        0.0005877458        0.0000101994
      827.0000000000        0.0005980794        0.0000104694
      828.0000000000        0.0006086879        0.0000107491
      829.0000000000        0.0006195810        0.0000110388
      830.0000000000        0.0006307690        0.0000113390
      831.0000000000        0.0006422626        0.0000116502
      832.0000000000        0.0006540732        0.0000119729
      833.0000000000        0.0006662124        0.0000123076
      834.0000000000        0.0006786926        0.0000126549
      835.0000000000        0.0006915266        0.0000130154
      836.0000000000        0.0007047279        0.0000133896
      837.0000000000        0.0007183107        0.0000137784
      838.0000000000        0.0007322898        0.0000141824
      839.0000000000        0.0007466808        0.0000146023
      840.0000000000        0.0007614999        0.0000150389
      841.0000000000        0.0007767645        0.0000154931
      842.0000000000        0.0007924923        0.0000159658
      843.0000000000        0.0008087025        0.0000164579
      844.0000000000        0.0008254149        0.0000169704
      845.0000000000        0.0008426504        0.0000175044
      846.0000000000        0.0008604311        0.0000180610
      847.0000000000        0.0008787803        0.0000186414
      848.0000000000        0.0008977224        0.0000192470
      849.0000000000        0.0009172832        0.0000198791
      850.0000000000        0.0009374900        0.0000205392
      851.0000000000        0.0009583714        0.0000212287
      852.0000000000        0.0009799579        0.0000219495
      853.0000000000        0.0010022814        0.0000227033
      854.0000000000        0.0010253761        0.0000234919
      855.0000000000        0.0010492776        0.0000243175
      856.0000000000        0.0010740241        0.0000251822
      857.0000000000        0.0010996557        0.0000260883
      858.0000000000        0.0011262153        0.0000270384
      859.0000000000        0.0011537481        0.0000280351
      860.0000000000        0.0011823021        0.0000290815
      861.0000000000        0.0012119286        0.0000301805
      862.0000000000        0.0012426817        0.0000313355
      863.0000000000        0.0012746194        0.0000325502
      864.0000000000        0.0013078032        0.0000338284
      865.0000000000        0.0013422988        0.0000351743
      866.0000000000        0.0013781760        0.0000365926
      867.0000000000        0.0014155097        0.0000380880
      868.0000000000        0.0014543796        0.0000396660
      869.0000000000        0.0014948711        0.0000413323
      870.0000000000        0.0015370757        0.0000430931
      871.0000000000        0.0015810912        0.0000449553
      872.0000000000        0.0016270225        0.0000469262
      873.0000000000        0.0016749825        0.0000490139
      874.0000000000        0.0017250921        0.0000512271
      875.0000000000        0.0017774816        0.0000535754
      876.0000000000        0.0018322914        0.0000560693
      877.0000000000        0.0018896725        0.0000587202
      878.0000000000        0.0019497882        0.0000615406
      879.0000000000        0.0020128148        0.0000645443
      880.0000000000        0.0020789430        0.0000677465
      881.0000000000        0.0021483794        0.0000711636
      882.0000000000        0.0022213480        0.0000748142
      883.0000000000        0.0022980922        0.0000787183
      884.0000000000        0.0023788766        0.0000828984
      885.0000000000        0.0024639894        0.0000873793
      886.0000000000        0.0025537446        0.0000921884
      887.0000000000        0.0026484858        0.0000973563
      888.0000000000        0.0027485882        0.0001029171
      889.0000000000        0.0028544635        0.0001089086
      890.0000000000        0.0029665631        0.0001153734
      891.0000000000        0.0030853838        0.0001223589
      892.0000000000        0.0032114723        0.0001299187
      893.0000000000        0.0033454325        0.0001381127
      894.0000000000        0.0034879317        0.0001470088
      895.0000000000        0.0036397095        0.0001566835
      896.0000000000        0.0038015871        0.0001672238
      897.0000000000        0.0039744783        0.0001787282
      898.0000000000        0.0043641481        0.0001938680
      899.0000000000        0.0045648272        0.0002077030
      900.0000000000        0.0047800051        0.0002228917
      901.0000000000        0.0050111182        0.0002396038
      902.0000000000        0.0052597853        0.0002580347
      903.0000000000        0.0055278356        0.0002784107
      904.0000000000        0.0058173422        0.0003009946
      905.0000000000        0.0061306624        0.0003260929
      906.0000000000        0.0064704851        0.0003540644
      907.0000000000        0.0068398886        0.0003853307
      908.0000000000        0.0072424096        0.0004203895
      909.0000000000        0.0076821273        0.0004598312
      910.0000000000        0.0081637659        0.0005043592
      911.0000000000        0.0086928199        0.0005548158
      912.0000000000        0.0092757094        0.0006122154
      913.0000000000        0.0099199716        0.0006777864
      914.0000000000        0.0106345010        0.0007530251
      915.0000000000        0.0114298511        0.0008397661
      916.0000000000        0.0123186160        0.0009402739
      917.0000000000        0.0133159184        0.0010573638
      918.0000000000        0.0144400364        0.0011945627
      919.0000000000        0.0157132183        0.0013563252
      920.0000000000        0.0171627486        0.0015483264
      921.0000000000        0.0188223591        0.0017778635
      922.0000000000        0.0207341137        0.0020544126
      923.0000000000        0.0229509556        0.0023904093
      924.0000000000        0.0255401868        0.0028023555
      925.0000000000        0.0285882824        0.0033124107
      926.0000000000        0.0322076300        0.0039507042
      927.0000000000        0.0365460916        0.0047587383
      928.0000000000        0.0418007366        0.0057944481
      929.0000000000        0.0482378112        0.0071397869
      930.0000000000        0.0562220727        0.0089121294
      931.0000000000        0.0662601635        0.0112812857
      932.0000000000        0.0790646649        0.0144941527
      933.0000000000        0.0956470354        0.0189076104
      934.0000000000        0.1174452676        0.0250224873
      935.0000000000        0.1464733419        0.0334824823
      936.0000000000        0.1854058785        0.0449105919
      937.0000000000        0.2372801229        0.0592137271
      938.0000000000        0.3039234473        0.0735683676
      939.0000000000        0.3814400818        0.0786850498
      940.0000000000        0.4527374211        0.0583916861
      941.0000000000        0.4873447972        0.0068429571
      942.0000000000        0.4648653188       -0.0491084792
      943.0000000000        0.3989818485       -0.0769106572
      944.0000000000        0.3207856923       -0.0760162391
      945.0000000000        0.2510269925       -0.0626214616
      946.0000000000        0.1959005677       -0.0478980244
      947.0000000000        0.1543327661       -0.0357632578
      948.0000000000        0.1233470040       -0.0266817685
      949.0000000000        0.1001356934       -0.0200995563
      950.0000000000        0.0825377384       -0.0153527683
      951.0000000000        0.0689986452       -0.0119056344
      952.0000000000        0.0584234329       -0.0093715421
      953.0000000000        0.0500416346       -0.0074819872
      954.0000000000        0.0433067998       -0.0060522839
      955.0000000000        0.0378266845       -0.0049549932
      956.0000000000        0.0333158798       -0.0041013601
      957.0000000000        0.0295637942       -0.0034288225
      958.0000000000        0.0264128985       -0.0028926982
      959.0000000000        0.0237438016       -0.0024606454
      960.0000000000        0.0214648901       -0.0021089459
      961.0000000000        0.0195050448       -0.0018199851
      962.0000000000        0.0178084550       -0.0015805234
      963.0000000000        0.0163308786       -0.0013804966
      964.0000000000        0.0150369135       -0.0012121719
      965.0000000000        0.0138979820       -0.0010695485
      966.0000000000        0.0128908272       -0.0009479254
      967.0000000000        0.0119963779       -0.0008435874
      968.0000000000        0.0111988840       -0.0007535739
      969.0000000000        0.0104852527       -0.0006755074
      970.0000000000        0.0098445320       -0.0006074643
      971.0000000000        0.0092675082       -0.0005478778
      972.0000000000        0.0087463882       -0.0004954632
      973.0000000000        0.0082745465       -0.0004491606
      974.0000000000        0.0078463243       -0.0004080906
      975.0000000000        0.0074568669       -0.0003715194
      976.0000000000        0.0071019921       -0.0003388315
      977.0000000000        0.0067780834       -0.0003095078
      978.0000000000        0.0064820023       -0.0002831090
      979.0000000000        0.0062110159       -0.0002592607
      980.0000000000        0.0059627377       -0.0002376433
      981.0000000000        0.0057350777       -0.0002179821
      982.0000000000        0.0055262008       -0.0002000403
      983.0000000000        0.0053344926       -0.0001836129
      984.0000000000        0.0051585299       -0.0001685217
      985.0000000000        0.0049970560       -0.0001546110
      986.0000000000        0.0048489601       -0.0001417443
      987.0000000000        0.0047132596       -0.0001298016
      988.0000000000        0.0045890845       -0.0001186766
      989.0000000000        0.0044756655       -0.0001082748
      990.0000000000        0.0043723220       -0.0000985120
      991.0000000000        0.0042784538       -0.0000893126
      992.0000000000        0.0041935319       -0.0000806083
      993.0000000000        0.0041170929       -0.0000723371
      994.0000000000        0.0040487323       -0.0000644425
      995.0000000000        0.0039880998       -0.0000568724
      996.0000000000        0.0039348955       -0.0000495783
      997.0000000000        0.0038888662       -0.0000425153
      998.0000000000        0.0038498022       -0.0000356405
      999.0000000000        0.0038175360       -0.0000289133
     1000.0000000000        0.0037919395       -0.0000222945
     1001.0000000000        0.0037729235       -0.0000157460
     1002.0000000000        0.0037604366       -0.0000092300
     1003.0000000000        0.0037544651       -0.0000027091
     1004.0000000000        0.0037550327        0.0000038547
     1005.0000000000        0.0037622016        0.0000105001
     1006.0000000000        0.0037760734        0.0000172672
     1007.0000000000        0.0037967905        0.0000241978
     1008.0000000000        0.0038245383        0.0000313363
     1009.0000000000        0.0038595480        0.0000387298
     1010.0000000000        0.0039020999        0.0000464295
     1011.0000000000        0.0039525274        0.0000544906
     1012.0000000000        0.0040112218        0.0000629741
     1013.0000000000        0.0040786386        0.0000719470
     1014.0000000000        0.0041553039        0.0000814843
     1015.0000000000        0.0042418230        0.0000916694
     1016.0000000000        0.0043388900        0.0001025968
     1017.0000000000        0.0044472995        0.0001143733
     1018.0000000000        0.0045679600        0.0001271205
     1019.0000000000        0.0047019102        0.0001409776
     1020.0000000000        0.0048503384        0.0001561051
     1021.0000000000        0.0050146051        0.0001726880
     1022.0000000000        0.0051962708        0.0001909415
     1023.0000000000        0.0053971283        0.0002111169
     1024.0000000000        0.0056192427        0.0002335086
     1025.0000000000        0.0058649994        0.0002584640
     1026.0000000000        0.0061371616        0.0002863944
     1027.0000000000        0.0064389421        0.0003177897
     1028.0000000000        0.0067740901        0.0003532363
     1029.0000000000        0.0071469989        0.0003934406
     1030.0000000000        0.0075628402        0.0004392580
     1031.0000000000        0.0080277310        0.0004917314
     1032.0000000000        0.0085489448        0.0005521400
     1033.0000000000        0.0091351787        0.0006220643
     1034.0000000000        0.0097968953        0.0007034709
     1035.0000000000        0.0105467631        0.0007988268
     1036.0000000000        0.0114002291        0.0009112516
     1037.0000000000        0.0123762700        0.0010447252
     1038.0000000000        0.0134983875        0.0012043735
     1039.0000000000        0.0147959412        0.0013968635
     1040.0000000000        0.0163059520        0.0016309607
     1041.0000000000        0.0180755723        0.0019183192
     1042.0000000000        0.0201655092        0.0022746208
     1043.0000000000        0.0226548289        0.0027212338
     1044.0000000000        0.0256477856        0.0032876584
     1045.0000000000        0.0292836530        0.0040151691
     1046.0000000000        0.0337510463        0.0049622801
     1047.0000000000        0.0393089910        0.0062129584
     1048.0000000000        0.0463180927        0.0078888421
     1049.0000000000        0.0552864969        0.0101667869
     1050.0000000000        0.0669361902        0.0133017096
     1051.0000000000        0.0822925879        0.0176480499
     1052.0000000000        0.1027840648        0.0236492710
     1053.0000000000        0.1302770860        0.0316912434
     1054.0000000000        0.1667874101        0.0415288148
     1055.0000000000        0.2131744192        0.0507197124
     1056.0000000000        0.2656737652        0.0520626466
     1057.0000000000        0.3109316243        0.0346103900
     1058.0000000000        0.3280611920       -0.0023876451
     1059.0000000000        0.3066990803       -0.0378521763
     1060.0000000000        0.2595460063       -0.0526919464
     1061.0000000000        0.2072699302       -0.0498824580
     1062.0000000000        0.1619514763       -0.0403592343
     1063.0000000000        0.1265563314       -0.0306683142
     1064.0000000000        0.0999637421       -0.0228721047
     1065.0000000000        0.0801371196       -0.0170869218
     1066.0000000000        0.0652562693       -0.0129030327
     1067.0000000000        0.0539439342       -0.0098840125
     1068.0000000000        0.0452151606       -0.0076875708
     1069.0000000000        0.0383769610       -0.0060691217
     1070.0000000000        0.0329412822       -0.0048593161
     1071.0000000000        0.0285613308       -0.0039416834
     1072.0000000000        0.0249876133       -0.0032357527
     1073.0000000000        0.0220381550       -0.0026853728
     1074.0000000000        0.0195783627       -0.0022508769
     1075.0000000000        0.0175073235       -0.0019038697
     1076.0000000000        0.0157483865       -0.0016237520
     1077.0000000000        0.0142426118       -0.0013953843
     1078.0000000000        0.0129441542       -0.0012074992
     1079.0000000000        0.0118169697       -0.0010516117
     1080.0000000000        0.0108324353       -0.0009212596
     1081.0000000000        0.0099676087       -0.0008114692
     1082.0000000000        0.0092039407       -0.0007183747
     1083.0000000000        0.0085263121       -0.0006389429
     1084.0000000000        0.0079223061       -0.0005707735
     1085.0000000000        0.0073816535       -0.0005119513
     1086.0000000000        0.0068958043       -0.0004609364
     1087.0000000000        0.0064575964       -0.0004164818
     1088.0000000000        0.0062705702       -0.0003749495
     1089.0000000000        0.0059131085       -0.0003406973
     1090.0000000000        0.0055878373       -0.0003104640
     1091.0000000000        0.0052910325       -0.0002836776
     1092.0000000000        0.0050194931       -0.0002598606
     1093.0000000000        0.0047704557       -0.0002386125
     1094.0000000000        0.0045415251       -0.0002195954
     1095.0000000000        0.0043306169       -0.0002025235
     1096.0000000000        0.0041359111       -0.0001871534
     1097.0000000000        0.0039558125       -0.0001732772
     1098.0000000000        0.0037889184       -0.0001607168
     1099.0000000000        0.0036339916       -0.0001493187
     1100.0000000000        0.0034899378       -0.0001389504
     1101.0000000000        0.0033557860       -0.0001294971
     1102.0000000000        0.0029296182       -0.0001171187
     1103.0000000000        0.0028164775       -0.0001092770
     1104.0000000000        0.0027108476       -0.0001020853
     1105.0000000000        0.0026121127       -0.0000954766
     1106.0000000000        0.0025197197       -0.0000893921
     1107.0000000000        0.0024331710       -0.0000837799
     1108.0000000000        0.0023520178       -0.0000785940
     1109.0000000000        0.0022758545       -0.0000737938
     1110.0000000000        0.0022862696       -0.0000683130
     1111.0000000000        0.0022200584       -0.0000641597
     1112.0000000000        0.0022586439       -0.0000590308
     1113.0000000000        0.0022014476       -0.0000554033
     1114.0000000000        0.0021477579       -0.0000520141
     1115.0000000000        0.0020973469       -0.0000488424
     1116.0000000000        0.0020500069       -0.0000458695
     1117.0000000000        0.0020055474       -0.0000430784
     1118.0000000000        0.0019637946       -0.0000404539
     1119.0000000000        0.0019245887       -0.0000379822
     1120.0000000000        0.0018877835       -0.0000356506
     1121.0000000000        0.0018532446       -0.0000334478
     1122.0000000000        0.0018208485       -0.0000313633
     1123.0000000000        0.0017904817       -0.0000293876
     1124.0000000000        0.0017620398       -0.0000275121
     1125.0000000000        0.0017354268       -0.0000257288
     1126.0000000000        0.0017105540       -0.0000240304
     1127.0000000000        0.0016873400       -0.0000224101
     1128.0000000000        0.0016657097       -0.0000208619
     1129.0000000000        0.0016455941       -0.0000193799
     1130.0000000000        0.0016269296       -0.0000179589
     1131.0000000000        0.0016096575       -0.0000165941
     1132.0000000000        0.0015937242       -0.0000152809
     1133.0000000000        0.0015790800       -0.0000140150
     1134.0000000000        0.0015656798       -0.0000127925
     1135.0000000000        0.0015534819       -0.0000116097
     1136.0000000000        0.0015424483       -0.0000104632
     1137.0000000000        0.0015325445       -0.0000093497
     1138.0000000000        0.0015237390       -0.0000082661
     1139.0000000000        0.0015160033       -0.0000072097
     1140.0000000000        0.0015093116       -0.0000061775
     1141.0000000000        0.0015036410       -0.0000051671
     1142.0000000000        0.0014989711       -0.0000041758
     1143.0000000000        0.0014952837       -0.0000032015
     1144.0000000000        0.0014925633       -0.0000022416
     1145.0000000000        0.0014907964       -0.0000012942
     1146.0000000000        0.0014899716       -0.0000003569
     1147.0000000000        0.0014900798        0.0000005722
     1148.0000000000        0.0014911140        0.0000014952
     1149.0000000000        0.0014930689        0.0000024141
     1150.0000000000        0.0014959415        0.0000033309
     1151.0000000000        0.0014997305        0.0000042474
     1152.0000000000        0.0015044368        0.0000051655
     1153.0000000000        0.0015100628        0.0000060874
     1154.0000000000        0.0015166133        0.0000070147
     1155.0000000000        0.0015240947        0.0000079495
     1156.0000000000        0.0015325155        0.0000088937
     1157.0000000000        0.0015418860        0.0000098494
     1158.0000000000        0.0015522187        0.0000108185
     1159.0000000000        0.0015635281        0.0000118031
     1160.0000000000        0.0015758307        0.0000128053
     1161.0000000000        0.0015891454        0.0000138274
     1162.0000000000        0.0016034930        0.0000148717
     1163.0000000000        0.0016188968        0.0000159404
     1164.0000000000        0.0016353827        0.0000170361
     1165.0000000000        0.0016529788        0.0000181613
     1166.0000000000        0.0016717161        0.0000193188
     1167.0000000000        0.0016916281        0.0000205114
     1168.0000000000        0.0017127515        0.0000217421
     1169.0000000000        0.0017351261        0.0000230141
     1170.0000000000        0.0017587946        0.0000243308
     1171.0000000000        0.0017838037        0.0000256957
     1172.0000000000        0.0018102034        0.0000271127
     1173.0000000000        0.0018380479        0.0000285859
     1174.0000000000        0.0018673953        0.0000301195
     1175.0000000000        0.0018983086        0.0000317183
     1176.0000000000        0.0019308553        0.0000333873
     1177.0000000000        0.0019651084        0.0000351319
     1178.0000000000        0.0020011463        0.0000369579
     1179.0000000000        0.0020390534        0.0000388715
     1180.0000000000        0.0020789208        0.0000408796
     1181.0000000000        0.0021208466        0.0000429895
     1182.0000000000        0.0021649365        0.0000452092
     1183.0000000000        0.0022113046        0.0000475473
     1184.0000000000        0.0022600738        0.0000500133
     1185.0000000000        0.0023113773        0.0000526175
     1186.0000000000        0.0023653586        0.0000553711
     1187.0000000000        0.0024221733        0.0000582863
     1188.0000000000        0.0024819896        0.0000613767
     1189.0000000000        0.0025449899        0.0000646570
     1190.0000000000        0.0026113723        0.0000681435
     1191.0000000000        0.0026813516        0.0000718542
     1192.0000000000        0.0027551618        0.0000758087
     1193.0000000000        0.0028330575        0.0000800289
     1194.0000000000        0.0029153163        0.0000845392
     1195.0000000000        0.0030022414        0.0000893663
     1196.0000000000        0.0030941644        0.0000945401
     1197.0000000000        0.0031914483        0.0001000941
     1198.0000000000        0.0032944916        0.0001060654
     1199.0000000000        0.0034037320        0.0001124957
     1200.0000000000        0.0035196516        0.0001194319
     1201.0000000000        0.0036427819        0.0001269265
     1202.0000000000        0.0037737105        0.0001350389
     1203.0000000000        0.0039130880        0.0001438363
     1204.0000000000        0.0040616366        0.0001533946
     1205.0000000000        0.0042201596        0.0001638004
     1206.0000000000        0.0043895526        0.0001751523
     1207.0000000000        0.0045708169        0.0001875630
     1208.0000000000        0.0047650745        0.0002011620
     1209.0000000000        0.0049735863        0.0002160981
     1210.0000000000        0.0051977734        0.0002325434
     1211.0000000000        0.0054392423        0.0002506973
     1212.0000000000        0.0056998146        0.0002707921
     1213.0000000000        0.0059815633        0.0002930989
     1214.0000000000        0.0062868553        0.0003179361
     1215.0000000000        0.0066184034        0.0003456789
     1216.0000000000        0.0069793289        0.0003767716
     1217.0000000000        0.0073732384        0.0004117430
     1218.0000000000        0.0075998684        0.0004537788
     1219.0000000000        0.0080755260        0.0004984866
     1220.0000000000        0.0085989042        0.0005493888
     1221.0000000000        0.0091767392        0.0006076063
     1222.0000000000        0.0098170096        0.0006745131
     1223.0000000000        0.0105292223        0.0007518046
     1224.0000000000        0.0113247772        0.0008415888
     1225.0000000000        0.0122174371        0.0009465072
     1226.0000000000        0.0132239388        0.0010698975
     1227.0000000000        0.0143647946        0.0012160155
     1228.0000000000        0.0156653537        0.0013903392
     1229.0000000000        0.0171572246        0.0015999916
     1230.0000000000        0.0188802004        0.0018543360
     1231.0000000000        0.0208848966        0.0021658219
     1232.0000000000        0.0232364100        0.0025512050
     1233.0000000000        0.0260194575        0.0030333261
     1234.0000000000        0.0293456875        0.0036437361
     1235.0000000000        0.0333642155        0.0044266088
     1236.0000000000        0.0382769851        0.0054446151
     1237.0000000000        0.0443613782        0.0067877430
     1238.0000000000        0.0520036614        0.0085863865
     1239.0000000000        0.0617482216        0.0110300027
     1240.0000000000        0.0743682436        0.0143909094
     1241.0000000000        0.0909599216        0.0190447786
     1242.0000000000        0.1130424925        0.0254512016
     1243.0000000000        0.1425743777        0.0339724977
     1244.0000000000        0.1815824071        0.0442003988
     1245.0000000000        0.2306251287        0.0531958251
     1246.0000000000        0.2849351355        0.0529043353
     1247.0000000000        0.3295365226        0.0323428852
     1248.0000000000        0.3431568238       -0.0066555608
     1249.0000000000        0.3179224529       -0.0408559926
     1250.0000000000        0.2690404987       -0.0531918831
     1251.0000000000        0.2171643303       -0.0487794174
     1252.0000000000        0.1733351647       -0.0385916053
     1253.0000000000        0.1398584311       -0.0286288862
     1254.0000000000        0.1154075527       -0.0206236836
     1255.0000000000        0.0979598687       -0.0145604542
     1256.0000000000        0.0857936158       -0.0099771542
     1257.0000000000        0.0776704798       -0.0064022826
     1258.0000000000        0.0727823632       -0.0034500898
     1259.0000000000        0.0706663077       -0.0008113045
     1260.0000000000        0.0711441626        0.0017804885
     1261.0000000000        0.0742978387        0.0045848380
     1262.0000000000        0.0804792278        0.0078870290
     1263.0000000000        0.0903477932        0.0120180188
     1264.0000000000        0.1049089787        0.0173260379
     1265.0000000000        0.1254594795        0.0239906560
     1266.0000000000        0.1531724586        0.0314382133
     1267.0000000000        0.1878047794        0.0371948630
     1268.0000000000        0.2253839470        0.0364478352
     1269.0000000000        0.2573295256        0.0258597282
     1270.0000000000        0.2747467315        0.0082188002
     1271.0000000000        0.2728034792       -0.0123386916
     1272.0000000000        0.2505854470       -0.0311391059
     1273.0000000000        0.2137853848       -0.0404514726
     1274.0000000000        0.1733631208       -0.0389811463
     1275.0000000000        0.1375673481       -0.0322149785
     1276.0000000000        0.1090957734       -0.0248548376
     1277.0000000000        0.0874242458       -0.0187446943
     1278.0000000000        0.0711012008       -0.0141358535
     1279.0000000000        0.0587378237       -0.0107701453
     1280.0000000000        0.0492549685       -0.0083245722
     1281.0000000000        0.0418709372       -0.0065347087
     1282.0000000000        0.0360317298       -0.0052082420
     1283.0000000000        0.0313452175       -0.0042108484
     1284.0000000000        0.0275316039       -0.0034496756
     1285.0000000000        0.0243887971       -0.0028603428
     1286.0000000000        0.0217688008       -0.0023977925
     1287.0000000000        0.0195616896       -0.0020301045
     1288.0000000000        0.0176846778       -0.0017343628
     1289.0000000000        0.0160745883       -0.0014938921
     1290.0000000000        0.0146826024       -0.0012963972
     1291.0000000000        0.0134705539       -0.0011326960
     1292.0000000000        0.0124082771       -0.0009958487
     1293.0000000000        0.0114716868       -0.0008805500
     1294.0000000000        0.0106413706       -0.0007827004
     1295.0000000000        0.0099015437       -0.0006991002
     1296.0000000000        0.0092392663       -0.0006272288
     1297.0000000000        0.0086438489       -0.0005650822
     1298.0000000000        0.0081063988       -0.0005110549
     1299.0000000000        0.0076194678       -0.0004638496
     1300.0000000000        0.0071767793       -0.0004224112
     1301.0000000000        0.0067730129       -0.0003858752
     1302.0000000000        0.0064036337       -0.0003535288
     1303.0000000000        0.0060647568       -0.0003247809
     1304.0000000000        0.0057530378       -0.0002991381
     1305.0000000000        0.0054655843       -0.0002761866
     1306.0000000000        0.0051998842       -0.0002555777
     1307.0000000000        0.0049537469       -0.0002370158
     1308.0000000000        0.0047252546       -0.0002202492
     1309.0000000000        0.0045127220       -0.0002050630
     1310.0000000000        0.0043146635       -0.0001912726
     1311.0000000000        0.0041297649       -0.0001787187
     1312.0000000000        0.0039568599       -0.0001672640
     1313.0000000000        0.0037949107       -0.0001567887
     1314.0000000000        0.0036429908       -0.0001471890
     1315.0000000000        0.0035002713       -0.0001383738
     1316.0000000000        0.0033660083       -0.0001302634
     1317.0000000000        0.0032395329       -0.0001227878
     1318.0000000000        0.0031202419       -0.0001158850
     1319.0000000000        0.0030075903       -0.0001095005
     1320.0000000000        0.0029010845       -0.0001035857
     1321.0000000000        0.0028002767       -0.0000980977
     1322.0000000000        0.0027047597       -0.0000929980
     1323.0000000000        0.0026141627       -0.0000882524
     1324.0000000000        0.0025281471       -0.0000838304
     1325.0000000000        0.0024464034       -0.0000797042
     1326.0000000000        0.0023686482       -0.0000758494
     1327.0000000000        0.0022946216       -0.0000722436
     1328.0000000000        0.0022240848       -0.0000688667
     1329.0000000000        0.0021568179       -0.0000657007
     1330.0000000000        0.0020926186       -0.0000627290
     1331.0000000000        0.0020313001       -0.0000599369
     1332.0000000000        0.0019726895       -0.0000573107
     1333.0000000000        0.0019166274       -0.0000548382
     1334.0000000000        0.0018629656       -0.0000525082
     1335.0000000000        0.0018115669       -0.0000503103
     1336.0000000000        0.0017623040       -0.0000482353
     1337.0000000000        0.0017150583       -0.0000462745
     1338.0000000000        0.0016697195       -0.0000444202
     1339.0000000000        0.0016261848       -0.0000426650
     1340.0000000000        0.0015843586       -0.0000410024
     1341.0000000000        0.0015441511       -0.0000394263
     1342.0000000000        0.0015054789       -0.0000379311
     1343.0000000000        0.0014682637       -0.0000365115
     1344.0000000000        0.0014324323       -0.0000351629
     1345.0000000000        0.0013979158       -0.0000338807
     1346.0000000000        0.0013646501       -0.0000326609
     1347.0000000000        0.0013325746       -0.0000314997
     1348.0000000000        0.0013016324       -0.0000303936
     1349.0000000000        0.0012717702       -0.0000293392
     1350.0000000000        0.0012429376       -0.0000283337
     1351.0000000000        0.0012150874       -0.0000273742
     1352.0000000000        0.0011881748       -0.0000264580
     1353.0000000000        0.0011621578       -0.0000255827
     1354.0000000000        0.0011369966       -0.0000247460
     1355.0000000000        0.0011126537       -0.0000239458
     1356.0000000000        0.0010890935       -0.0000231801
     1357.0000000000        0.0010662825       -0.0000224471
     1358.0000000000        0.0010441890       -0.0000217449
     1359.0000000000        0.0010227829       -0.0000210721
     1360.0000000000        0.0010020356       -0.0000204270
     1361.0000000000        0.0009819201       -0.0000198082
     1362.0000000000        0.0009624108       -0.0000192145
     1363.0000000000        0.0009434832       -0.0000186444
     1364.0000000000        0.0009251144       -0.0000180969
     1365.0000000000        0.0009072823       -0.0000175708
     1366.0000000000        0.0008899659       -0.0000170651
     1367.0000000000        0.0008731455       -0.0000165789
     1368.0000000000        0.0008568021       -0.0000161110
     1369.0000000000        0.0008409176       -0.0000156608
     1370.0000000000        0.0008254749       -0.0000152273
     1371.0000000000        0.0008409043       -0.0000144276
     1372.0000000000        0.0008266827       -0.0000140181
     1373.0000000000        0.0010456286       -0.0000107048
     1374.0000000000        0.0010351433       -0.0000102678
     1375.0000000000        0.0010250892       -0.0000098425
     1376.0000000000        0.0010154548       -0.0000094281
     1377.0000000000        0.0010062294       -0.0000090242
     1378.0000000000        0.0009974031       -0.0000086301
     1379.0000000000        0.0009889661       -0.0000082453
     1380.0000000000        0.0009809096       -0.0000078692
     1381.0000000000        0.0009732250       -0.0000075013
     1382.0000000000        0.0009659045       -0.0000071411
     1383.0000000000        0.0009589404       -0.0000067882
     1384.0000000000        0.0009523258       -0.0000064421
     1385.0000000000        0.0009460542       -0.0000061023
     1386.0000000000        0.0009401193       -0.0000057684
     1387.0000000000        0.0009345155       -0.0000054401
     1388.0000000000        0.0009292375       -0.0000051168
     1389.0000000000        0.0009242803       -0.0000047983
     1390.0000000000        0.0009196394       -0.0000044841
     1391.0000000000        0.0009153107       -0.0000041740
     1392.0000000000        0.0009112903       -0.0000038674
     1393.0000000000        0.0009075748       -0.0000035641
     1394.0000000000        0.0009041611       -0.0000032637
     1395.0000000000        0.0009010465       -0.0000029659
     1396.0000000000        0.0008982285       -0.0000026704
     1397.0000000000        0.0008957051       -0.0000023768
     1398.0000000000        0.0008934744       -0.0000020848
     1399.0000000000        0.0008915351       -0.0000017940
     1400.0000000000        0.0008898860       -0.0000015043
     1401.0000000000        0.0008885264       -0.0000012151
     1402.0000000000        0.0008874557       -0.0000009263
     1403.0000000000        0.0008866738       -0.0000006375
     1404.0000000000        0.0008861808       -0.0000003483
     1405.0000000000        0.0008859773       -0.0000000586
     1406.0000000000        0.0008860640        0.0000002322
     1407.0000000000        0.0008864421        0.0000005242
     1408.0000000000        0.0006784708        0.0000034213
     1409.0000000000        0.0006820156        0.0000036688
     1410.0000000000        0.0006858096        0.0000039197
     1411.0000000000        0.0006898563        0.0000041744
     1412.0000000000        0.0006941599        0.0000044333
     1413.0000000000        0.0006987244        0.0000046965
     1414.0000000000        0.0007035545        0.0000049645
     1415.0000000000        0.0007086551        0.0000052376
     1416.0000000000        0.0007140316        0.0000055163
     1417.0000000000        0.0007196896        0.0000058007
     1418.0000000000        0.0007256351        0.0000060914
     1419.0000000000        0.0007318746        0.0000063888
     1420.0000000000        0.0007384150        0.0000066932
     1421.0000000000        0.0007452636        0.0000070052
     1422.0000000000        0.0007524280        0.0000073251
     1423.0000000000        0.0007599165        0.0000076534
     1424.0000000000        0.0007677378        0.0000079907
     1425.0000000000        0.0007759011        0.0000083375
     1426.0000000000        0.0007844162        0.0000086944
     1427.0000000000        0.0007932934        0.0000090618
     1428.0000000000        0.0008025436        0.0000094405
     1429.0000000000        0.0008121784        0.0000098310
     1430.0000000000        0.0007421568        0.0000112283
     1431.0000000000        0.0007535830        0.0000116263
     1432.0000000000        0.0006659614        0.0000132771
     1433.0000000000        0.0006794396        0.0000136820
     1434.0000000000        0.0006933309        0.0000141035
     1435.0000000000        0.0007076525        0.0000145425
     1436.0000000000        0.0007797263        0.0000157183
     1437.0000000000        0.0007956882        0.0000162088
     1438.0000000000        0.0008121508        0.0000167200
     1439.0000000000        0.0008291355        0.0000172531
     1440.0000000000        0.0008466647        0.0000178093
     1441.0000000000        0.0008647622        0.0000183898
     1442.0000000000        0.0008834528        0.0000189959
     1443.0000000000        0.0009027631        0.0000196292
     1444.0000000000        0.0009227209        0.0000202912
     1445.0000000000        0.0009433556        0.0000209834
     1446.0000000000        0.0009646984        0.0000217078
     1447.0000000000        0.0009867824        0.0000224661
     1448.0000000000        0.0010096425        0.0000232603
     1449.0000000000        0.0010333158        0.0000240927
     1450.0000000000        0.0010578414        0.0000249656
     1451.0000000000        0.0010832612        0.0000258814
     1452.0000000000        0.0011096194        0.0000268429
     1453.0000000000        0.0011369632        0.0000278529
     1454.0000000000        0.0011653424        0.0000289146
     1455.0000000000        0.0011948106        0.0000300312
     1456.0000000000        0.0012254245        0.0000312066
     1457.0000000000        0.0012572446        0.0000324444
     1458.0000000000        0.0012903355        0.0000337490
     1459.0000000000        0.0013247664        0.0000351250
     1460.0000000000        0.0013606110        0.0000365773
     1461.0000000000        0.0013979483        0.0000381113
     1462.0000000000        0.0014368629        0.0000397329
     1463.0000000000        0.0014774453        0.0000414483
     1464.0000000000        0.0019140294        0.0000482164
     1465.0000000000        0.0022212061        0.0000534674
     1466.0000000000        0.0022757629        0.0000556669
     1467.0000000000        0.0023325832        0.0000579961
     1468.0000000000        0.0023918015        0.0000604648
     1469.0000000000        0.0024535628        0.0000630839
     1470.0000000000        0.0025180235        0.0000658655
     1471.0000000000        0.0025853524        0.0000688227
     1472.0000000000        0.0026557322        0.0000719698
     1473.0000000000        0.0027293607        0.0000753229
     1474.0000000000        0.0028064524        0.0000788993
     1475.0000000000        0.0028872402        0.0000827185
     1476.0000000000        0.0029719774        0.0000868019
     1477.0000000000        0.0030609400        0.0000911733
     1478.0000000000        0.0031544289        0.0000958591
     1479.0000000000        0.0032527729        0.0001008887
     1480.0000000000        0.0033563319        0.0001062949
     1481.0000000000        0.0034655004        0.0001121143
     1482.0000000000        0.0035807117        0.0001183878
     1483.0000000000        0.0037024426        0.0001251615
     1484.0000000000        0.0038312187        0.0001324872
     1485.0000000000        0.0039676204        0.0001404233
     1486.0000000000        0.0041122905        0.0001490356
     1487.0000000000        0.0042659419        0.0001583990
     1488.0000000000        0.0044293670        0.0001685982
     1489.0000000000        0.0046034491        0.0001797302
     1490.0000000000        0.0047891749        0.0001919053
     1491.0000000000        0.0049876495        0.0002052503
     1492.0000000000        0.0052001137        0.0002199107
     1493.0000000000        0.0054279650        0.0002360545
     1494.0000000000        0.0056727816        0.0002538760
     1495.0000000000        0.0059363511        0.0002736010
     1496.0000000000        0.0062207052        0.0002954927
     1497.0000000000        0.0065281607        0.0003198591
     1498.0000000000        0.0068613683        0.0003470624
     1499.0000000000        0.0072233728        0.0003775302
     1500.0000000000        0.0076176847        0.0004117694
     1501.0000000000        0.0080483688        0.0004503843
     1502.0000000000        0.0085201515        0.0004940988
     1503.0000000000        0.0090385548        0.0005437848
     1504.0000000000        0.0096100611        0.0006004984
     1505.0000000000        0.0102423199        0.0006655267
     1506.0000000000        0.0109444082        0.0007404484
     1507.0000000000        0.0117271594        0.0008272136
     1508.0000000000        0.0126035849        0.0009282477
     1509.0000000000        0.0135894161        0.0010465922
     1510.0000000000        0.0147038091        0.0011860913
     1511.0000000000        0.0159702690        0.0013516479
     1512.0000000000        0.0174178739        0.0015495738
     1513.0000000000        0.0190829139        0.0017880762
     1514.0000000000        0.0210111085        0.0020779416
     1515.0000000000        0.0232606435        0.0024335085
     1516.0000000000        0.0259063798        0.0028740674
     1517.0000000000        0.0290457604        0.0034259004
     1518.0000000000        0.0328072076        0.0041252882
     1519.0000000000        0.0373622075        0.0050229803
     1520.0000000000        0.0429428983        0.0061908818
     1521.0000000000        0.0498678851        0.0077320256
     1522.0000000000        0.0585802213        0.0097951610
     1523.0000000000        0.0697027442        0.0125949148
     1524.0000000000        0.0841157727        0.0164354506
     1525.0000000000        0.1030553706        0.0217236878
     1526.0000000000        0.1282011344        0.0289212121
     1527.0000000000        0.1616320930        0.0382942226
     1528.0000000000        0.2053253169        0.0492018224
     1529.0000000000        0.2596501472        0.0588410277
     1530.0000000000        0.3206295732        0.0612423124
     1531.0000000000        0.3767834897        0.0476085611
     1532.0000000000        0.4082800391        0.0119827555
     1533.0000000000        0.3974501711       -0.0328846627
     1534.0000000000        0.3484466571       -0.0608053995
     1535.0000000000        0.2841909388       -0.0643605011
     1536.0000000000        0.2240821222       -0.0547336713
     1537.0000000000        0.1755423808       -0.0424206872
     1538.0000000000        0.1386399944       -0.0317979565
     1539.0000000000        0.1110901963       -0.0237102631
     1540.0000000000        0.0904877866       -0.0178132204
     1541.0000000000        0.0749183733       -0.0135557910
     1542.0000000000        0.0629880860       -0.0104670548
     1543.0000000000        0.0537113804       -0.0082004542
     1544.0000000000        0.0463947578       -0.0065135986
     1545.0000000000        0.0405471749       -0.0052394677
     1546.0000000000        0.0358170226       -0.0042628846
     1547.0000000000        0.0319491743       -0.0035037730
     1548.0000000000        0.0287559368       -0.0029058109
     1549.0000000000        0.0260973358       -0.0024288639
     1550.0000000000        0.0238676180       -0.0020439446
     1551.0000000000        0.0219859033       -0.0017298355
     1552.0000000000        0.0203896309       -0.0014708036
     1553.0000000000        0.0190299054       -0.0012550369
     1554.0000000000        0.0178681500       -0.0010735601
     1555.0000000000        0.0168736715       -0.0009194753
     1556.0000000000        0.0160218682       -0.0007874220
     1557.0000000000        0.0152928969       -0.0006731890
     1558.0000000000        0.0146706720       -0.0005734324
     1559.0000000000        0.0141421071       -0.0004854676
     1560.0000000000        0.0136965371       -0.0004071148
     1561.0000000000        0.0133252741       -0.0003365821
     1562.0000000000        0.0130212664       -0.0002723766
     1563.0000000000        0.0127788349       -0.0002132349
     1564.0000000000        0.0125934728       -0.0001580687
     1565.0000000000        0.0124616926       -0.0001059203
     1566.0000000000        0.0123809149       -0.0000559259
     1567.0000000000        0.0123493904       -0.0000072837
     1568.0000000000        0.0123661530        0.0000407750
     1569.0000000000        0.0124310004        0.0000890142
     1570.0000000000        0.0125445034        0.0001382211
     1571.0000000000        0.0127080449        0.0001892381
     1572.0000000000        0.0129238928        0.0002429991
     1573.0000000000        0.0131953121        0.0003005734
     1574.0000000000        0.0135267282        0.0003632224
     1575.0000000000        0.0139239535        0.0004324731
     1576.0000000000        0.0143945000        0.0005102170
     1577.0000000000        0.0149480082        0.0005988457
     1578.0000000000        0.0155968364        0.0007014409
     1579.0000000000        0.0163568774        0.0008220428
     1580.0000000000        0.0172486988        0.0009660379
     1581.0000000000        0.0182991539        0.0011407249
     1582.0000000000        0.0195436846        0.0013561507
     1583.0000000000        0.0210296522        0.0016263593
     1584.0000000000        0.0228212078        0.0019712658
     1585.0000000000        0.0250064737        0.0024194619
     1586.0000000000        0.0277081523        0.0030123309
     1587.0000000000        0.0310990349        0.0038097428
     1588.0000000000        0.0354238166        0.0048967002
     1589.0000000000        0.0410265733        0.0063867180
     1590.0000000000        0.0483741859        0.0084058034
     1591.0000000000        0.0580356296        0.0110071506
     1592.0000000000        0.0704944684        0.0138953333
     1593.0000000000        0.0855217119        0.0158118505
     1594.0000000000        0.1008845964        0.0140190594
     1595.0000000000        0.1114789595        0.0061894767
     1596.0000000000        0.1121882930       -0.0046855896
     1597.0000000000        0.1034462730       -0.0117605333
     1598.0000000000        0.0907226485       -0.0128477236
     1599.0000000000        0.0788654785       -0.0105671525
     1600.0000000000        0.0698337998       -0.0074941696
     1601.0000000000        0.0637673179       -0.0047227986
     1602.0000000000        0.0602118599       -0.0024718068
     1603.0000000000        0.0586776872       -0.0006574893
     1604.0000000000        0.0587993588        0.0008636911
     1605.0000000000        0.0603517642        0.0022241995
     1606.0000000000        0.0632314715        0.0035353712
     1607.0000000000        0.0674385250        0.0048944857
     1608.0000000000        0.0730676499        0.0063954887
     1609.0000000000        0.0803106042        0.0081404838
     1610.0000000000        0.0894705693        0.0102525419
     1611.0000000000        0.1009907276        0.0128916360
     1612.0000000000        0.1155013996        0.0162763371
     1613.0000000000        0.1338931840        0.0207147812
     1614.0000000000        0.1574274260        0.0266490442
     1615.0000000000        0.1878990791        0.0347155972
     1616.0000000000        0.2278658617        0.0458143235
     1617.0000000000        0.2809342209        0.0611386354
     1618.0000000000        0.3519920652        0.0819895134
     1619.0000000000        0.4469500362        0.1088416186
     1620.0000000000        0.5707015840        0.1384549308
     1621.0000000000        0.7206687512        0.1579698683
     1622.0000000000        0.8746477493        0.1415597112
     1623.0000000000        0.9846610737        0.0694375386
     1624.0000000000        1.0019893970       -0.0360546479
     1625.0000000000        0.9193508430       -0.1220231170
     1626.0000000000        0.7756990580       -0.1562832939
     1627.0000000000        0.6214697041       -0.1470451373
     1628.0000000000        0.4875245102       -0.1196713469
     1629.0000000000        0.3822795301       -0.0914431595
     1630.0000000000        0.3028277673       -0.0684736067
     1631.0000000000        0.2433811548       -0.0513120653
     1632.0000000000        0.1986372441       -0.0388488265
     1633.0000000000        0.1645386686       -0.0298296937
     1634.0000000000        0.1381669270       -0.0232529366
     1635.0000000000        0.1174616264       -0.0183969982
     1636.0000000000        0.1009682661       -0.0147601781
     1637.0000000000        0.0876513726       -0.0119965395
     1638.0000000000        0.0767647319       -0.0098666259
     1639.0000000000        0.0677631958       -0.0082030891
     1640.0000000000        0.0602429234       -0.0068875408
     1641.0000000000        0.0539006592       -0.0058351183
     1642.0000000000        0.0485057053       -0.0049841743
     1643.0000000000        0.0438804006       -0.0042893398
     1644.0000000000        0.0398863501       -0.0037168054
     1645.0000000000        0.0364145880       -0.0032410755
     1646.0000000000        0.0333784607       -0.0028427078
     1647.0000000000        0.0307084159       -0.0025067193
     1648.0000000000        0.0283481436       -0.0022214488
     1649.0000000000        0.0262516866       -0.0019777362
     1650.0000000000        0.0243812540       -0.0017683234
     1651.0000000000        0.0227055516       -0.0015874123
     1652.0000000000        0.0211984944       -0.0014303354
     1653.0000000000        0.0198382052       -0.0012933085
     1654.0000000000        0.0186062297       -0.0011732429
     1655.0000000000        0.0174869163       -0.0010676010
     1656.0000000000        0.0164669226       -0.0009742858
     1657.0000000000        0.0155348198       -0.0008915546
     1658.0000000000        0.0146807736       -0.0008179508
     1659.0000000000        0.0138962854       -0.0007522517
     1660.0000000000        0.0131739810       -0.0006934252
     1661.0000000000        0.0125074372       -0.0006405963
     1662.0000000000        0.0118910387       -0.0005930202
     1663.0000000000        0.0113198591       -0.0005500602
     1664.0000000000        0.0107895626       -0.0005111698
     1665.0000000000        0.0102963207       -0.0004758781
     1666.0000000000        0.0098367430       -0.0004437782
     1667.0000000000        0.0094078185       -0.0004145171
     1668.0000000000        0.0090068655       -0.0003877874
     1669.0000000000        0.0086314897       -0.0003633209
     1670.0000000000        0.0082795478       -0.0003408829
     1671.0000000000        0.0079491168       -0.0003202670
     1672.0000000000        0.0076384672       -0.0003012916
     1673.0000000000        0.0073460403       -0.0002837966
     1674.0000000000        0.0070704281       -0.0002676400
     1675.0000000000        0.0068103564       -0.0002526959
     1676.0000000000        0.0065646696       -0.0002388525
     1677.0000000000        0.0063323179       -0.0002260099
     1678.0000000000        0.0061123459       -0.0002140792
     1679.0000000000        0.0059038822       -0.0002029806
     1680.0000000000        0.0057061313       -0.0001926425
     1681.0000000000        0.0055183652       -0.0001830008
     1682.0000000000        0.0053399170       -0.0001739975
     1683.0000000000        0.0051701747       -0.0001655806
     1684.0000000000        0.0050085761       -0.0001577028
     1685.0000000000        0.0048546036       -0.0001503216
     1686.0000000000        0.0047077802       -0.0001433983
     1687.0000000000        0.0045676661       -0.0001368978
     1688.0000000000        0.0044338545       -0.0001307881
     1689.0000000000        0.0043059693       -0.0001250402
     1690.0000000000        0.0041836623       -0.0001196276
     1691.0000000000        0.0040367627       -0.0001141551
     1692.0000000000        0.0039250336       -0.0001093495
     1693.0000000000        0.0035885010       -0.0001019559
     1694.0000000000        0.0034886824       -0.0000977213
     1695.0000000000        0.0033929811       -0.0000937184
     1696.0000000000        0.0033011735       -0.0000899315
     1697.0000000000        0.0032130509       -0.0000863462
     1698.0000000000        0.0031284184       -0.0000829492
     1699.0000000000        0.0030470938       -0.0000797284
     1700.0000000000        0.0029689067       -0.0000766724
     1701.0000000000        0.0028936975       -0.0000737708
     1702.0000000000        0.0028213168       -0.0000710141
     1703.0000000000        0.0027516241       -0.0000683932
     1704.0000000000        0.0026844880       -0.0000658998
     1705.0000000000        0.0026197845       -0.0000635264
     1706.0000000000        0.0025573975       -0.0000612658
     1707.0000000000        0.0024972175       -0.0000591113
     1708.0000000000        0.0024391415       -0.0000570568
     1709.0000000000        0.0023830724       -0.0000550966
     1710.0000000000        0.0023289187       -0.0000532253
     1711.0000000000        0.0022765939       -0.0000514379
     1712.0000000000        0.0022260165       -0.0000497297
     1713.0000000000        0.0021771094       -0.0000480965
     1714.0000000000        0.0021297999       -0.0000465341
     1715.0000000000        0.0020840189       -0.0000450387
     1716.0000000000        0.0020397013       -0.0000436068
     1717.0000000000        0.0019967852       -0.0000422351
     1718.0000000000        0.0019552121       -0.0000409204
     1719.0000000000        0.0019149264       -0.0000396597
     1720.0000000000        0.0018758755       -0.0000384504
     1721.0000000000        0.0018380093       -0.0000372899
     1722.0000000000        0.0018012803       -0.0000361756
     1723.0000000000        0.0017656435       -0.0000351053
     1724.0000000000        0.0017310557       -0.0000340769
     1725.0000000000        0.0016974763       -0.0000330884
     1726.0000000000        0.0016648663       -0.0000321377
     1727.0000000000        0.0016331888       -0.0000312232
     1728.0000000000        0.0016024084       -0.0000303431
     1729.0000000000        0.0015724916       -0.0000294958
     1730.0000000000        0.0015434063       -0.0000286798
     1731.0000000000        0.0015151220       -0.0000278937
     1732.0000000000        0.0014876094       -0.0000271361
     1733.0000000000        0.0014608408       -0.0000264057
     1734.0000000000        0.0014347894       -0.0000257013
     1735.0000000000        0.0014094299       -0.0000250218
     1736.0000000000        0.0013847380       -0.0000243660
     1737.0000000000        0.0013606903       -0.0000237330
     1738.0000000000        0.0013372647       -0.0000231218
     1739.0000000000        0.0013144398       -0.0000225314
     1740.0000000000        0.0012921953       -0.0000219609
     1741.0000000000        0.0012705116       -0.0000214096
     1742.0000000000        0.0012493700       -0.0000208766
     1743.0000000000        0.0012287525       -0.0000203612
     1744.0000000000        0.0012086421       -0.0000198626
     1745.0000000000        0.0011890220       -0.0000193801
     1746.0000000000        0.0011698766       -0.0000189132
     1747.0000000000        0.0011511906       -0.0000184612
     1748.0000000000        0.0011329494       -0.0000180235
     1749.0000000000        0.0011151389       -0.0000175996
     1750.0000000000        0.0010977458       -0.0000171888
     1751.0000000000        0.0010807571       -0.0000167908
     1752.0000000000        0.0010641602       -0.0000164049
     1753.0000000000        0.0010479433       -0.0000160308
     1754.0000000000        0.0010320948       -0.0000156680
     1755.0000000000        0.0010166037       -0.0000153161
     1756.0000000000        0.0009449515       -0.0000142712
     1757.0000000000        0.0009308403       -0.0000139528
     1758.0000000000        0.0009170428       -0.0000136438
     1759.0000000000        0.0009035496       -0.0000133439
     1760.0000000000        0.0008903521       -0.0000130527
     1761.0000000000        0.0008774415       -0.0000127699
     1762.0000000000        0.0008648096       -0.0000124952
     1763.0000000000        0.0008524485       -0.0000122283
     1764.0000000000        0.0008403505       -0.0000119690
     1765.0000000000        0.0008285081       -0.0000117169
     1766.0000000000        0.0008169143       -0.0000114719
     1767.0000000000        0.0008055620       -0.0000112337
     1768.0000000000        0.0007944447       -0.0000110020
     1769.0000000000        0.0007835559       -0.0000107766
     1770.0000000000        0.0007728894       -0.0000105574
     1771.0000000000        0.0007624392       -0.0000103440
     1772.0000000000        0.0007521995       -0.0000101364
     1773.0000000000        0.0007421646       -0.0000099343
     1774.0000000000        0.0007323292       -0.0000097375
     1775.0000000000        0.0007226879       -0.0000095459
     1776.0000000000        0.0007132358       -0.0000093592
     1777.0000000000        0.0007039678       -0.0000091774
     1778.0000000000        0.0006948793       -0.0000090003
     1779.0000000000        0.0006859657       -0.0000088277
     1780.0000000000        0.0006772224       -0.0000086595
     1781.0000000000        0.0006686452       -0.0000084956
     1782.0000000000        0.0006602299       -0.0000083357
     1783.0000000000        0.0006519724       -0.0000081799
     1784.0000000000        0.0002581402       -0.0000032354
     1785.0000000000        0.0000000000        0.0000000000
     1786.0000000000        0.0000000000        0.0000000000
     1787.0000000000        0.0000000000        0.0000000000
     1788.0000000000        0.0000000000        0.0000000000
     1789.0000000000        0.0000000000        0.0000000000
     1790.0000000000        0.0000000000        0.0000000000
     1791.0000000000        0.0000000000        0.0000000000
     1792.0000000000        0.0000000000        0.0000000000
     1793.0000000000        0.0000000000        0.0000000000
     1794.0000000000        0.0000000000        0.0000000000
     1795.0000000000        0.0000000000        0.0000000000
     1796.0000000000        0.0000000000        0.0000000000
     1797.0000000000        0.0000000000        0.0000000000
     1798.0000000000        0.0000000000        0.0000000000
     1799.0000000000        0.0000000000        0.0000000000
     1800.0000000000        0.0000000000        0.0000000000
     1801.0000000000        0.0000000000        0.0000000000
     1802.0000000000        0.0000000000        0.0000000000
     1803.0000000000        0.0000000000        0.0000000000
     1804.0000000000        0.0000000000        0.0000000000
     1805.0000000000        0.0000000000        0.0000000000
     1806.0000000000        0.0000000000        0.0000000000
     1807.0000000000        0.0000000000        0.0000000000
     1808.0000000000        0.0000000000        0.0000000000
     1809.0000000000        0.0000000000        0.0000000000
     1810.0000000000        0.0000000000        0.0000000000
     1811.0000000000        0.0000000000        0.0000000000
     1812.0000000000        0.0000000000        0.0000000000
     1813.0000000000        0.0000000000        0.0000000000
     1814.0000000000        0.0000000000        0.0000000000
     1815.0000000000        0.0000000000        0.0000000000
     1816.0000000000        0.0000000000        0.0000000000
     1817.0000000000        0.0000000000        0.0000000000
     1818.0000000000        0.0000000000        0.0000000000
     1819.0000000000        0.0000000000        0.0000000000
     1820.0000000000        0.0000000000        0.0000000000
     1821.0000000000        0.0000000000        0.0000000000
     1822.0000000000        0.0000000000        0.0000000000
     1823.0000000000        0.0000000000        0.0000000000
     1824.0000000000        0.0000000000        0.0000000000
     1825.0000000000        0.0000000000        0.0000000000
     1826.0000000000        0.0000000000        0.0000000000
     1827.0000000000        0.0000000000        0.0000000000
     1828.0000000000        0.0000000000        0.0000000000
     1829.0000000000        0.0000000000        0.0000000000
     1830.0000000000        0.0000000000        0.0000000000
     1831.0000000000        0.0000000000        0.0000000000
     1832.0000000000        0.0000000000        0.0000000000
     1833.0000000000        0.0000000000        0.0000000000
     1834.0000000000        0.0000000000        0.0000000000
     1835.0000000000        0.0000000000        0.0000000000
     1836.0000000000        0.0000000000        0.0000000000
     1837.0000000000        0.0000000000        0.0000000000
     1838.0000000000        0.0000000000        0.0000000000
     1839.0000000000        0.0000000000        0.0000000000
     1840.0000000000        0.0000000000        0.0000000000
     1841.0000000000        0.0000000000        0.0000000000
     1842.0000000000        0.0000000000        0.0000000000
     1843.0000000000        0.0000000000        0.0000000000
     1844.0000000000        0.0000000000        0.0000000000
     1845.0000000000        0.0000000000        0.0000000000
     1846.0000000000        0.0000000000        0.0000000000
     1847.0000000000        0.0000000000        0.0000000000
     1848.0000000000        0.0000000000        0.0000000000
     1849.0000000000        0.0000000000        0.0000000000
     1850.0000000000        0.0000000000        0.0000000000
     1851.0000000000        0.0000000000        0.0000000000
     1852.0000000000        0.0000000000        0.0000000000
     1853.0000000000        0.0000000000        0.0000000000
     1854.0000000000        0.0000000000        0.0000000000
     1855.0000000000        0.0000000000        0.0000000000
     1856.0000000000        0.0000000000        0.0000000000
     1857.0000000000        0.0000000000        0.0000000000
     1858.0000000000        0.0000000000        0.0000000000
     1859.0000000000        0.0000000000        0.0000000000
     1860.0000000000        0.0000000000        0.0000000000
     1861.0000000000        0.0000000000        0.0000000000
     1862.0000000000        0.0000000000        0.0000000000
     1863.0000000000        0.0000000000        0.0000000000
     1864.0000000000        0.0000000000        0.0000000000
     1865.0000000000        0.0000000000        0.0000000000
     1866.0000000000        0.0000000000        0.0000000000
     1867.0000000000        0.0000000000        0.0000000000
     1868.0000000000        0.0000000000        0.0000000000
     1869.0000000000        0.0000000000        0.0000000000
     1870.0000000000        0.0000000000        0.0000000000
     1871.0000000000        0.0000000000        0.0000000000
     1872.0000000000        0.0000000000        0.0000000000
     1873.0000000000        0.0000000000        0.0000000000
     1874.0000000000        0.0000000000        0.0000000000
     1875.0000000000        0.0000000000        0.0000000000
     1876.0000000000        0.0000000000        0.0000000000
     1877.0000000000        0.0000000000        0.0000000000
     1878.0000000000        0.0000000000        0.0000000000
     1879.0000000000        0.0000000000        0.0000000000
     1880.0000000000        0.0000000000        0.0000000000
     1881.0000000000        0.0000000000        0.0000000000
     1882.0000000000        0.0000000000        0.0000000000
     1883.0000000000        0.0000000000        0.0000000000
     1884.0000000000        0.0000000000        0.0000000000
     1885.0000000000        0.0000000000        0.0000000000
     1886.0000000000        0.0000000000        0.0000000000
     1887.0000000000        0.0000000000        0.0000000000
     1888.0000000000        0.0000000000        0.0000000000
     1889.0000000000        0.0000000000        0.0000000000
     1890.0000000000        0.0000000000        0.0000000000
     1891.0000000000        0.0000000000        0.0000000000
     1892.0000000000        0.0000000000        0.0000000000
     1893.0000000000        0.0000000000        0.0000000000
     1894.0000000000        0.0000000000        0.0000000000
     1895.0000000000        0.0000000000        0.0000000000
     1896.0000000000        0.0000000000        0.0000000000
     1897.0000000000        0.0000000000        0.0000000000
     1898.0000000000        0.0000000000        0.0000000000
     1899.0000000000        0.0000000000        0.0000000000
     1900.0000000000        0.0000000000        0.0000000000
     1901.0000000000        0.0000000000        0.0000000000
     1902.0000000000        0.0000000000        0.0000000000
     1903.0000000000        0.0000000000        0.0000000000
     1904.0000000000        0.0000000000        0.0000000000
     1905.0000000000        0.0000000000        0.0000000000
     1906.0000000000        0.0000000000        0.0000000000
     1907.0000000000        0.0000000000        0.0000000000
     1908.0000000000        0.0000000000        0.0000000000
     1909.0000000000        0.0000000000        0.0000000000
     1910.0000000000        0.0000000000        0.0000000000
     1911.0000000000        0.0000000000        0.0000000000
     1912.0000000000        0.0000000000        0.0000000000
     1913.0000000000        0.0000000000        0.0000000000
     1914.0000000000        0.0000000000        0.0000000000
     1915.0000000000        0.0000000000        0.0000000000
     1916.0000000000        0.0000000000        0.0000000000
     1917.0000000000        0.0000000000        0.0000000000
     1918.0000000000        0.0000000000        0.0000000000
     1919.0000000000        0.0000000000        0.0000000000
     1920.0000000000        0.0000000000        0.0000000000
     1921.0000000000        0.0000000000        0.0000000000
     1922.0000000000        0.0000000000        0.0000000000
     1923.0000000000        0.0000000000        0.0000000000
     1924.0000000000        0.0000000000        0.0000000000
     1925.0000000000        0.0000000000        0.0000000000
     1926.0000000000        0.0000000000        0.0000000000
     1927.0000000000        0.0000000000        0.0000000000
     1928.0000000000        0.0000000000        0.0000000000
     1929.0000000000        0.0000000000        0.0000000000
     1930.0000000000        0.0000000000        0.0000000000
     1931.0000000000        0.0000000000        0.0000000000
     1932.0000000000        0.0000000000        0.0000000000
     1933.0000000000        0.0000000000        0.0000000000
     1934.0000000000        0.0000000000        0.0000000000
     1935.0000000000        0.0000000000        0.0000000000
     1936.0000000000        0.0000000000        0.0000000000
     1937.0000000000        0.0000000000        0.0000000000
     1938.0000000000        0.0000000000        0.0000000000
     1939.0000000000        0.0000000000        0.0000000000
     1940.0000000000        0.0000000000        0.0000000000
     1941.0000000000        0.0000000000        0.0000000000
     1942.0000000000        0.0000000000        0.0000000000
     1943.0000000000        0.0000000000        0.0000000000
     1944.0000000000        0.0000000000        0.0000000000
     1945.0000000000        0.0000000000        0.0000000000
     1946.0000000000        0.0000000000        0.0000000000
     1947.0000000000        0.0000000000        0.0000000000
     1948.0000000000        0.0000000000        0.0000000000
     1949.0000000000        0.0000000000        0.0000000000
     1950.0000000000        0.0000000000        0.0000000000
     1951.0000000000        0.0000000000        0.0000000000
     1952.0000000000        0.0000000000        0.0000000000
     1953.0000000000        0.0000000000        0.0000000000
     1954.0000000000        0.0000000000        0.0000000000
     1955.0000000000        0.0000000000        0.0000000000
     1956.0000000000        0.0000000000        0.0000000000
     1957.0000000000        0.0000000000        0.0000000000
     1958.0000000000        0.0000000000        0.0000000000
     1959.0000000000        0.0000000000        0.0000000000
     1960.0000000000        0.0000000000        0.0000000000
     1961.0000000000        0.0000000000        0.0000000000
     1962.0000000000        0.0000000000        0.0000000000
     1963.0000000000        0.0000000000        0.0000000000
     1964.0000000000        0.0000000000        0.0000000000
     1965.0000000000        0.0000000000        0.0000000000
     1966.0000000000        0.0000000000        0.0000000000
     1967.0000000000        0.0000000000        0.0000000000
     1968.0000000000        0.0000000000        0.0000000000
     1969.0000000000        0.0000000000        0.0000000000
     1970.0000000000        0.0000000000        0.0000000000
     1971.0000000000        0.0000000000        0.0000000000
     1972.0000000000        0.0000000000        0.0000000000
     1973.0000000000        0.0000000000        0.0000000000
     1974.0000000000        0.0000000000        0.0000000000
     1975.0000000000        0.0000000000        0.0000000000
     1976.0000000000        0.0000000000        0.0000000000
     1977.0000000000        0.0000000000        0.0000000000
     1978.0000000000        0.0000000000        0.0000000000
     1979.0000000000        0.0000000000        0.0000000000
     1980.0000000000        0.0000000000        0.0000000000
     1981.0000000000        0.0000000000        0.0000000000
     1982.0000000000        0.0000000000        0.0000000000
     1983.0000000000        0.0000000000        0.0000000000
     1984.0000000000        0.0000000000        0.0000000000
     1985.0000000000        0.0000000000        0.0000000000
     1986.0000000000        0.0000000000        0.0000000000
     1987.0000000000        0.0000000000        0.0000000000
     1988.0000000000        0.0000000000        0.0000000000
     1989.0000000000        0.0000000000        0.0000000000
     1990.0000000000        0.0000000000        0.0000000000
     1991.0000000000        0.0000000000        0.0000000000
     1992.0000000000        0.0000000000        0.0000000000
     1993.0000000000        0.0000000000        0.0000000000
     1994.0000000000        0.0000000000        0.0000000000
     1995.0000000000        0.0000000000        0.0000000000
     1996.0000000000        0.0000000000        0.0000000000
     1997.0000000000        0.0000000000        0.0000000000
     1998.0000000000        0.0000000000        0.0000000000
     1999.0000000000        0.0000000000        0.0000000000
     2000.0000000000        0.0000000000        0.0000000000
     2001.0000000000        0.0000000000        0.0000000000
     2002.0000000000        0.0000000000        0.0000000000
     2003.0000000000        0.0000000000        0.0000000000
     2004.0000000000        0.0000000000        0.0000000000
     2005.0000000000        0.0000000000        0.0000000000
     2006.0000000000        0.0000000000        0.0000000000
     2007.0000000000        0.0000000000        0.0000000000
     2008.0000000000        0.0000000000        0.0000000000
     2009.0000000000        0.0000000000        0.0000000000
     2010.0000000000        0.0000000000        0.0000000000
     2011.0000000000        0.0000000000        0.0000000000
     2012.0000000000        0.0000000000        0.0000000000
     2013.0000000000        0.0000000000        0.0000000000
     2014.0000000000        0.0000000000        0.0000000000
     2015.0000000000        0.0000000000        0.0000000000
     2016.0000000000        0.0000000000        0.0000000000
     2017.0000000000        0.0000000000        0.0000000000
     2018.0000000000        0.0000000000        0.0000000000
     2019.0000000000        0.0000000000        0.0000000000
     2020.0000000000        0.0000000000        0.0000000000
     2021.0000000000        0.0000000000        0.0000000000
     2022.0000000000        0.0000000000        0.0000000000
     2023.0000000000        0.0000000000        0.0000000000
     2024.0000000000        0.0000000000        0.0000000000
     2025.0000000000        0.0000000000        0.0000000000
     2026.0000000000        0.0000000000        0.0000000000
     2027.0000000000        0.0000000000        0.0000000000
     2028.0000000000        0.0000000000        0.0000000000
     2029.0000000000        0.0000000000        0.0000000000
     2030.0000000000        0.0000000000        0.0000000000
     2031.0000000000        0.0000000000        0.0000000000
     2032.0000000000        0.0000000000        0.0000000000
     2033.0000000000        0.0000000000        0.0000000000
     2034.0000000000        0.0000000000        0.0000000000
     2035.0000000000        0.0000000000        0.0000000000
     2036.0000000000        0.0000000000        0.0000000000
     2037.0000000000        0.0000000000        0.0000000000
     2038.0000000000        0.0000000000        0.0000000000
     2039.0000000000        0.0000000000        0.0000000000
     2040.0000000000        0.0000000000        0.0000000000
     2041.0000000000        0.0000000000        0.0000000000
     2042.0000000000        0.0000000000        0.0000000000
     2043.0000000000        0.0000000000        0.0000000000
     2044.0000000000        0.0000000000        0.0000000000
     2045.0000000000        0.0000000000        0.0000000000
     2046.0000000000        0.0000000000        0.0000000000
     2047.0000000000        0.0000000000        0.0000000000
     2048.0000000000        0.0000000000        0.0000000000
     2049.0000000000        0.0000000000        0.0000000000
     2050.0000000000        0.0000000000        0.0000000000
     2051.0000000000        0.0000000000        0.0000000000
     2052.0000000000        0.0000000000        0.0000000000
     2053.0000000000        0.0000000000        0.0000000000
     2054.0000000000        0.0000000000        0.0000000000
     2055.0000000000        0.0000000000        0.0000000000
     2056.0000000000        0.0000000000        0.0000000000
     2057.0000000000        0.0000000000        0.0000000000
     2058.0000000000        0.0000000000        0.0000000000
     2059.0000000000        0.0000000000        0.0000000000
     2060.0000000000        0.0000000000        0.0000000000
     2061.0000000000        0.0000000000        0.0000000000
     2062.0000000000        0.0000000000        0.0000000000
     2063.0000000000        0.0000000000        0.0000000000
     2064.0000000000        0.0000000000        0.0000000000
     2065.0000000000        0.0000000000        0.0000000000
     2066.0000000000        0.0000000000        0.0000000000
     2067.0000000000        0.0000000000        0.0000000000
     2068.0000000000        0.0000000000        0.0000000000
     2069.0000000000        0.0000000000        0.0000000000
     2070.0000000000        0.0000000000        0.0000000000
     2071.0000000000        0.0000000000        0.0000000000
     2072.0000000000        0.0000000000        0.0000000000
     2073.0000000000        0.0000000000        0.0000000000
     2074.0000000000        0.0000000000        0.0000000000
     2075.0000000000        0.0000000000        0.0000000000
     2076.0000000000        0.0000000000        0.0000000000
     2077.0000000000        0.0000000000        0.0000000000
     2078.0000000000        0.0000000000        0.0000000000
     2079.0000000000        0.0000000000        0.0000000000
     2080.0000000000        0.0000000000        0.0000000000
     2081.0000000000        0.0000000000        0.0000000000
     2082.0000000000        0.0000000000        0.0000000000
     2083.0000000000        0.0000000000        0.0000000000
     2084.0000000000        0.0000000000        0.0000000000
     2085.0000000000        0.0000000000        0.0000000000
     2086.0000000000        0.0000000000        0.0000000000
     2087.0000000000        0.0000000000        0.0000000000
     2088.0000000000        0.0000000000        0.0000000000
     2089.0000000000        0.0000000000        0.0000000000
     2090.0000000000        0.0000000000        0.0000000000
     2091.0000000000        0.0000000000        0.0000000000
     2092.0000000000        0.0000000000        0.0000000000
     2093.0000000000        0.0000000000        0.0000000000
     2094.0000000000        0.0000000000        0.0000000000
     2095.0000000000        0.0000000000        0.0000000000
     2096.0000000000        0.0000000000        0.0000000000
     2097.0000000000        0.0000000000        0.0000000000
     2098.0000000000        0.0000000000        0.0000000000
     2099.0000000000        0.0000000000        0.0000000000
     2100.0000000000        0.0000000000        0.0000000000
     2101.0000000000        0.0000000000        0.0000000000
     2102.0000000000        0.0000000000        0.0000000000
     2103.0000000000        0.0000000000        0.0000000000
     2104.0000000000        0.0000000000        0.0000000000
     2105.0000000000        0.0000000000        0.0000000000
     2106.0000000000        0.0000000000        0.0000000000
     2107.0000000000        0.0000000000        0.0000000000
     2108.0000000000        0.0000000000        0.0000000000
     2109.0000000000        0.0000000000        0.0000000000
     2110.0000000000        0.0000000000        0.0000000000
     2111.0000000000        0.0000000000        0.0000000000
     2112.0000000000        0.0000000000        0.0000000000
     2113.0000000000        0.0000000000        0.0000000000
     2114.0000000000        0.0000000000        0.0000000000
     2115.0000000000        0.0000000000        0.0000000000
     2116.0000000000        0.0000000000        0.0000000000
     2117.0000000000        0.0000000000        0.0000000000
     2118.0000000000        0.0000000000        0.0000000000
     2119.0000000000        0.0000000000        0.0000000000
     2120.0000000000        0.0000000000        0.0000000000
     2121.0000000000        0.0000000000        0.0000000000
     2122.0000000000        0.0000000000        0.0000000000
     2123.0000000000        0.0000000000        0.0000000000
     2124.0000000000        0.0000000000        0.0000000000
     2125.0000000000        0.0000000000        0.0000000000
     2126.0000000000        0.0000000000        0.0000000000
     2127.0000000000        0.0000000000        0.0000000000
     2128.0000000000        0.0000000000        0.0000000000
     2129.0000000000        0.0000000000        0.0000000000
     2130.0000000000        0.0000000000        0.0000000000
     2131.0000000000        0.0000000000        0.0000000000
     2132.0000000000        0.0000000000        0.0000000000
     2133.0000000000        0.0000000000        0.0000000000
     2134.0000000000        0.0000000000        0.0000000000
     2135.0000000000        0.0000000000        0.0000000000
     2136.0000000000        0.0000000000        0.0000000000
     2137.0000000000        0.0000000000        0.0000000000
     2138.0000000000        0.0000000000        0.0000000000
     2139.0000000000        0.0000000000        0.0000000000
     2140.0000000000        0.0000000000        0.0000000000
     2141.0000000000        0.0000000000        0.0000000000
     2142.0000000000        0.0000000000        0.0000000000
     2143.0000000000        0.0000000000        0.0000000000
     2144.0000000000        0.0000000000        0.0000000000
     2145.0000000000        0.0000000000        0.0000000000
     2146.0000000000        0.0000000000        0.0000000000
     2147.0000000000        0.0000000000        0.0000000000
     2148.0000000000        0.0000000000        0.0000000000
     2149.0000000000        0.0000000000        0.0000000000
     2150.0000000000        0.0000000000        0.0000000000
     2151.0000000000        0.0000000000        0.0000000000
     2152.0000000000        0.0000000000        0.0000000000
     2153.0000000000        0.0000000000        0.0000000000
     2154.0000000000        0.0000000000        0.0000000000
     2155.0000000000        0.0000000000        0.0000000000
     2156.0000000000        0.0000000000        0.0000000000
     2157.0000000000        0.0000000000        0.0000000000
     2158.0000000000        0.0000000000        0.0000000000
     2159.0000000000        0.0000000000        0.0000000000
     2160.0000000000        0.0000000000        0.0000000000
     2161.0000000000        0.0000000000        0.0000000000
     2162.0000000000        0.0000000000        0.0000000000
     2163.0000000000        0.0000000000        0.0000000000
     2164.0000000000        0.0000000000        0.0000000000
     2165.0000000000        0.0000000000        0.0000000000
     2166.0000000000        0.0000000000        0.0000000000
     2167.0000000000        0.0000000000        0.0000000000
     2168.0000000000        0.0000000000        0.0000000000
     2169.0000000000        0.0000000000        0.0000000000
     2170.0000000000        0.0000000000        0.0000000000
     2171.0000000000        0.0000000000        0.0000000000
     2172.0000000000        0.0000000000        0.0000000000
     2173.0000000000        0.0000000000        0.0000000000
     2174.0000000000        0.0000000000        0.0000000000
     2175.0000000000        0.0000000000        0.0000000000
     2176.0000000000        0.0000000000        0.0000000000
     2177.0000000000        0.0000000000        0.0000000000
     2178.0000000000        0.0000000000        0.0000000000
     2179.0000000000        0.0000000000        0.0000000000
     2180.0000000000        0.0000000000        0.0000000000
     2181.0000000000        0.0000000000        0.0000000000
     2182.0000000000        0.0000000000        0.0000000000
     2183.0000000000        0.0000000000        0.0000000000
     2184.0000000000        0.0000000000        0.0000000000
     2185.0000000000        0.0000000000        0.0000000000
     2186.0000000000        0.0000000000        0.0000000000
     2187.0000000000        0.0000000000        0.0000000000
     2188.0000000000        0.0000000000        0.0000000000
     2189.0000000000        0.0000000000        0.0000000000
     2190.0000000000        0.0000000000        0.0000000000
     2191.0000000000        0.0000000000        0.0000000000
     2192.0000000000        0.0000000000        0.0000000000
     2193.0000000000        0.0000000000        0.0000000000
     2194.0000000000        0.0000000000        0.0000000000
     2195.0000000000        0.0000000000        0.0000000000
     2196.0000000000        0.0000000000        0.0000000000
     2197.0000000000        0.0000000000        0.0000000000
     2198.0000000000        0.0000000000        0.0000000000
     2199.0000000000        0.0000000000        0.0000000000
     2200.0000000000        0.0000000000        0.0000000000
     2201.0000000000        0.0000000000        0.0000000000
     2202.0000000000        0.0000000000        0.0000000000
     2203.0000000000        0.0000000000        0.0000000000
     2204.0000000000        0.0000000000        0.0000000000
     2205.0000000000        0.0000000000        0.0000000000
     2206.0000000000        0.0000000000        0.0000000000
     2207.0000000000        0.0000000000        0.0000000000
     2208.0000000000        0.0000000000        0.0000000000
     2209.0000000000        0.0000000000        0.0000000000
     2210.0000000000        0.0000000000        0.0000000000
     2211.0000000000        0.0000000000        0.0000000000
     2212.0000000000        0.0000000000        0.0000000000
     2213.0000000000        0.0000000000        0.0000000000
     2214.0000000000        0.0000000000        0.0000000000
     2215.0000000000        0.0000000000        0.0000000000
     2216.0000000000        0.0000000000        0.0000000000
     2217.0000000000        0.0000000000        0.0000000000
     2218.0000000000        0.0000000000        0.0000000000
     2219.0000000000        0.0000000000        0.0000000000
     2220.0000000000        0.0000000000        0.0000000000
     2221.0000000000        0.0000000000        0.0000000000
     2222.0000000000        0.0000000000        0.0000000000
     2223.0000000000        0.0000000000        0.0000000000
     2224.0000000000        0.0000000000        0.0000000000
     2225.0000000000        0.0000000000        0.0000000000
     2226.0000000000        0.0000000000        0.0000000000
     2227.0000000000        0.0000000000        0.0000000000
     2228.0000000000        0.0000000000        0.0000000000
     2229.0000000000        0.0000000000        0.0000000000
     2230.0000000000        0.0000000000        0.0000000000
     2231.0000000000        0.0000000000        0.0000000000
     2232.0000000000        0.0000000000        0.0000000000
     2233.0000000000        0.0000000000        0.0000000000
     2234.0000000000        0.0000000000        0.0000000000
     2235.0000000000        0.0000000000        0.0000000000
     2236.0000000000        0.0000000000        0.0000000000
     2237.0000000000        0.0000000000        0.0000000000
     2238.0000000000        0.0000000000        0.0000000000
     2239.0000000000        0.0000000000        0.0000000000
     2240.0000000000        0.0000000000        0.0000000000
     2241.0000000000        0.0000000000        0.0000000000
     2242.0000000000        0.0000000000        0.0000000000
     2243.0000000000        0.0000000000        0.0000000000
     2244.0000000000        0.0000000000        0.0000000000
     2245.0000000000        0.0000000000        0.0000000000
     2246.0000000000        0.0000000000        0.0000000000
     2247.0000000000        0.0000000000        0.0000000000
     2248.0000000000        0.0000000000        0.0000000000
     2249.0000000000        0.0000000000        0.0000000000
     2250.0000000000        0.0000000000        0.0000000000
     2251.0000000000        0.0000000000        0.0000000000
     2252.0000000000        0.0000000000        0.0000000000
     2253.0000000000        0.0000000000        0.0000000000
     2254.0000000000        0.0000000000        0.0000000000
     2255.0000000000        0.0000000000        0.0000000000
     2256.0000000000        0.0000000000        0.0000000000
     2257.0000000000        0.0000000000        0.0000000000
     2258.0000000000        0.0000000000        0.0000000000
     2259.0000000000        0.0000000000        0.0000000000
     2260.0000000000        0.0000000000        0.0000000000
     2261.0000000000        0.0000000000        0.0000000000
     2262.0000000000        0.0000000000        0.0000000000
     2263.0000000000        0.0000000000        0.0000000000
     2264.0000000000        0.0000000000        0.0000000000
     2265.0000000000        0.0000000000        0.0000000000
     2266.0000000000        0.0000000000        0.0000000000
     2267.0000000000        0.0000000000        0.0000000000
     2268.0000000000        0.0000000000        0.0000000000
     2269.0000000000        0.0000000000        0.0000000000
     2270.0000000000        0.0000000000        0.0000000000
     2271.0000000000        0.0000000000        0.0000000000
     2272.0000000000        0.0000000000        0.0000000000
     2273.0000000000        0.0000000000        0.0000000000
     2274.0000000000        0.0000000000        0.0000000000
     2275.0000000000        0.0000000000        0.0000000000
     2276.0000000000        0.0000000000        0.0000000000
     2277.0000000000        0.0000000000        0.0000000000
     2278.0000000000        0.0000000000        0.0000000000
     2279.0000000000        0.0000000000        0.0000000000
     2280.0000000000        0.0000000000        0.0000000000
     2281.0000000000        0.0000000000        0.0000000000
     2282.0000000000        0.0000000000        0.0000000000
     2283.0000000000        0.0000000000        0.0000000000
     2284.0000000000        0.0000000000        0.0000000000
     2285.0000000000        0.0000000000        0.0000000000
     2286.0000000000        0.0000000000        0.0000000000
     2287.0000000000        0.0000000000        0.0000000000
     2288.0000000000        0.0000000000        0.0000000000
     2289.0000000000        0.0000000000        0.0000000000
     2290.0000000000        0.0000000000        0.0000000000
     2291.0000000000        0.0000000000        0.0000000000
     2292.0000000000        0.0000000000        0.0000000000
     2293.0000000000        0.0000000000        0.0000000000
     2294.0000000000        0.0000000000        0.0000000000
     2295.0000000000        0.0000000000        0.0000000000
     2296.0000000000        0.0000000000        0.0000000000
     2297.0000000000        0.0000000000        0.0000000000
     2298.0000000000        0.0000000000        0.0000000000
     2299.0000000000        0.0000000000        0.0000000000
     2300.0000000000        0.0000000000        0.0000000000
     2301.0000000000        0.0000000000        0.0000000000
     2302.0000000000        0.0000000000        0.0000000000
     2303.0000000000        0.0000000000        0.0000000000
     2304.0000000000        0.0000000000        0.0000000000
     2305.0000000000        0.0000000000        0.0000000000
     2306.0000000000        0.0000000000        0.0000000000
     2307.0000000000        0.0000000000        0.0000000000
     2308.0000000000        0.0000000000        0.0000000000
     2309.0000000000        0.0000000000        0.0000000000
     2310.0000000000        0.0000000000        0.0000000000
     2311.0000000000        0.0000000000        0.0000000000
     2312.0000000000        0.0000000000        0.0000000000
     2313.0000000000        0.0000000000        0.0000000000
     2314.0000000000        0.0000000000        0.0000000000
     2315.0000000000        0.0000000000        0.0000000000
     2316.0000000000        0.0000000000        0.0000000000
     2317.0000000000        0.0000000000        0.0000000000
     2318.0000000000        0.0000000000        0.0000000000
     2319.0000000000        0.0000000000        0.0000000000
     2320.0000000000        0.0000000000        0.0000000000
     2321.0000000000        0.0000000000        0.0000000000
     2322.0000000000        0.0000000000        0.0000000000
     2323.0000000000        0.0000000000        0.0000000000
     2324.0000000000        0.0000000000        0.0000000000
     2325.0000000000        0.0000000000        0.0000000000
     2326.0000000000        0.0000000000        0.0000000000
     2327.0000000000        0.0000000000        0.0000000000
     2328.0000000000        0.0000000000        0.0000000000
     2329.0000000000        0.0000000000        0.0000000000
     2330.0000000000        0.0000000000        0.0000000000
     2331.0000000000        0.0000000000        0.0000000000
     2332.0000000000        0.0000000000        0.0000000000
     2333.0000000000        0.0000000000        0.0000000000
     2334.0000000000        0.0000000000        0.0000000000
     2335.0000000000        0.0000000000        0.0000000000
     2336.0000000000        0.0000000000        0.0000000000
     2337.0000000000        0.0000000000        0.0000000000
     2338.0000000000        0.0000000000        0.0000000000
     2339.0000000000        0.0000000000        0.0000000000
     2340.0000000000        0.0000000000        0.0000000000
     2341.0000000000        0.0000000000        0.0000000000
     2342.0000000000        0.0000000000        0.0000000000
     2343.0000000000        0.0000000000        0.0000000000
     2344.0000000000        0.0000000000        0.0000000000
     2345.0000000000        0.0000000000        0.0000000000
     2346.0000000000        0.0000000000        0.0000000000
     2347.0000000000        0.0000000000        0.0000000000
     2348.0000000000        0.0000000000        0.0000000000
     2349.0000000000        0.0000000000        0.0000000000
     2350.0000000000        0.0000000000        0.0000000000
     2351.0000000000        0.0000000000        0.0000000000
     2352.0000000000        0.0000000000        0.0000000000
     2353.0000000000        0.0000000000        0.0000000000
     2354.0000000000        0.0000000000        0.0000000000
     2355.0000000000        0.0000000000        0.0000000000
     2356.0000000000        0.0000000000        0.0000000000
     2357.0000000000        0.0000000000        0.0000000000
     2358.0000000000        0.0000000000        0.0000000000
     2359.0000000000        0.0000000000        0.0000000000
     2360.0000000000        0.0000000000        0.0000000000
     2361.0000000000        0.0000000000        0.0000000000
     2362.0000000000        0.0000000000        0.0000000000
     2363.0000000000        0.0000000000        0.0000000000
     2364.0000000000        0.0000000000        0.0000000000
     2365.0000000000        0.0000000000        0.0000000000
     2366.0000000000        0.0000000000        0.0000000000
     2367.0000000000        0.0000000000        0.0000000000
     2368.0000000000        0.0000000000        0.0000000000
     2369.0000000000        0.0000000000        0.0000000000
     2370.0000000000        0.0000000000        0.0000000000
     2371.0000000000        0.0000000000        0.0000000000
     2372.0000000000        0.0000000000        0.0000000000
     2373.0000000000        0.0000000000        0.0000000000
     2374.0000000000        0.0000000000        0.0000000000
     2375.0000000000        0.0000000000        0.0000000000
     2376.0000000000        0.0000000000        0.0000000000
     2377.0000000000        0.0000000000        0.0000000000
     2378.0000000000        0.0000000000        0.0000000000
     2379.0000000000        0.0000000000        0.0000000000
     2380.0000000000        0.0000000000        0.0000000000
     2381.0000000000        0.0000000000        0.0000000000
     2382.0000000000        0.0000000000        0.0000000000
     2383.0000000000        0.0000000000        0.0000000000
     2384.0000000000        0.0000000000        0.0000000000
     2385.0000000000        0.0000000000        0.0000000000
     2386.0000000000        0.0000000000        0.0000000000
     2387.0000000000        0.0000000000        0.0000000000
     2388.0000000000        0.0000000000        0.0000000000
     2389.0000000000        0.0000000000        0.0000000000
     2390.0000000000        0.0000000000        0.0000000000
     2391.0000000000        0.0000000000        0.0000000000
     2392.0000000000        0.0000000000        0.0000000000
     2393.0000000000        0.0000000000        0.0000000000
     2394.0000000000        0.0000000000        0.0000000000
     2395.0000000000        0.0000000000        0.0000000000
     2396.0000000000        0.0000000000        0.0000000000
     2397.0000000000        0.0000000000        0.0000000000
     2398.0000000000        0.0000000000        0.0000000000
     2399.0000000000        0.0000000000        0.0000000000
     2400.0000000000        0.0000000000        0.0000000000
     2401.0000000000        0.0000000000        0.0000000000
     2402.0000000000        0.0000000000        0.0000000000
     2403.0000000000        0.0000000000        0.0000000000
     2404.0000000000        0.0000000000        0.0000000000
     2405.0000000000        0.0000000000        0.0000000000
     2406.0000000000        0.0000000000        0.0000000000
     2407.0000000000        0.0000000000        0.0000000000
     2408.0000000000        0.0000000000        0.0000000000
     2409.0000000000        0.0000000000        0.0000000000
     2410.0000000000        0.0000000000        0.0000000000
     2411.0000000000        0.0000000000        0.0000000000
     2412.0000000000        0.0000000000        0.0000000000
     2413.0000000000        0.0000000000        0.0000000000
     2414.0000000000        0.0000000000        0.0000000000
     2415.0000000000        0.0000000000        0.0000000000
     2416.0000000000        0.0000000000        0.0000000000
     2417.0000000000        0.0000000000        0.0000000000
     2418.0000000000        0.0000000000        0.0000000000
     2419.0000000000        0.0000000000        0.0000000000
     2420.0000000000        0.0000000000        0.0000000000
     2421.0000000000        0.0000000000        0.0000000000
     2422.0000000000        0.0000000000        0.0000000000
     2423.0000000000        0.0000000000        0.0000000000
     2424.0000000000        0.0000000000        0.0000000000
     2425.0000000000        0.0000000000        0.0000000000
     2426.0000000000        0.0000000000        0.0000000000
     2427.0000000000        0.0000000000        0.0000000000
     2428.0000000000        0.0000000000        0.0000000000
     2429.0000000000        0.0000000000        0.0000000000
     2430.0000000000        0.0000000000        0.0000000000
     2431.0000000000        0.0000000000        0.0000000000
     2432.0000000000        0.0000000000        0.0000000000
     2433.0000000000        0.0000000000        0.0000000000
     2434.0000000000        0.0000000000        0.0000000000
     2435.0000000000        0.0000000000        0.0000000000
     2436.0000000000        0.0000000000        0.0000000000
     2437.0000000000        0.0000000000        0.0000000000
     2438.0000000000        0.0000000000        0.0000000000
     2439.0000000000        0.0000000000        0.0000000000
     2440.0000000000        0.0000000000        0.0000000000
     2441.0000000000        0.0000000000        0.0000000000
     2442.0000000000        0.0000000000        0.0000000000
     2443.0000000000        0.0000000000        0.0000000000
     2444.0000000000        0.0000000000        0.0000000000
     2445.0000000000        0.0000000000        0.0000000000
     2446.0000000000        0.0000000000        0.0000000000
     2447.0000000000        0.0000000000        0.0000000000
     2448.0000000000        0.0000000000        0.0000000000
     2449.0000000000        0.0000000000        0.0000000000
     2450.0000000000        0.0000000000        0.0000000000
     2451.0000000000        0.0000000000        0.0000000000
     2452.0000000000        0.0000000000        0.0000000000
     2453.0000000000        0.0000000000        0.0000000000
     2454.0000000000        0.0000000000        0.0000000000
     2455.0000000000        0.0000000000        0.0000000000
     2456.0000000000        0.0000000000        0.0000000000
     2457.0000000000        0.0000000000        0.0000000000
     2458.0000000000        0.0000000000        0.0000000000
     2459.0000000000        0.0000000000        0.0000000000
     2460.0000000000        0.0000000000        0.0000000000
     2461.0000000000        0.0000000000        0.0000000000
     2462.0000000000        0.0000000000        0.0000000000
     2463.0000000000        0.0000000000        0.0000000000
     2464.0000000000        0.0000000000        0.0000000000
     2465.0000000000        0.0000000000        0.0000000000
     2466.0000000000        0.0000000000        0.0000000000
     2467.0000000000        0.0000000000        0.0000000000
     2468.0000000000        0.0000000000        0.0000000000
     2469.0000000000        0.0000000000        0.0000000000
     2470.0000000000        0.0000000000        0.0000000000
     2471.0000000000        0.0000000000        0.0000000000
     2472.0000000000        0.0000000000        0.0000000000
     2473.0000000000        0.0000000000        0.0000000000
     2474.0000000000        0.0000000000        0.0000000000
     2475.0000000000        0.0000000000        0.0000000000
     2476.0000000000        0.0000000000        0.0000000000
     2477.0000000000        0.0000000000        0.0000000000
     2478.0000000000        0.0000000000        0.0000000000
     2479.0000000000        0.0000000000        0.0000000000
     2480.0000000000        0.0000000000        0.0000000000
     2481.0000000000        0.0000000000        0.0000000000
     2482.0000000000        0.0000000000        0.0000000000
     2483.0000000000        0.0000000000        0.0000000000
     2484.0000000000        0.0000000000        0.0000000000
     2485.0000000000        0.0000000000        0.0000000000
     2486.0000000000        0.0000000000        0.0000000000
     2487.0000000000        0.0000000000        0.0000000000
     2488.0000000000        0.0000000000        0.0000000000
     2489.0000000000        0.0000000000        0.0000000000
     2490.0000000000        0.0000000000        0.0000000000
     2491.0000000000        0.0000000000        0.0000000000
     2492.0000000000        0.0000000000        0.0000000000
     2493.0000000000        0.0000000000        0.0000000000
     2494.0000000000        0.0000000000        0.0000000000
     2495.0000000000        0.0000000000        0.0000000000
     2496.0000000000        0.0000000000        0.0000000000
     2497.0000000000        0.0000000000        0.0000000000
     2498.0000000000        0.0000000000        0.0000000000
     2499.0000000000        0.0000000000        0.0000000000
     2500.0000000000        0.0000000000        0.0000000000
     2501.0000000000        0.0000000000        0.0000000000
     2502.0000000000        0.0000000000        0.0000000000
     2503.0000000000        0.0000000000        0.0000000000
     2504.0000000000        0.0000000000        0.0000000000
     2505.0000000000        0.0000000000        0.0000000000
     2506.0000000000        0.0000000000        0.0000000000
     2507.0000000000        0.0000000000        0.0000000000
     2508.0000000000        0.0000000000        0.0000000000
     2509.0000000000        0.0000000000        0.0000000000
     2510.0000000000        0.0000000000        0.0000000000
     2511.0000000000        0.0000000000        0.0000000000
     2512.0000000000        0.0000000000        0.0000000000
     2513.0000000000        0.0000000000        0.0000000000
     2514.0000000000        0.0000000000        0.0000000000
     2515.0000000000        0.0000000000        0.0000000000
     2516.0000000000        0.0000000000        0.0000000000
     2517.0000000000        0.0000000000        0.0000000000
     2518.0000000000        0.0000000000        0.0000000000
     2519.0000000000        0.0000000000        0.0000000000
     2520.0000000000        0.0000000000        0.0000000000
     2521.0000000000        0.0000000000        0.0000000000
     2522.0000000000        0.0000000000        0.0000000000
     2523.0000000000        0.0000000000        0.0000000000
     2524.0000000000        0.0000000000        0.0000000000
     2525.0000000000        0.0000000000        0.0000000000
     2526.0000000000        0.0000000000        0.0000000000
     2527.0000000000        0.0000000000        0.0000000000
     2528.0000000000        0.0000000000        0.0000000000
     2529.0000000000        0.0000000000        0.0000000000
     2530.0000000000        0.0000000000        0.0000000000
     2531.0000000000        0.0000000000        0.0000000000
     2532.0000000000        0.0000000000        0.0000000000
     2533.0000000000        0.0000000000        0.0000000000
     2534.0000000000        0.0000000000        0.0000000000
     2535.0000000000        0.0000000000        0.0000000000
     2536.0000000000        0.0000000000        0.0000000000
     2537.0000000000        0.0000000000        0.0000000000
     2538.0000000000        0.0000000000        0.0000000000
     2539.0000000000        0.0000000000        0.0000000000
     2540.0000000000        0.0000000000        0.0000000000
     2541.0000000000        0.0000000000        0.0000000000
     2542.0000000000        0.0000000000        0.0000000000
     2543.0000000000        0.0000000000        0.0000000000
     2544.0000000000        0.0000000000        0.0000000000
     2545.0000000000        0.0000000000        0.0000000000
     2546.0000000000        0.0000000000        0.0000000000
     2547.0000000000        0.0000000000        0.0000000000
     2548.0000000000        0.0000000000        0.0000000000
     2549.0000000000        0.0000000000        0.0000000000
     2550.0000000000        0.0000000000        0.0000000000
     2551.0000000000        0.0000000000        0.0000000000
     2552.0000000000        0.0000000000        0.0000000000
     2553.0000000000        0.0000000000        0.0000000000
     2554.0000000000        0.0000000000        0.0000000000
     2555.0000000000        0.0000000000        0.0000000000
     2556.0000000000        0.0000000000        0.0000000000
     2557.0000000000        0.0000000000        0.0000000000
     2558.0000000000        0.0000000000        0.0000000000
     2559.0000000000        0.0000000000        0.0000000000
     2560.0000000000        0.0000000000        0.0000000000
     2561.0000000000        0.0000000000        0.0000000000
     2562.0000000000        0.0000000000        0.0000000000
     2563.0000000000        0.0000000000        0.0000000000
     2564.0000000000        0.0000000000        0.0000000000
     2565.0000000000        0.0000000000        0.0000000000
     2566.0000000000        0.0000000000        0.0000000000
     2567.0000000000        0.0000000000        0.0000000000
     2568.0000000000        0.0000000000        0.0000000000
     2569.0000000000        0.0000000000        0.0000000000
     2570.0000000000        0.0000000000        0.0000000000
     2571.0000000000        0.0000000000        0.0000000000
     2572.0000000000        0.0000000000        0.0000000000
     2573.0000000000        0.0000000000        0.0000000000
     2574.0000000000        0.0000000000        0.0000000000
     2575.0000000000        0.0000000000        0.0000000000
     2576.0000000000        0.0000000000        0.0000000000
     2577.0000000000        0.0000000000        0.0000000000
     2578.0000000000        0.0000000000        0.0000000000
     2579.0000000000        0.0000000000        0.0000000000
     2580.0000000000        0.0000000000        0.0000000000
     2581.0000000000        0.0000000000        0.0000000000
     2582.0000000000        0.0000000000        0.0000000000
     2583.0000000000        0.0000000000        0.0000000000
     2584.0000000000        0.0000000000        0.0000000000
     2585.0000000000        0.0000000000        0.0000000000
     2586.0000000000        0.0000000000        0.0000000000
     2587.0000000000        0.0000000000        0.0000000000
     2588.0000000000        0.0000000000        0.0000000000
     2589.0000000000        0.0000000000        0.0000000000
     2590.0000000000        0.0000000000        0.0000000000
     2591.0000000000        0.0000000000        0.0000000000
     2592.0000000000        0.0000000000        0.0000000000
     2593.0000000000        0.0000000000        0.0000000000
     2594.0000000000        0.0000000000        0.0000000000
     2595.0000000000        0.0000000000        0.0000000000
     2596.0000000000        0.0000000000        0.0000000000
     2597.0000000000        0.0000000000        0.0000000000
     2598.0000000000        0.0000000000        0.0000000000
     2599.0000000000        0.0000000000        0.0000000000
     2600.0000000000        0.0000000000        0.0000000000
     2601.0000000000        0.0000000000        0.0000000000
     2602.0000000000        0.0000000000        0.0000000000
     2603.0000000000        0.0000000000        0.0000000000
     2604.0000000000        0.0000000000        0.0000000000
     2605.0000000000        0.0000000000        0.0000000000
     2606.0000000000        0.0000000000        0.0000000000
     2607.0000000000        0.0000000000        0.0000000000
     2608.0000000000        0.0000000000        0.0000000000
     2609.0000000000        0.0000000000        0.0000000000
     2610.0000000000        0.0000000000        0.0000000000
     2611.0000000000        0.0000000000        0.0000000000
     2612.0000000000        0.0000000000        0.0000000000
     2613.0000000000        0.0000000000        0.0000000000
     2614.0000000000        0.0000000000        0.0000000000
     2615.0000000000        0.0000000000        0.0000000000
     2616.0000000000        0.0000000000        0.0000000000
     2617.0000000000        0.0000000000        0.0000000000
     2618.0000000000        0.0000000000        0.0000000000
     2619.0000000000        0.0000000000        0.0000000000
     2620.0000000000        0.0000000000        0.0000000000
     2621.0000000000        0.0000000000        0.0000000000
     2622.0000000000        0.0000000000        0.0000000000
     2623.0000000000        0.0000000000        0.0000000000
     2624.0000000000        0.0000000000        0.0000000000
     2625.0000000000        0.0000000000        0.0000000000
     2626.0000000000        0.0000000000        0.0000000000
     2627.0000000000        0.0000000000        0.0000000000
     2628.0000000000        0.0000000000        0.0000000000
     2629.0000000000        0.0000000000        0.0000000000
     2630.0000000000        0.0000000000        0.0000000000
     2631.0000000000        0.0000000000        0.0000000000
     2632.0000000000        0.0000000000        0.0000000000
     2633.0000000000        0.0000000000        0.0000000000
     2634.0000000000        0.0000000000        0.0000000000
     2635.0000000000        0.0000000000        0.0000000000
     2636.0000000000        0.0000000000        0.0000000000
     2637.0000000000        0.0000000000        0.0000000000
     2638.0000000000        0.0000000000        0.0000000000
     2639.0000000000        0.0000000000        0.0000000000
     2640.0000000000        0.0000000000        0.0000000000
     2641.0000000000        0.0000000000        0.0000000000
     2642.0000000000        0.0000000000        0.0000000000
     2643.0000000000        0.0000000000        0.0000000000
     2644.0000000000        0.0000000000        0.0000000000
     2645.0000000000        0.0000000000        0.0000000000
     2646.0000000000        0.0000000000        0.0000000000
     2647.0000000000        0.0000000000        0.0000000000
     2648.0000000000        0.0000000000        0.0000000000
     2649.0000000000        0.0000000000        0.0000000000
     2650.0000000000        0.0000000000        0.0000000000
     2651.0000000000        0.0000000000        0.0000000000
     2652.0000000000        0.0000000000        0.0000000000
     2653.0000000000        0.0000000000        0.0000000000
     2654.0000000000        0.0000000000        0.0000000000
     2655.0000000000        0.0000000000        0.0000000000
     2656.0000000000        0.0000000000        0.0000000000
     2657.0000000000        0.0000000000        0.0000000000
     2658.0000000000        0.0000000000        0.0000000000
     2659.0000000000        0.0000000000        0.0000000000
     2660.0000000000        0.0000000000        0.0000000000
     2661.0000000000        0.0000000000        0.0000000000
     2662.0000000000        0.0000000000        0.0000000000
     2663.0000000000        0.0000000000        0.0000000000
     2664.0000000000        0.0000000000        0.0000000000
     2665.0000000000        0.0000000000        0.0000000000
     2666.0000000000        0.0000000000        0.0000000000
     2667.0000000000        0.0000000000        0.0000000000
     2668.0000000000        0.0000000000        0.0000000000
     2669.0000000000        0.0000000000        0.0000000000
     2670.0000000000        0.0000000000        0.0000000000
     2671.0000000000        0.0000000000        0.0000000000
     2672.0000000000        0.0000000000        0.0000000000
     2673.0000000000        0.0000000000        0.0000000000
     2674.0000000000        0.0000000000        0.0000000000
     2675.0000000000        0.0000000000        0.0000000000
     2676.0000000000        0.0000000000        0.0000000000
     2677.0000000000        0.0000000000        0.0000000000
     2678.0000000000        0.0000000000        0.0000000000
     2679.0000000000        0.0000000000        0.0000000000
     2680.0000000000        0.0000000000        0.0000000000
     2681.0000000000        0.0000000000        0.0000000000
     2682.0000000000        0.0000000000        0.0000000000
     2683.0000000000        0.0000000000        0.0000000000
     2684.0000000000        0.0000000000        0.0000000000
     2685.0000000000        0.0000000000        0.0000000000
     2686.0000000000        0.0000000000        0.0000000000
     2687.0000000000        0.0000000000        0.0000000000
     2688.0000000000        0.0000000000        0.0000000000
     2689.0000000000        0.0000000000        0.0000000000
     2690.0000000000        0.0000000000        0.0000000000
     2691.0000000000        0.0000000000        0.0000000000
     2692.0000000000        0.0000000000        0.0000000000
     2693.0000000000        0.0000000000        0.0000000000
     2694.0000000000        0.0000000000        0.0000000000
     2695.0000000000        0.0000000000        0.0000000000
     2696.0000000000        0.0000000000        0.0000000000
     2697.0000000000        0.0000000000        0.0000000000
     2698.0000000000        0.0000000000        0.0000000000
     2699.0000000000        0.0000000000        0.0000000000
     2700.0000000000        0.0000000000        0.0000000000
     2701.0000000000        0.0000000000        0.0000000000
     2702.0000000000        0.0000000000        0.0000000000
     2703.0000000000        0.0000000000        0.0000000000
     2704.0000000000        0.0000000000        0.0000000000
     2705.0000000000        0.0000000000        0.0000000000
     2706.0000000000        0.0000000000        0.0000000000
     2707.0000000000        0.0000000000        0.0000000000
     2708.0000000000        0.0000000000        0.0000000000
     2709.0000000000        0.0000000000        0.0000000000
     2710.0000000000        0.0000000000        0.0000000000
     2711.0000000000        0.0000000000        0.0000000000
     2712.0000000000        0.0000000000        0.0000000000
     2713.0000000000        0.0000000000        0.0000000000
     2714.0000000000        0.0000000000        0.0000000000
     2715.0000000000        0.0000000000        0.0000000000
     2716.0000000000        0.0000000000        0.0000000000
     2717.0000000000        0.0000000000        0.0000000000
     2718.0000000000        0.0000000000        0.0000000000
     2719.0000000000        0.0000000000        0.0000000000
     2720.0000000000        0.0000000000        0.0000000000
     2721.0000000000        0.0000000000        0.0000000000
     2722.0000000000        0.0000000000        0.0000000000
     2723.0000000000        0.0000000000        0.0000000000
     2724.0000000000        0.0000000000        0.0000000000
     2725.0000000000        0.0000000000        0.0000000000
     2726.0000000000        0.0000000000        0.0000000000
     2727.0000000000        0.0000000000        0.0000000000
     2728.0000000000        0.0000000000        0.0000000000
     2729.0000000000        0.0000000000        0.0000000000
     2730.0000000000        0.0000000000        0.0000000000
     2731.0000000000        0.0000000000        0.0000000000
     2732.0000000000        0.0000000000        0.0000000000
     2733.0000000000        0.0000000000        0.0000000000
     2734.0000000000        0.0000000000        0.0000000000
     2735.0000000000        0.0000000000        0.0000000000
     2736.0000000000        0.0000000000        0.0000000000
     2737.0000000000        0.0000000000        0.0000000000
     2738.0000000000        0.0000000000        0.0000000000
     2739.0000000000        0.0000000000        0.0000000000
     2740.0000000000        0.0000000000        0.0000000000
     2741.0000000000        0.0000000000        0.0000000000
     2742.0000000000        0.0000000000        0.0000000000
     2743.0000000000        0.0000000000        0.0000000000
     2744.0000000000        0.0000000000        0.0000000000
     2745.0000000000        0.0000000000        0.0000000000
     2746.0000000000        0.0000000000        0.0000000000
     2747.0000000000        0.0000000000        0.0000000000
     2748.0000000000        0.0000000000        0.0000000000
     2749.0000000000        0.0000000000        0.0000000000
     2750.0000000000        0.0000000000        0.0000000000
     2751.0000000000        0.0000000000        0.0000000000
     2752.0000000000        0.0000000000        0.0000000000
     2753.0000000000        0.0000000000        0.0000000000
     2754.0000000000        0.0000000000        0.0000000000
     2755.0000000000        0.0000000000        0.0000000000
     2756.0000000000        0.0000000000        0.0000000000
     2757.0000000000        0.0000000000        0.0000000000
     2758.0000000000        0.0000000000        0.0000000000
     2759.0000000000        0.0000000000        0.0000000000
     2760.0000000000        0.0000000000        0.0000000000
     2761.0000000000        0.0000000000        0.0000000000
     2762.0000000000        0.0000000000        0.0000000000
     2763.0000000000        0.0000000000        0.0000000000
     2764.0000000000        0.0000000000        0.0000000000
     2765.0000000000        0.0000000000        0.0000000000
     2766.0000000000        0.0000000000        0.0000000000
     2767.0000000000        0.0000000000        0.0000000000
     2768.0000000000        0.0000000000        0.0000000000
     2769.0000000000        0.0000000000        0.0000000000
     2770.0000000000        0.0000000000        0.0000000000
     2771.0000000000        0.0000000000        0.0000000000
     2772.0000000000        0.0000000000        0.0000000000
     2773.0000000000        0.0000000000        0.0000000000
     2774.0000000000        0.0000000000        0.0000000000
     2775.0000000000        0.0000000000        0.0000000000
     2776.0000000000        0.0000000000        0.0000000000
     2777.0000000000        0.0000000000        0.0000000000
     2778.0000000000        0.0000000000        0.0000000000
     2779.0000000000        0.0000000000        0.0000000000
     2780.0000000000        0.0000000000        0.0000000000
     2781.0000000000        0.0000000000        0.0000000000
     2782.0000000000        0.0000000000        0.0000000000
     2783.0000000000        0.0000000000        0.0000000000
     2784.0000000000        0.0000000000        0.0000000000
     2785.0000000000        0.0000000000        0.0000000000
     2786.0000000000        0.0000000000        0.0000000000
     2787.0000000000        0.0000000000        0.0000000000
     2788.0000000000        0.0000000000        0.0000000000
     2789.0000000000        0.0000000000        0.0000000000
     2790.0000000000        0.0000000000        0.0000000000
     2791.0000000000        0.0000000000        0.0000000000
     2792.0000000000        0.0000000000        0.0000000000
     2793.0000000000        0.0000000000        0.0000000000
     2794.0000000000        0.0000000000        0.0000000000
     2795.0000000000        0.0000000000        0.0000000000
     2796.0000000000        0.0000000000        0.0000000000
     2797.0000000000        0.0000000000        0.0000000000
     2798.0000000000        0.0000000000        0.0000000000
     2799.0000000000        0.0000000000        0.0000000000
     2800.0000000000        0.0000000000        0.0000000000
     2801.0000000000        0.0000000000        0.0000000000
     2802.0000000000        0.0000000000        0.0000000000
     2803.0000000000        0.0000000000        0.0000000000
     2804.0000000000        0.0000000000        0.0000000000
     2805.0000000000        0.0000000000        0.0000000000
     2806.0000000000        0.0000000000        0.0000000000
     2807.0000000000        0.0000000000        0.0000000000
     2808.0000000000        0.0000000000        0.0000000000
     2809.0000000000        0.0000000000        0.0000000000
     2810.0000000000        0.0000000000        0.0000000000
     2811.0000000000        0.0000000000        0.0000000000
     2812.0000000000        0.0000000000        0.0000000000
     2813.0000000000        0.0000000000        0.0000000000
     2814.0000000000        0.0000000000        0.0000000000
     2815.0000000000        0.0000000000        0.0000000000
     2816.0000000000        0.0000000000        0.0000000000
     2817.0000000000        0.0000000000        0.0000000000
     2818.0000000000        0.0000000000        0.0000000000
     2819.0000000000        0.0000000000        0.0000000000
     2820.0000000000        0.0000000000        0.0000000000
     2821.0000000000        0.0000000000        0.0000000000
     2822.0000000000        0.0000000000        0.0000000000
     2823.0000000000        0.0000000000        0.0000000000
     2824.0000000000        0.0000000000        0.0000000000
     2825.0000000000        0.0000000000        0.0000000000
     2826.0000000000        0.0000000000        0.0000000000
     2827.0000000000        0.0000000000        0.0000000000
     2828.0000000000        0.0000000000        0.0000000000
     2829.0000000000        0.0000000000        0.0000000000
     2830.0000000000        0.0000000000        0.0000000000
     2831.0000000000        0.0000000000        0.0000000000
     2832.0000000000        0.0000000000        0.0000000000
     2833.0000000000        0.0000000000        0.0000000000
     2834.0000000000        0.0000000000        0.0000000000
     2835.0000000000        0.0000000000        0.0000000000
     2836.0000000000        0.0000000000        0.0000000000
     2837.0000000000        0.0000000000        0.0000000000
     2838.0000000000        0.0000000000        0.0000000000
     2839.0000000000        0.0000000000        0.0000000000
     2840.0000000000        0.0000000000        0.0000000000
     2841.0000000000        0.0000000000        0.0000000000
     2842.0000000000        0.0000000000        0.0000000000
     2843.0000000000        0.0000000000        0.0000000000
     2844.0000000000        0.0000000000        0.0000000000
     2845.0000000000        0.0000000000        0.0000000000
     2846.0000000000        0.0000000000        0.0000000000
     2847.0000000000        0.0000000000        0.0000000000
     2848.0000000000        0.0000000000        0.0000000000
     2849.0000000000        0.0000000000        0.0000000000
     2850.0000000000        0.0000000000        0.0000000000
     2851.0000000000        0.0000000000        0.0000000000
     2852.0000000000        0.0000000000        0.0000000000
     2853.0000000000        0.0000000000        0.0000000000
     2854.0000000000        0.0000000000        0.0000000000
     2855.0000000000        0.0000000000        0.0000000000
     2856.0000000000        0.0000000000        0.0000000000
     2857.0000000000        0.0000000000        0.0000000000
     2858.0000000000        0.0000000000        0.0000000000
     2859.0000000000        0.0000000000        0.0000000000
     2860.0000000000        0.0000000000        0.0000000000
     2861.0000000000        0.0000000000        0.0000000000
     2862.0000000000        0.0000000000        0.0000000000
     2863.0000000000        0.0000000000        0.0000000000
     2864.0000000000        0.0000000000        0.0000000000
     2865.0000000000        0.0000000000        0.0000000000
     2866.0000000000        0.0000000000        0.0000000000
     2867.0000000000        0.0000000000        0.0000000000
     2868.0000000000        0.0000000000        0.0000000000
     2869.0000000000        0.0000000000        0.0000000000
     2870.0000000000        0.0000000000        0.0000000000
     2871.0000000000        0.0000000000        0.0000000000
     2872.0000000000        0.0000000000        0.0000000000
     2873.0000000000        0.0000000000        0.0000000000
     2874.0000000000        0.0000000000        0.0000000000
     2875.0000000000        0.0000000000        0.0000000000
     2876.0000000000        0.0000000000        0.0000000000
     2877.0000000000        0.0000000000        0.0000000000
     2878.0000000000        0.0000000000        0.0000000000
     2879.0000000000        0.0000000000        0.0000000000
     2880.0000000000        0.0000000000        0.0000000000
     2881.0000000000        0.0000000000        0.0000000000
     2882.0000000000        0.0000000000        0.0000000000
     2883.0000000000        0.0000000000        0.0000000000
     2884.0000000000        0.0000000000        0.0000000000
     2885.0000000000        0.0000000000        0.0000000000
     2886.0000000000        0.0000000000        0.0000000000
     2887.0000000000        0.0000000000        0.0000000000
     2888.0000000000        0.0000000000        0.0000000000
     2889.0000000000        0.0000000000        0.0000000000
     2890.0000000000        0.0000000000        0.0000000000
     2891.0000000000        0.0000000000        0.0000000000
     2892.0000000000        0.0000000000        0.0000000000
     2893.0000000000        0.0000000000        0.0000000000
     2894.0000000000        0.0000000000        0.0000000000
     2895.0000000000        0.0000000000        0.0000000000
     2896.0000000000        0.0000000000        0.0000000000
     2897.0000000000        0.0000000000        0.0000000000
     2898.0000000000        0.0000000000        0.0000000000
     2899.0000000000        0.0000000000        0.0000000000
     2900.0000000000        0.0000000000        0.0000000000
     2901.0000000000        0.0000000000        0.0000000000
     2902.0000000000        0.0000000000        0.0000000000
     2903.0000000000        0.0000000000        0.0000000000
     2904.0000000000        0.0000000000        0.0000000000
     2905.0000000000        0.0000000000        0.0000000000
     2906.0000000000        0.0000000000        0.0000000000
     2907.0000000000        0.0000000000        0.0000000000
     2908.0000000000        0.0000000000        0.0000000000
     2909.0000000000        0.0000000000        0.0000000000
     2910.0000000000        0.0000000000        0.0000000000
     2911.0000000000        0.0000000000        0.0000000000
     2912.0000000000        0.0000000000        0.0000000000
     2913.0000000000        0.0000000000        0.0000000000
     2914.0000000000        0.0000000000        0.0000000000
     2915.0000000000        0.0000000000        0.0000000000
     2916.0000000000        0.0000000000        0.0000000000
     2917.0000000000        0.0000000000        0.0000000000
     2918.0000000000        0.0000000000        0.0000000000
     2919.0000000000        0.0000000000        0.0000000000
     2920.0000000000        0.0000000000        0.0000000000
     2921.0000000000        0.0000000000        0.0000000000
     2922.0000000000        0.0000000000        0.0000000000
     2923.0000000000        0.0000000000        0.0000000000
     2924.0000000000        0.0000000000        0.0000000000
     2925.0000000000        0.0000000000        0.0000000000
     2926.0000000000        0.0000000000        0.0000000000
     2927.0000000000        0.0000000000        0.0000000000
     2928.0000000000        0.0000000000        0.0000000000
     2929.0000000000        0.0000000000        0.0000000000
     2930.0000000000        0.0000000000        0.0000000000
     2931.0000000000        0.0000000000        0.0000000000
     2932.0000000000        0.0000000000        0.0000000000
     2933.0000000000        0.0000000000        0.0000000000
     2934.0000000000        0.0000000000        0.0000000000
     2935.0000000000        0.0000000000        0.0000000000
     2936.0000000000        0.0000000000        0.0000000000
     2937.0000000000        0.0000000000        0.0000000000
     2938.0000000000        0.0000000000        0.0000000000
     2939.0000000000        0.0000000000        0.0000000000
     2940.0000000000        0.0000000000        0.0000000000
     2941.0000000000        0.0000000000        0.0000000000
     2942.0000000000        0.0000000000        0.0000000000
     2943.0000000000        0.0000000000        0.0000000000
     2944.0000000000        0.0000000000        0.0000000000
     2945.0000000000        0.0000000000        0.0000000000
     2946.0000000000        0.0000000000        0.0000000000
     2947.0000000000        0.0000000000        0.0000000000
     2948.0000000000        0.0000000000        0.0000000000
     2949.0000000000        0.0000000000        0.0000000000
     2950.0000000000        0.0000000000        0.0000000000
     2951.0000000000        0.0000000000        0.0000000000
     2952.0000000000        0.0000000000        0.0000000000
     2953.0000000000        0.0000000000        0.0000000000
     2954.0000000000        0.0000000000        0.0000000000
     2955.0000000000        0.0000000000        0.0000000000
     2956.0000000000        0.0000000000        0.0000000000
     2957.0000000000        0.0000000000        0.0000000000
     2958.0000000000        0.0000000000        0.0000000000
     2959.0000000000        0.0000000000        0.0000000000
     2960.0000000000        0.0000000000        0.0000000000
     2961.0000000000        0.0000000000        0.0000000000
     2962.0000000000        0.0000000000        0.0000000000
     2963.0000000000        0.0000000000        0.0000000000
     2964.0000000000        0.0000000000        0.0000000000
     2965.0000000000        0.0000000000        0.0000000000
     2966.0000000000        0.0000000000        0.0000000000
     2967.0000000000        0.0000000000        0.0000000000
     2968.0000000000        0.0000000000        0.0000000000
     2969.0000000000        0.0000000000        0.0000000000
     2970.0000000000        0.0000000000        0.0000000000
     2971.0000000000        0.0000000000        0.0000000000
     2972.0000000000        0.0000000000        0.0000000000
     2973.0000000000        0.0000000000        0.0000000000
     2974.0000000000        0.0000000000        0.0000000000
     2975.0000000000        0.0000000000        0.0000000000
     2976.0000000000        0.0000000000        0.0000000000
     2977.0000000000        0.0000000000        0.0000000000
     2978.0000000000        0.0000000000        0.0000000000
     2979.0000000000        0.0000000000        0.0000000000
     2980.0000000000        0.0000000000        0.0000000000
     2981.0000000000        0.0000000000        0.0000000000
     2982.0000000000        0.0000000000        0.0000000000
     2983.0000000000        0.0000000000        0.0000000000
     2984.0000000000        0.0000000000        0.0000000000
     2985.0000000000        0.0000000000        0.0000000000
     2986.0000000000        0.0000000000        0.0000000000
     2987.0000000000        0.0000000000        0.0000000000
     2988.0000000000        0.0000000000        0.0000000000
     2989.0000000000        0.0000000000        0.0000000000
     2990.0000000000        0.0000000000        0.0000000000
     2991.0000000000        0.0000000000        0.0000000000
     2992.0000000000        0.0000000000        0.0000000000
     2993.0000000000        0.0000000000        0.0000000000
     2994.0000000000        0.0000000000        0.0000000000
     2995.0000000000        0.0000000000        0.0000000000
     2996.0000000000        0.0000000000        0.0000000000
     2997.0000000000        0.0000000000        0.0000000000
     2998.0000000000        0.0000000000        0.0000000000
     2999.0000000000        0.0000000000        0.0000000000
     3000.0000000000        0.0000000000        0.0000000000
     3001.0000000000        0.0000000000        0.0000000000
     3002.0000000000        0.0000000000        0.0000000000
     3003.0000000000        0.0000000000        0.0000000000
     3004.0000000000        0.0000000000        0.0000000000
     3005.0000000000        0.0000000000        0.0000000000
     3006.0000000000        0.0000000000        0.0000000000
     3007.0000000000        0.0000000000        0.0000000000
     3008.0000000000        0.0000000000        0.0000000000
     3009.0000000000        0.0000000000        0.0000000000
     3010.0000000000        0.0000000000        0.0000000000
     3011.0000000000        0.0000000000        0.0000000000
     3012.0000000000        0.0000000000        0.0000000000
     3013.0000000000        0.0000000000        0.0000000000
     3014.0000000000        0.0000000000        0.0000000000
     3015.0000000000        0.0000000000        0.0000000000
     3016.0000000000        0.0000000000        0.0000000000
     3017.0000000000        0.0000000000        0.0000000000
     3018.0000000000        0.0000000000        0.0000000000
     3019.0000000000        0.0000000000        0.0000000000
     3020.0000000000        0.0000000000        0.0000000000
     3021.0000000000        0.0000000000        0.0000000000
     3022.0000000000        0.0000000000        0.0000000000
     3023.0000000000        0.0000000000        0.0000000000
     3024.0000000000        0.0000000000        0.0000000000
     3025.0000000000        0.0000000000        0.0000000000
     3026.0000000000        0.0000000000        0.0000000000
     3027.0000000000        0.0000000000        0.0000000000
     3028.0000000000        0.0000000000        0.0000000000
     3029.0000000000        0.0000000000        0.0000000000
     3030.0000000000        0.0000000000        0.0000000000
     3031.0000000000        0.0000000000        0.0000000000
     3032.0000000000        0.0000000000        0.0000000000
     3033.0000000000        0.0000000000        0.0000000000
     3034.0000000000        0.0000000000        0.0000000000
     3035.0000000000        0.0000000000        0.0000000000
     3036.0000000000        0.0000000000        0.0000000000
     3037.0000000000        0.0000000000        0.0000000000
     3038.0000000000        0.0000000000        0.0000000000
     3039.0000000000        0.0000000000        0.0000000000
     3040.0000000000        0.0000000000        0.0000000000
     3041.0000000000        0.0000000000        0.0000000000
     3042.0000000000        0.0000000000        0.0000000000
     3043.0000000000        0.0000000000        0.0000000000
     3044.0000000000        0.0000000000        0.0000000000
     3045.0000000000        0.0000000000        0.0000000000
     3046.0000000000        0.0000000000        0.0000000000
     3047.0000000000        0.0000000000        0.0000000000
     3048.0000000000        0.0000000000        0.0000000000
     3049.0000000000        0.0000000000        0.0000000000
     3050.0000000000        0.0000000000        0.0000000000
     3051.0000000000        0.0000000000        0.0000000000
     3052.0000000000        0.0000000000        0.0000000000
     3053.0000000000        0.0000000000        0.0000000000
     3054.0000000000        0.0000000000        0.0000000000
     3055.0000000000        0.0000000000        0.0000000000
     3056.0000000000        0.0000000000        0.0000000000
     3057.0000000000        0.0000000000        0.0000000000
     3058.0000000000        0.0000000000        0.0000000000
     3059.0000000000        0.0000000000        0.0000000000
     3060.0000000000        0.0000000000        0.0000000000
     3061.0000000000        0.0000000000        0.0000000000
     3062.0000000000        0.0000000000        0.0000000000
     3063.0000000000        0.0000000000        0.0000000000
     3064.0000000000        0.0000000000        0.0000000000
     3065.0000000000        0.0000000000        0.0000000000
     3066.0000000000        0.0000000000        0.0000000000
     3067.0000000000        0.0000000000        0.0000000000
     3068.0000000000        0.0030167545        0.0000377663
     3069.0000000000        0.0030548783        0.0000384843
     3070.0000000000        0.0030937292        0.0000392206
     3071.0000000000        0.0031333258        0.0000399758
     3072.0000000000        0.0031736874        0.0000407506
     3073.0000000000        0.0032148336        0.0000415454
     3074.0000000000        0.0032567851        0.0000423611
     3075.0000000000        0.0032995630        0.0000431983
     3076.0000000000        0.0033431891        0.0000440576
     3077.0000000000        0.0033876859        0.0000449399
     3078.0000000000        0.0034330768        0.0000458459
     3079.0000000000        0.0034793859        0.0000467765
     3080.0000000000        0.0035266382        0.0000477323
     3081.0000000000        0.0035748593        0.0000487144
     3082.0000000000        0.0036240761        0.0000497236
     3083.0000000000        0.0036743160        0.0000507609
     3084.0000000000        0.0037256076        0.0000518272
     3085.0000000000        0.0037779804        0.0000529236
     3086.0000000000        0.0038314652        0.0000540511
     3087.0000000000        0.0038860935        0.0000552109
     3088.0000000000        0.0039418981        0.0000564041
     3089.0000000000        0.0039989132        0.0000576319
     3090.0000000000        0.0040571739        0.0000588956
     3091.0000000000        0.0041167168        0.0000601965
     3092.0000000000        0.0041775797        0.0000615360
     3093.0000000000        0.0042398021        0.0000629155
     3094.0000000000        0.0043034245        0.0000643365
     3095.0000000000        0.0043684895        0.0000658007
     3096.0000000000        0.0044350408        0.0000673096
     3097.0000000000        0.0045031241        0.0000688649
     3098.0000000000        0.0045727867        0.0000704686
     3099.0000000000        0.0046440779        0.0000721224
     3100.0000000000        0.0047170489        0.0000738283
     3101.0000000000        0.0047917527        0.0000755885
     3102.0000000000        0.0048682447        0.0000774050
     3103.0000000000        0.0049465823        0.0000792803
     3104.0000000000        0.0050268255        0.0000812165
     3105.0000000000        0.0051090365        0.0000832163
     3106.0000000000        0.0051932801        0.0000852822
     3107.0000000000        0.0052796240        0.0000874171
     3108.0000000000        0.0053681384        0.0000896239
     3109.0000000000        0.0054588966        0.0000919055
     3110.0000000000        0.0055519753        0.0000942651
     3111.0000000000        0.0056474541        0.0000967062
     3112.0000000000        0.0057454161        0.0000992324
     3113.0000000000        0.0058459483        0.0001018472
     3114.0000000000        0.0059491413        0.0001045546
     3115.0000000000        0.0060550899        0.0001073589
     3116.0000000000        0.0061638928        0.0001102643
     3117.0000000000        0.0062756536        0.0001132754
     3118.0000000000        0.0063904804        0.0001163971
     3119.0000000000        0.0065084864        0.0001196345
     3120.0000000000        0.0066297899        0.0001229931
     3121.0000000000        0.0067545148        0.0001264785
     3122.0000000000        0.0068827911        0.0001300968
     3123.0000000000        0.0070147548        0.0001338543
     3124.0000000000        0.0071505484        0.0001377579
     3125.0000000000        0.0072903217        0.0001418147
     3126.0000000000        0.0074342314        0.0001460323
     3127.0000000000        0.0075824425        0.0001504186
     3128.0000000000        0.0077351278        0.0001549824
     3129.0000000000        0.0078924693        0.0001597325
     3130.0000000000        0.0080546582        0.0001646787
     3131.0000000000        0.0082218954        0.0001698310
     3132.0000000000        0.0083943925        0.0001752004
     3133.0000000000        0.0085723725        0.0001807985
     3134.0000000000        0.0087560698        0.0001866374
     3135.0000000000        0.0089457320        0.0001927304
     3136.0000000000        0.0091416198        0.0001990913
     3137.0000000000        0.0093440088        0.0002057350
     3138.0000000000        0.0095531894        0.0002126774
     3139.0000000000        0.0097694689        0.0002199356
     3140.0000000000        0.0099931718        0.0002275275
     3141.0000000000        0.0102246417        0.0002354727
     3142.0000000000        0.0119064781        0.0002618556
     3143.0000000000        0.0121728285        0.0002709146
     3144.0000000000        0.0148350869        0.0003103769
     3145.0000000000        0.0151506807        0.0003208912
     3146.0000000000        0.0154770350        0.0003319027
     3147.0000000000        0.0158146620        0.0003434417
     3148.0000000000        0.0161641051        0.0003555408
     3149.0000000000        0.0165259420        0.0003682351
     3150.0000000000        0.0169007862        0.0003815622
     3151.0000000000        0.0172892909        0.0003955630
     3152.0000000000        0.0176921514        0.0004102814
     3153.0000000000        0.0181101087        0.0004257647
     3154.0000000000        0.0185439529        0.0004420643
     3155.0000000000        0.0189945279        0.0004592357
     3156.0000000000        0.0194627349        0.0004773390
     3157.0000000000        0.0199495382        0.0004964395
     3158.0000000000        0.0204559698        0.0005166079
     3159.0000000000        0.0209831356        0.0005379213
     3160.0000000000        0.0215322219        0.0005604635
     3161.0000000000        0.0221045026        0.0005843259
     3162.0000000000        0.0227013470        0.0006096082
     3163.0000000000        0.0233242285        0.0006364193
     3164.0000000000        0.0239747348        0.0006648784
     3165.0000000000        0.0246545780        0.0006951161
     3166.0000000000        0.0253656074        0.0007272757
     3167.0000000000        0.0261098224        0.0007615147
     3168.0000000000        0.0268893875        0.0007980063
     3169.0000000000        0.0277066494        0.0008369417
     3170.0000000000        0.0285641556        0.0008785318
     3171.0000000000        0.0294646754        0.0009230099
     3172.0000000000        0.0304112238        0.0009706343
     3173.0000000000        0.0326413574        0.0010371352
     3174.0000000000        0.0337057167        0.0010922384
     3175.0000000000        0.0348272055        0.0011514567
     3176.0000000000        0.0360101336        0.0012151868
     3177.0000000000        0.0372592306        0.0012838728
     3178.0000000000        0.0385796962        0.0013580121
     3179.0000000000        0.0399772580        0.0014381638
     3180.0000000000        0.0414582368        0.0015249573
     3181.0000000000        0.0430296224        0.0016191032
     3182.0000000000        0.0446991607        0.0017214052
     3183.0000000000        0.0464754541        0.0018327754
     3184.0000000000        0.0483680783        0.0019542510
     3185.0000000000        0.0503877172        0.0020870155
     3186.0000000000        0.0525463212        0.0022324224
     3187.0000000000        0.0548572914        0.0023920252
     3188.0000000000        0.0573356967        0.0025676123
     3189.0000000000        0.0599985290        0.0027612492
     3190.0000000000        0.0628650054        0.0029753300
     3191.0000000000        0.0659569268        0.0032126399
     3192.0000000000        0.0692991062        0.0034764314
     3193.0000000000        0.0729198805        0.0037705180
     3194.0000000000        0.0768517281        0.0040993899
     3195.0000000000        0.0811320146        0.0044683580
     3196.0000000000        0.0858038993        0.0048837326
     3197.0000000000        0.0909174439        0.0053530495
     3198.0000000000        0.0965309737        0.0058853544
     3199.0000000000        0.1027127622        0.0064915655
     3200.0000000000        0.1095431262        0.0071849384
     3201.0000000000        0.1171170496        0.0079816660
     3202.0000000000        0.1255474945        0.0089016593
     3203.0000000000        0.1349696077        0.0099695723
     3204.0000000000        0.1455461097        0.0112161580
     3205.0000000000        0.1574742555        0.0126800808
     3206.0000000000        0.1709949063        0.0144103603
     3207.0000000000        0.1864044633        0.0164697035
     3208.0000000000        0.2040707247        0.0189390931
     3209.0000000000        0.2244541798        0.0219241817
     3210.0000000000        0.2481369231        0.0255643045
     3211.0000000000        0.2758623798        0.0300453376
     3212.0000000000        0.3085905566        0.0356182712
     3213.0000000000        0.3475758621        0.0426263621
     3214.0000000000        0.3944781262        0.0515452850
     3215.0000000000        0.4515229780        0.0630430841
     3216.0000000000        0.5217361910        0.0780702371
     3217.0000000000        0.6092891842        0.0979948272
     3218.0000000000        0.7200102679        0.1248023239
     3219.0000000000        0.8621357397        0.1613772289
     3220.0000000000        1.0473801846        0.2118507544
     3221.0000000000        1.2923333706        0.2818557449
     3222.0000000000        1.6198340801        0.3780406107
     3223.0000000000        2.0587206932        0.5047520788
     3224.0000000000        2.6367789936        0.6524556495
     3225.0000000000        3.3543003848        0.7693211754
     3226.0000000000        4.1227934443        0.7265156192
     3227.0000000000        4.7020225348        0.3759532683
     3228.0000000000        4.7948632711       -0.2015834550
     3229.0000000000        4.3441369738       -0.6509670134
     3230.0000000000        3.6035983169       -0.7802537101
     3231.0000000000        2.8548169080       -0.6963026900
     3232.0000000000        2.2308695959       -0.5496175016
     3233.0000000000        1.7513148967       -0.4139396772
     3234.0000000000        1.3928075618       -0.3082029520
     3235.0000000000        1.1254970539       -0.2305858394
     3236.0000000000        0.9244449113       -0.1745699394
     3237.0000000000        0.7712011311       -0.1340752757
     3238.0000000000        0.6526676674       -0.1045063192
     3239.0000000000        0.5596383433       -0.0826210586
     3240.0000000000        0.4856175221       -0.0661827806
     3241.0000000000        0.4259753292       -0.0536523464
     3242.0000000000        0.3773690540       -0.0439636933
     3243.0000000000        0.3373518634       -0.0363703813
     3244.0000000000        0.3041079191       -0.0303430618
     3245.0000000000        0.2762716915       -0.0255012740
     3246.0000000000        0.2528033681       -0.0215678776
     3247.0000000000        0.2329018830       -0.0183383383
     3248.0000000000        0.2159434342       -0.0156597952
     3249.0000000000        0.2014374667       -0.0134166235
     3250.0000000000        0.1889947740       -0.0115203512
     3251.0000000000        0.1783041106       -0.0099025319
     3252.0000000000        0.1691148566       -0.0085096440
     3253.0000000000        0.1612240357       -0.0072993985
     3254.0000000000        0.1544665041       -0.0062380349
     3255.0000000000        0.1487074721       -0.0052983186
     3256.0000000000        0.1438367634       -0.0044580415
     3257.0000000000        0.1397643816       -0.0036988871
     3258.0000000000        0.1364170724       -0.0030055608
     3259.0000000000        0.1337356531       -0.0023651153
     3260.0000000000        0.1316729405       -0.0017664201
     3261.0000000000        0.1301921534       -0.0011997381
     3262.0000000000        0.1292656983       -0.0006563793
     3263.0000000000        0.1288742698       -0.0001284126
     3264.0000000000        0.1290062191        0.0003915824
     3265.0000000000        0.1296571554        0.0009107368
     3266.0000000000        0.1308297604        0.0014360981
     3267.0000000000        0.1325338052        0.0019748306
     3268.0000000000        0.1347863679        0.0025344196
     3269.0000000000        0.1376122630        0.0031228905
     3270.0000000000        0.1410447007        0.0037490522
     3271.0000000000        0.1451262070        0.0044227790
     3272.0000000000        0.1499098518        0.0051553450
     3273.0000000000        0.1554608451        0.0059598320
     3274.0000000000        0.1618585888        0.0068516358
     3275.0000000000        0.1691992968        0.0078491043
     3276.0000000000        0.1775993377        0.0089743533
     3277.0000000000        0.1871995085        0.0102543228
     3278.0000000000        0.1981705169        0.0117221581
     3279.0000000000        0.2107200572        0.0134190366
     3280.0000000000        0.2251020034        0.0153966097
     3281.0000000000        0.2416284487        0.0177203018
     3282.0000000000        0.2606856121        0.0204738163
     3283.0000000000        0.2827550601        0.0237653599
     3284.0000000000        0.3084423132        0.0277363436
     3285.0000000000        0.3385158433        0.0325736895
     3286.0000000000        0.3739608628        0.0385274574
     3287.0000000000        0.4160544372        0.0459363985
     3288.0000000000        0.4664717117        0.0552654481
     3289.0000000000        0.5274380528        0.0671613249
     3290.0000000000        0.6019495969        0.0825356539
     3291.0000000000        0.6940962887        0.1026896017
     3292.0000000000        0.8095381624        0.1294993451
     3293.0000000000        0.9562066808        0.1656839736
     3294.0000000000        1.1453193530        0.2151614653
     3295.0000000000        1.3927685680        0.2834127714
     3296.0000000000        1.7207400168        0.3774613034
     3297.0000000000        2.1586262966        0.5041174369
     3298.0000000000        2.7399190233        0.6627836540
     3299.0000000000        3.4863851456        0.8260142394
     3300.0000000000        4.3658717384        0.9086983629
     3301.0000000000        5.2304890183        0.7734608702
     3302.0000000000        5.8131837988        0.3466994626
     3303.0000000000        5.8648143051       -0.2510585633
     3304.0000000000        5.3482709411       -0.7398188640
     3305.0000000000        4.4918951901       -0.9191775254
     3306.0000000000        3.5948290392       -0.8467501049
     3307.0000000000        2.8288846482       -0.6800484030
     3308.0000000000        2.2332033410       -0.5156520278
     3309.0000000000        1.7863430274       -0.3840711704
     3310.0000000000        1.4537422517       -0.2862342828
     3311.0000000000        1.2049874347       -0.2150700635
     3312.0000000000        1.0171749678       -0.1632464404
     3313.0000000000        0.8739771020       -0.1250302406
     3314.0000000000        0.7639635742       -0.0963077726
     3315.0000000000        0.6791657996       -0.0742008040
     3316.0000000000        0.6140362044       -0.0566898530
     3317.0000000000        0.5647405961       -0.0423274314
     3318.0000000000        0.5286940906       -0.0300340364
     3319.0000000000        0.5042697913       -0.0189525119
     3320.0000000000        0.4906336409       -0.0083378890
     3321.0000000000        0.4876796312        0.0025359859
     3322.0000000000        0.4960566445        0.0144688266
     3323.0000000000        0.5172931890        0.0284395918
     3324.0000000000        0.5540395699        0.0457370781
     3325.0000000000        0.6104536757        0.0681138875
     3326.0000000000        0.6927341153        0.0979091179
     3327.0000000000        0.8096762411        0.1379033425
     3328.0000000000        0.9726645829        0.1901277002
     3329.0000000000        1.1931656154        0.2515554760
     3330.0000000000        1.4728708818        0.3031516312
     3331.0000000000        1.7798538159        0.2950128342
     3332.0000000000        2.0209831801        0.1640170271
     3333.0000000000        2.0721077952       -0.0688773151
     3334.0000000000        1.8972250161       -0.2621943757
     3335.0000000000        1.5928293787       -0.3253810651
     3336.0000000000        1.2776967945       -0.2953181297
     3337.0000000000        1.0117187440       -0.2354043014
     3338.0000000000        0.8056020050       -0.1785581787
     3339.0000000000        0.6504719662       -0.1338255542
     3340.0000000000        0.5340161546       -0.1008396660
     3341.0000000000        0.4457566938       -0.0769708372
     3342.0000000000        0.3778890065       -0.0596801149
     3343.0000000000        0.3248564775       -0.0470284788
     3344.0000000000        0.2827481111       -0.0376427094
     3345.0000000000        0.2488019182       -0.0305740705
     3346.0000000000        0.2210474804       -0.0251694732
     3347.0000000000        0.1980605470       -0.0209765885
     3348.0000000000        0.1787969563       -0.0176787594
     3349.0000000000        0.1624802080       -0.0150514589
     3350.0000000000        0.1485247958       -0.0129333230
     3351.0000000000        0.1364833595       -0.0112068049
     3352.0000000000        0.1260098069       -0.0097851435
     3353.0000000000        0.1168332437       -0.0086034878
     3354.0000000000        0.1087393082       -0.0076127807
     3355.0000000000        0.1015566368       -0.0067754907
     3356.0000000000        0.0951469313       -0.0060625967
     3357.0000000000        0.0893975860       -0.0054514329
     3358.0000000000        0.0842161522       -0.0049241296
     3359.0000000000        0.0795261420       -0.0044664736
     3360.0000000000        0.0752638129       -0.0040670659
     3361.0000000000        0.0713756841       -0.0037166927
     3362.0000000000        0.0678165983       -0.0034078518
     3363.0000000000        0.0645481987       -0.0031343919
     3364.0000000000        0.0615377224       -0.0028912368
     3365.0000000000        0.0587570363       -0.0026741713
     3366.0000000000        0.0561818631       -0.0024796747
     3367.0000000000        0.0537911544       -0.0023047905
     3368.0000000000        0.0515665808       -0.0021470226
     3369.0000000000        0.0494921132       -0.0020042532
     3370.0000000000        0.0475536793       -0.0018746774
     3371.0000000000        0.0457388780       -0.0017567496
     3372.0000000000        0.0440367423       -0.0016491411
     3373.0000000000        0.0424375403       -0.0015507044
     3374.0000000000        0.0409326089       -0.0014604456
     3375.0000000000        0.0395142126       -0.0013774998
     3376.0000000000        0.0381754243       -0.0013011122
     3377.0000000000        0.0369100233       -0.0012306218
     3378.0000000000        0.0357124092       -0.0011654479
     3379.0000000000        0.0345775266       -0.0011050787
     3380.0000000000        0.0335008017       -0.0010490618
     3381.0000000000        0.0324780864       -0.0009969964
     3382.0000000000        0.0315056109       -0.0009485262
     3383.0000000000        0.0305799418       -0.0009033338
     3384.0000000000        0.0296979455       -0.0008611358
     3385.0000000000        0.0288567569       -0.0008216783
     3386.0000000000        0.0280537515       -0.0007847337
     3387.0000000000        0.0272865204       -0.0007500971
     3388.0000000000        0.0235616952       -0.0006802973
     3389.0000000000        0.0228964870       -0.0006504295
     3390.0000000000        0.0222602400       -0.0006223509
     3391.0000000000        0.0216512343       -0.0005959254
     3392.0000000000        0.0210678796       -0.0005710293
     3393.0000000000        0.0205087034       -0.0005475503
     3394.0000000000        0.0199723408       -0.0005253860
     3395.0000000000        0.0194575245       -0.0005044428
     3396.0000000000        0.0189630767       -0.0004846354
     3397.0000000000        0.0184879012       -0.0004658856
     3398.0000000000        0.0180309769       -0.0004481218
     3399.0000000000        0.0175913510       -0.0004312781
     3400.0000000000        0.0171681341       -0.0004152942
     3401.0000000000        0.0167604946       -0.0004001144
     3402.0000000000        0.0163676544       -0.0003856874
     3403.0000000000        0.0159888847       -0.0003719658
     3404.0000000000        0.0156235021       -0.0003589061
     3405.0000000000        0.0152708654       -0.0003464677
     3406.0000000000        0.0149303722       -0.0003346131
     3407.0000000000        0.0146014561       -0.0003233078
     3408.0000000000        0.0142835843       -0.0003125194
     3409.0000000000        0.0139762549       -0.0003022181
     3410.0000000000        0.0136789949       -0.0002923761
     3411.0000000000        0.0133913583       -0.0002829673
     3412.0000000000        0.0131129239       -0.0002739678
     3413.0000000000        0.0128432939       -0.0002653549
     3414.0000000000        0.0125820921       -0.0002571078
     3415.0000000000        0.0123289629       -0.0002492067
     3416.0000000000        0.0120835695       -0.0002416333
     3417.0000000000        0.0118455927       -0.0002343705
     3418.0000000000        0.0116147303       -0.0002274022
     3419.0000000000        0.0113906953       -0.0002207132
     3420.0000000000        0.0111732155       -0.0002142894
     3421.0000000000        0.0109620324       -0.0002081177
     3422.0000000000        0.0107569004       -0.0002021854
     3423.0000000000        0.0105575858       -0.0001964809
     3424.0000000000        0.0103638664       -0.0001909931
     3425.0000000000        0.0101755308       -0.0001857117
     3426.0000000000        0.0099923775       -0.0001806268
     3427.0000000000        0.0098142147       -0.0001757293
     3428.0000000000        0.0096408594       -0.0001710104
     3429.0000000000        0.0094721371       -0.0001664620
     3430.0000000000        0.0093078813       -0.0001620762
     3431.0000000000        0.0091479330       -0.0001578458
     3432.0000000000        0.0089921403       -0.0001537637
     3433.0000000000        0.0088403582       -0.0001498236
     3434.0000000000        0.0086924479       -0.0001460191
     3435.0000000000        0.0085482768       -0.0001423443
     3436.0000000000        0.0084077178       -0.0001387938
     3437.0000000000        0.0082706495       -0.0001353622
     3438.0000000000        0.0081369555       -0.0001320445
     3439.0000000000        0.0080065242       -0.0001288359
     3440.0000000000        0.0078792488       -0.0001257320
     3441.0000000000        0.0077550269       -0.0001227284
     3442.0000000000        0.0076337601       -0.0001198210
     3443.0000000000        0.0075153541       -0.0001170061
     3444.0000000000        0.0073997184       -0.0001142798
     3445.0000000000        0.0072867661       -0.0001116387
     3446.0000000000        0.0071764137       -0.0001090794
     3447.0000000000        0.0070685810       -0.0001065988
     3448.0000000000        0.0069631908       -0.0001041938
     3449.0000000000        0.0068601690       -0.0001018616
     3450.0000000000        0.0067594444       -0.0000995992
     3451.0000000000        0.0066609481       -0.0000974042
     3452.0000000000        0.0065646143       -0.0000952740
     3453.0000000000        0.0064703793       -0.0000932062
     3454.0000000000        0.0063781819       -0.0000911985
     3455.0000000000        0.0062879630       -0.0000892487
     3456.0000000000        0.0061996658       -0.0000873547
     3457.0000000000        0.0061132356       -0.0000855146
     3458.0000000000        0.0060286194       -0.0000837263
     3459.0000000000        0.0059457664       -0.0000819881
     3460.0000000000        0.0058646272       -0.0000802981
     3461.0000000000        0.0057851546       -0.0000786548
     3462.0000000000        0.0042800072       -0.0000592727
     3463.0000000000        0.0042213507       -0.0000580461
     3464.0000000000        0.0018277328       -0.0000278245
     3465.0000000000        0.0018002227       -0.0000271988
     3466.0000000000        0.0017733289       -0.0000265918
     3467.0000000000        0.0017470332       -0.0000260027
     3468.0000000000        0.0017213178       -0.0000254309
     3469.0000000000        0.0016961659       -0.0000248757
     3470.0000000000        0.0016715612       -0.0000243365
     3471.0000000000        0.0016474878       -0.0000238128
     3472.0000000000        0.0016239305       -0.0000233040
     3473.0000000000        0.0016008749       -0.0000228097
     3474.0000000000        0.0015783066       -0.0000223291
     3475.0000000000        0.0015562121       -0.0000218620
     3476.0000000000        0.0015345782       -0.0000214079
     3477.0000000000        0.0015133922       -0.0000209662
     3478.0000000000        0.0014926418       -0.0000205366
     3479.0000000000        0.0014723152       -0.0000201186
     3480.0000000000        0.0014524008       -0.0000197119
     3481.0000000000        0.0014328877       -0.0000193161
     3482.0000000000        0.0014137651       -0.0000189308
     3483.0000000000        0.0013950227       -0.0000185557
     3484.0000000000        0.0013766505       -0.0000181904
     3485.0000000000        0.0013586387       -0.0000178347
     3486.0000000000        0.0013409780       -0.0000174881
     3487.0000000000        0.0013236594       -0.0000171505
     3488.0000000000        0.0013066741       -0.0000168215
     3489.0000000000        0.0012900135       -0.0000165009
     3490.0000000000        0.0012736695       -0.0000161884
     3491.0000000000        0.0012576341       -0.0000158837
     3492.0000000000        0.0012418996       -0.0000155866
     3493.0000000000        0.0000000000        0.0000000000
     3494.0000000000        0.0000000000        0.0000000000
     3495.0000000000        0.0000000000        0.0000000000
     3496.0000000000        0.0000000000        0.0000000000
     3497.0000000000        0.0000000000        0.0000000000
     3498.0000000000        0.0000000000        0.0000000000
     3499.0000000000        0.0000000000        0.0000000000
     3500.0000000000        0.0000000000        0.0000000000
     3501.0000000000        0.0000000000        0.0000000000
     3502.0000000000        0.0000000000        0.0000000000
     3503.0000000000        0.0000000000        0.0000000000
     3504.0000000000        0.0000000000        0.0000000000
     3505.0000000000        0.0000000000        0.0000000000
     3506.0000000000        0.0000000000        0.0000000000
     3507.0000000000        0.0000000000        0.0000000000
     3508.0000000000        0.0000000000        0.0000000000
     3509.0000000000        0.0000000000        0.0000000000
     3510.0000000000        0.0000000000        0.0000000000
     3511.0000000000        0.0000000000        0.0000000000
     3512.0000000000        0.0000000000        0.0000000000
     3513.0000000000        0.0000000000        0.0000000000
     3514.0000000000        0.0000000000        0.0000000000
     3515.0000000000        0.0000000000        0.0000000000
     3516.0000000000        0.0000000000        0.0000000000
     3517.0000000000        0.0000000000        0.0000000000
     3518.0000000000        0.0000000000        0.0000000000
     3519.0000000000        0.0000000000        0.0000000000
     3520.0000000000        0.0000000000        0.0000000000
     3521.0000000000        0.0000000000        0.0000000000
     3522.0000000000        0.0000000000        0.0000000000
     3523.0000000000        0.0000000000        0.0000000000
     3524.0000000000        0.0000000000        0.0000000000
     3525.0000000000        0.0000000000        0.0000000000
     3526.0000000000        0.0000000000        0.0000000000
     3527.0000000000        0.0000000000        0.0000000000
     3528.0000000000        0.0000000000        0.0000000000
     3529.0000000000        0.0000000000        0.0000000000
     3530.0000000000        0.0000000000        0.0000000000
     3531.0000000000        0.0000000000        0.0000000000
     3532.0000000000        0.0000000000        0.0000000000
     3533.0000000000        0.0000000000        0.0000000000
     3534.0000000000        0.0000000000        0.0000000000
     3535.0000000000        0.0000000000        0.0000000000
     3536.0000000000        0.0000000000        0.0000000000
     3537.0000000000        0.0000000000        0.0000000000
     3538.0000000000        0.0000000000        0.0000000000
     3539.0000000000        0.0000000000        0.0000000000
     3540.0000000000        0.0000000000        0.0000000000
     3541.0000000000        0.0000000000        0.0000000000
     3542.0000000000        0.0000000000        0.0000000000
     3543.0000000000        0.0000000000        0.0000000000
     3544.0000000000        0.0000000000        0.0000000000
     3545.0000000000        0.0000000000        0.0000000000
     3546.0000000000        0.0000000000        0.0000000000
     3547.0000000000        0.0000000000        0.0000000000
     3548.0000000000        0.0000000000        0.0000000000
     3549.0000000000        0.0000000000        0.0000000000
     3550.0000000000        0.0000000000        0.0000000000
     3551.0000000000        0.0000000000        0.0000000000
     3552.0000000000        0.0000000000        0.0000000000
     3553.0000000000        0.0000000000        0.0000000000
     3554.0000000000        0.0000000000        0.0000000000
     3555.0000000000        0.0000000000        0.0000000000
     3556.0000000000        0.0000000000        0.0000000000
     3557.0000000000        0.0000000000        0.0000000000
     3558.0000000000        0.0000000000        0.0000000000
     3559.0000000000        0.0000000000        0.0000000000
     3560.0000000000        0.0000000000        0.0000000000
     3561.0000000000        0.0000000000        0.0000000000
     3562.0000000000        0.0000000000        0.0000000000
     3563.0000000000        0.0000000000        0.0000000000
     3564.0000000000        0.0000000000        0.0000000000
     3565.0000000000        0.0000000000        0.0000000000
     3566.0000000000        0.0000000000        0.0000000000
     3567.0000000000        0.0000000000        0.0000000000
     3568.0000000000        0.0000000000        0.0000000000
     3569.0000000000        0.0000000000        0.0000000000
     3570.0000000000        0.0000000000        0.0000000000
     3571.0000000000        0.0000000000        0.0000000000
     3572.0000000000        0.0000000000        0.0000000000
     3573.0000000000        0.0000000000        0.0000000000
     3574.0000000000        0.0000000000        0.0000000000
     3575.0000000000        0.0000000000        0.0000000000
     3576.0000000000        0.0000000000        0.0000000000
     3577.0000000000        0.0000000000        0.0000000000
     3578.0000000000        0.0000000000        0.0000000000
     3579.0000000000        0.0000000000        0.0000000000
     3580.0000000000        0.0000000000        0.0000000000
     3581.0000000000        0.0000000000        0.0000000000
     3582.0000000000        0.0000000000        0.0000000000
     3583.0000000000        0.0000000000        0.0000000000
     3584.0000000000        0.0000000000        0.0000000000
     3585.0000000000        0.0000000000        0.0000000000
     3586.0000000000        0.0000000000        0.0000000000
     3587.0000000000        0.0000000000        0.0000000000
     3588.0000000000        0.0000000000        0.0000000000
     3589.0000000000        0.0000000000        0.0000000000
     3590.0000000000        0.0000000000        0.0000000000
     3591.0000000000        0.0000000000        0.0000000000
     3592.0000000000        0.0000000000        0.0000000000
     3593.0000000000        0.0000000000        0.0000000000
     3594.0000000000        0.0000000000        0.0000000000
     3595.0000000000        0.0000000000        0.0000000000
     3596.0000000000        0.0000000000        0.0000000000
     3597.0000000000        0.0000000000        0.0000000000
     3598.0000000000        0.0000000000        0.0000000000
     3599.0000000000        0.0000000000        0.0000000000
     3600.0000000000        0.0000000000        0.0000000000
     3601.0000000000        0.0000000000        0.0000000000
     3602.0000000000        0.0000000000        0.0000000000
     3603.0000000000        0.0000000000        0.0000000000
     3604.0000000000        0.0000000000        0.0000000000
     3605.0000000000        0.0000000000        0.0000000000
     3606.0000000000        0.0000000000        0.0000000000
     3607.0000000000        0.0000000000        0.0000000000
     3608.0000000000        0.0000000000        0.0000000000
     3609.0000000000        0.0000000000        0.0000000000
     3610.0000000000        0.0000000000        0.0000000000
     3611.0000000000        0.0000000000        0.0000000000
     3612.0000000000        0.0000000000        0.0000000000
     3613.0000000000        0.0000000000        0.0000000000
     3614.0000000000        0.0000000000        0.0000000000
     3615.0000000000        0.0000000000        0.0000000000
     3616.0000000000        0.0000000000        0.0000000000
     3617.0000000000        0.0000000000        0.0000000000
     3618.0000000000        0.0000000000        0.0000000000
     3619.0000000000        0.0000000000        0.0000000000
     3620.0000000000        0.0000000000        0.0000000000
     3621.0000000000        0.0000000000        0.0000000000
     3622.0000000000        0.0000000000        0.0000000000
     3623.0000000000        0.0000000000        0.0000000000
     3624.0000000000        0.0000000000        0.0000000000
     3625.0000000000        0.0000000000        0.0000000000
     3626.0000000000        0.0000000000        0.0000000000
     3627.0000000000        0.0000000000        0.0000000000
     3628.0000000000        0.0000000000        0.0000000000
     3629.0000000000        0.0000000000        0.0000000000
     3630.0000000000        0.0000000000        0.0000000000
     3631.0000000000        0.0000000000        0.0000000000
     3632.0000000000        0.0000000000        0.0000000000
     3633.0000000000        0.0000000000        0.0000000000
     3634.0000000000        0.0000000000        0.0000000000
     3635.0000000000        0.0000000000        0.0000000000
     3636.0000000000        0.0000000000        0.0000000000
     3637.0000000000        0.0000000000        0.0000000000
     3638.0000000000        0.0000000000        0.0000000000
     3639.0000000000        0.0000000000        0.0000000000
     3640.0000000000        0.0000000000        0.0000000000
     3641.0000000000        0.0000000000        0.0000000000
     3642.0000000000        0.0000000000        0.0000000000
     3643.0000000000        0.0000000000        0.0000000000
     3644.0000000000        0.0000000000        0.0000000000
     3645.0000000000        0.0000000000        0.0000000000
     3646.0000000000        0.0000000000        0.0000000000
     3647.0000000000        0.0000000000        0.0000000000
     3648.0000000000        0.0000000000        0.0000000000
     3649.0000000000        0.0000000000        0.0000000000
     3650.0000000000        0.0000000000        0.0000000000
     3651.0000000000        0.0000000000        0.0000000000
     3652.0000000000        0.0000000000        0.0000000000
     3653.0000000000        0.0000000000        0.0000000000
     3654.0000000000        0.0000000000        0.0000000000
     3655.0000000000        0.0000000000        0.0000000000
     3656.0000000000        0.0000000000        0.0000000000
     3657.0000000000        0.0000000000        0.0000000000
     3658.0000000000        0.0000000000        0.0000000000
     3659.0000000000        0.0000000000        0.0000000000
     3660.0000000000        0.0000000000        0.0000000000
     3661.0000000000        0.0000000000        0.0000000000
     3662.0000000000        0.0000000000        0.0000000000
     3663.0000000000        0.0000000000        0.0000000000
     3664.0000000000        0.0000000000        0.0000000000
     3665.0000000000        0.0000000000        0.0000000000
     3666.0000000000        0.0000000000        0.0000000000
     3667.0000000000        0.0000000000        0.0000000000
     3668.0000000000        0.0000000000        0.0000000000
     3669.0000000000        0.0000000000        0.0000000000
     3670.0000000000        0.0000000000        0.0000000000
     3671.0000000000        0.0000000000        0.0000000000
     3672.0000000000        0.0000000000        0.0000000000
     3673.0000000000        0.0000000000        0.0000000000
     3674.0000000000        0.0000000000        0.0000000000
     3675.0000000000        0.0000000000        0.0000000000
     3676.0000000000        0.0000000000        0.0000000000
     3677.0000000000        0.0000000000        0.0000000000
     3678.0000000000        0.0000000000        0.0000000000
     3679.0000000000        0.0000000000        0.0000000000
     3680.0000000000        0.0000000000        0.0000000000
     3681.0000000000        0.0000000000        0.0000000000
     3682.0000000000        0.0000000000        0.0000000000
     3683.0000000000        0.0000000000        0.0000000000
     3684.0000000000        0.0000000000        0.0000000000
     3685.0000000000        0.0000000000        0.0000000000
     3686.0000000000        0.0000000000        0.0000000000
     3687.0000000000        0.0000000000        0.0000000000
     3688.0000000000        0.0000000000        0.0000000000
     3689.0000000000        0.0000000000        0.0000000000
     3690.0000000000        0.0000000000        0.0000000000
     3691.0000000000        0.0000000000        0.0000000000
     3692.0000000000        0.0000000000        0.0000000000
     3693.0000000000        0.0000000000        0.0000000000
     3694.0000000000        0.0000000000        0.0000000000
     3695.0000000000        0.0000000000        0.0000000000
     3696.0000000000        0.0000000000        0.0000000000
     3697.0000000000        0.0000000000        0.0000000000
     3698.0000000000        0.0000000000        0.0000000000
     3699.0000000000        0.0000000000        0.0000000000
     3700.0000000000        0.0000000000        0.0000000000
     3701.0000000000        0.0000000000        0.0000000000
     3702.0000000000        0.0000000000        0.0000000000
     3703.0000000000        0.0000000000        0.0000000000
     3704.0000000000        0.0000000000        0.0000000000
     3705.0000000000        0.0000000000        0.0000000000
     3706.0000000000        0.0000000000        0.0000000000
     3707.0000000000        0.0000000000        0.0000000000
     3708.0000000000        0.0000000000        0.0000000000
     3709.0000000000        0.0000000000        0.0000000000
     3710.0000000000        0.0000000000        0.0000000000
     3711.0000000000        0.0000000000        0.0000000000
     3712.0000000000        0.0000000000        0.0000000000
     3713.0000000000        0.0000000000        0.0000000000
     3714.0000000000        0.0000000000        0.0000000000
     3715.0000000000        0.0000000000        0.0000000000
     3716.0000000000        0.0000000000        0.0000000000
     3717.0000000000        0.0000000000        0.0000000000
     3718.0000000000        0.0000000000        0.0000000000
     3719.0000000000        0.0000000000        0.0000000000
     3720.0000000000        0.0000000000        0.0000000000
     3721.0000000000        0.0000000000        0.0000000000
     3722.0000000000        0.0000000000        0.0000000000
     3723.0000000000        0.0000000000        0.0000000000
     3724.0000000000        0.0000000000        0.0000000000
     3725.0000000000        0.0000000000        0.0000000000
     3726.0000000000        0.0000000000        0.0000000000
     3727.0000000000        0.0000000000        0.0000000000
     3728.0000000000        0.0000000000        0.0000000000
     3729.0000000000        0.0000000000        0.0000000000
     3730.0000000000        0.0000000000        0.0000000000
     3731.0000000000        0.0000000000        0.0000000000
     3732.0000000000        0.0000000000        0.0000000000
     3733.0000000000        0.0000000000        0.0000000000
     3734.0000000000        0.0000000000        0.0000000000
     3735.0000000000        0.0000000000        0.0000000000
     3736.0000000000        0.0000000000        0.0000000000
     3737.0000000000        0.0000000000        0.0000000000
     3738.0000000000        0.0000000000        0.0000000000
     3739.0000000000        0.0000000000        0.0000000000
     3740.0000000000        0.0000000000        0.0000000000
     3741.0000000000        0.0000000000        0.0000000000
     3742.0000000000        0.0000000000        0.0000000000
     3743.0000000000        0.0000000000        0.0000000000
     3744.0000000000        0.0000000000        0.0000000000
     3745.0000000000        0.0000000000        0.0000000000
     3746.0000000000        0.0000000000        0.0000000000
     3747.0000000000        0.0000000000        0.0000000000
     3748.0000000000        0.0000000000        0.0000000000
     3749.0000000000        0.0000000000        0.0000000000
     3750.0000000000        0.0000000000        0.0000000000
     3751.0000000000        0.0000000000        0.0000000000
     3752.0000000000        0.0000000000        0.0000000000
     3753.0000000000        0.0000000000        0.0000000000
     3754.0000000000        0.0000000000        0.0000000000
     3755.0000000000        0.0000000000        0.0000000000
     3756.0000000000        0.0000000000        0.0000000000
     3757.0000000000        0.0000000000        0.0000000000
     3758.0000000000        0.0000000000        0.0000000000
     3759.0000000000        0.0000000000        0.0000000000
     3760.0000000000        0.0000000000        0.0000000000
     3761.0000000000        0.0000000000        0.0000000000
     3762.0000000000        0.0000000000        0.0000000000
     3763.0000000000        0.0000000000        0.0000000000
     3764.0000000000        0.0000000000        0.0000000000
     3765.0000000000        0.0000000000        0.0000000000
     3766.0000000000        0.0000000000        0.0000000000
     3767.0000000000        0.0000000000        0.0000000000
     3768.0000000000        0.0000000000        0.0000000000
     3769.0000000000        0.0000000000        0.0000000000
     3770.0000000000        0.0000000000        0.0000000000
     3771.0000000000        0.0000000000        0.0000000000
     3772.0000000000        0.0000000000        0.0000000000
     3773.0000000000        0.0000000000        0.0000000000
     3774.0000000000        0.0000000000        0.0000000000
     3775.0000000000        0.0000000000        0.0000000000
     3776.0000000000        0.0000000000        0.0000000000
     3777.0000000000        0.0000000000        0.0000000000
     3778.0000000000        0.0000000000        0.0000000000
     3779.0000000000        0.0000000000        0.0000000000
     3780.0000000000        0.0000000000        0.0000000000
     3781.0000000000        0.0000000000        0.0000000000
     3782.0000000000        0.0000000000        0.0000000000
     3783.0000000000        0.0000000000        0.0000000000
     3784.0000000000        0.0000000000        0.0000000000
     3785.0000000000        0.0000000000        0.0000000000
     3786.0000000000        0.0000000000        0.0000000000
     3787.0000000000        0.0000000000        0.0000000000
     3788.0000000000        0.0000000000        0.0000000000
     3789.0000000000        0.0000000000        0.0000000000
     3790.0000000000        0.0000000000        0.0000000000
     3791.0000000000        0.0000000000        0.0000000000
     3792.0000000000        0.0000000000        0.0000000000
     3793.0000000000        0.0000000000        0.0000000000
     3794.0000000000        0.0000000000        0.0000000000
     3795.0000000000        0.0000000000        0.0000000000
     3796.0000000000        0.0000000000        0.0000000000
     3797.0000000000        0.0000000000        0.0000000000
     3798.0000000000        0.0000000000        0.0000000000
     3799.0000000000        0.0000000000        0.0000000000
     3800.0000000000        0.0000000000        0.0000000000
     3801.0000000000        0.0000000000        0.0000000000
     3802.0000000000        0.0000000000        0.0000000000
     3803.0000000000        0.0000000000        0.0000000000
     3804.0000000000        0.0000000000        0.0000000000
     3805.0000000000        0.0000000000        0.0000000000
     3806.0000000000        0.0000000000        0.0000000000
     3807.0000000000        0.0000000000        0.0000000000
     3808.0000000000        0.0000000000        0.0000000000
     3809.0000000000        0.0000000000        0.0000000000
     3810.0000000000        0.0000000000        0.0000000000
     3811.0000000000        0.0000000000        0.0000000000
     3812.0000000000        0.0000000000        0.0000000000
     3813.0000000000        0.0000000000        0.0000000000
     3814.0000000000        0.0000000000        0.0000000000
     3815.0000000000        0.0000000000        0.0000000000
     3816.0000000000        0.0000000000        0.0000000000
     3817.0000000000        0.0000000000        0.0000000000
     3818.0000000000        0.0000000000        0.0000000000
     3819.0000000000        0.0000000000        0.0000000000
     3820.0000000000        0.0000000000        0.0000000000
     3821.0000000000        0.0000000000        0.0000000000
     3822.0000000000        0.0000000000        0.0000000000
     3823.0000000000        0.0000000000        0.0000000000
     3824.0000000000        0.0000000000        0.0000000000
     3825.0000000000        0.0000000000        0.0000000000
     3826.0000000000        0.0000000000        0.0000000000
     3827.0000000000        0.0000000000        0.0000000000
     3828.0000000000        0.0000000000        0.0000000000
     3829.0000000000        0.0000000000        0.0000000000
     3830.0000000000        0.0000000000        0.0000000000
     3831.0000000000        0.0000000000        0.0000000000
     3832.0000000000        0.0000000000        0.0000000000
     3833.0000000000        0.0000000000        0.0000000000
     3834.0000000000        0.0000000000        0.0000000000
     3835.0000000000        0.0000000000        0.0000000000
     3836.0000000000        0.0000000000        0.0000000000
     3837.0000000000        0.0000000000        0.0000000000
     3838.0000000000        0.0000000000        0.0000000000
     3839.0000000000        0.0000000000        0.0000000000
     3840.0000000000        0.0000000000        0.0000000000
     3841.0000000000        0.0000000000        0.0000000000
     3842.0000000000        0.0000000000        0.0000000000
     3843.0000000000        0.0000000000        0.0000000000
     3844.0000000000        0.0000000000        0.0000000000
     3845.0000000000        0.0000000000        0.0000000000
     3846.0000000000        0.0000000000        0.0000000000
     3847.0000000000        0.0000000000        0.0000000000
     3848.0000000000        0.0000000000        0.0000000000
     3849.0000000000        0.0000000000        0.0000000000
     3850.0000000000        0.0000000000        0.0000000000
     3851.0000000000        0.0000000000        0.0000000000
     3852.0000000000        0.0000000000        0.0000000000
     3853.0000000000        0.0000000000        0.0000000000
     3854.0000000000        0.0000000000        0.0000000000
     3855.0000000000        0.0000000000        0.0000000000
     3856.0000000000        0.0000000000        0.0000000000
     3857.0000000000        0.0000000000        0.0000000000
     3858.0000000000        0.0000000000        0.0000000000
     3859.0000000000        0.0000000000        0.0000000000
     3860.0000000000        0.0000000000        0.0000000000
     3861.0000000000        0.0000000000        0.0000000000
     3862.0000000000        0.0000000000        0.0000000000
     3863.0000000000        0.0000000000        0.0000000000
     3864.0000000000        0.0000000000        0.0000000000
     3865.0000000000        0.0000000000        0.0000000000
     3866.0000000000        0.0000000000        0.0000000000
     3867.0000000000        0.0000000000        0.0000000000
     3868.0000000000        0.0000000000        0.0000000000
     3869.0000000000        0.0000000000        0.0000000000
     3870.0000000000        0.0000000000        0.0000000000
     3871.0000000000        0.0000000000        0.0000000000
     3872.0000000000        0.0000000000        0.0000000000
     3873.0000000000        0.0000000000        0.0000000000
     3874.0000000000        0.0000000000        0.0000000000
     3875.0000000000        0.0000000000        0.0000000000
     3876.0000000000        0.0000000000        0.0000000000
     3877.0000000000        0.0000000000        0.0000000000
     3878.0000000000        0.0000000000        0.0000000000
     3879.0000000000        0.0000000000        0.0000000000
     3880.0000000000        0.0000000000        0.0000000000
     3881.0000000000        0.0000000000        0.0000000000
     3882.0000000000        0.0000000000        0.0000000000
     3883.0000000000        0.0000000000        0.0000000000
     3884.0000000000        0.0000000000        0.0000000000
     3885.0000000000        0.0000000000        0.0000000000
     3886.0000000000        0.0000000000        0.0000000000
     3887.0000000000        0.0000000000        0.0000000000
     3888.0000000000        0.0000000000        0.0000000000
     3889.0000000000        0.0000000000        0.0000000000
     3890.0000000000        0.0000000000        0.0000000000
     3891.0000000000        0.0000000000        0.0000000000
     3892.0000000000        0.0000000000        0.0000000000
     3893.0000000000        0.0000000000        0.0000000000
     3894.0000000000        0.0000000000        0.0000000000
     3895.0000000000        0.0000000000        0.0000000000
     3896.0000000000        0.0000000000        0.0000000000
     3897.0000000000        0.0000000000        0.0000000000
     3898.0000000000        0.0000000000        0.0000000000
     3899.0000000000        0.0000000000        0.0000000000
     3900.0000000000        0.0000000000        0.0000000000
     3901.0000000000        0.0000000000        0.0000000000
     3902.0000000000        0.0000000000        0.0000000000
     3903.0000000000        0.0000000000        0.0000000000
     3904.0000000000        0.0000000000        0.0000000000
     3905.0000000000        0.0000000000        0.0000000000
     3906.0000000000        0.0000000000        0.0000000000
     3907.0000000000        0.0000000000        0.0000000000
     3908.0000000000        0.0000000000        0.0000000000
     3909.0000000000        0.0000000000        0.0000000000
     3910.0000000000        0.0000000000        0.0000000000
     3911.0000000000        0.0000000000        0.0000000000
     3912.0000000000        0.0000000000        0.0000000000
     3913.0000000000        0.0000000000        0.0000000000
     3914.0000000000        0.0000000000        0.0000000000
     3915.0000000000        0.0000000000        0.0000000000
     3916.0000000000        0.0000000000        0.0000000000
     3917.0000000000        0.0000000000        0.0000000000
     3918.0000000000        0.0000000000        0.0000000000
     3919.0000000000        0.0000000000        0.0000000000
     3920.0000000000        0.0000000000        0.0000000000
     3921.0000000000        0.0000000000        0.0000000000
     3922.0000000000        0.0000000000        0.0000000000
     3923.0000000000        0.0000000000        0.0000000000
     3924.0000000000        0.0000000000        0.0000000000
     3925.0000000000        0.0000000000        0.0000000000
     3926.0000000000        0.0000000000        0.0000000000
     3927.0000000000        0.0000000000        0.0000000000
     3928.0000000000        0.0000000000        0.0000000000
     3929.0000000000        0.0000000000        0.0000000000
     3930.0000000000        0.0000000000        0.0000000000
     3931.0000000000        0.0000000000        0.0000000000
     3932.0000000000        0.0000000000        0.0000000000
     3933.0000000000        0.0000000000        0.0000000000
     3934.0000000000        0.0000000000        0.0000000000
     3935.0000000000        0.0000000000        0.0000000000
     3936.0000000000        0.0000000000        0.0000000000
     3937.0000000000        0.0000000000        0.0000000000
     3938.0000000000        0.0000000000        0.0000000000
     3939.0000000000        0.0000000000        0.0000000000
     3940.0000000000        0.0000000000        0.0000000000
     3941.0000000000        0.0000000000        0.0000000000
     3942.0000000000        0.0000000000        0.0000000000
     3943.0000000000        0.0000000000        0.0000000000
     3944.0000000000        0.0000000000        0.0000000000
     3945.0000000000        0.0000000000        0.0000000000
     3946.0000000000        0.0000000000        0.0000000000
     3947.0000000000        0.0000000000        0.0000000000
     3948.0000000000        0.0000000000        0.0000000000
     3949.0000000000        0.0000000000        0.0000000000
     3950.0000000000        0.0000000000        0.0000000000
     3951.0000000000        0.0000000000        0.0000000000
     3952.0000000000        0.0000000000        0.0000000000
     3953.0000000000        0.0000000000        0.0000000000
     3954.0000000000        0.0000000000        0.0000000000
     3955.0000000000        0.0000000000        0.0000000000
     3956.0000000000        0.0000000000        0.0000000000
     3957.0000000000        0.0000000000        0.0000000000
     3958.0000000000        0.0000000000        0.0000000000
     3959.0000000000        0.0000000000        0.0000000000
     3960.0000000000        0.0000000000        0.0000000000
     3961.0000000000        0.0000000000        0.0000000000
     3962.0000000000        0.0000000000        0.0000000000
     3963.0000000000        0.0000000000        0.0000000000
     3964.0000000000        0.0000000000        0.0000000000
     3965.0000000000        0.0000000000        0.0000000000
     3966.0000000000        0.0000000000        0.0000000000
     3967.0000000000        0.0000000000        0.0000000000
     3968.0000000000        0.0000000000        0.0000000000
     3969.0000000000        0.0000000000        0.0000000000
     3970.0000000000        0.0000000000        0.0000000000
     3971.0000000000        0.0000000000        0.0000000000
     3972.0000000000        0.0000000000        0.0000000000
     3973.0000000000        0.0000000000        0.0000000000
     3974.0000000000        0.0000000000        0.0000000000
     3975.0000000000        0.0000000000        0.0000000000
     3976.0000000000        0.0000000000        0.0000000000
     3977.0000000000        0.0000000000        0.0000000000
     3978.0000000000        0.0000000000        0.0000000000
     3979.0000000000        0.0000000000        0.0000000000
     3980.0000000000        0.0000000000        0.0000000000
     3981.0000000000        0.0000000000        0.0000000000
     3982.0000000000        0.0000000000        0.0000000000
     3983.0000000000        0.0000000000        0.0000000000
     3984.0000000000        0.0000000000        0.0000000000
     3985.0000000000        0.0000000000        0.0000000000
     3986.0000000000        0.0000000000        0.0000000000
     3987.0000000000        0.0000000000        0.0000000000
     3988.0000000000        0.0000000000        0.0000000000
     3989.0000000000        0.0000000000        0.0000000000
     3990.0000000000        0.0000000000        0.0000000000
     3991.0000000000        0.0000000000        0.0000000000
     3992.0000000000        0.0000000000        0.0000000000
     3993.0000000000        0.0000000000        0.0000000000
     3994.0000000000        0.0000000000        0.0000000000
     3995.0000000000        0.0000000000        0.0000000000
     3996.0000000000        0.0000000000        0.0000000000
     3997.0000000000        0.0000000000        0.0000000000
     3998.0000000000        0.0000000000        0.0000000000
     3999.0000000000        0.0000000000        0.0000000000
