# IR Spectrum
# X-Axis:  Frequency (cm-1)
# Y-Axis:  &epsilon; (M-1 cm-1)

# Peak information
#                  X                   Y
#      60.8542000000       90.3042832280
#     234.9430000000        0.5535570547
#     236.1854000000       19.2624471704
#     370.0442000000        6.5159561639
#     417.3384000000       14.1981949220
#     494.8026000000        6.5686034353
#     575.4639000000       50.2972904541
#     616.8482000000      153.0798690094
#     681.1433000000        6.7881627573
#     759.3915000000        2.5599882944
#     799.1705000000       11.8443350956
#     950.8104000000      250.7406180029
#     974.8692000000      102.1394115390
#    1176.3556000000      693.3152038695
#    1198.3559000000     1106.2695817937
#    1229.0730000000     1033.7047525196
#    1397.0111000000      412.3522040642
#    1449.7798000000      138.6041851843
#    1794.4430000000      107.5737550760
#    3224.6459000000        3.5735317100
#    3324.1958000000        0.8320355902

# Spectra
#                  X                   Y               DY/DX
        0.0000000000        0.0204801259        0.0006701927
        1.0000000000        0.0211671082        0.0007041442
        2.0000000000        0.0218891903        0.0007404245
        3.0000000000        0.0226488008        0.0007792364
        4.0000000000        0.0234485815        0.0008208043
        5.0000000000        0.0242914106        0.0008653767
        6.0000000000        0.0251804281        0.0009132297
        7.0000000000        0.0261190653        0.0009646700
        8.0000000000        0.0271110773        0.0010200394
        9.0000000000        0.0281605806        0.0010797198
       10.0000000000        0.0292720956        0.0011441379
       11.0000000000        0.0304505945        0.0012137723
       12.0000000000        0.0317015573        0.0012891606
       13.0000000000        0.0330310345        0.0013709080
       14.0000000000        0.0344457199        0.0014596978
       15.0000000000        0.0359530341        0.0015563029
       16.0000000000        0.0375612216        0.0016615998
       17.0000000000        0.0392794619        0.0017765857
       18.0000000000        0.0411179999        0.0019023975
       19.0000000000        0.0430882969        0.0020403356
       20.0000000000        0.0452032080        0.0021918919
       21.0000000000        0.0474771894        0.0023587831
       22.0000000000        0.0499265431        0.0025429913
       23.0000000000        0.0525697057        0.0027468129
       24.0000000000        0.0554275917        0.0029729179
       25.0000000000        0.0585240022        0.0032244228
       26.0000000000        0.0618861141        0.0035049793
       27.0000000000        0.0655450684        0.0038188844
       28.0000000000        0.0695366813        0.0041712165
       29.0000000000        0.0739023074        0.0045680054
       30.0000000000        0.0786898934        0.0050164457
       31.0000000000        0.0839552724        0.0055251656
       32.0000000000        0.0897637614        0.0061045694
       33.0000000000        0.0961921478        0.0067672753
       34.0000000000        0.1033311730        0.0075286802
       35.0000000000        0.1112886616        0.0084076932
       36.0000000000        0.1201934929        0.0094276969
       37.0000000000        0.1302006793        0.0106178178
       38.0000000000        0.1414979151        0.0120146194
       39.0000000000        0.1543140978        0.0136643832
       40.0000000000        0.1689305148        0.0156262100
       41.0000000000        0.1856956808        0.0179762835
       42.0000000000        0.2050452180        0.0208137968
       43.0000000000        0.2275287937        0.0242692880
       44.0000000000        0.2538470420        0.0285165031
       45.0000000000        0.2849027925        0.0337894914
       46.0000000000        0.3218730452        0.0404075385
       47.0000000000        0.3663113971        0.0488119577
       48.0000000000        0.4202956525        0.0596209318
       49.0000000000        0.4866430623        0.0737118369
       50.0000000000        0.5692271984        0.0923449215
       51.0000000000        0.6734467967        0.1173469662
       52.0000000000        0.8069164096        0.1513736676
       53.0000000000        0.9804593341        0.1982462759
       54.0000000000        1.2094363883        0.2632490094
       55.0000000000        1.5151752900        0.3528882714
       56.0000000000        1.9252806262        0.4724432604
       57.0000000000        2.4686671491        0.6167415865
       58.0000000000        3.1545154399        0.7457506275
       59.0000000000        3.9186206182        0.7475959260
       60.0000000000        4.5530144779        0.4649449559
       61.0000000000        4.7543317233       -0.0865327281
       62.0000000000        4.3996418748       -0.5823544287
       63.0000000000        3.6967909942       -0.7699862092
       64.0000000000        2.9413887822       -0.7146277599
       65.0000000000        2.2951415936       -0.5734178725
       66.0000000000        1.7931192228       -0.4344253365
       67.0000000000        1.4165735268       -0.3238176947
       68.0000000000        1.1358124370       -0.2420516276
       69.0000000000        0.9249134242       -0.1829699710
       70.0000000000        0.7644123713       -0.1403204682
       71.0000000000        0.6404248337       -0.1092613434
       72.0000000000        0.5431861510       -0.0863480500
       73.0000000000        0.4658155594       -0.0691987131
       74.0000000000        0.4034190104       -0.0561750737
       75.0000000000        0.3525418903       -0.0461435577
       76.0000000000        0.3104700289       -0.0383147329
       77.0000000000        0.2778537010       -0.0320969616
       78.0000000000        0.2483195927       -0.0271510867
       79.0000000000        0.2232357033       -0.0231552092
       80.0000000000        0.2017645403       -0.0198950285
       81.0000000000        0.1832540627       -0.0172108905
       82.0000000000        0.1671911775       -0.0149824391
       83.0000000000        0.1531681029       -0.0131179264
       84.0000000000        0.1408577429       -0.0115466762
       85.0000000000        0.1299954536       -0.0102137060
       86.0000000000        0.1203653931       -0.0090758458
       87.0000000000        0.1117901979       -0.0080989057
       88.0000000000        0.1041230999       -0.0072555872
       89.0000000000        0.0972418500       -0.0065239269
       90.0000000000        0.0910439954       -0.0058861270
       91.0000000000        0.0854431780       -0.0053276673
       92.0000000000        0.0803662108       -0.0048366265
       93.0000000000        0.0757507527       -0.0044031577
       94.0000000000        0.0715434460       -0.0040190817
       95.0000000000        0.0676984141       -0.0036775676
       96.0000000000        0.0641760444       -0.0033728821
       97.0000000000        0.0609419939       -0.0031001893
       98.0000000000        0.0579663740       -0.0028553923
       99.0000000000        0.0552230784       -0.0026350046
      100.0000000000        0.0526892260       -0.0024360472
      101.0000000000        0.0503446963       -0.0022559647
      102.0000000000        0.0481717417       -0.0020925568
      103.0000000000        0.0461546611       -0.0019439220
      104.0000000000        0.0442795252       -0.0018084117
      105.0000000000        0.0425339430       -0.0016845917
      106.0000000000        0.0409068640       -0.0015712103
      107.0000000000        0.0393884095       -0.0014671721
      108.0000000000        0.0379697273       -0.0013715154
      109.0000000000        0.0366428681       -0.0012833937
      110.0000000000        0.0354006782       -0.0012020598
      111.0000000000        0.0342367071       -0.0011268525
      112.0000000000        0.0331451271       -0.0010571854
      113.0000000000        0.0321206641       -0.0009925367
      114.0000000000        0.0311585364       -0.0009324416
      115.0000000000        0.0302544021       -0.0008764846
      116.0000000000        0.0294043122       -0.0008242940
      117.0000000000        0.0286046702       -0.0007755360
      118.0000000000        0.0278521963       -0.0007299105
      119.0000000000        0.0271438954       -0.0006871472
      120.0000000000        0.0264770295       -0.0006470019
      121.0000000000        0.0258490928       -0.0006092537
      122.0000000000        0.0252577899       -0.0005737025
      123.0000000000        0.0247010162       -0.0005401664
      124.0000000000        0.0241768407       -0.0005084799
      125.0000000000        0.0236834904       -0.0004784919
      126.0000000000        0.0232193367       -0.0004500647
      127.0000000000        0.0227828830       -0.0004230719
      128.0000000000        0.0223727535       -0.0003973977
      129.0000000000        0.0219876837       -0.0003729355
      130.0000000000        0.0216265114       -0.0003495872
      131.0000000000        0.0212881684       -0.0003272621
      132.0000000000        0.0209716740       -0.0003058765
      133.0000000000        0.0206761283       -0.0002853523
      134.0000000000        0.0204007064       -0.0002656173
      135.0000000000        0.0201446532       -0.0002466039
      136.0000000000        0.0199072792       -0.0002282489
      137.0000000000        0.0196879558       -0.0002104931
      138.0000000000        0.0194861119       -0.0001932807
      139.0000000000        0.0193012307       -0.0001765592
      140.0000000000        0.0191328465       -0.0001602787
      141.0000000000        0.0189805422       -0.0001443917
      142.0000000000        0.0188439471       -0.0001288530
      143.0000000000        0.0187227347       -0.0001136192
      144.0000000000        0.0186166210       -0.0000986486
      145.0000000000        0.0185253633       -0.0000839007
      146.0000000000        0.0184487584       -0.0000693364
      147.0000000000        0.0183866421       -0.0000549172
      148.0000000000        0.0183388882       -0.0000406056
      149.0000000000        0.0183054075       -0.0000263644
      150.0000000000        0.0182861482       -0.0000121568
      151.0000000000        0.0182810949        0.0000020538
      152.0000000000        0.0182902691        0.0000163043
      153.0000000000        0.0183137292        0.0000306319
      154.0000000000        0.0183515710        0.0000450740
      155.0000000000        0.0184039282        0.0000596691
      156.0000000000        0.0184709733        0.0000744564
      157.0000000000        0.0185529185        0.0000894762
      158.0000000000        0.0186500171        0.0001047704
      159.0000000000        0.0187625651        0.0001203823
      160.0000000000        0.0188909027        0.0001363573
      161.0000000000        0.0190354166        0.0001527429
      162.0000000000        0.0191965420        0.0001695890
      163.0000000000        0.0193747657        0.0001869486
      164.0000000000        0.0195706289        0.0002048775
      165.0000000000        0.0197847304        0.0002234355
      166.0000000000        0.0200177308        0.0002426863
      167.0000000000        0.0202703565        0.0002626978
      168.0000000000        0.0205434044        0.0002835435
      169.0000000000        0.0208377476        0.0003053020
      170.0000000000        0.0211543411        0.0003280587
      171.0000000000        0.0214942284        0.0003519056
      172.0000000000        0.0218585490        0.0003769429
      173.0000000000        0.0222485471        0.0004032794
      174.0000000000        0.0226655804        0.0004310339
      175.0000000000        0.0231111306        0.0004603359
      176.0000000000        0.0235868154        0.0004913277
      177.0000000000        0.0240944011        0.0005241652
      178.0000000000        0.0246358179        0.0005590197
      179.0000000000        0.0252131757        0.0005960804
      180.0000000000        0.0258287835        0.0006355560
      181.0000000000        0.0264851696        0.0006776777
      182.0000000000        0.0271851059        0.0007227016
      183.0000000000        0.0279316348        0.0007709127
      184.0000000000        0.0287280992        0.0008226285
      185.0000000000        0.0295781776        0.0008782031
      186.0000000000        0.0304859234        0.0009380332
      187.0000000000        0.0314558102        0.0010025635
      188.0000000000        0.0324927831        0.0010722939
      189.0000000000        0.0336023185        0.0011477880
      190.0000000000        0.0347904916        0.0012296824
      191.0000000000        0.0360640560        0.0013186984
      192.0000000000        0.0374305340        0.0014156551
      193.0000000000        0.0388983228        0.0015214858
      194.0000000000        0.0404768173        0.0016372566
      195.0000000000        0.0421765544        0.0017641889
      196.0000000000        0.0440093812        0.0019036867
      197.0000000000        0.0459886534        0.0020573695
      198.0000000000        0.0481294696        0.0022271108
      199.0000000000        0.0504489491        0.0024150867
      200.0000000000        0.0529665622        0.0026238341
      201.0000000000        0.0557045251        0.0028563217
      202.0000000000        0.0586882749        0.0031160382
      203.0000000000        0.0619470418        0.0034071013
      204.0000000000        0.0655145433        0.0037343931
      205.0000000000        0.0694298305        0.0041037304
      206.0000000000        0.0737383253        0.0045220782
      207.0000000000        0.0784930993        0.0049978216
      208.0000000000        0.0837564601        0.0055411129
      209.0000000000        0.0896019320        0.0061643174
      210.0000000000        0.0961167460        0.0068825926
      211.0000000000        0.1047254022        0.0077312381
      212.0000000000        0.1129288068        0.0087006339
      213.0000000000        0.1221819716        0.0098361872
      214.0000000000        0.1326687142        0.0111746718
      215.0000000000        0.1446144251        0.0127629273
      216.0000000000        0.1582977000        0.0146611681
      217.0000000000        0.1740658804        0.0169475686
      218.0000000000        0.1923560439        0.0197246907
      219.0000000000        0.2137236811        0.0231286010
      220.0000000000        0.2388823459        0.0273419642
      221.0000000000        0.2657910312        0.0326501204
      222.0000000000        0.3016421403        0.0393202168
      223.0000000000        0.3450549278        0.0478671679
      224.0000000000        0.3982238453        0.0589657571
      225.0000000000        0.4641543227        0.0735821062
      226.0000000000        0.5470194430        0.0931134275
      227.0000000000        0.6526863690        0.1195902662
      228.0000000000        0.7894794904        0.1559457103
      229.0000000000        0.9692268084        0.2062911469
      230.0000000000        1.2084798054        0.2758989409
      231.0000000000        1.5291894469        0.3698456895
      232.0000000000        1.9562401611        0.4873370795
      233.0000000000        2.5046922204        0.6055764752
      234.0000000000        3.1437588827        0.6504879057
      235.0000000000        3.7375156563        0.4927278011
      236.0000000000        4.0399508720        0.0779683456
      237.0000000000        3.8752713344       -0.3880803927
      238.0000000000        3.3416032127       -0.6319839374
      239.0000000000        2.6935365779       -0.6341566253
      240.0000000000        2.1094022598       -0.5259547457
      241.0000000000        1.6456901212       -0.4033886501
      242.0000000000        1.2954469191       -0.3014249586
      243.0000000000        1.0342909668       -0.2248557492
      244.0000000000        0.8387248869       -0.1693006009
      245.0000000000        0.6905393955       -0.1292366025
      246.0000000000        0.5766049923       -0.1001554463
      247.0000000000        0.4876672703       -0.0787911342
      248.0000000000        0.4172153156       -0.0628723794
      249.0000000000        0.3606334921       -0.0508365648
      250.0000000000        0.3146107617       -0.0416057412
      251.0000000000        0.2767395448       -0.0344295672
      252.0000000000        0.2452445846       -0.0287794741
      253.0000000000        0.2187987950       -0.0242782052
      254.0000000000        0.1963969902       -0.0206528786
      255.0000000000        0.1772682852       -0.0177035025
      256.0000000000        0.1608145513       -0.0152816421
      257.0000000000        0.1465666231       -0.0132757966
      258.0000000000        0.1373856540       -0.0115606990
      259.0000000000        0.1265493808       -0.0101516311
      260.0000000000        0.1170105888       -0.0089583330
      261.0000000000        0.1085740527       -0.0079412947
      262.0000000000        0.1010797198       -0.0070693051
      263.0000000000        0.0943954337       -0.0063175040
      264.0000000000        0.0884113433       -0.0056659347
      265.0000000000        0.0830355661       -0.0050984595
      266.0000000000        0.0781907991       -0.0046019385
      267.0000000000        0.0738116481       -0.0041656031
      268.0000000000        0.0698425075       -0.0037805741
      269.0000000000        0.0662358659       -0.0034394874
      270.0000000000        0.0629509431       -0.0031362022
      271.0000000000        0.0599525859       -0.0028655710
      272.0000000000        0.0572103693       -0.0026232577
      273.0000000000        0.0546978605       -0.0024055928
      274.0000000000        0.0523920126       -0.0022094565
      275.0000000000        0.0502726633       -0.0020321856
      276.0000000000        0.0483221175       -0.0018714970
      277.0000000000        0.0465247997       -0.0017254261
      278.0000000000        0.0448669609       -0.0015922759
      279.0000000000        0.0433364335       -0.0014705751
      280.0000000000        0.0419224227       -0.0013590438
      281.0000000000        0.0406153301       -0.0012565648
      282.0000000000        0.0394066032       -0.0011621597
      283.0000000000        0.0382886071       -0.0010749688
      284.0000000000        0.0372545143       -0.0009942345
      285.0000000000        0.0362982100       -0.0009192869
      286.0000000000        0.0354142105       -0.0008495317
      287.0000000000        0.0345975926       -0.0007844404
      288.0000000000        0.0338439329       -0.0007235411
      289.0000000000        0.0331492543       -0.0006664116
      290.0000000000        0.0325099800       -0.0006126724
      291.0000000000        0.0319228936       -0.0005619816
      292.0000000000        0.0313851041       -0.0005140298
      293.0000000000        0.0308940149       -0.0004685363
      294.0000000000        0.0304472975       -0.0004252453
      295.0000000000        0.0300428683       -0.0003839227
      296.0000000000        0.0296788680       -0.0003443531
      297.0000000000        0.0293536442       -0.0003063379
      298.0000000000        0.0290657357       -0.0002696926
      299.0000000000        0.0288138599       -0.0002342449
      300.0000000000        0.0285969007       -0.0001998332
      301.0000000000        0.0284138991       -0.0001663048
      302.0000000000        0.0282640453       -0.0001335141
      303.0000000000        0.0281466715       -0.0001013219
      304.0000000000        0.0280612469       -0.0000695936
      305.0000000000        0.0280073734       -0.0000381981
      306.0000000000        0.0279847827       -0.0000070068
      307.0000000000        0.0279933344        0.0000241080
      308.0000000000        0.0280330156        0.0000552735
      309.0000000000        0.0281039412        0.0000866185
      310.0000000000        0.0282063558        0.0001182736
      311.0000000000        0.0283406364        0.0001503732
      312.0000000000        0.0285072966        0.0001830563
      313.0000000000        0.0287069920        0.0002164683
      314.0000000000        0.0289405271        0.0002507620
      315.0000000000        0.0292088638        0.0002860996
      316.0000000000        0.0295131318        0.0003226542
      317.0000000000        0.0298546400        0.0003606124
      318.0000000000        0.0302348914        0.0004001757
      319.0000000000        0.0306555993        0.0004415637
      320.0000000000        0.0311187069        0.0004850170
      321.0000000000        0.0316264095        0.0005308001
      322.0000000000        0.0321811809        0.0005792058
      323.0000000000        0.0327858033        0.0006305594
      324.0000000000        0.0334434029        0.0006852240
      325.0000000000        0.0341574901        0.0007436066
      326.0000000000        0.0349320075        0.0008061654
      327.0000000000        0.0357713848        0.0008734181
      328.0000000000        0.0366806033        0.0009459523
      329.0000000000        0.0376652719        0.0010244372
      330.0000000000        0.0387317152        0.0011096383
      331.0000000000        0.0398870787        0.0012024344
      332.0000000000        0.0411394515        0.0013038385
      333.0000000000        0.0424980137        0.0014150233
      334.0000000000        0.0439732102        0.0015373518
      335.0000000000        0.0473399601        0.0016944663
      336.0000000000        0.0491081644        0.0018445496
      337.0000000000        0.0510346581        0.0020114426
      338.0000000000        0.0531375150        0.0021977478
      339.0000000000        0.0554376499        0.0024065615
      340.0000000000        0.0579593669        0.0026415867
      341.0000000000        0.0607310349        0.0029072775
      342.0000000000        0.0637859269        0.0032090220
      343.0000000000        0.0671632667        0.0035533788
      344.0000000000        0.0709095465        0.0039483836
      345.0000000000        0.0750801947        0.0044039501
      346.0000000000        0.0797417062        0.0049323981
      347.0000000000        0.0849743835        0.0055491579
      348.0000000000        0.0908758959        0.0062737153
      349.0000000000        0.0975659435        0.0071308948
      350.0000000000        0.1051924292        0.0081526198
      351.0000000000        0.1139397107        0.0093803543
      352.0000000000        0.1240397554        0.0108685278
      353.0000000000        0.1357873941        0.0126894000
      354.0000000000        0.1495614328        0.0149400525
      355.0000000000        0.1658542394        0.0177525638
      356.0000000000        0.1853137437        0.0213089909
      357.0000000000        0.2088038160        0.0258636605
      358.0000000000        0.2374921206        0.0317765994
      359.0000000000        0.2729792428        0.0395637826
      360.0000000000        0.3174896576        0.0499720257
      361.0000000000        0.3741535788        0.0640871243
      362.0000000000        0.4474150142        0.0834768282
      363.0000000000        0.5435887746        0.1103334589
      364.0000000000        0.6714999907        0.1474462587
      365.0000000000        0.8427962054        0.1974123949
      366.0000000000        1.0704581388        0.2593987527
      367.0000000000        1.3614530222        0.3199770582
      368.0000000000        1.6962909445        0.3369078766
      369.0000000000        1.9969716441        0.2403874665
      370.0000000000        2.1314524272        0.0130566869
      371.0000000000        2.0204535896       -0.2217084447
      372.0000000000        1.7319283192       -0.3308814692
      373.0000000000        1.3989995528       -0.3210246556
      374.0000000000        1.1058626021       -0.2620004656
      375.0000000000        0.8758990612       -0.1992273320
      376.0000000000        0.7034274409       -0.1479752252
      377.0000000000        0.5755871724       -0.1097008065
      378.0000000000        0.4805269149       -0.0819209878
      379.0000000000        0.4091960454       -0.0618104024
      380.0000000000        0.3551081251       -0.0471154234
      381.0000000000        0.3137057173       -0.0362153495
      382.0000000000        0.2817914914       -0.0279845817
      383.0000000000        0.2571080289       -0.0216471897
      384.0000000000        0.2380469943       -0.0166654006
      385.0000000000        0.2234522990       -0.0126619371
      386.0000000000        0.2124875007       -0.0093677305
      387.0000000000        0.2045462211       -0.0065870076
      388.0000000000        0.1991913295       -0.0041738650
      389.0000000000        0.1961135352       -0.0020163408
      390.0000000000        0.1951032990       -0.0000253546
      391.0000000000        0.1960321184        0.0018732122
      392.0000000000        0.1988406589        0.0037444444
      393.0000000000        0.2035321565        0.0056491182
      394.0000000000        0.2101701912        0.0076478026
      395.0000000000        0.2188101219        0.0098056734
      396.0000000000        0.2297870324        0.0121931811
      397.0000000000        0.2408646022        0.0149265625
      398.0000000000        0.2573123009        0.0180487315
      399.0000000000        0.2771452576        0.0217217373
      400.0000000000        0.3009952990        0.0261150887
      401.0000000000        0.3296892325        0.0314523474
      402.0000000000        0.3643135037        0.0380337300
      403.0000000000        0.4063062948        0.0462691091
      404.0000000000        0.4575899833        0.0567268461
      405.0000000000        0.5207636666        0.0702067802
      406.0000000000        0.5993857524        0.0878498761
      407.0000000000        0.6983916952        0.1113022590
      408.0000000000        0.8247119264        0.1429551235
      409.0000000000        0.9881741871        0.1862734552
      410.0000000000        1.2027652368        0.2461676604
      411.0000000000        1.4881895021        0.3291318692
      412.0000000000        1.8710789736        0.4421212778
      413.0000000000        2.3832957030        0.5870515268
      414.0000000000        3.0496989605        0.7436136031
      415.0000000000        3.8491967736        0.8328832199
      416.0000000000        4.6550789408        0.6942604028
      417.0000000000        5.1351656707        0.2138148589
      418.0000000000        5.0347338557       -0.4024032080
      419.0000000000        4.4158350296       -0.7756031815
      420.0000000000        3.5958372295       -0.8205574868
      421.0000000000        2.8307295665       -0.6955614834
      422.0000000000        2.2145921518       -0.5379006719
      423.0000000000        1.7469641325       -0.4027162358
      424.0000000000        1.3981602509       -0.3001136571
      425.0000000000        1.1374118538       -0.2254359439
      426.0000000000        0.9403607724       -0.1715871005
      427.0000000000        0.7893159877       -0.1325589982
      428.0000000000        0.6717858597       -0.1039461013
      429.0000000000        0.5789878699       -0.0826725542
      430.0000000000        0.5047072272       -0.0666211612
      431.0000000000        0.4444959896       -0.0543330115
      432.0000000000        0.3951279562       -0.0447944565
      433.0000000000        0.3542302858       -0.0372929868
      434.0000000000        0.3200336278       -0.0313212066
      435.0000000000        0.2912011193       -0.0265129125
      436.0000000000        0.2667100081       -0.0226002816
      437.0000000000        0.2457686770       -0.0193849184
      438.0000000000        0.2277577335       -0.0167180494
      439.0000000000        0.2121876570       -0.0144868094
      440.0000000000        0.1986679755       -0.0126046288
      441.0000000000        0.1868845714       -0.0110044131
      442.0000000000        0.1765827876       -0.0096336462
      443.0000000000        0.1675547198       -0.0084508345
      444.0000000000        0.1596295652       -0.0074228968
      445.0000000000        0.1526662254       -0.0065232275
      446.0000000000        0.1465475909       -0.0057302458
      447.0000000000        0.1411760903       -0.0050262969
      448.0000000000        0.1364702020       -0.0043968138
      449.0000000000        0.1323617045       -0.0038296694
      450.0000000000        0.1287934978       -0.0033146725
      451.0000000000        0.1257178744       -0.0028431714
      452.0000000000        0.1230951432       -0.0024077378
      453.0000000000        0.1208925376       -0.0020019127
      454.0000000000        0.1190833543       -0.0016199977
      455.0000000000        0.1176462806       -0.0012568824
      456.0000000000        0.1165648832       -0.0009078962
      457.0000000000        0.1670185384        0.0000714192
      458.0000000000        0.1672631132        0.0004171884
      459.0000000000        0.1678525115        0.0007617472
      460.0000000000        0.1687875749        0.0011092127
      461.0000000000        0.1700733207        0.0014638380
      462.0000000000        0.1717191360        0.0018301311
      463.0000000000        0.1737390981        0.0022129878
      464.0000000000        0.1761524374        0.0026178461
      465.0000000000        0.1789841679        0.0030508687
      466.0000000000        0.1822659200        0.0035191672
      467.0000000000        0.1860370230        0.0040310797
      468.0000000000        0.1903459006        0.0045965229
      469.0000000000        0.1952518657        0.0052274433
      470.0000000000        0.2008274299        0.0059384038
      471.0000000000        0.2071612879        0.0067473541
      472.0000000000        0.2143621913        0.0076766552
      473.0000000000        0.2225640137        0.0087544552
      474.0000000000        0.2319324242        0.0100165596
      475.0000000000        0.2426737600        0.0115089995
      476.0000000000        0.2550469379        0.0132916027
      477.0000000000        0.2693796175        0.0154430159
      478.0000000000        0.2860903818        0.0180678562
      479.0000000000        0.3057195432        0.0213070196
      480.0000000000        0.3289724654        0.0253527254
      481.0000000000        0.3567812618        0.0304707257
      482.0000000000        0.3903937781        0.0370334255
      483.0000000000        0.4315034210        0.0455696096
      484.0000000000        0.4824403759        0.0568391324
      485.0000000000        0.5464545508        0.0719437023
      486.0000000000        0.6281321215        0.0924846358
      487.0000000000        0.7339930904        0.1207633730
      488.0000000000        0.8732860951        0.1599514163
      489.0000000000        1.0588255789        0.2139140380
      490.0000000000        1.3070973022        0.2856416041
      491.0000000000        1.6350309311        0.3714648625
      492.0000000000        2.0467938575        0.4460387960
      493.0000000000        2.5009369354        0.4407035759
      494.0000000000        2.8696890184        0.2635224172
      495.0000000000        2.9743594825       -0.0665445242
      496.0000000000        2.7522895212       -0.3522578301
      497.0000000000        2.3338785979       -0.4535514827
      498.0000000000        1.8917911715       -0.4160012876
      499.0000000000        1.5168982871       -0.3315726366
      500.0000000000        1.2273204968       -0.2499364373
      501.0000000000        1.0112078539       -0.1853268144
      502.0000000000        0.8510006796       -0.1376234602
      503.0000000000        0.7315622834       -0.1031267371
      504.0000000000        0.6415765926       -0.0781726721
      505.0000000000        0.5729846050       -0.0599433114
      506.0000000000        0.5201219274       -0.0464385468
      507.0000000000        0.4789981315       -0.0362760887
      508.0000000000        0.4467758494       -0.0285049249
      509.0000000000        0.4214126842       -0.0224670271
      510.0000000000        0.4014188802       -0.0177022667
      511.0000000000        0.3856934004       -0.0138847668
      512.0000000000        0.3734122764       -0.0107805636
      513.0000000000        0.3639517659       -0.0082193462
      514.0000000000        0.3568348297       -0.0060754322
      515.0000000000        0.3516933829       -0.0042548225
      516.0000000000        0.3482413422       -0.0026862849
      517.0000000000        0.3462551503       -0.0013151361
      518.0000000000        0.3455595480       -0.0000988502
      519.0000000000        0.3460170727        0.0009960818
      520.0000000000        0.3475202380        0.0019964256
      521.0000000000        0.3499856665        0.0029238705
      522.0000000000        0.3558785336        0.0038280272
      523.0000000000        0.3601257886        0.0046609203
      524.0000000000        0.3651912751        0.0054664617
      525.0000000000        0.3710533053        0.0062557429
      526.0000000000        0.3777006418        0.0070386381
      527.0000000000        0.3851314611        0.0078241529
      528.0000000000        0.3933526326        0.0086207118
      529.0000000000        0.4023792635        0.0094364031
      530.0000000000        0.4122344711        0.0102791935
      531.0000000000        0.4216601105        0.0111731360
      532.0000000000        0.4332898119        0.0120942228
      533.0000000000        0.4458659540        0.0130675248
      534.0000000000        0.4594453921        0.0141024472
      535.0000000000        0.4740947970        0.0152092519
      536.0000000000        0.4898916255        0.0163992901
      537.0000000000        0.5069253385        0.0176852673
      538.0000000000        0.5252989066        0.0190815515
      539.0000000000        0.5451306483        0.0206045380
      540.0000000000        0.5665564698        0.0222730856
      541.0000000000        0.5897325835        0.0241090458
      542.0000000000        0.6148388134        0.0261379093
      543.0000000000        0.6420826195        0.0283896049
      544.0000000000        0.6717040131        0.0308994913
      545.0000000000        0.7039815857        0.0337096017
      546.0000000000        0.7392399372        0.0368702133
      547.0000000000        0.7778588774        0.0404418442
      548.0000000000        0.8202848939        0.0444978132
      549.0000000000        0.8670455332        0.0491275452
      550.0000000000        0.9187675636        0.0544408765
      551.0000000000        0.9762000838        0.0605737096
      552.0000000000        1.0402441581        0.0676955079
      553.0000000000        1.1119911431        0.0760193219
      554.0000000000        1.1927727041        0.0858153363
      555.0000000000        1.2842267098        0.0974293655
      556.0000000000        1.3883849297        0.1113083813
      557.0000000000        1.5077910058        0.1280361517
      558.0000000000        1.6456609502        0.1483835866
      559.0000000000        1.8061041069        0.1733807300
      560.0000000000        1.9944311401        0.2044209812
      561.0000000000        2.2175888211        0.2434137987
      562.0000000000        2.4847817317        0.2930109614
      563.0000000000        2.8083723446        0.3569449094
      564.0000000000        3.2051987057        0.4405372738
      565.0000000000        3.6985193584        0.5514609127
      566.0000000000        4.3208902320        0.7008595919
      567.0000000000        5.1183761377        0.9049011708
      568.0000000000        6.1564872276        1.1866032746
      569.0000000000        7.5276901321        1.5768107615
      570.0000000000        9.3579242193        2.1100152744
      571.0000000000       11.8014185632        2.8016246969
      572.0000000000       14.9908477058        3.5738806467
      573.0000000000       18.8687256193        4.0889197538
      574.0000000000       22.8354517114        3.6009780033
      575.0000000000       25.4981449156        1.4506265967
      576.0000000000       25.4247209477       -1.5839377675
      577.0000000000       22.6835800538       -3.6161001669
      578.0000000000       18.7555204875       -4.0003856512
      579.0000000000       14.9909161150       -3.4449581482
      580.0000000000       11.9337640719       -2.6695168486
      581.0000000000        9.6186669324       -1.9858962841
      582.0000000000        7.9083495055       -1.4607068466
      583.0000000000        6.6504661945       -1.0755097981
      584.0000000000        5.7223035183       -0.7955917463
      585.0000000000        5.0344167311       -0.5905463939
      586.0000000000        4.5238552828       -0.4377919596
      587.0000000000        4.1467509593       -0.3214437026
      588.0000000000        3.8725416574       -0.2304835478
      589.0000000000        3.6799059017       -0.1572304686
      590.0000000000        3.5540091982       -0.0962404788
      591.0000000000        3.4846678220       -0.0435536981
      592.0000000000        3.4651362027        0.0038158934
      593.0000000000        3.4913188068        0.0482308307
      594.0000000000        3.5612776812        0.0916791183
      595.0000000000        3.6749555599        0.1359619306
      596.0000000000        3.8340681988        0.1828483973
      597.0000000000        4.0421442171        0.2342190979
      598.0000000000        4.3047106826        0.2922171588
      599.0000000000        4.6296416308        0.3594265198
      600.0000000000        5.0287680126        0.4391144265
      601.0000000000        5.5144689183        0.5354909608
      602.0000000000        6.1071817437        0.6542306857
      603.0000000000        6.8329284340        0.8030637039
      604.0000000000        7.7268753383        0.9927406533
      605.0000000000        8.8370175531        1.2384562605
      606.0000000000       10.2296187644        1.5619838870
      607.0000000000       11.9972722342        1.9948418115
      608.0000000000       14.2707841015        2.5828129448
      609.0000000000       17.2362605141        3.3917362096
      610.0000000000       21.1579632458        4.5125994375
      611.0000000000       26.4028395492        6.0572924021
      612.0000000000       33.4455897897        8.1161250450
      613.0000000000       42.7823666194       10.5982360351
      614.0000000000       54.5666457914       12.8102271433
      615.0000000000       67.6835256246       12.8213285277
      616.0000000000       78.5431898652        7.9313136261
      617.0000000000       81.9345550410       -1.5582713254
      618.0000000000       75.7787472180      -10.0527284792
      619.0000000000       63.6730474395      -13.2435357424
      620.0000000000       50.6900431945      -12.2754107464
      621.0000000000       39.5920789277       -9.8455356568
      622.0000000000       30.9726535415       -7.4589701703
      623.0000000000       24.5068909293       -5.5610588588
      624.0000000000       19.6845128029       -4.1582845945
      625.0000000000       16.0606952305       -3.1446368601
      626.0000000000       13.3016013712       -2.4127927926
      627.0000000000       11.1691273712       -1.8797091628
      628.0000000000        9.4958184568       -1.4863234373
      629.0000000000        8.1636669898       -1.1917971159
      630.0000000000        7.0887289027       -0.9680405491
      631.0000000000        6.2105340626       -0.7956309836
      632.0000000000        5.4849172711       -0.6610003306
      633.0000000000        4.8791691224       -0.5545515050
      634.0000000000        4.3687338899       -0.4694054702
      635.0000000000        3.9349373608       -0.4005651896
      636.0000000000        3.5634043456       -0.3443531799
      637.0000000000        3.2429424249       -0.2980290541
      638.0000000000        2.9647444768       -0.2595263545
      639.0000000000        2.7218118234       -0.2272692332
      640.0000000000        2.5137072728       -0.1999781939
      641.0000000000        2.3256067379       -0.1768365504
      642.0000000000        2.1589216401       -0.1570375816
      643.0000000000        2.0106150105       -0.1399922027
      644.0000000000        1.8781774125       -0.1252293057
      645.0000000000        1.7595229824       -0.1123690091
      646.0000000000        1.6529087421       -0.1011025138
      647.0000000000        1.5568715179       -0.0911767857
      648.0000000000        1.4701783110       -0.0823827919
      649.0000000000        1.3917870478       -0.0745463752
      650.0000000000        1.3208154247       -0.0675210963
      651.0000000000        1.2565161375       -0.0611825491
      652.0000000000        1.1982572193       -0.0554237774
      653.0000000000        1.1455065315       -0.0501515079
      654.0000000000        1.0978197104       -0.0452829747
      655.0000000000        1.0530767427       -0.0407212634
      656.0000000000        1.0145144954       -0.0364407472
      657.0000000000        0.9801312930       -0.0323521082
      658.0000000000        0.9497685297       -0.0283886383
      659.0000000000        0.9233352735       -0.0244812133
      660.0000000000        0.9008122239       -0.0205551128
      661.0000000000        0.8822591941       -0.0165260941
      662.0000000000        0.8678270539       -0.0122953176
      663.0000000000        0.8577755546       -0.0077425429
      664.0000000000        0.8524991607       -0.0027167451
      665.0000000000        0.8525640681        0.0029771329
      666.0000000000        0.8587611756        0.0095972380
      667.0000000000        0.8721822096        0.0174926680
      668.0000000000        0.8943299451        0.0271447437
      669.0000000000        0.9272792114        0.0392287389
      670.0000000000        0.9739140656        0.0547065759
      671.0000000000        1.0382790777        0.0749651089
      672.0000000000        1.1260987515        0.1020166924
      673.0000000000        1.2455323598        0.1387678662
      674.0000000000        1.4082138775        0.1893007573
      675.0000000000        1.6304797789        0.2588828371
      676.0000000000        1.9341047335        0.3526945176
      677.0000000000        2.3440250807        0.4703274517
      678.0000000000        2.8759186293        0.5896804655
      679.0000000000        3.5000548623        0.6364896129
      680.0000000000        4.0800117091        0.4784862984
      681.0000000000        4.3669003896        0.0613159601
      682.0000000000        4.1863455920       -0.4019171057
      683.0000000000        3.6424328600       -0.6385920227
      684.0000000000        2.9904140137       -0.6361796882
      685.0000000000        2.4049144597       -0.5271177121
      686.0000000000        1.9396977573       -0.4053607568
      687.0000000000        1.5869350827       -0.3044773230
      688.0000000000        1.3222683850       -0.2287772642
      689.0000000000        1.1224652481       -0.1738088623
      690.0000000000        0.9695782938       -0.1340978619
      691.0000000000        0.8506791448       -0.1052003063
      692.0000000000        0.7566551872       -0.0839028715
      693.0000000000        0.6810921152       -0.0679722350
      694.0000000000        0.6194391413       -0.0558719316
      695.0000000000        0.5684283849       -0.0465417599
      696.0000000000        0.5256807282       -0.0392433966
      697.0000000000        0.4894394136       -0.0334564352
      698.0000000000        0.4583890743       -0.0288091862
      699.0000000000        0.4315316120       -0.0250325761
      700.0000000000        0.4081000597       -0.0219292186
      701.0000000000        0.3874980428       -0.0193524518
      702.0000000000        0.3692566854       -0.0171919647
      703.0000000000        0.3530035449       -0.0153638208
      704.0000000000        0.3384399450       -0.0138034473
      705.0000000000        0.3253242436       -0.0124606497
      706.0000000000        0.3134593452       -0.0112960233
      707.0000000000        0.3026832839       -0.0102783429
      708.0000000000        0.2928620531       -0.0093826410
      709.0000000000        0.2838840960       -0.0085887809
      710.0000000000        0.2756560359       -0.0078803843
      711.0000000000        0.2680993426       -0.0072440190
      712.0000000000        0.2611477105       -0.0066685771
      713.0000000000        0.2547449845       -0.0061447956
      714.0000000000        0.2488435097       -0.0056648818
      715.0000000000        0.2434028140       -0.0052222196
      716.0000000000        0.2383885529       -0.0048111352
      717.0000000000        0.2337716640       -0.0044267096
      718.0000000000        0.2295276917       -0.0040646256
      719.0000000000        0.2256362503       -0.0037210415
      720.0000000000        0.2220806028       -0.0033924847
      721.0000000000        0.2188473389       -0.0030757604
      722.0000000000        0.2159261383       -0.0027678709
      723.0000000000        0.2133096110       -0.0024659412
      724.0000000000        0.2109932100       -0.0021671488
      725.0000000000        0.2089752132       -0.0018686543
      726.0000000000        0.2072567765       -0.0015675291
      727.0000000000        0.2058420610       -0.0012606776
      728.0000000000        0.2047384429       -0.0009447495
      729.0000000000        0.2039568176       -0.0006160385
      730.0000000000        0.2035120146       -0.0002703605
      731.0000000000        0.2034233467        0.0000970948
      732.0000000000        0.2037153259        0.0004919497
      733.0000000000        0.2044185876        0.0009208735
      734.0000000000        0.2055710830        0.0013918854
      735.0000000000        0.2072196173        0.0019147490
      736.0000000000        0.1938645177        0.0026951892
      737.0000000000        0.1968834273        0.0033572263
      738.0000000000        0.2006115245        0.0041170962
      739.0000000000        0.2051581700        0.0049988451
      740.0000000000        0.2106600633        0.0060334488
      741.0000000000        0.2172893324        0.0072612701
      742.0000000000        0.2252645551        0.0087355317
      743.0000000000        0.2348659528        0.0105272852
      744.0000000000        0.2464565930        0.0127326079
      745.0000000000        0.2605123513        0.0154831564
      746.0000000000        0.2776647945        0.0189618129
      747.0000000000        0.2987633205        0.0234260919
      748.0000000000        0.3249661900        0.0292433247
      749.0000000000        0.3578749427        0.0369433427
      750.0000000000        0.3997331726        0.0472956917
      751.0000000000        0.4537170586        0.0614160072
      752.0000000000        0.5243430030        0.0808883781
      753.0000000000        0.6179765298        0.1078198506
      754.0000000000        0.7432479481        0.1445108788
      755.0000000000        0.9105882095        0.1917727080
      756.0000000000        1.1285075025        0.2435761285
      757.0000000000        1.3914434426        0.2754081234
      758.0000000000        1.6554468325        0.2355787034
      759.0000000000        1.8239039999        0.0836485434
      760.0000000000        1.8047464122       -0.1192430840
      761.0000000000        1.6117237528       -0.2474123994
      762.0000000000        1.3473369403       -0.2664235164
      763.0000000000        1.0983255250       -0.2265530631
      764.0000000000        0.8980299505       -0.1742684734
      765.0000000000        0.7473418124       -0.1288342921
      766.0000000000        0.6367689770       -0.0940296470
      767.0000000000        0.5562063409       -0.0684337061
      768.0000000000        0.4976170856       -0.0497055973
      769.0000000000        0.4551828266       -0.0358327441
      770.0000000000        0.4248343200       -0.0253264257
      771.0000000000        0.4037611194       -0.0171371002
      772.0000000000        0.3900346127       -0.0105313385
      773.0000000000        0.3823450001       -0.0049905490
      774.0000000000        0.3798250439       -0.0001381692
      775.0000000000        0.3819347564        0.0043106371
      776.0000000000        0.3883881287        0.0085838351
      777.0000000000        0.3481118693        0.0135139844
      778.0000000000        0.3638441219        0.0179997887
      779.0000000000        0.3842416400        0.0228768149
      780.0000000000        0.4097965848        0.0283515552
      781.0000000000        0.4412244843        0.0346674159
      782.0000000000        0.4795114342        0.0421261812
      783.0000000000        0.5259859770        0.0511164883
      784.0000000000        0.5824246475        0.0621535253
      785.0000000000        0.6512053130        0.0759361843
      786.0000000000        0.7355301522        0.0934311100
      787.0000000000        0.8397518498        0.1159979878
      788.0000000000        0.9698542462        0.1455774159
      789.0000000000        1.1341642197        0.1849711142
      790.0000000000        1.3444044028        0.2382487411
      791.0000000000        1.7465315826        0.3129119306
      792.0000000000        2.1072529975        0.4140356125
      793.0000000000        2.5875179186        0.5539320328
      794.0000000000        3.2316996181        0.7432926570
      795.0000000000        4.0909419045        0.9818867275
      796.0000000000        5.1986187876        1.2263963487
      797.0000000000        6.4980195959        1.3285084220
      798.0000000000        7.7172725613        1.0188242305
      799.0000000000        8.3500900548        0.1750889802
      800.0000000000        8.0278714888       -0.7805178560
      801.0000000000        6.9484544361       -1.2813811161
      802.0000000000        5.6335399308       -1.2871072935
      803.0000000000        4.4480196867       -1.0672816299
      804.0000000000        3.5072841894       -0.8180876613
      805.0000000000        2.7972490618       -0.6107817900
      806.0000000000        2.2683376940       -0.4551097884
      807.0000000000        1.8727778281       -0.3421572902
      808.0000000000        1.5735545404       -0.2606920165
      809.0000000000        1.3439825306       -0.2015475335
      810.0000000000        1.1652548461       -0.1580843314
      811.0000000000        1.0241415271       -0.1256855878
      812.0000000000        0.9112649514       -0.1011752873
      813.0000000000        0.8198989811       -0.0823626878
      814.0000000000        0.7451535299       -0.0677229710
      815.0000000000        0.7373901082       -0.0555073575
      816.0000000000        0.6866620289       -0.0462859087
      817.0000000000        0.6442274148       -0.0388419454
      818.0000000000        0.6085222402       -0.0327691147
      819.0000000000        0.5783334972       -0.0277658145
      820.0000000000        0.5527102208       -0.0236054758
      821.0000000000        0.5308993811       -0.0201159452
      822.0000000000        0.5122991266       -0.0171650027
      823.0000000000        0.4964242844       -0.0146500676
      824.0000000000        0.4828806224       -0.0124907953
      825.0000000000        0.4713454459       -0.0106236923
      826.0000000000        0.4615528246       -0.0089981579
      827.0000000000        0.4532822414       -0.0075735457
      828.0000000000        0.4463497917       -0.0063169592
      829.0000000000        0.4406013054       -0.0052015845
      830.0000000000        0.4359069290       -0.0042054175
      831.0000000000        0.4321568263       -0.0033102844
      832.0000000000        0.4292577439       -0.0025010823
      833.0000000000        0.4271302489       -0.0017651853
      834.0000000000        0.4257064949       -0.0010919778
      835.0000000000        0.4249284036       -0.0004724843
      836.0000000000        0.4247461775        0.0001009256
      837.0000000000        0.4251170777        0.0006347736
      838.0000000000        0.4260044138        0.0011346637
      839.0000000000        0.4273767067        0.0016054374
      840.0000000000        0.4292069907        0.0020512996
      841.0000000000        0.4314722311        0.0024759227
      842.0000000000        0.4316775168        0.0029132896
      843.0000000000        0.4347873982        0.0033041677
      844.0000000000        0.4382816487        0.0036824262
      845.0000000000        0.4421488010        0.0040503283
      846.0000000000        0.4463795343        0.0044099108
      847.0000000000        0.4509664664        0.0047630194
      848.0000000000        0.4559039780        0.0051113383
      849.0000000000        0.4611880640        0.0054564161
      850.0000000000        0.4668162092        0.0057996876
      851.0000000000        0.4727872845        0.0061424925
      852.0000000000        0.4791014601        0.0064860928
      853.0000000000        0.4857601352        0.0068316866
      854.0000000000        0.4927658807        0.0071804213
      855.0000000000        0.5001223945        0.0075334053
      856.0000000000        0.5078344677        0.0078917179
      857.0000000000        0.5159079601        0.0082564195
      858.0000000000        0.5243497862        0.0086285596
      859.0000000000        0.5331679079        0.0090091856
      860.0000000000        0.5423713368        0.0093993501
      861.0000000000        0.5519701426        0.0098001186
      862.0000000000        0.5619754701        0.0102125764
      863.0000000000        0.5723995622        0.0106378359
      864.0000000000        0.5832557909        0.0110770437
      865.0000000000        0.5945586944        0.0115313875
      866.0000000000        0.6063240227        0.0120021036
      867.0000000000        0.6185687891        0.0124904843
      868.0000000000        0.6313113306        0.0129978856
      869.0000000000        0.6445713757        0.0135257359
      870.0000000000        0.6583701207        0.0140755441
      871.0000000000        0.6727303152        0.0146489095
      872.0000000000        0.6876763572        0.0152475312
      873.0000000000        0.7032343986        0.0158732197
      874.0000000000        0.7194324617        0.0165279078
      875.0000000000        0.7363005686        0.0172136640
      876.0000000000        0.7538708832        0.0179327060
      877.0000000000        0.7721778682        0.0186874166
      878.0000000000        0.7912584583        0.0194803598
      879.0000000000        0.8111522511        0.0203143003
      880.0000000000        0.8319017171        0.0211922234
      881.0000000000        0.8535524322        0.0221173583
      882.0000000000        0.8761533337        0.0230932033
      883.0000000000        0.8997570038        0.0241235543
      884.0000000000        0.9244199819        0.0252125362
      885.0000000000        0.9502031117        0.0263646384
      886.0000000000        0.9771719251        0.0275847547
      887.0000000000        1.0053970678        0.0288782275
      888.0000000000        1.0349547730        0.0302508978
      889.0000000000        1.0659273879        0.0317091624
      890.0000000000        1.0984039602        0.0332600372
      891.0000000000        1.1324808930        0.0349112298
      892.0000000000        1.1682626767        0.0366712218
      893.0000000000        1.2058627085        0.0385493617
      894.0000000000        1.2454042114        0.0405559718
      895.0000000000        1.2870212677        0.0427024696
      896.0000000000        1.3308599817        0.0450015068
      897.0000000000        1.3770797923        0.0474671295
      898.0000000000        1.4258549573        0.0501149615
      899.0000000000        1.4773762338        0.0529624165
      900.0000000000        1.5318527886        0.0560289434
      901.0000000000        1.5895143712        0.0593363101
      902.0000000000        1.6506137943        0.0629089343
      903.0000000000        1.7154297713        0.0667742690
      904.0000000000        1.7842701709        0.0709632530
      905.0000000000        1.8574757604        0.0755108404
      906.0000000000        1.9354245239        0.0804566230
      907.0000000000        2.0185366572        0.0858455659
      908.0000000000        2.1072803653        0.0917288798
      909.0000000000        2.2021786105        0.0981650579
      910.0000000000        2.3038169966        0.1052211149
      911.0000000000        2.4128530100        0.1129740727
      912.0000000000        2.5300268934        0.1215127481
      913.0000000000        2.6561744867        0.1309399156
      914.0000000000        2.7922424561        0.1413749345
      915.0000000000        2.9393064271        0.1529569544
      916.0000000000        3.0985926734        0.1658488475
      917.0000000000        3.2715041786        0.1802420571
      918.0000000000        3.4596521030        0.1963626078
      919.0000000000        3.6648939723        0.2144785992
      920.0000000000        3.8883363119        0.2349225980
      921.0000000000        4.1345805388        0.2580512956
      922.0000000000        4.4054909143        0.2843392621
      923.0000000000        4.7044971489        0.3143455435
      924.0000000000        5.0356469426        0.3487517730
      925.0000000000        5.4037440171        0.3883944905
      926.0000000000        5.8145232255        0.4343074805
      927.0000000000        6.2748744523        0.4877777189
      928.0000000000        6.7931312938        0.5504199834
      929.0000000000        7.3794465657        0.6242773195
      930.0000000000        8.0462853462        0.7119577057
      931.0000000000        8.8090788032        0.8168219625
      932.0000000000        9.6871003906        0.9432450306
      933.0000000000       10.7046531402        1.0969835341
      934.0000000000       11.8926973889        1.2856991379
      935.0000000000       13.2911097094        1.5197129385
      936.0000000000       14.9518576169        1.8131062125
      937.0000000000       16.9435188717        2.1853452574
      938.0000000000       19.3577965980        2.6637040933
      939.0000000000       22.3190222312        3.2869016221
      940.0000000000       25.9981484384        4.1105645838
      941.0000000000       30.6334514821        5.2153315661
      942.0000000000       36.5610087393        6.7183985042
      943.0000000000       44.2584321444        8.7882149595
      944.0000000000       54.4030907855       11.6570227673
      945.0000000000       67.9336420213       15.6083168203
      946.0000000000       86.0586918856       20.8631493912
      947.0000000000      110.0233879714       27.1595337596
      948.0000000000      140.1493269486       32.6574324710
      949.0000000000      173.4370686427       32.3483639099
      950.0000000000      200.5691014146       19.4747802979
      951.0000000000      208.4302275869       -4.6809070960
      952.0000000000      192.3148075739      -25.7056174816
      953.0000000000      161.7112760978      -33.2194438791
      954.0000000000      129.3155568746      -30.4888846779
      955.0000000000      101.8519148295      -24.2703526621
      956.0000000000       80.6856083047      -18.2321605654
      957.0000000000       64.9651988692      -13.4295707167
      958.0000000000       53.4148753617       -9.8548438336
      959.0000000000       44.9381164984       -7.2330076770
      960.0000000000       38.7185151192       -5.2891224768
      961.0000000000       34.2010906718       -3.8081773596
      962.0000000000       31.0010645587       -2.6318725816
      963.0000000000       28.8752263289       -1.6427420925
      964.0000000000       27.6841898619       -0.7481546686
      965.0000000000       27.3744897726        0.1331663133
      966.0000000000       27.9731911156        1.0828698974
      967.0000000000       29.5937248618        2.1937468970
      968.0000000000       32.4516649916        3.5782829273
      969.0000000000       36.8850337454        5.3666624039
      970.0000000000       43.3566339883        7.6648154532
      971.0000000000       52.3637598308       10.3910785443
      972.0000000000       64.0614954441       12.8397254404
      973.0000000000       77.2992157435       13.0099145952
      974.0000000000       88.3374507628        8.0461774227
      975.0000000000       91.6644398248       -1.8497342471
      976.0000000000       84.9556835651      -10.8483116502
      977.0000000000       71.9003313715      -14.2920677215
      978.0000000000       57.8655331453      -13.2960249282
      979.0000000000       45.8187914183      -10.7137134186
      980.0000000000       36.4152323214       -8.1618300254
      981.0000000000       29.3186305356       -6.1252962606
      982.0000000000       23.9879851005       -4.6155111584
      983.0000000000       19.9492423938       -3.5210539009
      984.0000000000       16.8457247942       -2.7279922831
      985.0000000000       14.4225587518       -2.1478915751
      986.0000000000       12.5001681355       -1.7177543229
      987.0000000000       10.9517473395       -1.3939716843
      988.0000000000        9.6868830893       -1.1465166786
      989.0000000000        8.6402683105       -0.9546030267
      990.0000000000        7.7640561325       -0.8036907934
      991.0000000000        7.0226847774       -0.6834794806
      992.0000000000        6.3893510361       -0.5865725313
      993.0000000000        5.8435817303       -0.5075858797
      994.0000000000        5.3695406830       -0.4425479974
      995.0000000000        4.9548331198       -0.3884917461
      996.0000000000        4.5896503502       -0.3431733775
      997.0000000000        4.2661500878       -0.3048766631
      998.0000000000        3.9780019770       -0.2722746690
      999.0000000000        3.7200503769       -0.2443310262
     1000.0000000000        3.4880613628       -0.2202285849
     1001.0000000000        3.2785309118       -0.1993172773
     1002.0000000000        3.0885380279       -0.1810756109
     1003.0000000000        2.9156312213       -0.1650819368
     1004.0000000000        2.7577399875       -0.1509928063
     1005.0000000000        2.6131052042       -0.1385265157
     1006.0000000000        2.4802239698       -0.1274504881
     1007.0000000000        2.3578055599       -0.1175715173
     1008.0000000000        2.2447360140       -0.1087281650
     1009.0000000000        2.1400494696       -0.1007847928
     1010.0000000000        2.0429048121       -0.0936268445
     1011.0000000000        1.9525665407       -0.0871570912
     1012.0000000000        1.8683889993       -0.0812926241
     1013.0000000000        1.7898033109       -0.0759624317
     1014.0000000000        1.7163064960       -0.0711054358
     1015.0000000000        1.6474523663       -0.0666688920
     1016.0000000000        1.5828438675       -0.0626070788
     1017.0000000000        1.9670121826       -0.0533001770
     1018.0000000000        1.9155019355       -0.0497672534
     1019.0000000000        1.8673886849       -0.0465014251
     1020.0000000000        1.8224190258       -0.0434758805
     1021.0000000000        1.7803647405       -0.0406669771
     1022.0000000000        1.7410198539       -0.0380538055
     1023.0000000000        1.7041980901       -0.0356178205
     1024.0000000000        1.6697306685       -0.0333425282
     1025.0000000000        1.6374643894       -0.0312132206
     1026.0000000000        1.6072599641       -0.0292167481
     1027.0000000000        1.5789905566       -0.0273413251
     1028.0000000000        1.5525405053       -0.0255763630
     1029.0000000000        1.5278041993       -0.0239123259
     1030.0000000000        1.5046850901       -0.0223406064
     1031.0000000000        1.4830948178       -0.0208534174
     1032.0000000000        1.4629524392       -0.0194436981
     1033.0000000000        1.4441837433       -0.0181050326
     1034.0000000000        1.4267206426       -0.0168315781
     1035.0000000000        1.4105006326       -0.0156180021
     1036.0000000000        1.3954663090       -0.0144594278
     1037.0000000000        1.3815649373       -0.0133513850
     1038.0000000000        1.3687480675       -0.0122897678
     1039.0000000000        2.0801140879       -0.0022006895
     1040.0000000000        2.0784924524       -0.0010481076
     1041.0000000000        2.0780073687        0.0000729542
     1042.0000000000        2.0786288997        0.0011656257
     1043.0000000000        2.0803301329        0.0022328296
     1044.0000000000        2.0830869840        0.0032773033
     1045.0000000000        2.0868780216        0.0043016182
     1046.0000000000        2.0916843099        0.0053081970
     1047.0000000000        2.0974892683        0.0062993297
     1048.0000000000        2.1042785456        0.0072771877
     1049.0000000000        2.1120399084        0.0082438370
     1050.0000000000        2.1207631417        0.0092012502
     1051.0000000000        2.1304399608        0.0101513171
     1052.0000000000        2.1410639337        0.0110958552
     1053.0000000000        2.1526304136        0.0120366185
     1054.0000000000        2.1651364794        0.0129753063
     1055.0000000000        2.1785808856        0.0139135713
     1056.0000000000        2.1929640193        0.0148530271
     1057.0000000000        2.2082878641        0.0157952550
     1058.0000000000        2.2245559722        0.0167418112
     1059.0000000000        2.2417734416        0.0176942325
     1060.0000000000        2.2599469003        0.0186540430
     1061.0000000000        2.2790844965        0.0196227598
     1062.0000000000        2.2991958940        0.0206018985
     1063.0000000000        2.3202922740        0.0215929789
     1064.0000000000        2.3423863420        0.0225975306
     1065.0000000000        2.3654923402        0.0236170981
     1066.0000000000        2.3896260651        0.0246532468
     1067.0000000000        2.4148048907        0.0257075674
     1068.0000000000        2.4410477976        0.0267816825
     1069.0000000000        2.4683754065        0.0278772513
     1070.0000000000        3.1923048472        0.0377347978
     1071.0000000000        3.2306923394        0.0390451865
     1072.0000000000        3.2704055458        0.0403865542
     1073.0000000000        3.3114764408        0.0417609034
     1074.0000000000        3.3539390370        0.0431703087
     1075.0000000000        3.3978294607        0.0446169242
     1076.0000000000        3.4431860347        0.0461029907
     1077.0000000000        3.4900493696        0.0476308433
     1078.0000000000        3.5384624614        0.0492029199
     1079.0000000000        3.5884707991        0.0508217698
     1080.0000000000        3.6401224806        0.0524900628
     1081.0000000000        3.6934683378        0.0542105995
     1082.0000000000        3.7485620729        0.0559863213
     1083.0000000000        3.8054604049        0.0578203221
     1084.0000000000        3.8642232277        0.0597158605
     1085.0000000000        3.9249137815        0.0616763724
     1086.0000000000        3.9875988373        0.0637054857
     1087.0000000000        4.0523488959        0.0658070352
     1088.0000000000        4.1192384030        0.0679850787
     1089.0000000000        4.1883459814        0.0702439153
     1090.0000000000        4.2597546815        0.0725881047
     1091.0000000000        4.3335522519        0.0750224875
     1092.0000000000        4.4098314322        0.0775522086
     1093.0000000000        4.4886902692        0.0801827419
     1094.0000000000        4.5702324591        0.0829199172
     1095.0000000000        4.6545677180        0.0857699495
     1096.0000000000        4.7418121831        0.0887394719
     1097.0000000000        4.8320888482        0.0918355702
     1098.0000000000        4.9255280355        0.0950658223
     1099.0000000000        5.0222679083        0.0984383402
     1100.0000000000        5.1224550285        0.1019618170
     1101.0000000000        5.2262449629        0.1056455784
     1102.0000000000        5.3338029433        0.1094996389
     1103.0000000000        5.4453045868        0.1135347650
     1104.0000000000        5.5609366810        0.1177625440
     1105.0000000000        5.6808980430        0.1221954604
     1106.0000000000        5.8054004580        0.1268469812
     1107.0000000000        5.9346697081        0.1317316496
     1108.0000000000        6.0689467000        0.1368651899
     1109.0000000000        6.2084887034        0.1422646244
     1110.0000000000        6.3535707126        0.1479484029
     1111.0000000000        6.3757905300        0.1555423485
     1112.0000000000        6.5344469815        0.1618269434
     1113.0000000000        6.6995612367        0.1684620687
     1114.0000000000        6.8714965291        0.1754735029
     1115.0000000000        7.0506430276        0.1828893792
     1116.0000000000        7.2374203185        0.1907404453
     1117.0000000000        7.4322801642        0.1990603574
     1118.0000000000        7.6357095740        0.2078860122
     1119.0000000000        7.8482342297        0.2172579250
     1120.0000000000        8.0704223136        0.2272206576
     1121.0000000000        8.3028887945        0.2378233081
     1122.0000000000        8.5463002363        0.2491200685
     1123.0000000000        8.8013802048        0.2611708640
     1124.0000000000        9.0689153590        0.2740420870
     1125.0000000000        9.3497623307        0.2878074414
     1126.0000000000        9.6448555110        0.3025489165
     1127.0000000000        9.9552158859        0.3183579147
     1128.0000000000       10.2819610868        0.3353365593
     1129.0000000000       10.6263168536        0.3535992173
     1130.0000000000       10.9896301433        0.3732742763
     1131.0000000000       11.3733841645        0.3945062271
     1132.0000000000       11.7792156706        0.4174581097
     1133.0000000000       12.2089349110        0.4423143991
     1134.0000000000       12.6645487257        0.4692844198
     1135.0000000000       13.0944967847        0.4992778176
     1136.0000000000       13.6095103440        0.5312113295
     1137.0000000000       14.1578975175        0.5660806076
     1138.0000000000       14.7427688821        0.6042436787
     1139.0000000000       15.3676197399        0.6461135084
     1140.0000000000       16.0363900035        0.6921682287
     1141.0000000000       16.7535353908        0.7429636135
     1142.0000000000       17.5241124539        0.7991483775
     1143.0000000000       18.3538806167        0.8614830377
     1144.0000000000       19.2494252471        0.9308633007
     1145.0000000000       20.2183068869        1.0083492315
     1146.0000000000       21.2692432142        1.0952018660
     1147.0000000000       22.4123322280        1.1929294651
     1148.0000000000       23.6593276989        1.3033463577
     1149.0000000000       25.0239813599        1.4286483465
     1150.0000000000       26.5224709630        1.5715100806
     1151.0000000000       28.1739396817        1.7352118203
     1152.0000000000       30.0011811104        1.9238058758
     1153.0000000000       32.0315163247        2.1423371187
     1154.0000000000       34.2979266550        2.3971379149
     1155.0000000000       36.8405302641        2.6962265665
     1156.0000000000       39.7085257400        3.0498512794
     1157.0000000000       42.9627769666        3.4712410561
     1158.0000000000       46.6792885790        3.9776542502
     1159.0000000000       50.9539328892        4.5918604115
     1160.0000000000       55.9089569219        5.3442603454
     1161.0000000000       61.7020530231        6.2759570420
     1162.0000000000       68.5391669329        7.4432580478
     1163.0000000000       76.6928186558        8.9243503449
     1164.0000000000       86.5286373575       10.8292849862
     1165.0000000000       98.5442193242       13.3149808105
     1166.0000000000      113.4264808256       16.6076760317
     1167.0000000000      132.1364191793       21.0357845296
     1168.0000000000      156.0328533848       27.0749943342
     1169.0000000000      187.0455852792       35.3995559604
     1170.0000000000      227.8900522469       46.9026854316
     1171.0000000000      282.2370294007       62.5475446966
     1172.0000000000      354.4925536403       82.6271700764
     1173.0000000000      448.1553963565      104.4387180171
     1174.0000000000      560.5430730820      117.3141715812
     1175.0000000000      672.4667922124       99.2686496552
     1176.0000000000      742.8418927346       34.2363225334
     1177.0000000000      734.0473481206      -50.3005471348
     1178.0000000000      653.8021707906     -101.9726568286
     1179.0000000000      545.6752371493     -108.1527840749
     1180.0000000000      445.3934832756      -90.3899349831
     1181.0000000000      366.3839653752      -67.7405627086
     1182.0000000000      308.9083944433      -47.9042237410
     1183.0000000000      269.1553752826      -32.2687276260
     1184.0000000000      243.2065402471      -20.1179387401
     1185.0000000000      228.1270877329      -10.3489517390
     1186.0000000000      222.0525083462       -1.9535538629
     1187.0000000000      224.0507422225        5.9316576820
     1188.0000000000      234.0093626575       14.0985472017
     1189.0000000000      252.6150238689       23.3719079552
     1190.0000000000      281.4432212548       34.7242340556
     1191.0000000000      323.1636948220       49.3884909942
     1192.0000000000      381.8376555655       68.9111510178
     1193.0000000000      463.1582970090       94.9232487520
     1194.0000000000      574.0687506309      127.9465219772
     1195.0000000000      720.0756964863      163.6197198382
     1196.0000000000      896.6660024391      184.6259280104
     1197.0000000000     1072.5151228401      155.2425344471
     1198.0000000000     1180.7095880138       49.3435466511
     1199.0000000000     1159.9418064203      -88.4309502634
     1200.0000000000     1022.5799120355     -172.9656172238
     1201.0000000000      839.2646999529     -183.7346617575
     1202.0000000000      667.8771589593     -155.7946820408
     1203.0000000000      530.0067107136     -120.1772657346
     1204.0000000000      425.7775470021      -89.4726621690
     1205.0000000000      348.6067300673      -66.0364062190
     1206.0000000000      291.6202385114      -48.8416544786
     1207.0000000000      249.3796595205      -36.2882792900
     1208.0000000000      217.9556486820      -27.0113809976
     1209.0000000000      194.6045274164      -20.0014354845
     1210.0000000000      177.4378698222      -14.5431135077
     1211.0000000000      165.1713065539      -10.1303337318
     1212.0000000000      156.9519613865       -6.3961378273
     1213.0000000000      152.2465372254       -3.0610465086
     1214.0000000000      150.7736521497        0.1047353162
     1215.0000000000      152.4693649384        3.3107777242
     1216.0000000000      157.4800603572        6.7724519545
     1217.0000000000      166.1815105308       10.7379942021
     1218.0000000000      179.2274147198       15.5212044193
     1219.0000000000      197.6355788720       21.5449340932
     1220.0000000000      222.9252122991       29.4006058099
     1221.0000000000      257.3227934410       39.9252846544
     1222.0000000000      304.0482429533       54.2790641251
     1223.0000000000      367.6483957814       73.9368792414
     1224.0000000000      454.1702299857      100.2935943871
     1225.0000000000      570.4222443324      133.0167362722
     1226.0000000000      720.2390239652      165.3369458388
     1227.0000000000      893.9533209090      175.5436865923
     1228.0000000000     1051.4968109464      126.9452336280
     1229.0000000000     1123.5591211673        8.6487092885
     1230.0000000000     1066.4989272001     -116.1341991551
     1231.0000000000      914.0624428421     -175.8063057119
     1232.0000000000      736.4485888581     -171.8722544013
     1233.0000000000      579.0642854362     -141.0726296682
     1234.0000000000      454.9112974158     -107.8866810114
     1235.0000000000      361.2173835006      -80.6925168349
     1236.0000000000      291.2149659595      -60.3732814200
     1237.0000000000      238.6070268996      -45.6435375669
     1238.0000000000      198.8819155913      -35.0059064835
     1239.0000000000      167.9442679734      -27.2714740324
     1240.0000000000      143.6626502208      -21.5747612621
     1241.0000000000      124.3168871377      -17.3177634507
     1242.0000000000      108.6857374203      -14.0890958445
     1243.0000000000       95.8915303941      -11.6047390664
     1244.0000000000       85.2947753778       -9.6667411465
     1245.0000000000       76.4229145441       -8.1354472729
     1246.0000000000       68.9218926281       -6.9110190464
     1247.0000000000       62.5229110167       -5.9211178843
     1248.0000000000       57.0193328418       -5.1126360396
     1249.0000000000       52.2504348723       -4.4460875927
     1250.0000000000       48.0898288809       -3.8917590006
     1251.0000000000       44.4371060310       -3.4270347305
     1252.0000000000       41.2117333984       -3.0345163441
     1253.0000000000       38.3485434947       -2.7006836174
     1254.0000000000       35.7943640154       -2.4149303424
     1255.0000000000       33.5054731059       -2.1688621642
     1256.0000000000       31.4456588663       -1.9557797669
     1257.0000000000       29.5847257597       -1.7702946105
     1258.0000000000       27.8973348397       -1.6080404617
     1259.0000000000       26.3620956807       -1.4654548551
     1260.0000000000       24.9608497888       -1.3396120947
     1261.0000000000       23.6781009127       -1.2280945917
     1262.0000000000       22.5005589593       -1.1288929642
     1263.0000000000       21.4167724309       -1.0403278972
     1264.0000000000       20.4168303393       -0.9609885921
     1265.0000000000       19.4921190197       -0.8896839634
     1266.0000000000       18.6351226124       -0.8254036947
     1267.0000000000       17.8392584878       -0.7672869772
     1268.0000000000       17.0987408028       -0.7145972700
     1269.0000000000       16.4084668282       -0.6667018117
     1270.0000000000       15.7639218084       -0.6230549014
     1271.0000000000       15.1610989800       -0.5831841881
     1272.0000000000       14.5964320494       -0.5466793741
     1273.0000000000       14.0667379612       -0.5131828645
     1274.0000000000       13.5691681997       -0.4823819940
     1275.0000000000       13.1011672007       -0.4540025378
     1276.0000000000       12.6604367083       -0.4278032738
     1277.0000000000       12.2449051263       -0.4035714066
     1278.0000000000       11.8527010760       -0.3811187045
     1279.0000000000       11.4821305148       -0.3602782250
     1280.0000000000       11.1316568763       -0.3409015309
     1281.0000000000       10.7998837830       -0.3228563157
     1282.0000000000       10.4855399584       -0.3060243707
     1283.0000000000       10.1874660235       -0.2902998406
     1284.0000000000        9.9046029128       -0.2755877215
     1285.0000000000        9.6359816869       -0.2618025637
     1286.0000000000        9.3807145534       -0.2488673496
     1287.0000000000        9.1379869333       -0.2367125185
     1288.0000000000        8.9070504379       -0.2252751183
     1289.0000000000        8.6872166387       -0.2144980658
     1290.0000000000        8.5868824607       -0.2029655890
     1291.0000000000        8.3887783368       -0.1933323889
     1292.0000000000        8.2000452030       -0.1842167520
     1293.0000000000        8.0201854685       -0.1755793185
     1294.0000000000        7.8487392091       -0.1673840549
     1295.0000000000        7.6852810152       -0.1595979109
     1296.0000000000        7.5294171649       -0.1521905142
     1297.0000000000        7.3807830832       -0.1451339004
     1298.0000000000        7.2390410577       -0.1384022709
     1299.0000000000        7.1038781819       -0.1319717783
     1300.0000000000        6.9750045030       -0.1258203328
     1301.0000000000        6.8521513514       -0.1199274296
     1302.0000000000        6.7350698360       -0.1142739927
     1303.0000000000        6.6235294860       -0.1088422346
     1304.0000000000        6.5173170274       -0.1036155295
     1305.0000000000        6.4162352798       -0.0985782973
     1306.0000000000        6.3201021642       -0.0937158990
     1307.0000000000        6.2287498102       -0.0890145407
     1308.0000000000        6.1420237560       -0.0844611853
     1309.0000000000        6.0597822322       -0.0800434720
     1310.0000000000        5.9818955240       -0.0757496404
     1311.0000000000        5.9082454057       -0.0715684615
     1312.0000000000        5.8387246424       -0.0674891717
     1313.0000000000        5.7732365561       -0.0635014118
     1314.0000000000        5.7116946499       -0.0595951683
     1315.0000000000        5.6540222910       -0.0557607178
     1316.0000000000        5.6001524475       -0.0519885735
     1317.0000000000        5.5500274776       -0.0482694327
     1318.0000000000        5.5035989715       -0.0445941264
     1319.0000000000        5.4608276426       -0.0409535680
     1320.0000000000        5.4216832706       -0.0373387035
     1321.0000000000        5.3861446944       -0.0337404602
     1322.0000000000        5.3541998561       -0.0301496950
     1323.0000000000        5.3258458986       -0.0265571410
     1324.0000000000        5.3010893165       -0.0229533519
     1325.0000000000        5.2799461643       -0.0193286442
     1326.0000000000        5.2624423243       -0.0156730356
     1327.0000000000        5.2486138376       -0.0119761793
     1328.0000000000        5.2385073029       -0.0082272943
     1329.0000000000        5.2321803491       -0.0044150889
     1330.0000000000        5.2297021860       -0.0005276780
     1331.0000000000        5.2311542426        0.0034475074
     1332.0000000000        5.2366308998        0.0075238196
     1333.0000000000        5.2462403282        0.0117155048
     1334.0000000000        5.2601054419        0.0160378256
     1335.0000000000        5.2783649819        0.0205071973
     1336.0000000000        5.3011747440        0.0251413411
     1337.0000000000        4.8909287173        0.0354063812
     1338.0000000000        4.9287781894        0.0403289538
     1339.0000000000        4.9716632865        0.0454815825
     1340.0000000000        5.0198262892        0.0508890963
     1341.0000000000        5.0735354954        0.0565787509
     1342.0000000000        5.1330878055        0.0625805530
     1343.0000000000        5.1988116541        0.0689276310
     1344.0000000000        5.2710703399        0.0756566607
     1345.0000000000        5.3502658130        0.0828083563
     1346.0000000000        5.4368429894        0.0904280373
     1347.0000000000        5.5312946762        0.0985662844
     1348.0000000000        5.6341672057        0.1072797039
     1349.0000000000        5.7460668934        0.1166318160
     1350.0000000000        5.8676674585        0.1266940956
     1351.0000000000        5.9997185727        0.1375471923
     1352.0000000000        6.1430557325        0.1492823660
     1353.0000000000        6.2986116939        0.1620031829
     1354.0000000000        6.4674297550        0.1758275249
     1355.0000000000        6.6506792314        0.1908899798
     1356.0000000000        6.8496735472        0.2073446959
     1357.0000000000        7.0658914535        0.2253688029
     1358.0000000000        7.3010020048        0.2451665301
     1359.0000000000        6.8452952318        0.2758280170
     1360.0000000000        7.1328843966        0.2997568577
     1361.0000000000        7.4456777687        0.3262939727
     1362.0000000000        7.7864658242        0.3558137138
     1363.0000000000        8.1584452070        0.3887561238
     1364.0000000000        8.5652910728        0.4256407431
     1365.0000000000        9.0112448705        0.4670838146
     1366.0000000000        9.5012214163        0.5138198490
     1367.0000000000       10.0409402282        0.5667288249
     1368.0000000000       10.6370875662        0.6268707233
     1369.0000000000       11.2975175934        0.6955296781
     1370.0000000000       12.0315037429        0.7742708319
     1371.0000000000       12.8500549944        0.8650141208
     1372.0000000000       13.7663167418        0.9701308069
     1373.0000000000       14.7960828248        1.0925708589
     1374.0000000000       15.9584549352        1.2360325639
     1375.0000000000       17.2766992360        1.4051905355
     1376.0000000000       18.7793694811        1.6060053194
     1377.0000000000       20.5017940102        1.8461482649
     1378.0000000000       22.4880649938        2.1355910753
     1379.0000000000       24.7937288396        2.4874333841
     1380.0000000000       27.4894670675        2.9190784462
     1381.0000000000       30.6661934156        3.4539239275
     1382.0000000000       34.4422009456        4.1238233617
     1383.0000000000       38.9733124398        4.9727118796
     1384.0000000000       44.4674800276        6.0620029829
     1385.0000000000       51.2060365974        7.4786832534
     1386.0000000000       59.5749418908        9.3474793072
     1387.0000000000       70.1109984158       11.8489810064
     1388.0000000000       83.5700432074       15.2457660324
     1389.0000000000      101.0255652140       19.9167746950
     1390.0000000000      123.3233239192       26.3994206752
     1391.0000000000      153.9605131377       35.3461837111
     1392.0000000000      195.0512262204       47.3763956120
     1393.0000000000      249.6882132537       62.2370299365
     1394.0000000000      319.4260651545       76.5588944701
     1395.0000000000      399.2684742426       79.9667941084
     1396.0000000000      470.0264773174       55.7593572346
     1397.0000000000      500.0303029357        0.7298630475
     1398.0000000000      471.3281318758      -54.7462240614
     1399.0000000000      401.1912978390      -79.7139788151
     1400.0000000000      321.3539152442      -76.7321181584
     1401.0000000000      251.3761067914      -62.5057514891
     1402.0000000000      196.4869658708      -47.6009168002
     1403.0000000000      155.2082735861      -35.4973405907
     1404.0000000000      124.4536818710      -26.4855044363
     1405.0000000000      101.4079173022      -19.9615857836
     1406.0000000000       83.9268226947      -15.2539865127
     1407.0000000000       70.4737339394      -11.8301606407
     1408.0000000000       59.9672047823       -9.3081185029
     1409.0000000000       51.6460792793       -7.4230478360
     1410.0000000000       44.9701178690       -5.9927962924
     1411.0000000000       39.5512329629       -4.8915509402
     1412.0000000000       35.1068800450       -4.0315567497
     1413.0000000000       31.4285532967       -3.3508374595
     1414.0000000000       28.3603691204       -2.8050245994
     1415.0000000000       25.7843645789       -2.3619090236
     1416.0000000000       23.6102882181       -1.9977793582
     1417.0000000000       21.7684246765       -1.6949345579
     1418.0000000000       20.2044921233       -1.4399728882
     1419.0000000000       18.8759744846       -1.2225989583
     1420.0000000000       17.7494608111       -1.0347797761
     1421.0000000000       16.7987024165       -0.8701380926
     1422.0000000000       16.0031903678       -0.7235081793
     1423.0000000000       15.3471179768       -0.5906030412
     1424.0000000000       14.8186356519       -0.4677575252
     1425.0000000000       14.4093356571       -0.3517217466
     1426.0000000000       14.1139265326       -0.2394854840
     1427.0000000000       13.9300742986       -0.1281177711
     1428.0000000000       13.8584024332       -0.0146073995
     1429.0000000000       13.9026569394        0.1043103402
     1430.0000000000       14.0700585069        0.2323577548
     1431.0000000000       14.3718830578        0.3739716576
     1432.0000000000       14.8243377962        0.5346434666
     1433.0000000000       15.4498365166        0.7213864496
     1434.0000000000       16.2788318455        0.9433956255
     1435.0000000000       17.3524432921        1.2129997662
     1436.0000000000       18.7262440172        1.5470580190
     1437.0000000000       20.4757597907        1.9690354780
     1438.0000000000       22.7045250221        2.5121136390
     1439.0000000000       25.5559761014        3.2238568426
     1440.0000000000       29.2310723775        4.1731261551
     1441.0000000000       34.0142479599        5.4599069766
     1442.0000000000       40.3106185217        7.2277450449
     1443.0000000000       48.6953408038        9.6740785036
     1444.0000000000       59.9650966986       13.0383654010
     1445.0000000000       75.1423530769       17.5016802323
     1446.0000000000       95.2675513719       22.8197898586
     1447.0000000000      120.5612593710       27.3788617879
     1448.0000000000      148.3624972756       26.8663078360
     1449.0000000000      170.6417435791       15.6361994600
     1450.0000000000      176.3803262913       -4.8687252223
     1451.0000000000      161.9831622261      -22.3233475051
     1452.0000000000      135.7062020705      -28.3294455562
     1453.0000000000      108.1577022346      -25.8870189421
     1454.0000000000       84.8259947879      -20.6507816044
     1455.0000000000       66.7615421159      -15.6264762106
     1456.0000000000       53.2114311559      -11.6613929021
     1457.0000000000       43.0897158039       -8.7379807728
     1458.0000000000       35.4651993576       -6.6261036199
     1459.0000000000       29.6428178569       -5.1002084047
     1460.0000000000       25.1276760321       -3.9873360886
     1461.0000000000       21.5717667169       -3.1648563107
     1462.0000000000       18.7296950212       -2.5480500824
     1463.0000000000       16.4267313539       -2.0786373512
     1464.0000000000       14.5368625037       -1.7162948734
     1465.0000000000       12.9679388035       -1.4328301477
     1466.0000000000       11.6516246154       -1.2082828363
     1467.0000000000       10.5365504619       -1.0283316133
     1468.0000000000        9.5835971469       -0.8825630983
     1469.0000000000        8.7626083017       -0.7633065051
     1470.0000000000        8.0500692872       -0.6648406012
     1471.0000000000        7.4274473605       -0.5828475689
     1472.0000000000        6.8799898528       -0.5140322614
     1473.0000000000        6.3958434965       -0.4558535070
     1474.0000000000        5.9654016738       -0.4063322175
     1475.0000000000        5.5808153284       -0.3639127642
     1476.0000000000        5.2356227311       -0.3273617288
     1477.0000000000        4.9244664901       -0.2956931742
     1478.0000000000        4.6428752622       -0.2681129369
     1479.0000000000        4.3870939160       -0.2439767055
     1480.0000000000        4.1539503123       -0.2227581906
     1481.0000000000        3.9407500028       -0.2040247498
     1482.0000000000        3.7451923894       -0.1874185729
     1483.0000000000        3.5653035121       -0.1726420456
     1484.0000000000        3.3993818148       -0.1594462840
     1485.0000000000        3.2459541149       -0.1476220878
     1486.0000000000        3.1037396460       -0.1369927588
     1487.0000000000        2.9716205316       -0.1274083615
     1488.0000000000        2.8486174110       -0.1187411115
     1489.0000000000        2.7338692169       -0.1108816476
     1490.0000000000        2.6266163188       -0.1037360035
     1491.0000000000        2.5261864057       -0.0972231337
     1492.0000000000        2.4319826135       -0.0912728838
     1493.0000000000        2.3434734975       -0.0858243161
     1494.0000000000        2.2601845301       -0.0808243239
     1495.0000000000        2.1816908642       -0.0762264778
     1496.0000000000        2.1076111516       -0.0719900632
     1497.0000000000        2.0376022434       -0.0680792724
     1498.0000000000        1.9713546327       -0.0644625254
     1499.0000000000        1.9085885220       -0.0611118958
     1500.0000000000        1.8490504189       -0.0580026244
     1501.0000000000        1.7925101824       -0.0551127053
     1502.0000000000        1.7387584494       -0.0524225330
     1503.0000000000        1.6876043901       -0.0499146006
     1504.0000000000        1.6388737421       -0.0475732401
     1505.0000000000        1.5924070858       -0.0453843992
     1506.0000000000        1.5480583273       -0.0433354492
     1507.0000000000        1.5056933604       -0.0414150174
     1508.0000000000        1.4651888842       -0.0396128432
     1509.0000000000        1.4264313562       -0.0379196514
     1510.0000000000        1.3893160623       -0.0363270429
     1511.0000000000        1.3537462900       -0.0348273989
     1512.0000000000        1.3196325911       -0.0334137960
     1513.0000000000        1.2868921240       -0.0320799334
     1514.0000000000        1.2554480644       -0.0308200671
     1515.0000000000        1.2252290775       -0.0296289529
     1516.0000000000        1.1961688439       -0.0285017962
     1517.0000000000        1.1682056335       -0.0274342063
     1518.0000000000        1.1412819212       -0.0264221576
     1519.0000000000        1.1153440400       -0.0254619537
     1520.0000000000        1.0903418680       -0.0245501962
     1521.0000000000        1.0662285444       -0.0236837567
     1522.0000000000        1.0429602124       -0.0228597515
     1523.0000000000        1.0204957858       -0.0220755197
     1524.0000000000        0.9987967367       -0.0213286028
     1525.0000000000        0.9778269019       -0.0206167265
     1526.0000000000        0.9575523071       -0.0199377851
     1527.0000000000        0.9379410057       -0.0192898265
     1528.0000000000        0.9189629318       -0.0186710391
     1529.0000000000        0.9005897659       -0.0180797402
     1530.0000000000        0.8827948114       -0.0175143649
     1531.0000000000        0.8655528815       -0.0169734568
     1532.0000000000        0.8488401955       -0.0164556589
     1533.0000000000        0.8326342830       -0.0159597060
     1534.0000000000        0.8169138964       -0.0154844168
     1535.0000000000        0.8016589299       -0.0150286882
     1536.0000000000        0.7868503445       -0.0145914884
     1537.0000000000        0.7724700992       -0.0141718522
     1538.0000000000        0.7585010876       -0.0137688753
     1539.0000000000        0.7449270785       -0.0133817105
     1540.0000000000        0.7317326616       -0.0130095627
     1541.0000000000        0.7189031967       -0.0126516857
     1542.0000000000        0.7064247673       -0.0123073787
     1543.0000000000        0.6942841363       -0.0119759823
     1544.0000000000        0.6824687061       -0.0116568767
     1545.0000000000        0.6709664809       -0.0113494781
     1546.0000000000        0.6597660313       -0.0110532365
     1547.0000000000        0.6488564621       -0.0107676334
     1548.0000000000        0.6382273816       -0.0104921798
     1549.0000000000        0.6278688734       -0.0102264141
     1550.0000000000        0.6177714698       -0.0099699001
     1551.0000000000        0.6079261270       -0.0097222257
     1552.0000000000        0.5983242020       -0.0094830012
     1553.0000000000        0.5889574312       -0.0092518578
     1554.0000000000        0.5798179094       -0.0090284463
     1555.0000000000        0.5708980717       -0.0088124360
     1556.0000000000        0.5621906750       -0.0086035134
     1557.0000000000        0.5536887816       -0.0084013811
     1558.0000000000        0.2374958298       -0.0043831339
     1559.0000000000        0.2331726015       -0.0042640514
     1560.0000000000        0.2289663028       -0.0041492420
     1561.0000000000        0.2248727565       -0.0040385158
     1562.0000000000        0.2208879701       -0.0039316930
     1563.0000000000        0.2170081263       -0.0038286031
     1564.0000000000        0.2132295736       -0.0037290845
     1565.0000000000        0.2095488181       -0.0036329840
     1566.0000000000        0.2059625148       -0.0035401562
     1567.0000000000        0.2024674610       -0.0034504629
     1568.0000000000        0.1990605880       -0.0033637730
     1569.0000000000        0.1957389554       -0.0032799620
     1570.0000000000        0.1924997440       -0.0031989112
     1571.0000000000        0.1893402504       -0.0031205081
     1572.0000000000        0.1862578810       -0.0030446455
     1573.0000000000        0.1832501466       -0.0029712213
     1574.0000000000        0.1803146580       -0.0029001384
     1575.0000000000        0.1774491204       -0.0028313041
     1576.0000000000        0.1746513296       -0.0027646304
     1577.0000000000        0.1719191674       -0.0027000332
     1578.0000000000        0.1692505978       -0.0026374322
     1579.0000000000        0.1666436631       -0.0025767510
     1580.0000000000        0.1640964803       -0.0025179165
     1581.0000000000        0.1616072378       -0.0024608591
     1582.0000000000        0.1591741921       -0.0024055121
     1583.0000000000        0.1567956647       -0.0023518121
     1584.0000000000        0.1544700393       -0.0022996981
     1585.0000000000        0.1521957592       -0.0022491121
     1586.0000000000        0.1499713243       -0.0021999986
     1587.0000000000        0.1477952890       -0.0021523042
     1588.0000000000        0.1456662597       -0.0021059783
     1589.0000000000        0.1435828926       -0.0020609719
     1590.0000000000        0.1415438915       -0.0020172386
     1591.0000000000        0.1395480060       -0.0019747336
     1592.0000000000        0.1375940291       -0.0019334141
     1593.0000000000        0.1356807962       -0.0018932391
     1594.0000000000        0.1338071825       -0.0018541693
     1595.0000000000        0.1319721019       -0.0018161668
     1596.0000000000        0.1301745052       -0.0017791955
     1597.0000000000        0.1284133787       -0.0017432207
     1598.0000000000        0.1266877428       -0.0017082091
     1599.0000000000        0.1249966503       -0.0016741285
     1600.0000000000        0.1233391856       -0.0016409484
     1601.0000000000        0.1217144632       -0.0016086391
     1602.0000000000        0.1201216266       -0.0015771722
     1603.0000000000        0.1185598470       -0.0015465206
     1604.0000000000        0.1170283224       -0.0015166580
     1605.0000000000        0.1155262765       -0.0014875591
     1606.0000000000        0.1140529578       -0.0014591997
     1607.0000000000        0.1126076385       -0.0014315564
     1608.0000000000        0.1111896137       -0.0014046069
     1609.0000000000        0.1097982006       -0.0013783295
     1610.0000000000        0.0000000000        0.0000000000
     1611.0000000000        0.0000000000        0.0000000000
     1612.0000000000        0.0000000000        0.0000000000
     1613.0000000000        0.0000000000        0.0000000000
     1614.0000000000        0.0000000000        0.0000000000
     1615.0000000000        0.0000000000        0.0000000000
     1616.0000000000        0.0000000000        0.0000000000
     1617.0000000000        0.0000000000        0.0000000000
     1618.0000000000        0.0000000000        0.0000000000
     1619.0000000000        0.0000000000        0.0000000000
     1620.0000000000        0.0000000000        0.0000000000
     1621.0000000000        0.0000000000        0.0000000000
     1622.0000000000        0.0000000000        0.0000000000
     1623.0000000000        0.0000000000        0.0000000000
     1624.0000000000        0.0000000000        0.0000000000
     1625.0000000000        0.0000000000        0.0000000000
     1626.0000000000        0.0000000000        0.0000000000
     1627.0000000000        0.0000000000        0.0000000000
     1628.0000000000        0.0000000000        0.0000000000
     1629.0000000000        0.0000000000        0.0000000000
     1630.0000000000        0.0000000000        0.0000000000
     1631.0000000000        0.0000000000        0.0000000000
     1632.0000000000        0.0000000000        0.0000000000
     1633.0000000000        0.0000000000        0.0000000000
     1634.0000000000        0.0000000000        0.0000000000
     1635.0000000000        0.1051814156        0.0013185309
     1636.0000000000        0.1065124449        0.0013436328
     1637.0000000000        0.1078688948        0.0013693758
     1638.0000000000        0.1092514169        0.0013957805
     1639.0000000000        0.1106606834        0.0014228682
     1640.0000000000        0.1120973885        0.0014506614
     1641.0000000000        0.1135622490        0.0014791829
     1642.0000000000        0.1150560051        0.0015084568
     1643.0000000000        0.1165794218        0.0015385082
     1644.0000000000        0.1181332893        0.0015693630
     1645.0000000000        0.1197184245        0.0016010481
     1646.0000000000        0.1213356717        0.0016335918
     1647.0000000000        0.1229859040        0.0016670232
     1648.0000000000        0.1246700243        0.0017013730
     1649.0000000000        0.1263889666        0.0017366727
     1650.0000000000        0.1281436973        0.0017729554
     1651.0000000000        0.1299352166        0.0018102557
     1652.0000000000        0.1317645599        0.0018486094
     1653.0000000000        0.1336327991        0.0018880540
     1654.0000000000        0.1355410445        0.0019286285
     1655.0000000000        0.1374904462        0.0019703736
     1656.0000000000        0.1394821961        0.0020133319
     1657.0000000000        0.1415175292        0.0020575477
     1658.0000000000        0.1435977262        0.0021030675
     1659.0000000000        0.1457241149        0.0021499395
     1660.0000000000        0.1478980728        0.0021982144
     1661.0000000000        0.1501210289        0.0022479450
     1662.0000000000        0.1523944664        0.0022991866
     1663.0000000000        0.1547199251        0.0023519971
     1664.0000000000        0.1570990036        0.0024064368
     1665.0000000000        0.1595333629        0.0024625691
     1666.0000000000        0.1620247282        0.0025204603
     1667.0000000000        0.1645748929        0.0025801798
     1668.0000000000        0.1671857214        0.0026418003
     1669.0000000000        0.1698591525        0.0027053980
     1670.0000000000        0.1725972030        0.0027710528
     1671.0000000000        0.1754019717        0.0028388486
     1672.0000000000        0.1782756431        0.0029088733
     1673.0000000000        0.1812204920        0.0029812193
     1674.0000000000        0.1842388876        0.0030559834
     1675.0000000000        0.1873332988        0.0031332676
     1676.0000000000        0.1905062984        0.0032131788
     1677.0000000000        0.1937605696        0.0032958297
     1678.0000000000        0.1970989104        0.0033813385
     1679.0000000000        0.2005242408        0.0034698299
     1680.0000000000        0.2040396081        0.0035614350
     1681.0000000000        0.2076481945        0.0036562918
     1682.0000000000        0.2113533239        0.0037545458
     1683.0000000000        0.2151584696        0.0038563506
     1684.0000000000        0.2190672625        0.0039618678
     1685.0000000000        0.2230834995        0.0040712682
     1686.0000000000        0.2272111531        0.0041847319
     1687.0000000000        0.2314543810        0.0043024493
     1688.0000000000        0.2358175365        0.0044246215
     1689.0000000000        0.2403051797        0.0045514611
     1690.0000000000        0.2449220894        0.0046831932
     1691.0000000000        0.2496732760        0.0048200556
     1692.0000000000        0.2545639946        0.0049623006
     1693.0000000000        0.2595997601        0.0051101951
     1694.0000000000        0.2647863622        0.0052640223
     1695.0000000000        0.2701298823        0.0054240826
     1696.0000000000        0.2756367112        0.0055906948
     1697.0000000000        0.2813135683        0.0057641972
     1698.0000000000        0.2871675219        0.0059449496
     1699.0000000000        0.2932060113        0.0061333344
     1700.0000000000        0.2994368702        0.0063297586
     1701.0000000000        0.3058683523        0.0065346553
     1702.0000000000        0.3125091584        0.0067484860
     1703.0000000000        0.3193684659        0.0069717427
     1704.0000000000        0.3264559604        0.0072049502
     1705.0000000000        0.3337818697        0.0074486688
     1706.0000000000        0.3413570008        0.0077034970
     1707.0000000000        0.3491927796        0.0079700745
     1708.0000000000        0.3573012939        0.0082490860
     1709.0000000000        0.3656953399        0.0085412643
     1710.0000000000        0.3743884726        0.0088473949
     1711.0000000000        0.3833950605        0.0091683199
     1712.0000000000        0.3927303444        0.0095049432
     1713.0000000000        0.4024105025        0.0098582357
     1714.0000000000        0.4124527193        0.0102292413
     1715.0000000000        0.4228752628        0.0106190831
     1716.0000000000        0.4336975664        0.0110289708
     1717.0000000000        0.4449403199        0.0114602084
     1718.0000000000        0.4566255677        0.0119142030
     1719.0000000000        0.4687768167        0.0123924742
     1720.0000000000        0.4814191544        0.0128966650
     1721.0000000000        0.4945793777        0.0134285536
     1722.0000000000        0.5082861346        0.0139900664
     1723.0000000000        0.5225700795        0.0145832924
     1724.0000000000        0.5374640445        0.0152105002
     1725.0000000000        0.5530032267        0.0158741554
     1726.0000000000        0.5692253961        0.0165769411
     1727.0000000000        0.5861711240        0.0173217810
     1728.0000000000        0.6038840359        0.0181118642
     1729.0000000000        0.6224110911        0.0189506743
     1730.0000000000        0.6418028928        0.0198420213
     1731.0000000000        0.6621140324        0.0207900779
     1732.0000000000        0.6834034722        0.0217994202
     1733.0000000000        0.7057349712        0.0228750742
     1734.0000000000        0.7291775608        0.0240225676
     1735.0000000000        0.7538060758        0.0252479899
     1736.0000000000        0.7797017486        0.0265580595
     1737.0000000000        0.8069528765        0.0279602006
     1738.0000000000        0.8356555698        0.0294626316
     1739.0000000000        0.8659145960        0.0310744653
     1740.0000000000        0.8978443296        0.0328058246
     1741.0000000000        0.9315698279        0.0346679753
     1742.0000000000        0.9672280483        0.0366734792
     1743.0000000000        1.0049692303        0.0388363708
     1744.0000000000        1.0449584687        0.0411723626
     1745.0000000000        1.0873775075        0.0436990833
     1746.0000000000        1.1324267911        0.0464363550
     1747.0000000000        1.1803278159        0.0494065182
     1748.0000000000        1.2313258336        0.0526348112
     1749.0000000000        1.2856929667        0.0561498179
     1750.0000000000        1.3437318097        0.0599839948
     1751.0000000000        1.4057796060        0.0641742951
     1752.0000000000        1.4722131040        0.0687629109
     1753.0000000000        1.5434542251        0.0737981569
     1754.0000000000        1.6199766995        0.0793355289
     1755.0000000000        1.7023138639        0.0854389758
     1756.0000000000        1.7910678572        0.0921824345
     1757.0000000000        1.8869205091        0.0996516902
     1758.0000000000        1.9906462830        0.1079466421
     1759.0000000000        2.1031277292        0.1171840748
     1760.0000000000        2.2253740147        0.1275010668
     1761.0000000000        2.3585432491        0.1390592041
     1762.0000000000        2.5039695138        0.1520498171
     1763.0000000000        2.6631957577        0.1667005290
     1764.0000000000        2.8380140487        0.1832834923
     1765.0000000000        3.0305151093        0.2021258168
     1766.0000000000        3.2431496477        0.2236228614
     1767.0000000000        3.4788047780        0.2482552966
     1768.0000000000        3.7408998870        0.2766111731
     1769.0000000000        4.0335077548        0.3094146924
     1770.0000000000        4.3615087430        0.3475640300
     1771.0000000000        4.7307886528        0.3921814990
     1772.0000000000        5.1484947844        0.4446807049
     1773.0000000000        5.6233703079        0.5068573331
     1774.0000000000        6.1661950794        0.5810131623
     1775.0000000000        6.7903726840        0.6701273135
     1776.0000000000        7.5127206097        0.7780954296
     1777.0000000000        8.3545458949        0.9100677000
     1778.0000000000        9.3431268177        1.0729324144
     1779.0000000000       10.5137792316        1.2760162352
     1780.0000000000       11.9127750365        1.5321105886
     1781.0000000000       13.6015171909        1.8589928948
     1782.0000000000       15.6625865753        2.2817018368
     1783.0000000000       18.2085973073        2.8359573969
     1784.0000000000       21.3952702154        3.5732849601
     1785.0000000000       25.4407711774        4.5685391926
     1786.0000000000       30.6540099747        5.9303209727
     1787.0000000000       37.4744797940        7.8131482778
     1788.0000000000       46.5224762724       10.4236686909
     1789.0000000000       58.6419505902       13.9914257279
     1790.0000000000       74.8627196043       18.6129124731
     1791.0000000000       96.0575975133       23.7469197779
     1792.0000000000      121.7945153242       27.0885495641
     1793.0000000000      147.9689965267       23.6164497003
     1794.0000000000      165.1995001729        9.0370774834
     1795.0000000000      164.0448431827      -11.2043632998
     1796.0000000000      145.2223230090      -24.5449523533
     1797.0000000000      118.7142905146      -26.9366480817
     1798.0000000000       93.3822765353      -23.1856673894
     1799.0000000000       72.7735984021      -18.0398760786
     1800.0000000000       57.0733367793      -13.5304969256
     1801.0000000000       45.3537808317      -10.0818213963
     1802.0000000000       36.5979527081       -7.5660608043
     1803.0000000000       29.9881730114       -5.7521257160
     1804.0000000000       24.9273872005       -4.4389671093
     1805.0000000000       20.9933857365       -3.4778617533
     1806.0000000000       17.8893837088       -2.7646661405
     1807.0000000000       15.4055689465       -2.2276563746
     1808.0000000000       13.3919721754       -1.8174375402
     1809.0000000000       11.7399687425       -1.4997282938
     1810.0000000000       10.3697762088       -1.2504647143
     1811.0000000000        9.2219799927       -1.0525356676
     1812.0000000000        8.2517399793       -0.8936103696
     1813.0000000000        7.4247850514       -0.7646846282
     1814.0000000000        6.7146090794       -0.6590988050
     1815.0000000000        6.1004827298       -0.5718669020
     1816.0000000000        5.5660257737       -0.4992126359
     1817.0000000000        5.0981692130       -0.4382446805
     1818.0000000000        4.6863918515       -0.3867265618
     1819.0000000000        4.3221524140       -0.3429116871
     1820.0000000000        3.9984626156       -0.3054237284
     1821.0000000000        3.7095629619       -0.2731689471
     1822.0000000000        3.4506742176       -0.2452712677
     1823.0000000000        3.2178051745       -0.2210237254
     1824.0000000000        3.0076027079       -0.1998518200
     1825.0000000000        2.8172338854       -0.1812856144
     1826.0000000000        2.6442925797       -0.1649383114
     1827.0000000000        2.4867249654       -0.1504896770
     1828.0000000000        2.3427696819       -0.1376731153
     1829.0000000000        2.2109094709       -0.1262655209
     1830.0000000000        2.0898318512       -0.1160792575
     1831.0000000000        1.9783969604       -0.1069557759
     1832.0000000000        1.8756111149       -0.0987605071
     1833.0000000000        1.7806049585       -0.0913787502
     1834.0000000000        1.6926153170       -0.0847123447
     1835.0000000000        1.6109700569       -0.0786769618
     1836.0000000000        1.5350753978       -0.0731998908
     1837.0000000000        1.4644052343       -0.0682182183
     1838.0000000000        1.3984921123       -0.0636773269
     1839.0000000000        1.3369195756       -0.0595296500
     1840.0000000000        1.2793156490       -0.0557336343
     1841.0000000000        1.2253472707       -0.0522528743
     1842.0000000000        1.1747155191       -0.0490553846
     1843.0000000000        1.1271515071       -0.0461129876
     1844.0000000000        1.0824128402       -0.0434007966
     1845.0000000000        1.0402805512       -0.0408967762
     1846.0000000000        1.0005564403       -0.0385813699
     1847.0000000000        0.9630607600       -0.0364371806
     1848.0000000000        0.9276301951       -0.0344486984
     1849.0000000000        0.8941160958       -0.0326020665
     1850.0000000000        0.8623829280       -0.0308848793
     1851.0000000000        0.8323069108       -0.0292860088
     1852.0000000000        0.8037748165       -0.0277954533
     1853.0000000000        0.7766829107       -0.0264042077
     1854.0000000000        0.7509360143       -0.0251041489
     1855.0000000000        0.7264466716       -0.0238879373
     1856.0000000000        0.7031344118       -0.0227489300
     1857.0000000000        0.6809250904       -0.0216811048
     1858.0000000000        0.6597503028       -0.0206789940
     1859.0000000000        0.6395468599       -0.0197376255
     1860.0000000000        0.6202563182       -0.0188524712
     1861.0000000000        0.6018245597       -0.0180194020
     1862.0000000000        0.5842014132       -0.0172346466
     1863.0000000000        0.5673403145       -0.0164947568
     1864.0000000000        0.5511979999       -0.0157965749
     1865.0000000000        0.5357342297       -0.0151372060
     1866.0000000000        0.5209115385       -0.0145139927
     1867.0000000000        0.5066950086       -0.0139244930
     1868.0000000000        0.4930520656       -0.0133664598
     1869.0000000000        0.4799522920       -0.0128378231
     1870.0000000000        0.4673672584       -0.0123366742
     1871.0000000000        0.4552703698       -0.0118612511
     1872.0000000000        0.4436367251       -0.0114099254
     1873.0000000000        0.4324429899       -0.0109811907
     1874.0000000000        0.4216672794       -0.0105736523
     1875.0000000000        0.4112890519       -0.0101860172
     1876.0000000000        0.4012890113       -0.0098170861
     1877.0000000000        0.3916490173       -0.0094657451
     1878.0000000000        0.3823520035       -0.0091309592
     1879.0000000000        0.3733819023       -0.0088117652
     1880.0000000000        0.3647235753       -0.0085072666
     1881.0000000000        0.3563627498       -0.0082166279
     1882.0000000000        0.3482859598       -0.0079390700
     1883.0000000000        0.3404804925       -0.0076738656
     1884.0000000000        0.3329343378       -0.0074203354
     1885.0000000000        0.3256361424       -0.0071778446
     1886.0000000000        0.3185751673       -0.0069457991
     1887.0000000000        0.3117412482       -0.0067236428
     1888.0000000000        0.3051247593       -0.0065108548
     1889.0000000000        0.2987165790       -0.0063069467
     1890.0000000000        0.2925080590       -0.0061114604
     1891.0000000000        0.2864909947       -0.0059239657
     1892.0000000000        0.2806575986       -0.0057440587
     1893.0000000000        0.2750004749       -0.0055713595
     1894.0000000000        0.2695125962       -0.0054055110
     1895.0000000000        0.2641872816       -0.0052461770
     1896.0000000000        0.2590181764       -0.0050930409
     1897.0000000000        0.2539992334       -0.0049458045
     1898.0000000000        0.2491246949       -0.0048041863
     1899.0000000000        0.2443890765       -0.0046679212
     1900.0000000000        0.2397871518       -0.0045367587
     1901.0000000000        0.2353139373       -0.0044104622
     1902.0000000000        0.2309646799       -0.0042888084
     1903.0000000000        0.2267348436       -0.0041715859
     1904.0000000000        0.2226200978       -0.0040585948
     1905.0000000000        0.2186163067       -0.0039496460
     1906.0000000000        0.2147195182       -0.0038445605
     1907.0000000000        0.2109259546       -0.0037431685
     1908.0000000000        0.2072320037       -0.0036453093
     1909.0000000000        0.2036342094       -0.0035508304
     1910.0000000000        0.2001292644       -0.0034595872
     1911.0000000000        0.1967140023       -0.0033714423
     1912.0000000000        0.1933853905       -0.0032862654
     1913.0000000000        0.1901405234       -0.0032039328
     1914.0000000000        0.1869766162       -0.0031243266
     1915.0000000000        0.1838909988       -0.0030473350
     1916.0000000000        0.1808811102       -0.0029728516
     1917.0000000000        0.1779444934       -0.0029007750
     1918.0000000000        0.1750787901       -0.0028310090
     1919.0000000000        0.1722817359       -0.0027634616
     1920.0000000000        0.1695511564       -0.0026980455
     1921.0000000000        0.1668849624       -0.0026346771
     1922.0000000000        0.1642811461       -0.0025732772
     1923.0000000000        0.1617377773       -0.0025137697
     1924.0000000000        0.1592529999       -0.0024560825
     1925.0000000000        0.1568250286       -0.0024001464
     1926.0000000000        0.1544521454       -0.0023458956
     1927.0000000000        0.1521326968       -0.0022932670
     1928.0000000000        0.1498650908       -0.0022422005
     1929.0000000000        0.1476477943       -0.0021926385
     1930.0000000000        0.1454793305       -0.0021445262
     1931.0000000000        0.1433582763       -0.0020978109
     1932.0000000000        0.1412832599       -0.0020524422
     1933.0000000000        0.1392529591       -0.0020083720
     1934.0000000000        0.1372660985       -0.0019655542
     1935.0000000000        0.1353214480       -0.0019239446
     1936.0000000000        0.1334178206       -0.0018835010
     1937.0000000000        0.1315540708       -0.0018441827
     1938.0000000000        0.1297290929       -0.0018059510
     1939.0000000000        0.1279418191       -0.0017687685
     1940.0000000000        0.1261912182       -0.0017325995
     1941.0000000000        0.1244762938       -0.0016974097
     1942.0000000000        0.1227960833       -0.0016631663
     1943.0000000000        0.1211496563       -0.0016298375
     1944.0000000000        0.1195361134       -0.0015973932
     1945.0000000000        0.1179545849       -0.0015658041
     1946.0000000000        0.1164042295       -0.0015350423
     1947.0000000000        0.1148842335       -0.0015050808
     1948.0000000000        0.1133938097       -0.0014758939
     1949.0000000000        0.1119321959       -0.0014474566
     1950.0000000000        0.1104986546       -0.0014197450
     1951.0000000000        0.1090924716       -0.0013927362
     1952.0000000000        0.1077129552       -0.0013664080
     1953.0000000000        0.1063594357       -0.0013407391
     1954.0000000000        0.1050312640       -0.0013157091
     1955.0000000000        0.0000000000        0.0000000000
     1956.0000000000        0.0000000000        0.0000000000
     1957.0000000000        0.0000000000        0.0000000000
     1958.0000000000        0.0000000000        0.0000000000
     1959.0000000000        0.0000000000        0.0000000000
     1960.0000000000        0.0000000000        0.0000000000
     1961.0000000000        0.0000000000        0.0000000000
     1962.0000000000        0.0000000000        0.0000000000
     1963.0000000000        0.0000000000        0.0000000000
     1964.0000000000        0.0000000000        0.0000000000
     1965.0000000000        0.0000000000        0.0000000000
     1966.0000000000        0.0000000000        0.0000000000
     1967.0000000000        0.0000000000        0.0000000000
     1968.0000000000        0.0000000000        0.0000000000
     1969.0000000000        0.0000000000        0.0000000000
     1970.0000000000        0.0000000000        0.0000000000
     1971.0000000000        0.0000000000        0.0000000000
     1972.0000000000        0.0000000000        0.0000000000
     1973.0000000000        0.0000000000        0.0000000000
     1974.0000000000        0.0000000000        0.0000000000
     1975.0000000000        0.0000000000        0.0000000000
     1976.0000000000        0.0000000000        0.0000000000
     1977.0000000000        0.0000000000        0.0000000000
     1978.0000000000        0.0000000000        0.0000000000
     1979.0000000000        0.0000000000        0.0000000000
     1980.0000000000        0.0000000000        0.0000000000
     1981.0000000000        0.0000000000        0.0000000000
     1982.0000000000        0.0000000000        0.0000000000
     1983.0000000000        0.0000000000        0.0000000000
     1984.0000000000        0.0000000000        0.0000000000
     1985.0000000000        0.0000000000        0.0000000000
     1986.0000000000        0.0000000000        0.0000000000
     1987.0000000000        0.0000000000        0.0000000000
     1988.0000000000        0.0000000000        0.0000000000
     1989.0000000000        0.0000000000        0.0000000000
     1990.0000000000        0.0000000000        0.0000000000
     1991.0000000000        0.0000000000        0.0000000000
     1992.0000000000        0.0000000000        0.0000000000
     1993.0000000000        0.0000000000        0.0000000000
     1994.0000000000        0.0000000000        0.0000000000
     1995.0000000000        0.0000000000        0.0000000000
     1996.0000000000        0.0000000000        0.0000000000
     1997.0000000000        0.0000000000        0.0000000000
     1998.0000000000        0.0000000000        0.0000000000
     1999.0000000000        0.0000000000        0.0000000000
     2000.0000000000        0.0000000000        0.0000000000
     2001.0000000000        0.0000000000        0.0000000000
     2002.0000000000        0.0000000000        0.0000000000
     2003.0000000000        0.0000000000        0.0000000000
     2004.0000000000        0.0000000000        0.0000000000
     2005.0000000000        0.0000000000        0.0000000000
     2006.0000000000        0.0000000000        0.0000000000
     2007.0000000000        0.0000000000        0.0000000000
     2008.0000000000        0.0000000000        0.0000000000
     2009.0000000000        0.0000000000        0.0000000000
     2010.0000000000        0.0000000000        0.0000000000
     2011.0000000000        0.0000000000        0.0000000000
     2012.0000000000        0.0000000000        0.0000000000
     2013.0000000000        0.0000000000        0.0000000000
     2014.0000000000        0.0000000000        0.0000000000
     2015.0000000000        0.0000000000        0.0000000000
     2016.0000000000        0.0000000000        0.0000000000
     2017.0000000000        0.0000000000        0.0000000000
     2018.0000000000        0.0000000000        0.0000000000
     2019.0000000000        0.0000000000        0.0000000000
     2020.0000000000        0.0000000000        0.0000000000
     2021.0000000000        0.0000000000        0.0000000000
     2022.0000000000        0.0000000000        0.0000000000
     2023.0000000000        0.0000000000        0.0000000000
     2024.0000000000        0.0000000000        0.0000000000
     2025.0000000000        0.0000000000        0.0000000000
     2026.0000000000        0.0000000000        0.0000000000
     2027.0000000000        0.0000000000        0.0000000000
     2028.0000000000        0.0000000000        0.0000000000
     2029.0000000000        0.0000000000        0.0000000000
     2030.0000000000        0.0000000000        0.0000000000
     2031.0000000000        0.0000000000        0.0000000000
     2032.0000000000        0.0000000000        0.0000000000
     2033.0000000000        0.0000000000        0.0000000000
     2034.0000000000        0.0000000000        0.0000000000
     2035.0000000000        0.0000000000        0.0000000000
     2036.0000000000        0.0000000000        0.0000000000
     2037.0000000000        0.0000000000        0.0000000000
     2038.0000000000        0.0000000000        0.0000000000
     2039.0000000000        0.0000000000        0.0000000000
     2040.0000000000        0.0000000000        0.0000000000
     2041.0000000000        0.0000000000        0.0000000000
     2042.0000000000        0.0000000000        0.0000000000
     2043.0000000000        0.0000000000        0.0000000000
     2044.0000000000        0.0000000000        0.0000000000
     2045.0000000000        0.0000000000        0.0000000000
     2046.0000000000        0.0000000000        0.0000000000
     2047.0000000000        0.0000000000        0.0000000000
     2048.0000000000        0.0000000000        0.0000000000
     2049.0000000000        0.0000000000        0.0000000000
     2050.0000000000        0.0000000000        0.0000000000
     2051.0000000000        0.0000000000        0.0000000000
     2052.0000000000        0.0000000000        0.0000000000
     2053.0000000000        0.0000000000        0.0000000000
     2054.0000000000        0.0000000000        0.0000000000
     2055.0000000000        0.0000000000        0.0000000000
     2056.0000000000        0.0000000000        0.0000000000
     2057.0000000000        0.0000000000        0.0000000000
     2058.0000000000        0.0000000000        0.0000000000
     2059.0000000000        0.0000000000        0.0000000000
     2060.0000000000        0.0000000000        0.0000000000
     2061.0000000000        0.0000000000        0.0000000000
     2062.0000000000        0.0000000000        0.0000000000
     2063.0000000000        0.0000000000        0.0000000000
     2064.0000000000        0.0000000000        0.0000000000
     2065.0000000000        0.0000000000        0.0000000000
     2066.0000000000        0.0000000000        0.0000000000
     2067.0000000000        0.0000000000        0.0000000000
     2068.0000000000        0.0000000000        0.0000000000
     2069.0000000000        0.0000000000        0.0000000000
     2070.0000000000        0.0000000000        0.0000000000
     2071.0000000000        0.0000000000        0.0000000000
     2072.0000000000        0.0000000000        0.0000000000
     2073.0000000000        0.0000000000        0.0000000000
     2074.0000000000        0.0000000000        0.0000000000
     2075.0000000000        0.0000000000        0.0000000000
     2076.0000000000        0.0000000000        0.0000000000
     2077.0000000000        0.0000000000        0.0000000000
     2078.0000000000        0.0000000000        0.0000000000
     2079.0000000000        0.0000000000        0.0000000000
     2080.0000000000        0.0000000000        0.0000000000
     2081.0000000000        0.0000000000        0.0000000000
     2082.0000000000        0.0000000000        0.0000000000
     2083.0000000000        0.0000000000        0.0000000000
     2084.0000000000        0.0000000000        0.0000000000
     2085.0000000000        0.0000000000        0.0000000000
     2086.0000000000        0.0000000000        0.0000000000
     2087.0000000000        0.0000000000        0.0000000000
     2088.0000000000        0.0000000000        0.0000000000
     2089.0000000000        0.0000000000        0.0000000000
     2090.0000000000        0.0000000000        0.0000000000
     2091.0000000000        0.0000000000        0.0000000000
     2092.0000000000        0.0000000000        0.0000000000
     2093.0000000000        0.0000000000        0.0000000000
     2094.0000000000        0.0000000000        0.0000000000
     2095.0000000000        0.0000000000        0.0000000000
     2096.0000000000        0.0000000000        0.0000000000
     2097.0000000000        0.0000000000        0.0000000000
     2098.0000000000        0.0000000000        0.0000000000
     2099.0000000000        0.0000000000        0.0000000000
     2100.0000000000        0.0000000000        0.0000000000
     2101.0000000000        0.0000000000        0.0000000000
     2102.0000000000        0.0000000000        0.0000000000
     2103.0000000000        0.0000000000        0.0000000000
     2104.0000000000        0.0000000000        0.0000000000
     2105.0000000000        0.0000000000        0.0000000000
     2106.0000000000        0.0000000000        0.0000000000
     2107.0000000000        0.0000000000        0.0000000000
     2108.0000000000        0.0000000000        0.0000000000
     2109.0000000000        0.0000000000        0.0000000000
     2110.0000000000        0.0000000000        0.0000000000
     2111.0000000000        0.0000000000        0.0000000000
     2112.0000000000        0.0000000000        0.0000000000
     2113.0000000000        0.0000000000        0.0000000000
     2114.0000000000        0.0000000000        0.0000000000
     2115.0000000000        0.0000000000        0.0000000000
     2116.0000000000        0.0000000000        0.0000000000
     2117.0000000000        0.0000000000        0.0000000000
     2118.0000000000        0.0000000000        0.0000000000
     2119.0000000000        0.0000000000        0.0000000000
     2120.0000000000        0.0000000000        0.0000000000
     2121.0000000000        0.0000000000        0.0000000000
     2122.0000000000        0.0000000000        0.0000000000
     2123.0000000000        0.0000000000        0.0000000000
     2124.0000000000        0.0000000000        0.0000000000
     2125.0000000000        0.0000000000        0.0000000000
     2126.0000000000        0.0000000000        0.0000000000
     2127.0000000000        0.0000000000        0.0000000000
     2128.0000000000        0.0000000000        0.0000000000
     2129.0000000000        0.0000000000        0.0000000000
     2130.0000000000        0.0000000000        0.0000000000
     2131.0000000000        0.0000000000        0.0000000000
     2132.0000000000        0.0000000000        0.0000000000
     2133.0000000000        0.0000000000        0.0000000000
     2134.0000000000        0.0000000000        0.0000000000
     2135.0000000000        0.0000000000        0.0000000000
     2136.0000000000        0.0000000000        0.0000000000
     2137.0000000000        0.0000000000        0.0000000000
     2138.0000000000        0.0000000000        0.0000000000
     2139.0000000000        0.0000000000        0.0000000000
     2140.0000000000        0.0000000000        0.0000000000
     2141.0000000000        0.0000000000        0.0000000000
     2142.0000000000        0.0000000000        0.0000000000
     2143.0000000000        0.0000000000        0.0000000000
     2144.0000000000        0.0000000000        0.0000000000
     2145.0000000000        0.0000000000        0.0000000000
     2146.0000000000        0.0000000000        0.0000000000
     2147.0000000000        0.0000000000        0.0000000000
     2148.0000000000        0.0000000000        0.0000000000
     2149.0000000000        0.0000000000        0.0000000000
     2150.0000000000        0.0000000000        0.0000000000
     2151.0000000000        0.0000000000        0.0000000000
     2152.0000000000        0.0000000000        0.0000000000
     2153.0000000000        0.0000000000        0.0000000000
     2154.0000000000        0.0000000000        0.0000000000
     2155.0000000000        0.0000000000        0.0000000000
     2156.0000000000        0.0000000000        0.0000000000
     2157.0000000000        0.0000000000        0.0000000000
     2158.0000000000        0.0000000000        0.0000000000
     2159.0000000000        0.0000000000        0.0000000000
     2160.0000000000        0.0000000000        0.0000000000
     2161.0000000000        0.0000000000        0.0000000000
     2162.0000000000        0.0000000000        0.0000000000
     2163.0000000000        0.0000000000        0.0000000000
     2164.0000000000        0.0000000000        0.0000000000
     2165.0000000000        0.0000000000        0.0000000000
     2166.0000000000        0.0000000000        0.0000000000
     2167.0000000000        0.0000000000        0.0000000000
     2168.0000000000        0.0000000000        0.0000000000
     2169.0000000000        0.0000000000        0.0000000000
     2170.0000000000        0.0000000000        0.0000000000
     2171.0000000000        0.0000000000        0.0000000000
     2172.0000000000        0.0000000000        0.0000000000
     2173.0000000000        0.0000000000        0.0000000000
     2174.0000000000        0.0000000000        0.0000000000
     2175.0000000000        0.0000000000        0.0000000000
     2176.0000000000        0.0000000000        0.0000000000
     2177.0000000000        0.0000000000        0.0000000000
     2178.0000000000        0.0000000000        0.0000000000
     2179.0000000000        0.0000000000        0.0000000000
     2180.0000000000        0.0000000000        0.0000000000
     2181.0000000000        0.0000000000        0.0000000000
     2182.0000000000        0.0000000000        0.0000000000
     2183.0000000000        0.0000000000        0.0000000000
     2184.0000000000        0.0000000000        0.0000000000
     2185.0000000000        0.0000000000        0.0000000000
     2186.0000000000        0.0000000000        0.0000000000
     2187.0000000000        0.0000000000        0.0000000000
     2188.0000000000        0.0000000000        0.0000000000
     2189.0000000000        0.0000000000        0.0000000000
     2190.0000000000        0.0000000000        0.0000000000
     2191.0000000000        0.0000000000        0.0000000000
     2192.0000000000        0.0000000000        0.0000000000
     2193.0000000000        0.0000000000        0.0000000000
     2194.0000000000        0.0000000000        0.0000000000
     2195.0000000000        0.0000000000        0.0000000000
     2196.0000000000        0.0000000000        0.0000000000
     2197.0000000000        0.0000000000        0.0000000000
     2198.0000000000        0.0000000000        0.0000000000
     2199.0000000000        0.0000000000        0.0000000000
     2200.0000000000        0.0000000000        0.0000000000
     2201.0000000000        0.0000000000        0.0000000000
     2202.0000000000        0.0000000000        0.0000000000
     2203.0000000000        0.0000000000        0.0000000000
     2204.0000000000        0.0000000000        0.0000000000
     2205.0000000000        0.0000000000        0.0000000000
     2206.0000000000        0.0000000000        0.0000000000
     2207.0000000000        0.0000000000        0.0000000000
     2208.0000000000        0.0000000000        0.0000000000
     2209.0000000000        0.0000000000        0.0000000000
     2210.0000000000        0.0000000000        0.0000000000
     2211.0000000000        0.0000000000        0.0000000000
     2212.0000000000        0.0000000000        0.0000000000
     2213.0000000000        0.0000000000        0.0000000000
     2214.0000000000        0.0000000000        0.0000000000
     2215.0000000000        0.0000000000        0.0000000000
     2216.0000000000        0.0000000000        0.0000000000
     2217.0000000000        0.0000000000        0.0000000000
     2218.0000000000        0.0000000000        0.0000000000
     2219.0000000000        0.0000000000        0.0000000000
     2220.0000000000        0.0000000000        0.0000000000
     2221.0000000000        0.0000000000        0.0000000000
     2222.0000000000        0.0000000000        0.0000000000
     2223.0000000000        0.0000000000        0.0000000000
     2224.0000000000        0.0000000000        0.0000000000
     2225.0000000000        0.0000000000        0.0000000000
     2226.0000000000        0.0000000000        0.0000000000
     2227.0000000000        0.0000000000        0.0000000000
     2228.0000000000        0.0000000000        0.0000000000
     2229.0000000000        0.0000000000        0.0000000000
     2230.0000000000        0.0000000000        0.0000000000
     2231.0000000000        0.0000000000        0.0000000000
     2232.0000000000        0.0000000000        0.0000000000
     2233.0000000000        0.0000000000        0.0000000000
     2234.0000000000        0.0000000000        0.0000000000
     2235.0000000000        0.0000000000        0.0000000000
     2236.0000000000        0.0000000000        0.0000000000
     2237.0000000000        0.0000000000        0.0000000000
     2238.0000000000        0.0000000000        0.0000000000
     2239.0000000000        0.0000000000        0.0000000000
     2240.0000000000        0.0000000000        0.0000000000
     2241.0000000000        0.0000000000        0.0000000000
     2242.0000000000        0.0000000000        0.0000000000
     2243.0000000000        0.0000000000        0.0000000000
     2244.0000000000        0.0000000000        0.0000000000
     2245.0000000000        0.0000000000        0.0000000000
     2246.0000000000        0.0000000000        0.0000000000
     2247.0000000000        0.0000000000        0.0000000000
     2248.0000000000        0.0000000000        0.0000000000
     2249.0000000000        0.0000000000        0.0000000000
     2250.0000000000        0.0000000000        0.0000000000
     2251.0000000000        0.0000000000        0.0000000000
     2252.0000000000        0.0000000000        0.0000000000
     2253.0000000000        0.0000000000        0.0000000000
     2254.0000000000        0.0000000000        0.0000000000
     2255.0000000000        0.0000000000        0.0000000000
     2256.0000000000        0.0000000000        0.0000000000
     2257.0000000000        0.0000000000        0.0000000000
     2258.0000000000        0.0000000000        0.0000000000
     2259.0000000000        0.0000000000        0.0000000000
     2260.0000000000        0.0000000000        0.0000000000
     2261.0000000000        0.0000000000        0.0000000000
     2262.0000000000        0.0000000000        0.0000000000
     2263.0000000000        0.0000000000        0.0000000000
     2264.0000000000        0.0000000000        0.0000000000
     2265.0000000000        0.0000000000        0.0000000000
     2266.0000000000        0.0000000000        0.0000000000
     2267.0000000000        0.0000000000        0.0000000000
     2268.0000000000        0.0000000000        0.0000000000
     2269.0000000000        0.0000000000        0.0000000000
     2270.0000000000        0.0000000000        0.0000000000
     2271.0000000000        0.0000000000        0.0000000000
     2272.0000000000        0.0000000000        0.0000000000
     2273.0000000000        0.0000000000        0.0000000000
     2274.0000000000        0.0000000000        0.0000000000
     2275.0000000000        0.0000000000        0.0000000000
     2276.0000000000        0.0000000000        0.0000000000
     2277.0000000000        0.0000000000        0.0000000000
     2278.0000000000        0.0000000000        0.0000000000
     2279.0000000000        0.0000000000        0.0000000000
     2280.0000000000        0.0000000000        0.0000000000
     2281.0000000000        0.0000000000        0.0000000000
     2282.0000000000        0.0000000000        0.0000000000
     2283.0000000000        0.0000000000        0.0000000000
     2284.0000000000        0.0000000000        0.0000000000
     2285.0000000000        0.0000000000        0.0000000000
     2286.0000000000        0.0000000000        0.0000000000
     2287.0000000000        0.0000000000        0.0000000000
     2288.0000000000        0.0000000000        0.0000000000
     2289.0000000000        0.0000000000        0.0000000000
     2290.0000000000        0.0000000000        0.0000000000
     2291.0000000000        0.0000000000        0.0000000000
     2292.0000000000        0.0000000000        0.0000000000
     2293.0000000000        0.0000000000        0.0000000000
     2294.0000000000        0.0000000000        0.0000000000
     2295.0000000000        0.0000000000        0.0000000000
     2296.0000000000        0.0000000000        0.0000000000
     2297.0000000000        0.0000000000        0.0000000000
     2298.0000000000        0.0000000000        0.0000000000
     2299.0000000000        0.0000000000        0.0000000000
     2300.0000000000        0.0000000000        0.0000000000
     2301.0000000000        0.0000000000        0.0000000000
     2302.0000000000        0.0000000000        0.0000000000
     2303.0000000000        0.0000000000        0.0000000000
     2304.0000000000        0.0000000000        0.0000000000
     2305.0000000000        0.0000000000        0.0000000000
     2306.0000000000        0.0000000000        0.0000000000
     2307.0000000000        0.0000000000        0.0000000000
     2308.0000000000        0.0000000000        0.0000000000
     2309.0000000000        0.0000000000        0.0000000000
     2310.0000000000        0.0000000000        0.0000000000
     2311.0000000000        0.0000000000        0.0000000000
     2312.0000000000        0.0000000000        0.0000000000
     2313.0000000000        0.0000000000        0.0000000000
     2314.0000000000        0.0000000000        0.0000000000
     2315.0000000000        0.0000000000        0.0000000000
     2316.0000000000        0.0000000000        0.0000000000
     2317.0000000000        0.0000000000        0.0000000000
     2318.0000000000        0.0000000000        0.0000000000
     2319.0000000000        0.0000000000        0.0000000000
     2320.0000000000        0.0000000000        0.0000000000
     2321.0000000000        0.0000000000        0.0000000000
     2322.0000000000        0.0000000000        0.0000000000
     2323.0000000000        0.0000000000        0.0000000000
     2324.0000000000        0.0000000000        0.0000000000
     2325.0000000000        0.0000000000        0.0000000000
     2326.0000000000        0.0000000000        0.0000000000
     2327.0000000000        0.0000000000        0.0000000000
     2328.0000000000        0.0000000000        0.0000000000
     2329.0000000000        0.0000000000        0.0000000000
     2330.0000000000        0.0000000000        0.0000000000
     2331.0000000000        0.0000000000        0.0000000000
     2332.0000000000        0.0000000000        0.0000000000
     2333.0000000000        0.0000000000        0.0000000000
     2334.0000000000        0.0000000000        0.0000000000
     2335.0000000000        0.0000000000        0.0000000000
     2336.0000000000        0.0000000000        0.0000000000
     2337.0000000000        0.0000000000        0.0000000000
     2338.0000000000        0.0000000000        0.0000000000
     2339.0000000000        0.0000000000        0.0000000000
     2340.0000000000        0.0000000000        0.0000000000
     2341.0000000000        0.0000000000        0.0000000000
     2342.0000000000        0.0000000000        0.0000000000
     2343.0000000000        0.0000000000        0.0000000000
     2344.0000000000        0.0000000000        0.0000000000
     2345.0000000000        0.0000000000        0.0000000000
     2346.0000000000        0.0000000000        0.0000000000
     2347.0000000000        0.0000000000        0.0000000000
     2348.0000000000        0.0000000000        0.0000000000
     2349.0000000000        0.0000000000        0.0000000000
     2350.0000000000        0.0000000000        0.0000000000
     2351.0000000000        0.0000000000        0.0000000000
     2352.0000000000        0.0000000000        0.0000000000
     2353.0000000000        0.0000000000        0.0000000000
     2354.0000000000        0.0000000000        0.0000000000
     2355.0000000000        0.0000000000        0.0000000000
     2356.0000000000        0.0000000000        0.0000000000
     2357.0000000000        0.0000000000        0.0000000000
     2358.0000000000        0.0000000000        0.0000000000
     2359.0000000000        0.0000000000        0.0000000000
     2360.0000000000        0.0000000000        0.0000000000
     2361.0000000000        0.0000000000        0.0000000000
     2362.0000000000        0.0000000000        0.0000000000
     2363.0000000000        0.0000000000        0.0000000000
     2364.0000000000        0.0000000000        0.0000000000
     2365.0000000000        0.0000000000        0.0000000000
     2366.0000000000        0.0000000000        0.0000000000
     2367.0000000000        0.0000000000        0.0000000000
     2368.0000000000        0.0000000000        0.0000000000
     2369.0000000000        0.0000000000        0.0000000000
     2370.0000000000        0.0000000000        0.0000000000
     2371.0000000000        0.0000000000        0.0000000000
     2372.0000000000        0.0000000000        0.0000000000
     2373.0000000000        0.0000000000        0.0000000000
     2374.0000000000        0.0000000000        0.0000000000
     2375.0000000000        0.0000000000        0.0000000000
     2376.0000000000        0.0000000000        0.0000000000
     2377.0000000000        0.0000000000        0.0000000000
     2378.0000000000        0.0000000000        0.0000000000
     2379.0000000000        0.0000000000        0.0000000000
     2380.0000000000        0.0000000000        0.0000000000
     2381.0000000000        0.0000000000        0.0000000000
     2382.0000000000        0.0000000000        0.0000000000
     2383.0000000000        0.0000000000        0.0000000000
     2384.0000000000        0.0000000000        0.0000000000
     2385.0000000000        0.0000000000        0.0000000000
     2386.0000000000        0.0000000000        0.0000000000
     2387.0000000000        0.0000000000        0.0000000000
     2388.0000000000        0.0000000000        0.0000000000
     2389.0000000000        0.0000000000        0.0000000000
     2390.0000000000        0.0000000000        0.0000000000
     2391.0000000000        0.0000000000        0.0000000000
     2392.0000000000        0.0000000000        0.0000000000
     2393.0000000000        0.0000000000        0.0000000000
     2394.0000000000        0.0000000000        0.0000000000
     2395.0000000000        0.0000000000        0.0000000000
     2396.0000000000        0.0000000000        0.0000000000
     2397.0000000000        0.0000000000        0.0000000000
     2398.0000000000        0.0000000000        0.0000000000
     2399.0000000000        0.0000000000        0.0000000000
     2400.0000000000        0.0000000000        0.0000000000
     2401.0000000000        0.0000000000        0.0000000000
     2402.0000000000        0.0000000000        0.0000000000
     2403.0000000000        0.0000000000        0.0000000000
     2404.0000000000        0.0000000000        0.0000000000
     2405.0000000000        0.0000000000        0.0000000000
     2406.0000000000        0.0000000000        0.0000000000
     2407.0000000000        0.0000000000        0.0000000000
     2408.0000000000        0.0000000000        0.0000000000
     2409.0000000000        0.0000000000        0.0000000000
     2410.0000000000        0.0000000000        0.0000000000
     2411.0000000000        0.0000000000        0.0000000000
     2412.0000000000        0.0000000000        0.0000000000
     2413.0000000000        0.0000000000        0.0000000000
     2414.0000000000        0.0000000000        0.0000000000
     2415.0000000000        0.0000000000        0.0000000000
     2416.0000000000        0.0000000000        0.0000000000
     2417.0000000000        0.0000000000        0.0000000000
     2418.0000000000        0.0000000000        0.0000000000
     2419.0000000000        0.0000000000        0.0000000000
     2420.0000000000        0.0000000000        0.0000000000
     2421.0000000000        0.0000000000        0.0000000000
     2422.0000000000        0.0000000000        0.0000000000
     2423.0000000000        0.0000000000        0.0000000000
     2424.0000000000        0.0000000000        0.0000000000
     2425.0000000000        0.0000000000        0.0000000000
     2426.0000000000        0.0000000000        0.0000000000
     2427.0000000000        0.0000000000        0.0000000000
     2428.0000000000        0.0000000000        0.0000000000
     2429.0000000000        0.0000000000        0.0000000000
     2430.0000000000        0.0000000000        0.0000000000
     2431.0000000000        0.0000000000        0.0000000000
     2432.0000000000        0.0000000000        0.0000000000
     2433.0000000000        0.0000000000        0.0000000000
     2434.0000000000        0.0000000000        0.0000000000
     2435.0000000000        0.0000000000        0.0000000000
     2436.0000000000        0.0000000000        0.0000000000
     2437.0000000000        0.0000000000        0.0000000000
     2438.0000000000        0.0000000000        0.0000000000
     2439.0000000000        0.0000000000        0.0000000000
     2440.0000000000        0.0000000000        0.0000000000
     2441.0000000000        0.0000000000        0.0000000000
     2442.0000000000        0.0000000000        0.0000000000
     2443.0000000000        0.0000000000        0.0000000000
     2444.0000000000        0.0000000000        0.0000000000
     2445.0000000000        0.0000000000        0.0000000000
     2446.0000000000        0.0000000000        0.0000000000
     2447.0000000000        0.0000000000        0.0000000000
     2448.0000000000        0.0000000000        0.0000000000
     2449.0000000000        0.0000000000        0.0000000000
     2450.0000000000        0.0000000000        0.0000000000
     2451.0000000000        0.0000000000        0.0000000000
     2452.0000000000        0.0000000000        0.0000000000
     2453.0000000000        0.0000000000        0.0000000000
     2454.0000000000        0.0000000000        0.0000000000
     2455.0000000000        0.0000000000        0.0000000000
     2456.0000000000        0.0000000000        0.0000000000
     2457.0000000000        0.0000000000        0.0000000000
     2458.0000000000        0.0000000000        0.0000000000
     2459.0000000000        0.0000000000        0.0000000000
     2460.0000000000        0.0000000000        0.0000000000
     2461.0000000000        0.0000000000        0.0000000000
     2462.0000000000        0.0000000000        0.0000000000
     2463.0000000000        0.0000000000        0.0000000000
     2464.0000000000        0.0000000000        0.0000000000
     2465.0000000000        0.0000000000        0.0000000000
     2466.0000000000        0.0000000000        0.0000000000
     2467.0000000000        0.0000000000        0.0000000000
     2468.0000000000        0.0000000000        0.0000000000
     2469.0000000000        0.0000000000        0.0000000000
     2470.0000000000        0.0000000000        0.0000000000
     2471.0000000000        0.0000000000        0.0000000000
     2472.0000000000        0.0000000000        0.0000000000
     2473.0000000000        0.0000000000        0.0000000000
     2474.0000000000        0.0000000000        0.0000000000
     2475.0000000000        0.0000000000        0.0000000000
     2476.0000000000        0.0000000000        0.0000000000
     2477.0000000000        0.0000000000        0.0000000000
     2478.0000000000        0.0000000000        0.0000000000
     2479.0000000000        0.0000000000        0.0000000000
     2480.0000000000        0.0000000000        0.0000000000
     2481.0000000000        0.0000000000        0.0000000000
     2482.0000000000        0.0000000000        0.0000000000
     2483.0000000000        0.0000000000        0.0000000000
     2484.0000000000        0.0000000000        0.0000000000
     2485.0000000000        0.0000000000        0.0000000000
     2486.0000000000        0.0000000000        0.0000000000
     2487.0000000000        0.0000000000        0.0000000000
     2488.0000000000        0.0000000000        0.0000000000
     2489.0000000000        0.0000000000        0.0000000000
     2490.0000000000        0.0000000000        0.0000000000
     2491.0000000000        0.0000000000        0.0000000000
     2492.0000000000        0.0000000000        0.0000000000
     2493.0000000000        0.0000000000        0.0000000000
     2494.0000000000        0.0000000000        0.0000000000
     2495.0000000000        0.0000000000        0.0000000000
     2496.0000000000        0.0000000000        0.0000000000
     2497.0000000000        0.0000000000        0.0000000000
     2498.0000000000        0.0000000000        0.0000000000
     2499.0000000000        0.0000000000        0.0000000000
     2500.0000000000        0.0000000000        0.0000000000
     2501.0000000000        0.0000000000        0.0000000000
     2502.0000000000        0.0000000000        0.0000000000
     2503.0000000000        0.0000000000        0.0000000000
     2504.0000000000        0.0000000000        0.0000000000
     2505.0000000000        0.0000000000        0.0000000000
     2506.0000000000        0.0000000000        0.0000000000
     2507.0000000000        0.0000000000        0.0000000000
     2508.0000000000        0.0000000000        0.0000000000
     2509.0000000000        0.0000000000        0.0000000000
     2510.0000000000        0.0000000000        0.0000000000
     2511.0000000000        0.0000000000        0.0000000000
     2512.0000000000        0.0000000000        0.0000000000
     2513.0000000000        0.0000000000        0.0000000000
     2514.0000000000        0.0000000000        0.0000000000
     2515.0000000000        0.0000000000        0.0000000000
     2516.0000000000        0.0000000000        0.0000000000
     2517.0000000000        0.0000000000        0.0000000000
     2518.0000000000        0.0000000000        0.0000000000
     2519.0000000000        0.0000000000        0.0000000000
     2520.0000000000        0.0000000000        0.0000000000
     2521.0000000000        0.0000000000        0.0000000000
     2522.0000000000        0.0000000000        0.0000000000
     2523.0000000000        0.0000000000        0.0000000000
     2524.0000000000        0.0000000000        0.0000000000
     2525.0000000000        0.0000000000        0.0000000000
     2526.0000000000        0.0000000000        0.0000000000
     2527.0000000000        0.0000000000        0.0000000000
     2528.0000000000        0.0000000000        0.0000000000
     2529.0000000000        0.0000000000        0.0000000000
     2530.0000000000        0.0000000000        0.0000000000
     2531.0000000000        0.0000000000        0.0000000000
     2532.0000000000        0.0000000000        0.0000000000
     2533.0000000000        0.0000000000        0.0000000000
     2534.0000000000        0.0000000000        0.0000000000
     2535.0000000000        0.0000000000        0.0000000000
     2536.0000000000        0.0000000000        0.0000000000
     2537.0000000000        0.0000000000        0.0000000000
     2538.0000000000        0.0000000000        0.0000000000
     2539.0000000000        0.0000000000        0.0000000000
     2540.0000000000        0.0000000000        0.0000000000
     2541.0000000000        0.0000000000        0.0000000000
     2542.0000000000        0.0000000000        0.0000000000
     2543.0000000000        0.0000000000        0.0000000000
     2544.0000000000        0.0000000000        0.0000000000
     2545.0000000000        0.0000000000        0.0000000000
     2546.0000000000        0.0000000000        0.0000000000
     2547.0000000000        0.0000000000        0.0000000000
     2548.0000000000        0.0000000000        0.0000000000
     2549.0000000000        0.0000000000        0.0000000000
     2550.0000000000        0.0000000000        0.0000000000
     2551.0000000000        0.0000000000        0.0000000000
     2552.0000000000        0.0000000000        0.0000000000
     2553.0000000000        0.0000000000        0.0000000000
     2554.0000000000        0.0000000000        0.0000000000
     2555.0000000000        0.0000000000        0.0000000000
     2556.0000000000        0.0000000000        0.0000000000
     2557.0000000000        0.0000000000        0.0000000000
     2558.0000000000        0.0000000000        0.0000000000
     2559.0000000000        0.0000000000        0.0000000000
     2560.0000000000        0.0000000000        0.0000000000
     2561.0000000000        0.0000000000        0.0000000000
     2562.0000000000        0.0000000000        0.0000000000
     2563.0000000000        0.0000000000        0.0000000000
     2564.0000000000        0.0000000000        0.0000000000
     2565.0000000000        0.0000000000        0.0000000000
     2566.0000000000        0.0000000000        0.0000000000
     2567.0000000000        0.0000000000        0.0000000000
     2568.0000000000        0.0000000000        0.0000000000
     2569.0000000000        0.0000000000        0.0000000000
     2570.0000000000        0.0000000000        0.0000000000
     2571.0000000000        0.0000000000        0.0000000000
     2572.0000000000        0.0000000000        0.0000000000
     2573.0000000000        0.0000000000        0.0000000000
     2574.0000000000        0.0000000000        0.0000000000
     2575.0000000000        0.0000000000        0.0000000000
     2576.0000000000        0.0000000000        0.0000000000
     2577.0000000000        0.0000000000        0.0000000000
     2578.0000000000        0.0000000000        0.0000000000
     2579.0000000000        0.0000000000        0.0000000000
     2580.0000000000        0.0000000000        0.0000000000
     2581.0000000000        0.0000000000        0.0000000000
     2582.0000000000        0.0000000000        0.0000000000
     2583.0000000000        0.0000000000        0.0000000000
     2584.0000000000        0.0000000000        0.0000000000
     2585.0000000000        0.0000000000        0.0000000000
     2586.0000000000        0.0000000000        0.0000000000
     2587.0000000000        0.0000000000        0.0000000000
     2588.0000000000        0.0000000000        0.0000000000
     2589.0000000000        0.0000000000        0.0000000000
     2590.0000000000        0.0000000000        0.0000000000
     2591.0000000000        0.0000000000        0.0000000000
     2592.0000000000        0.0000000000        0.0000000000
     2593.0000000000        0.0000000000        0.0000000000
     2594.0000000000        0.0000000000        0.0000000000
     2595.0000000000        0.0000000000        0.0000000000
     2596.0000000000        0.0000000000        0.0000000000
     2597.0000000000        0.0000000000        0.0000000000
     2598.0000000000        0.0000000000        0.0000000000
     2599.0000000000        0.0000000000        0.0000000000
     2600.0000000000        0.0000000000        0.0000000000
     2601.0000000000        0.0000000000        0.0000000000
     2602.0000000000        0.0000000000        0.0000000000
     2603.0000000000        0.0000000000        0.0000000000
     2604.0000000000        0.0000000000        0.0000000000
     2605.0000000000        0.0000000000        0.0000000000
     2606.0000000000        0.0000000000        0.0000000000
     2607.0000000000        0.0000000000        0.0000000000
     2608.0000000000        0.0000000000        0.0000000000
     2609.0000000000        0.0000000000        0.0000000000
     2610.0000000000        0.0000000000        0.0000000000
     2611.0000000000        0.0000000000        0.0000000000
     2612.0000000000        0.0000000000        0.0000000000
     2613.0000000000        0.0000000000        0.0000000000
     2614.0000000000        0.0000000000        0.0000000000
     2615.0000000000        0.0000000000        0.0000000000
     2616.0000000000        0.0000000000        0.0000000000
     2617.0000000000        0.0000000000        0.0000000000
     2618.0000000000        0.0000000000        0.0000000000
     2619.0000000000        0.0000000000        0.0000000000
     2620.0000000000        0.0000000000        0.0000000000
     2621.0000000000        0.0000000000        0.0000000000
     2622.0000000000        0.0000000000        0.0000000000
     2623.0000000000        0.0000000000        0.0000000000
     2624.0000000000        0.0000000000        0.0000000000
     2625.0000000000        0.0000000000        0.0000000000
     2626.0000000000        0.0000000000        0.0000000000
     2627.0000000000        0.0000000000        0.0000000000
     2628.0000000000        0.0000000000        0.0000000000
     2629.0000000000        0.0000000000        0.0000000000
     2630.0000000000        0.0000000000        0.0000000000
     2631.0000000000        0.0000000000        0.0000000000
     2632.0000000000        0.0000000000        0.0000000000
     2633.0000000000        0.0000000000        0.0000000000
     2634.0000000000        0.0000000000        0.0000000000
     2635.0000000000        0.0000000000        0.0000000000
     2636.0000000000        0.0000000000        0.0000000000
     2637.0000000000        0.0000000000        0.0000000000
     2638.0000000000        0.0000000000        0.0000000000
     2639.0000000000        0.0000000000        0.0000000000
     2640.0000000000        0.0000000000        0.0000000000
     2641.0000000000        0.0000000000        0.0000000000
     2642.0000000000        0.0000000000        0.0000000000
     2643.0000000000        0.0000000000        0.0000000000
     2644.0000000000        0.0000000000        0.0000000000
     2645.0000000000        0.0000000000        0.0000000000
     2646.0000000000        0.0000000000        0.0000000000
     2647.0000000000        0.0000000000        0.0000000000
     2648.0000000000        0.0000000000        0.0000000000
     2649.0000000000        0.0000000000        0.0000000000
     2650.0000000000        0.0000000000        0.0000000000
     2651.0000000000        0.0000000000        0.0000000000
     2652.0000000000        0.0000000000        0.0000000000
     2653.0000000000        0.0000000000        0.0000000000
     2654.0000000000        0.0000000000        0.0000000000
     2655.0000000000        0.0000000000        0.0000000000
     2656.0000000000        0.0000000000        0.0000000000
     2657.0000000000        0.0000000000        0.0000000000
     2658.0000000000        0.0000000000        0.0000000000
     2659.0000000000        0.0000000000        0.0000000000
     2660.0000000000        0.0000000000        0.0000000000
     2661.0000000000        0.0000000000        0.0000000000
     2662.0000000000        0.0000000000        0.0000000000
     2663.0000000000        0.0000000000        0.0000000000
     2664.0000000000        0.0000000000        0.0000000000
     2665.0000000000        0.0000000000        0.0000000000
     2666.0000000000        0.0000000000        0.0000000000
     2667.0000000000        0.0000000000        0.0000000000
     2668.0000000000        0.0000000000        0.0000000000
     2669.0000000000        0.0000000000        0.0000000000
     2670.0000000000        0.0000000000        0.0000000000
     2671.0000000000        0.0000000000        0.0000000000
     2672.0000000000        0.0000000000        0.0000000000
     2673.0000000000        0.0000000000        0.0000000000
     2674.0000000000        0.0000000000        0.0000000000
     2675.0000000000        0.0000000000        0.0000000000
     2676.0000000000        0.0000000000        0.0000000000
     2677.0000000000        0.0000000000        0.0000000000
     2678.0000000000        0.0000000000        0.0000000000
     2679.0000000000        0.0000000000        0.0000000000
     2680.0000000000        0.0000000000        0.0000000000
     2681.0000000000        0.0000000000        0.0000000000
     2682.0000000000        0.0000000000        0.0000000000
     2683.0000000000        0.0000000000        0.0000000000
     2684.0000000000        0.0000000000        0.0000000000
     2685.0000000000        0.0000000000        0.0000000000
     2686.0000000000        0.0000000000        0.0000000000
     2687.0000000000        0.0000000000        0.0000000000
     2688.0000000000        0.0000000000        0.0000000000
     2689.0000000000        0.0000000000        0.0000000000
     2690.0000000000        0.0000000000        0.0000000000
     2691.0000000000        0.0000000000        0.0000000000
     2692.0000000000        0.0000000000        0.0000000000
     2693.0000000000        0.0000000000        0.0000000000
     2694.0000000000        0.0000000000        0.0000000000
     2695.0000000000        0.0000000000        0.0000000000
     2696.0000000000        0.0000000000        0.0000000000
     2697.0000000000        0.0000000000        0.0000000000
     2698.0000000000        0.0000000000        0.0000000000
     2699.0000000000        0.0000000000        0.0000000000
     2700.0000000000        0.0000000000        0.0000000000
     2701.0000000000        0.0000000000        0.0000000000
     2702.0000000000        0.0000000000        0.0000000000
     2703.0000000000        0.0000000000        0.0000000000
     2704.0000000000        0.0000000000        0.0000000000
     2705.0000000000        0.0000000000        0.0000000000
     2706.0000000000        0.0000000000        0.0000000000
     2707.0000000000        0.0000000000        0.0000000000
     2708.0000000000        0.0000000000        0.0000000000
     2709.0000000000        0.0000000000        0.0000000000
     2710.0000000000        0.0000000000        0.0000000000
     2711.0000000000        0.0000000000        0.0000000000
     2712.0000000000        0.0000000000        0.0000000000
     2713.0000000000        0.0000000000        0.0000000000
     2714.0000000000        0.0000000000        0.0000000000
     2715.0000000000        0.0000000000        0.0000000000
     2716.0000000000        0.0000000000        0.0000000000
     2717.0000000000        0.0000000000        0.0000000000
     2718.0000000000        0.0000000000        0.0000000000
     2719.0000000000        0.0000000000        0.0000000000
     2720.0000000000        0.0000000000        0.0000000000
     2721.0000000000        0.0000000000        0.0000000000
     2722.0000000000        0.0000000000        0.0000000000
     2723.0000000000        0.0000000000        0.0000000000
     2724.0000000000        0.0000000000        0.0000000000
     2725.0000000000        0.0000000000        0.0000000000
     2726.0000000000        0.0000000000        0.0000000000
     2727.0000000000        0.0000000000        0.0000000000
     2728.0000000000        0.0000000000        0.0000000000
     2729.0000000000        0.0000000000        0.0000000000
     2730.0000000000        0.0000000000        0.0000000000
     2731.0000000000        0.0000000000        0.0000000000
     2732.0000000000        0.0000000000        0.0000000000
     2733.0000000000        0.0000000000        0.0000000000
     2734.0000000000        0.0000000000        0.0000000000
     2735.0000000000        0.0000000000        0.0000000000
     2736.0000000000        0.0000000000        0.0000000000
     2737.0000000000        0.0000000000        0.0000000000
     2738.0000000000        0.0000000000        0.0000000000
     2739.0000000000        0.0000000000        0.0000000000
     2740.0000000000        0.0000000000        0.0000000000
     2741.0000000000        0.0000000000        0.0000000000
     2742.0000000000        0.0000000000        0.0000000000
     2743.0000000000        0.0000000000        0.0000000000
     2744.0000000000        0.0000000000        0.0000000000
     2745.0000000000        0.0000000000        0.0000000000
     2746.0000000000        0.0000000000        0.0000000000
     2747.0000000000        0.0000000000        0.0000000000
     2748.0000000000        0.0000000000        0.0000000000
     2749.0000000000        0.0000000000        0.0000000000
     2750.0000000000        0.0000000000        0.0000000000
     2751.0000000000        0.0000000000        0.0000000000
     2752.0000000000        0.0000000000        0.0000000000
     2753.0000000000        0.0000000000        0.0000000000
     2754.0000000000        0.0000000000        0.0000000000
     2755.0000000000        0.0000000000        0.0000000000
     2756.0000000000        0.0000000000        0.0000000000
     2757.0000000000        0.0000000000        0.0000000000
     2758.0000000000        0.0000000000        0.0000000000
     2759.0000000000        0.0000000000        0.0000000000
     2760.0000000000        0.0000000000        0.0000000000
     2761.0000000000        0.0000000000        0.0000000000
     2762.0000000000        0.0000000000        0.0000000000
     2763.0000000000        0.0000000000        0.0000000000
     2764.0000000000        0.0000000000        0.0000000000
     2765.0000000000        0.0000000000        0.0000000000
     2766.0000000000        0.0000000000        0.0000000000
     2767.0000000000        0.0000000000        0.0000000000
     2768.0000000000        0.0000000000        0.0000000000
     2769.0000000000        0.0000000000        0.0000000000
     2770.0000000000        0.0000000000        0.0000000000
     2771.0000000000        0.0000000000        0.0000000000
     2772.0000000000        0.0000000000        0.0000000000
     2773.0000000000        0.0000000000        0.0000000000
     2774.0000000000        0.0000000000        0.0000000000
     2775.0000000000        0.0000000000        0.0000000000
     2776.0000000000        0.0000000000        0.0000000000
     2777.0000000000        0.0000000000        0.0000000000
     2778.0000000000        0.0000000000        0.0000000000
     2779.0000000000        0.0000000000        0.0000000000
     2780.0000000000        0.0000000000        0.0000000000
     2781.0000000000        0.0000000000        0.0000000000
     2782.0000000000        0.0000000000        0.0000000000
     2783.0000000000        0.0000000000        0.0000000000
     2784.0000000000        0.0000000000        0.0000000000
     2785.0000000000        0.0000000000        0.0000000000
     2786.0000000000        0.0000000000        0.0000000000
     2787.0000000000        0.0000000000        0.0000000000
     2788.0000000000        0.0000000000        0.0000000000
     2789.0000000000        0.0000000000        0.0000000000
     2790.0000000000        0.0000000000        0.0000000000
     2791.0000000000        0.0000000000        0.0000000000
     2792.0000000000        0.0000000000        0.0000000000
     2793.0000000000        0.0000000000        0.0000000000
     2794.0000000000        0.0000000000        0.0000000000
     2795.0000000000        0.0000000000        0.0000000000
     2796.0000000000        0.0000000000        0.0000000000
     2797.0000000000        0.0000000000        0.0000000000
     2798.0000000000        0.0000000000        0.0000000000
     2799.0000000000        0.0000000000        0.0000000000
     2800.0000000000        0.0000000000        0.0000000000
     2801.0000000000        0.0000000000        0.0000000000
     2802.0000000000        0.0000000000        0.0000000000
     2803.0000000000        0.0000000000        0.0000000000
     2804.0000000000        0.0000000000        0.0000000000
     2805.0000000000        0.0000000000        0.0000000000
     2806.0000000000        0.0000000000        0.0000000000
     2807.0000000000        0.0000000000        0.0000000000
     2808.0000000000        0.0000000000        0.0000000000
     2809.0000000000        0.0000000000        0.0000000000
     2810.0000000000        0.0000000000        0.0000000000
     2811.0000000000        0.0000000000        0.0000000000
     2812.0000000000        0.0000000000        0.0000000000
     2813.0000000000        0.0000000000        0.0000000000
     2814.0000000000        0.0000000000        0.0000000000
     2815.0000000000        0.0000000000        0.0000000000
     2816.0000000000        0.0000000000        0.0000000000
     2817.0000000000        0.0000000000        0.0000000000
     2818.0000000000        0.0000000000        0.0000000000
     2819.0000000000        0.0000000000        0.0000000000
     2820.0000000000        0.0000000000        0.0000000000
     2821.0000000000        0.0000000000        0.0000000000
     2822.0000000000        0.0000000000        0.0000000000
     2823.0000000000        0.0000000000        0.0000000000
     2824.0000000000        0.0000000000        0.0000000000
     2825.0000000000        0.0000000000        0.0000000000
     2826.0000000000        0.0000000000        0.0000000000
     2827.0000000000        0.0000000000        0.0000000000
     2828.0000000000        0.0000000000        0.0000000000
     2829.0000000000        0.0000000000        0.0000000000
     2830.0000000000        0.0000000000        0.0000000000
     2831.0000000000        0.0000000000        0.0000000000
     2832.0000000000        0.0000000000        0.0000000000
     2833.0000000000        0.0000000000        0.0000000000
     2834.0000000000        0.0000000000        0.0000000000
     2835.0000000000        0.0000000000        0.0000000000
     2836.0000000000        0.0000000000        0.0000000000
     2837.0000000000        0.0000000000        0.0000000000
     2838.0000000000        0.0000000000        0.0000000000
     2839.0000000000        0.0000000000        0.0000000000
     2840.0000000000        0.0000000000        0.0000000000
     2841.0000000000        0.0000000000        0.0000000000
     2842.0000000000        0.0000000000        0.0000000000
     2843.0000000000        0.0000000000        0.0000000000
     2844.0000000000        0.0000000000        0.0000000000
     2845.0000000000        0.0000000000        0.0000000000
     2846.0000000000        0.0000000000        0.0000000000
     2847.0000000000        0.0000000000        0.0000000000
     2848.0000000000        0.0000000000        0.0000000000
     2849.0000000000        0.0000000000        0.0000000000
     2850.0000000000        0.0000000000        0.0000000000
     2851.0000000000        0.0000000000        0.0000000000
     2852.0000000000        0.0000000000        0.0000000000
     2853.0000000000        0.0000000000        0.0000000000
     2854.0000000000        0.0000000000        0.0000000000
     2855.0000000000        0.0000000000        0.0000000000
     2856.0000000000        0.0000000000        0.0000000000
     2857.0000000000        0.0000000000        0.0000000000
     2858.0000000000        0.0000000000        0.0000000000
     2859.0000000000        0.0000000000        0.0000000000
     2860.0000000000        0.0000000000        0.0000000000
     2861.0000000000        0.0000000000        0.0000000000
     2862.0000000000        0.0000000000        0.0000000000
     2863.0000000000        0.0000000000        0.0000000000
     2864.0000000000        0.0000000000        0.0000000000
     2865.0000000000        0.0000000000        0.0000000000
     2866.0000000000        0.0000000000        0.0000000000
     2867.0000000000        0.0000000000        0.0000000000
     2868.0000000000        0.0000000000        0.0000000000
     2869.0000000000        0.0000000000        0.0000000000
     2870.0000000000        0.0000000000        0.0000000000
     2871.0000000000        0.0000000000        0.0000000000
     2872.0000000000        0.0000000000        0.0000000000
     2873.0000000000        0.0000000000        0.0000000000
     2874.0000000000        0.0000000000        0.0000000000
     2875.0000000000        0.0000000000        0.0000000000
     2876.0000000000        0.0000000000        0.0000000000
     2877.0000000000        0.0000000000        0.0000000000
     2878.0000000000        0.0000000000        0.0000000000
     2879.0000000000        0.0000000000        0.0000000000
     2880.0000000000        0.0000000000        0.0000000000
     2881.0000000000        0.0000000000        0.0000000000
     2882.0000000000        0.0000000000        0.0000000000
     2883.0000000000        0.0000000000        0.0000000000
     2884.0000000000        0.0000000000        0.0000000000
     2885.0000000000        0.0000000000        0.0000000000
     2886.0000000000        0.0000000000        0.0000000000
     2887.0000000000        0.0000000000        0.0000000000
     2888.0000000000        0.0000000000        0.0000000000
     2889.0000000000        0.0000000000        0.0000000000
     2890.0000000000        0.0000000000        0.0000000000
     2891.0000000000        0.0000000000        0.0000000000
     2892.0000000000        0.0000000000        0.0000000000
     2893.0000000000        0.0000000000        0.0000000000
     2894.0000000000        0.0000000000        0.0000000000
     2895.0000000000        0.0000000000        0.0000000000
     2896.0000000000        0.0000000000        0.0000000000
     2897.0000000000        0.0000000000        0.0000000000
     2898.0000000000        0.0000000000        0.0000000000
     2899.0000000000        0.0000000000        0.0000000000
     2900.0000000000        0.0000000000        0.0000000000
     2901.0000000000        0.0000000000        0.0000000000
     2902.0000000000        0.0000000000        0.0000000000
     2903.0000000000        0.0000000000        0.0000000000
     2904.0000000000        0.0000000000        0.0000000000
     2905.0000000000        0.0000000000        0.0000000000
     2906.0000000000        0.0000000000        0.0000000000
     2907.0000000000        0.0000000000        0.0000000000
     2908.0000000000        0.0000000000        0.0000000000
     2909.0000000000        0.0000000000        0.0000000000
     2910.0000000000        0.0000000000        0.0000000000
     2911.0000000000        0.0000000000        0.0000000000
     2912.0000000000        0.0000000000        0.0000000000
     2913.0000000000        0.0000000000        0.0000000000
     2914.0000000000        0.0000000000        0.0000000000
     2915.0000000000        0.0000000000        0.0000000000
     2916.0000000000        0.0000000000        0.0000000000
     2917.0000000000        0.0000000000        0.0000000000
     2918.0000000000        0.0000000000        0.0000000000
     2919.0000000000        0.0000000000        0.0000000000
     2920.0000000000        0.0000000000        0.0000000000
     2921.0000000000        0.0000000000        0.0000000000
     2922.0000000000        0.0000000000        0.0000000000
     2923.0000000000        0.0000000000        0.0000000000
     2924.0000000000        0.0000000000        0.0000000000
     2925.0000000000        0.0000000000        0.0000000000
     2926.0000000000        0.0000000000        0.0000000000
     2927.0000000000        0.0000000000        0.0000000000
     2928.0000000000        0.0000000000        0.0000000000
     2929.0000000000        0.0000000000        0.0000000000
     2930.0000000000        0.0000000000        0.0000000000
     2931.0000000000        0.0000000000        0.0000000000
     2932.0000000000        0.0000000000        0.0000000000
     2933.0000000000        0.0000000000        0.0000000000
     2934.0000000000        0.0000000000        0.0000000000
     2935.0000000000        0.0000000000        0.0000000000
     2936.0000000000        0.0000000000        0.0000000000
     2937.0000000000        0.0000000000        0.0000000000
     2938.0000000000        0.0000000000        0.0000000000
     2939.0000000000        0.0000000000        0.0000000000
     2940.0000000000        0.0000000000        0.0000000000
     2941.0000000000        0.0000000000        0.0000000000
     2942.0000000000        0.0000000000        0.0000000000
     2943.0000000000        0.0000000000        0.0000000000
     2944.0000000000        0.0000000000        0.0000000000
     2945.0000000000        0.0000000000        0.0000000000
     2946.0000000000        0.0000000000        0.0000000000
     2947.0000000000        0.0000000000        0.0000000000
     2948.0000000000        0.0000000000        0.0000000000
     2949.0000000000        0.0000000000        0.0000000000
     2950.0000000000        0.0000000000        0.0000000000
     2951.0000000000        0.0000000000        0.0000000000
     2952.0000000000        0.0000000000        0.0000000000
     2953.0000000000        0.0000000000        0.0000000000
     2954.0000000000        0.0000000000        0.0000000000
     2955.0000000000        0.0000000000        0.0000000000
     2956.0000000000        0.0000000000        0.0000000000
     2957.0000000000        0.0000000000        0.0000000000
     2958.0000000000        0.0000000000        0.0000000000
     2959.0000000000        0.0000000000        0.0000000000
     2960.0000000000        0.0000000000        0.0000000000
     2961.0000000000        0.0000000000        0.0000000000
     2962.0000000000        0.0000000000        0.0000000000
     2963.0000000000        0.0000000000        0.0000000000
     2964.0000000000        0.0000000000        0.0000000000
     2965.0000000000        0.0000000000        0.0000000000
     2966.0000000000        0.0000000000        0.0000000000
     2967.0000000000        0.0000000000        0.0000000000
     2968.0000000000        0.0000000000        0.0000000000
     2969.0000000000        0.0000000000        0.0000000000
     2970.0000000000        0.0000000000        0.0000000000
     2971.0000000000        0.0000000000        0.0000000000
     2972.0000000000        0.0000000000        0.0000000000
     2973.0000000000        0.0000000000        0.0000000000
     2974.0000000000        0.0000000000        0.0000000000
     2975.0000000000        0.0000000000        0.0000000000
     2976.0000000000        0.0000000000        0.0000000000
     2977.0000000000        0.0000000000        0.0000000000
     2978.0000000000        0.0000000000        0.0000000000
     2979.0000000000        0.0000000000        0.0000000000
     2980.0000000000        0.0000000000        0.0000000000
     2981.0000000000        0.0000000000        0.0000000000
     2982.0000000000        0.0000000000        0.0000000000
     2983.0000000000        0.0000000000        0.0000000000
     2984.0000000000        0.0000000000        0.0000000000
     2985.0000000000        0.0000000000        0.0000000000
     2986.0000000000        0.0000000000        0.0000000000
     2987.0000000000        0.0000000000        0.0000000000
     2988.0000000000        0.0000000000        0.0000000000
     2989.0000000000        0.0000000000        0.0000000000
     2990.0000000000        0.0000000000        0.0000000000
     2991.0000000000        0.0000000000        0.0000000000
     2992.0000000000        0.0000000000        0.0000000000
     2993.0000000000        0.0000000000        0.0000000000
     2994.0000000000        0.0000000000        0.0000000000
     2995.0000000000        0.0000000000        0.0000000000
     2996.0000000000        0.0000000000        0.0000000000
     2997.0000000000        0.0000000000        0.0000000000
     2998.0000000000        0.0000000000        0.0000000000
     2999.0000000000        0.0000000000        0.0000000000
     3000.0000000000        0.0000000000        0.0000000000
     3001.0000000000        0.0000000000        0.0000000000
     3002.0000000000        0.0000000000        0.0000000000
     3003.0000000000        0.0000000000        0.0000000000
     3004.0000000000        0.0000000000        0.0000000000
     3005.0000000000        0.0000000000        0.0000000000
     3006.0000000000        0.0000000000        0.0000000000
     3007.0000000000        0.0000000000        0.0000000000
     3008.0000000000        0.0000000000        0.0000000000
     3009.0000000000        0.0000000000        0.0000000000
     3010.0000000000        0.0000000000        0.0000000000
     3011.0000000000        0.0000000000        0.0000000000
     3012.0000000000        0.0000000000        0.0000000000
     3013.0000000000        0.0000000000        0.0000000000
     3014.0000000000        0.0000000000        0.0000000000
     3015.0000000000        0.0000000000        0.0000000000
     3016.0000000000        0.0000000000        0.0000000000
     3017.0000000000        0.0000000000        0.0000000000
     3018.0000000000        0.0000000000        0.0000000000
     3019.0000000000        0.0000000000        0.0000000000
     3020.0000000000        0.0000000000        0.0000000000
     3021.0000000000        0.0000000000        0.0000000000
     3022.0000000000        0.0000000000        0.0000000000
     3023.0000000000        0.0000000000        0.0000000000
     3024.0000000000        0.0000000000        0.0000000000
     3025.0000000000        0.0000000000        0.0000000000
     3026.0000000000        0.0000000000        0.0000000000
     3027.0000000000        0.0000000000        0.0000000000
     3028.0000000000        0.0000000000        0.0000000000
     3029.0000000000        0.0000000000        0.0000000000
     3030.0000000000        0.0000000000        0.0000000000
     3031.0000000000        0.0000000000        0.0000000000
     3032.0000000000        0.0000000000        0.0000000000
     3033.0000000000        0.0000000000        0.0000000000
     3034.0000000000        0.0000000000        0.0000000000
     3035.0000000000        0.0000000000        0.0000000000
     3036.0000000000        0.0000000000        0.0000000000
     3037.0000000000        0.0000000000        0.0000000000
     3038.0000000000        0.0000000000        0.0000000000
     3039.0000000000        0.0000000000        0.0000000000
     3040.0000000000        0.0000000000        0.0000000000
     3041.0000000000        0.0000000000        0.0000000000
     3042.0000000000        0.0000000000        0.0000000000
     3043.0000000000        0.0000000000        0.0000000000
     3044.0000000000        0.0000000000        0.0000000000
     3045.0000000000        0.0000000000        0.0000000000
     3046.0000000000        0.0000000000        0.0000000000
     3047.0000000000        0.0000000000        0.0000000000
     3048.0000000000        0.0000000000        0.0000000000
     3049.0000000000        0.0000000000        0.0000000000
     3050.0000000000        0.0000000000        0.0000000000
     3051.0000000000        0.0000000000        0.0000000000
     3052.0000000000        0.0000000000        0.0000000000
     3053.0000000000        0.0000000000        0.0000000000
     3054.0000000000        0.0000000000        0.0000000000
     3055.0000000000        0.0000000000        0.0000000000
     3056.0000000000        0.0000000000        0.0000000000
     3057.0000000000        0.0000000000        0.0000000000
     3058.0000000000        0.0000000000        0.0000000000
     3059.0000000000        0.0000000000        0.0000000000
     3060.0000000000        0.0000000000        0.0000000000
     3061.0000000000        0.0000000000        0.0000000000
     3062.0000000000        0.0000000000        0.0000000000
     3063.0000000000        0.0000000000        0.0000000000
     3064.0000000000        0.0000000000        0.0000000000
     3065.0000000000        0.0062629473        0.0000784113
     3066.0000000000        0.0063421009        0.0000799021
     3067.0000000000        0.0064227642        0.0000814310
     3068.0000000000        0.0065049759        0.0000829991
     3069.0000000000        0.0065887760        0.0000846078
     3070.0000000000        0.0066742054        0.0000862583
     3071.0000000000        0.0067613069        0.0000879519
     3072.0000000000        0.0068501242        0.0000896902
     3073.0000000000        0.0069407027        0.0000914746
     3074.0000000000        0.0070330894        0.0000933067
     3075.0000000000        0.0071273325        0.0000951880
     3076.0000000000        0.0072234822        0.0000971201
     3077.0000000000        0.0073215903        0.0000991050
     3078.0000000000        0.0074217103        0.0001011442
     3079.0000000000        0.0075238975        0.0001032398
     3080.0000000000        0.0076282093        0.0001053937
     3081.0000000000        0.0077347050        0.0001076078
     3082.0000000000        0.0078434458        0.0001098845
     3083.0000000000        0.0079544954        0.0001122257
     3084.0000000000        0.0080679196        0.0001146340
     3085.0000000000        0.0081837865        0.0001171116
     3086.0000000000        0.0083021668        0.0001196611
     3087.0000000000        0.0084231336        0.0001222852
     3088.0000000000        0.0085467629        0.0001249865
     3089.0000000000        0.0086731333        0.0001277679
     3090.0000000000        0.0088023264        0.0001306325
     3091.0000000000        0.0089344270        0.0001335833
     3092.0000000000        0.0090695229        0.0001366236
     3093.0000000000        0.0092077053        0.0001397569
     3094.0000000000        0.0093490689        0.0001429867
     3095.0000000000        0.0094937121        0.0001463168
     3096.0000000000        0.0096417371        0.0001497510
     3097.0000000000        0.0097932501        0.0001532935
     3098.0000000000        0.0099483616        0.0001569486
     3099.0000000000        0.0101071863        0.0001607208
     3100.0000000000        0.0102698437        0.0001646148
     3101.0000000000        0.0104364581        0.0001686356
     3102.0000000000        0.0106071588        0.0001727883
     3103.0000000000        0.0107820805        0.0001770785
     3104.0000000000        0.0109613635        0.0001815118
     3105.0000000000        0.0111451539        0.0001860943
     3106.0000000000        0.0113336040        0.0001908323
     3107.0000000000        0.0115268726        0.0001957325
     3108.0000000000        0.0117251253        0.0002008018
     3109.0000000000        0.0119285350        0.0002060476
     3110.0000000000        0.0121372820        0.0002114777
     3111.0000000000        0.0123515545        0.0002171002
     3112.0000000000        0.0125715493        0.0002229236
     3113.0000000000        0.0127974718        0.0002289572
     3114.0000000000        0.0130295369        0.0002352104
     3115.0000000000        0.0132679691        0.0002416932
     3116.0000000000        0.0135130034        0.0002484164
     3117.0000000000        0.0137648857        0.0002553912
     3118.0000000000        0.0140238735        0.0002626294
     3119.0000000000        0.0142902365        0.0002701436
     3120.0000000000        0.0145642571        0.0002779470
     3121.0000000000        0.0148462316        0.0002860538
     3122.0000000000        0.0151364707        0.0002944788
     3123.0000000000        0.0154353005        0.0003032377
     3124.0000000000        0.0157430630        0.0003123473
     3125.0000000000        0.0160601178        0.0003218252
     3126.0000000000        0.0163868424        0.0003316903
     3127.0000000000        0.0167236340        0.0003419625
     3128.0000000000        0.0170709102        0.0003526630
     3129.0000000000        0.0174291104        0.0003638144
     3130.0000000000        0.0177986973        0.0003754407
     3131.0000000000        0.0181801586        0.0003875674
     3132.0000000000        0.0185740080        0.0004002217
     3133.0000000000        0.0189807875        0.0004134325
     3134.0000000000        0.0194010689        0.0004272309
     3135.0000000000        0.0198354560        0.0004416497
     3136.0000000000        0.0202845869        0.0004567243
     3137.0000000000        0.0207491358        0.0004724923
     3138.0000000000        0.0212298161        0.0004889941
     3139.0000000000        0.0217273829        0.0005062728
     3140.0000000000        0.0222426359        0.0005243745
     3141.0000000000        0.0227764228        0.0005433490
     3142.0000000000        0.0233296424        0.0005632493
     3143.0000000000        0.0239032489        0.0005841325
     3144.0000000000        0.0244982556        0.0006060602
     3145.0000000000        0.0251157394        0.0006290983
     3146.0000000000        0.0257568460        0.0006533180
     3147.0000000000        0.0264227946        0.0006787958
     3148.0000000000        0.0271148845        0.0007056147
     3149.0000000000        0.0278345006        0.0007338637
     3150.0000000000        0.0285831208        0.0007636395
     3151.0000000000        0.0293623233        0.0007950465
     3152.0000000000        0.0301737952        0.0008281979
     3153.0000000000        0.0310193414        0.0008632163
     3154.0000000000        0.0319008944        0.0009002349
     3155.0000000000        0.0328205259        0.0009393983
     3156.0000000000        0.0337804583        0.0009808641
     3157.0000000000        0.0347830785        0.0010248036
     3158.0000000000        0.0358309523        0.0010714041
     3159.0000000000        0.0369268414        0.0011208696
     3160.0000000000        0.0380737207        0.0011734235
     3161.0000000000        0.0392747990        0.0012293103
     3162.0000000000        0.0405335413        0.0012887981
     3163.0000000000        0.0418536934        0.0013521813
     3164.0000000000        0.0432393099        0.0014197834
     3165.0000000000        0.0462065294        0.0015109412
     3166.0000000000        0.0477557923        0.0015884491
     3167.0000000000        0.0493852310        0.0016713689
     3168.0000000000        0.0511004938        0.0017601815
     3169.0000000000        0.0529077353        0.0018554199
     3170.0000000000        0.0548136720        0.0019576757
     3171.0000000000        0.0568256445        0.0020676074
     3172.0000000000        0.0589516890        0.0021859486
     3173.0000000000        0.0612006170        0.0023135188
     3174.0000000000        0.0635821073        0.0024512349
     3175.0000000000        0.0661068101        0.0026001251
     3176.0000000000        0.0687864659        0.0027613452
     3177.0000000000        0.0716340425        0.0029361969
     3178.0000000000        0.0746638914        0.0031261503
     3179.0000000000        0.0778919290        0.0033328691
     3180.0000000000        0.0813358448        0.0035582418
     3181.0000000000        0.0850153434        0.0038044169
     3182.0000000000        0.0889524261        0.0040738463
     3183.0000000000        0.0931717180        0.0043693357
     3184.0000000000        0.0977008523        0.0046941059
     3185.0000000000        0.1025709200        0.0050518657
     3186.0000000000        0.1078170011        0.0054469003
     3187.0000000000        0.1134787926        0.0058841777
     3188.0000000000        0.1196013538        0.0063694789
     3189.0000000000        0.1262359963        0.0069095565
     3190.0000000000        0.1334413498        0.0075123298
     3191.0000000000        0.1412846446        0.0081871257
     3192.0000000000        0.1498432636        0.0089449776
     3193.0000000000        0.1592066281        0.0097989987
     3194.0000000000        0.1694785035        0.0107648513
     3195.0000000000        0.1807798331        0.0118613399
     3196.0000000000        0.1932522421        0.0131111658
     3197.0000000000        0.2070623984        0.0145418952
     3198.0000000000        0.2224074751        0.0161872085
     3199.0000000000        0.2395220416        0.0180885268
     3200.0000000000        0.2586868227        0.0202971467
     3201.0000000000        0.2802399198        0.0228770653
     3202.0000000000        0.3045913069        0.0259087565
     3203.0000000000        0.3322417250        0.0294942645
     3204.0000000000        0.3638075424        0.0337641469
     3205.0000000000        0.4000537919        0.0388870411
     3206.0000000000        0.4419385412        0.0450829938
     3207.0000000000        0.4906731527        0.0526422538
     3208.0000000000        0.5478050884        0.0619520888
     3209.0000000000        0.6153330944        0.0735355246
     3210.0000000000        0.6958694653        0.0881079896
     3211.0000000000        0.7928715741        0.1066610886
     3212.0000000000        0.9109763889        0.1305877006
     3213.0000000000        1.0564893418        0.1618699209
     3214.0000000000        1.2381051437        0.2033611087
     3215.0000000000        1.4679743871        0.2592025981
     3216.0000000000        1.7632702192        0.3354105928
     3217.0000000000        2.1484193631        0.4405985575
     3218.0000000000        2.6580085023        0.5864985751
     3219.0000000000        3.3396225928        0.7869138110
     3220.0000000000        4.2532367804        1.0507023373
     3221.0000000000        5.4562633658        1.3574017412
     3222.0000000000        6.9478960489        1.5977335444
     3223.0000000000        8.5409598795        1.5021768917
     3224.0000000000        9.7328105226        0.7656102741
     3225.0000000000        9.9089405848       -0.4349349554
     3226.0000000000        8.9602592967       -1.3600172294
     3227.0000000000        7.4186068099       -1.6204513678
     3228.0000000000        5.8655248455       -1.4428275362
     3229.0000000000        4.5731891848       -1.1380560465
     3230.0000000000        3.5802183531       -0.8571865902
     3231.0000000000        2.8376465249       -0.6385868455
     3232.0000000000        2.2835602704       -0.4782061285
     3233.0000000000        1.8663671683       -0.3624870952
     3234.0000000000        1.5479305102       -0.2788450257
     3235.0000000000        1.3011823698       -0.2177815877
     3236.0000000000        1.1070964698       -0.1725994404
     3237.0000000000        0.9522454512       -0.1386787003
     3238.0000000000        0.8270556091       -0.1128403211
     3239.0000000000        0.7246118972       -0.0928822704
     3240.0000000000        0.6398498174       -0.0772626453
     3241.0000000000        0.5690083125       -0.0648879757
     3242.0000000000        0.5092564994       -0.0549724050
     3243.0000000000        0.4584362219       -0.0469436015
     3244.0000000000        0.4148822885       -0.0403793326
     3245.0000000000        0.3772953433       -0.0349642375
     3246.0000000000        0.3446508082       -0.0304600090
     3247.0000000000        0.3161328502       -0.0266845732
     3248.0000000000        0.2910859243       -0.0234973718
     3249.0000000000        0.2689788084       -0.0207888364
     3250.0000000000        0.2493776233       -0.0184727731
     3251.0000000000        0.2319253854       -0.0164807924
     3252.0000000000        0.2163263615       -0.0147581935
     3253.0000000000        0.2023339909       -0.0132608914
     3254.0000000000        0.1897414798       -0.0119531026
     3255.0000000000        0.1783744191       -0.0108055856
     3256.0000000000        0.1680849465       -0.0097942922
     3257.0000000000        0.1587470960       -0.0088993254
     3258.0000000000        0.1502530692       -0.0081041278
     3259.0000000000        0.1425102263       -0.0073948455
     3260.0000000000        0.1354386439       -0.0067598257
     3261.0000000000        0.1289691209       -0.0061892170
     3262.0000000000        0.1230415428       -0.0056746502
     3263.0000000000        0.1176035324       -0.0052089813
     3264.0000000000        0.1126093327       -0.0047860831
     3265.0000000000        0.1080188770       -0.0044006762
     3266.0000000000        0.1037970133       -0.0040481902
     3267.0000000000        0.0999128538       -0.0037246495
     3268.0000000000        0.0963392290       -0.0034265788
     3269.0000000000        0.0930522279       -0.0031509247
     3270.0000000000        0.0900308101       -0.0028949893
     3271.0000000000        0.0872564784       -0.0026563750
     3272.0000000000        0.0847130037       -0.0024329370
     3273.0000000000        0.0823861918       -0.0022227431
     3274.0000000000        0.0802636895       -0.0020240384
     3275.0000000000        0.0783348226       -0.0018352150
     3276.0000000000        0.0765904630       -0.0016547845
     3277.0000000000        0.0750229212       -0.0014813538
     3278.0000000000        0.0736258628       -0.0013136026
     3279.0000000000        0.0723942461       -0.0011502622
     3280.0000000000        0.0713242808       -0.0009900952
     3281.0000000000        0.0704134065       -0.0008318756
     3282.0000000000        0.0696602917       -0.0006743685
     3283.0000000000        0.0690648532       -0.0005163087
     3284.0000000000        0.0686282973       -0.0003563777
     3285.0000000000        0.0683531859       -0.0001931789
     3286.0000000000        0.0682435283       -0.0000252091
     3287.0000000000        0.0683049036        0.0001491743
     3288.0000000000        0.0685446189        0.0003317913
     3289.0000000000        0.0689719085        0.0005246846
     3290.0000000000        0.0695981832        0.0007301746
     3291.0000000000        0.0704373398        0.0009509252
     3292.0000000000        0.0715061446        0.0011900263
     3293.0000000000        0.0728247075        0.0014510944
     3294.0000000000        0.0744170704        0.0017384003
     3295.0000000000        0.0763119378        0.0020570289
     3296.0000000000        0.0785435894        0.0024130835
     3297.0000000000        0.0811530232        0.0028139470
     3298.0000000000        0.0841893976        0.0032686212
     3299.0000000000        0.0877118608        0.0037881682
     3300.0000000000        0.0917918886        0.0043862917
     3301.0000000000        0.0965162938        0.0050801107
     3302.0000000000        0.1019911339        0.0058911947
     3303.0000000000        0.1083468279        0.0068469692
     3304.0000000000        0.1157449226        0.0079826383
     3305.0000000000        0.1243871291        0.0093438474
     3306.0000000000        0.1345275228        0.0109904124
     3307.0000000000        0.1464892009        0.0130016062
     3308.0000000000        0.1606872998        0.0154837423
     3309.0000000000        0.1776611974        0.0185811921
     3310.0000000000        0.1981201411        0.0224925774
     3311.0000000000        0.2230087278        0.0274948309
     3312.0000000000        0.2536020182        0.0339792436
     3313.0000000000        0.2916451597        0.0425056600
     3314.0000000000        0.3395597715        0.0538834407
     3315.0000000000        0.4007488946        0.0692892111
     3316.0000000000        0.4800405588        0.0904256604
     3317.0000000000        0.5843013406        0.1196917086
     3318.0000000000        0.7231703692        0.1602059635
     3319.0000000000        0.9095378150        0.2151150671
     3320.0000000000        1.1583506150        0.2845111855
     3321.0000000000        1.4796769608        0.3562489841
     3322.0000000000        1.8580319766        0.3879956139
     3323.0000000000        2.2159631834        0.3014607134
     3324.0000000000        2.4064759819        0.0580386124
     3325.0000000000        2.3187953868       -0.2228260672
     3326.0000000000        2.0065140357       -0.3734160374
     3327.0000000000        1.6217232170       -0.3778561552
     3328.0000000000        1.2730313423       -0.3144180869
     3329.0000000000        0.9956194160       -0.2414651936
     3330.0000000000        0.7859080899       -0.1805210793
     3331.0000000000        0.6294867857       -0.1346918090
     3332.0000000000        0.5123315654       -0.1014291268
     3333.0000000000        0.4235437530       -0.0774443075
     3334.0000000000        0.3552580127       -0.0600398245
     3335.0000000000        0.3019296865       -0.0472584472
     3336.0000000000        0.2596586523       -0.0377384604
     3337.0000000000        0.2256810781       -0.0305430640
     3338.0000000000        0.1980151581       -0.0250261954
     3339.0000000000        0.1752204758       -0.0207383120
     3340.0000000000        0.1562353755       -0.0173628737
     3341.0000000000        0.1402665382       -0.0146740550
     3342.0000000000        0.1267132947       -0.0125085803
     3343.0000000000        0.1151151382       -0.0107468373
     3344.0000000000        0.1051148653       -0.0093000853
     3345.0000000000        0.0964323578       -0.0081016898
     3346.0000000000        0.0888456985       -0.0071010430
     3347.0000000000        0.0821774013       -0.0062592954
     3348.0000000000        0.0762842547       -0.0055463225
     3349.0000000000        0.0710497462       -0.0049385436
     3350.0000000000        0.0663783521       -0.0044173365
     3351.0000000000        0.0621911914       -0.0039678719
     3352.0000000000        0.0584226864       -0.0035782486
     3353.0000000000        0.0550179740       -0.0032388450
     3354.0000000000        0.0519308828       -0.0029418288
     3355.0000000000        0.0491223389       -0.0026807824
     3356.0000000000        0.0465591016       -0.0024504152
     3357.0000000000        0.0442127524       -0.0022463406
     3358.0000000000        0.0420588818       -0.0020649014
     3359.0000000000        0.0400764315       -0.0019030327
     3360.0000000000        0.0382471577       -0.0017581535
     3361.0000000000        0.0365551930       -0.0016280799
     3362.0000000000        0.0349866843       -0.0015109562
     3363.0000000000        0.0335294942       -0.0014051988
     3364.0000000000        0.0321729524       -0.0013094505
     3365.0000000000        0.0309076476       -0.0012225445
     3366.0000000000        0.0297252534       -0.0011434731
     3367.0000000000        0.0286183819       -0.0010713638
     3368.0000000000        0.0275804589       -0.0010054582
     3369.0000000000        0.0266056188       -0.0009450951
     3370.0000000000        0.0256886147       -0.0008896962
     3371.0000000000        0.0248247413       -0.0008387545
     3372.0000000000        0.0240097694       -0.0007918237
     3373.0000000000        0.0232398885       -0.0007485108
     3374.0000000000        0.0225116583       -0.0007084678
     3375.0000000000        0.0218219661       -0.0006713865
     3376.0000000000        0.0211679897       -0.0006369931
     3377.0000000000        0.0205471655       -0.0006050437
     3378.0000000000        0.0199571603       -0.0005753208
     3379.0000000000        0.0193958469       -0.0005476295
     3380.0000000000        0.0188612824       -0.0005217956
     3381.0000000000        0.0183516890       -0.0004976623
     3382.0000000000        0.0178654380       -0.0004750887
     3383.0000000000        0.0174010343       -0.0004539477
     3384.0000000000        0.0169571034       -0.0004341247
     3385.0000000000        0.0103245967       -0.0003381381
     3386.0000000000        0.0099945754       -0.0003220780
     3387.0000000000        0.0096801076       -0.0003070177
     3388.0000000000        0.0093802324       -0.0002928807
     3389.0000000000        0.0090940617       -0.0002795975
     3390.0000000000        0.0088207740       -0.0002671046
     3391.0000000000        0.0085596084       -0.0002553441
     3392.0000000000        0.0083098593       -0.0002442633
     3393.0000000000        0.0080708714       -0.0002338138
     3394.0000000000        0.0078420360       -0.0002239513
     3395.0000000000        0.0076227868       -0.0002146352
     3396.0000000000        0.0074125960       -0.0002058282
     3397.0000000000        0.0072109721       -0.0001974960
     3398.0000000000        0.0070174562       -0.0001896072
     3399.0000000000        0.0068316197       -0.0001821326
     3400.0000000000        0.0066530619       -0.0001750454
     3401.0000000000        0.0064814080       -0.0001683209
     3402.0000000000        0.0063163069       -0.0001619361
     3403.0000000000        0.0061574295       -0.0001558700
     3404.0000000000        0.0060044672       -0.0001501029
     3405.0000000000        0.0058571302       -0.0001446166
     3406.0000000000        0.0057151462       -0.0001393942
     3407.0000000000        0.0055782591       -0.0001344200
     3408.0000000000        0.0054462282       -0.0001296796
     3409.0000000000        0.0053188265       -0.0001251594
     3410.0000000000        0.0051958403       -0.0001208466
     3411.0000000000        0.0050770680       -0.0001167296
     3412.0000000000        0.0049623195       -0.0001127974
     3413.0000000000        0.0048514151       -0.0001090397
     3414.0000000000        0.0047441851       -0.0001054470
     3415.0000000000        0.0046404691       -0.0001020103
     3416.0000000000        0.0045401153       -0.0000987212
     3417.0000000000        0.0044429800       -0.0000955720
     3418.0000000000        0.0043489271       -0.0000925552
     3419.0000000000        0.0042578277       -0.0000896640
     3420.0000000000        0.0041695595       -0.0000868919
     3421.0000000000        0.0040840063       -0.0000842328
     3422.0000000000        0.0040010580       -0.0000816811
     3423.0000000000        0.0039206101       -0.0000792313
     3424.0000000000        0.0038425630       -0.0000768785
     3425.0000000000        0.0037668223       -0.0000746179
     3426.0000000000        0.0036932979       -0.0000724450
     3427.0000000000        0.0036219044       -0.0000703557
     3428.0000000000        0.0035525601       -0.0000683458
     3429.0000000000        0.0034851874       -0.0000664118
     3430.0000000000        0.0034197124       -0.0000645500
     3431.0000000000        0.0033560644       -0.0000627572
     3432.0000000000        0.0032941762       -0.0000610300
     3433.0000000000        0.0032339834       -0.0000593657
     3434.0000000000        0.0031754248       -0.0000577613
     3435.0000000000        0.0031184417       -0.0000562142
     3436.0000000000        0.0030629782       -0.0000547218
     3437.0000000000        0.0030089807       -0.0000532817
     3438.0000000000        0.0029563980       -0.0000518918
     3439.0000000000        0.0029051812       -0.0000505497
     3440.0000000000        0.0028552834       -0.0000492535
     3441.0000000000        0.0028066596       -0.0000480012
     3442.0000000000        0.0027592669       -0.0000467910
     3443.0000000000        0.0027130641       -0.0000456211
     3444.0000000000        0.0026680117       -0.0000444899
     3445.0000000000        0.0026240719       -0.0000433958
     3446.0000000000        0.0025812082       -0.0000423373
     3447.0000000000        0.0025393860       -0.0000413128
     3448.0000000000        0.0024985716       -0.0000403212
     3449.0000000000        0.0024587331       -0.0000393610
     3450.0000000000        0.0024198395       -0.0000384311
     3451.0000000000        0.0023818613       -0.0000375302
     3452.0000000000        0.0023447698       -0.0000366572
     3453.0000000000        0.0023085378       -0.0000358112
     3454.0000000000        0.0022731389       -0.0000349909
     3455.0000000000        0.0022385478       -0.0000341955
     3456.0000000000        0.0022047400       -0.0000334240
     3457.0000000000        0.0021716921       -0.0000326755
     3458.0000000000        0.0021393815       -0.0000319492
     3459.0000000000        0.0021077865       -0.0000312443
     3460.0000000000        0.0020768860       -0.0000305600
     3461.0000000000        0.0020466600       -0.0000298955
     3462.0000000000        0.0020170888       -0.0000292501
     3463.0000000000        0.0019881537       -0.0000286231
     3464.0000000000        0.0019598366       -0.0000280139
     3465.0000000000        0.0019321201       -0.0000274219
     3466.0000000000        0.0019049872       -0.0000268465
     3467.0000000000        0.0018784218       -0.0000262870
     3468.0000000000        0.0018524080       -0.0000257430
     3469.0000000000        0.0018269308       -0.0000252139
     3470.0000000000        0.0018019755       -0.0000246992
     3471.0000000000        0.0017775278       -0.0000241983
     3472.0000000000        0.0017535743       -0.0000237110
     3473.0000000000        0.0017301016       -0.0000232366
     3474.0000000000        0.0017070969       -0.0000227748
     3475.0000000000        0.0016845479       -0.0000223252
     3476.0000000000        0.0016624427       -0.0000218873
     3477.0000000000        0.0016407696       -0.0000214607
     3478.0000000000        0.0016195175       -0.0000210452
     3479.0000000000        0.0015986756       -0.0000206404
     3480.0000000000        0.0015782333       -0.0000202458
     3481.0000000000        0.0015581805       -0.0000198613
     3482.0000000000        0.0015385075       -0.0000194864
     3483.0000000000        0.0015192046       -0.0000191209
     3484.0000000000        0.0015002626       -0.0000187645
     3485.0000000000        0.0000000000        0.0000000000
     3486.0000000000        0.0000000000        0.0000000000
     3487.0000000000        0.0000000000        0.0000000000
     3488.0000000000        0.0000000000        0.0000000000
     3489.0000000000        0.0000000000        0.0000000000
     3490.0000000000        0.0000000000        0.0000000000
     3491.0000000000        0.0000000000        0.0000000000
     3492.0000000000        0.0000000000        0.0000000000
     3493.0000000000        0.0000000000        0.0000000000
     3494.0000000000        0.0000000000        0.0000000000
     3495.0000000000        0.0000000000        0.0000000000
     3496.0000000000        0.0000000000        0.0000000000
     3497.0000000000        0.0000000000        0.0000000000
     3498.0000000000        0.0000000000        0.0000000000
     3499.0000000000        0.0000000000        0.0000000000
     3500.0000000000        0.0000000000        0.0000000000
     3501.0000000000        0.0000000000        0.0000000000
     3502.0000000000        0.0000000000        0.0000000000
     3503.0000000000        0.0000000000        0.0000000000
     3504.0000000000        0.0000000000        0.0000000000
     3505.0000000000        0.0000000000        0.0000000000
     3506.0000000000        0.0000000000        0.0000000000
     3507.0000000000        0.0000000000        0.0000000000
     3508.0000000000        0.0000000000        0.0000000000
     3509.0000000000        0.0000000000        0.0000000000
     3510.0000000000        0.0000000000        0.0000000000
     3511.0000000000        0.0000000000        0.0000000000
     3512.0000000000        0.0000000000        0.0000000000
     3513.0000000000        0.0000000000        0.0000000000
     3514.0000000000        0.0000000000        0.0000000000
     3515.0000000000        0.0000000000        0.0000000000
     3516.0000000000        0.0000000000        0.0000000000
     3517.0000000000        0.0000000000        0.0000000000
     3518.0000000000        0.0000000000        0.0000000000
     3519.0000000000        0.0000000000        0.0000000000
     3520.0000000000        0.0000000000        0.0000000000
     3521.0000000000        0.0000000000        0.0000000000
     3522.0000000000        0.0000000000        0.0000000000
     3523.0000000000        0.0000000000        0.0000000000
     3524.0000000000        0.0000000000        0.0000000000
     3525.0000000000        0.0000000000        0.0000000000
     3526.0000000000        0.0000000000        0.0000000000
     3527.0000000000        0.0000000000        0.0000000000
     3528.0000000000        0.0000000000        0.0000000000
     3529.0000000000        0.0000000000        0.0000000000
     3530.0000000000        0.0000000000        0.0000000000
     3531.0000000000        0.0000000000        0.0000000000
     3532.0000000000        0.0000000000        0.0000000000
     3533.0000000000        0.0000000000        0.0000000000
     3534.0000000000        0.0000000000        0.0000000000
     3535.0000000000        0.0000000000        0.0000000000
     3536.0000000000        0.0000000000        0.0000000000
     3537.0000000000        0.0000000000        0.0000000000
     3538.0000000000        0.0000000000        0.0000000000
     3539.0000000000        0.0000000000        0.0000000000
     3540.0000000000        0.0000000000        0.0000000000
     3541.0000000000        0.0000000000        0.0000000000
     3542.0000000000        0.0000000000        0.0000000000
     3543.0000000000        0.0000000000        0.0000000000
     3544.0000000000        0.0000000000        0.0000000000
     3545.0000000000        0.0000000000        0.0000000000
     3546.0000000000        0.0000000000        0.0000000000
     3547.0000000000        0.0000000000        0.0000000000
     3548.0000000000        0.0000000000        0.0000000000
     3549.0000000000        0.0000000000        0.0000000000
     3550.0000000000        0.0000000000        0.0000000000
     3551.0000000000        0.0000000000        0.0000000000
     3552.0000000000        0.0000000000        0.0000000000
     3553.0000000000        0.0000000000        0.0000000000
     3554.0000000000        0.0000000000        0.0000000000
     3555.0000000000        0.0000000000        0.0000000000
     3556.0000000000        0.0000000000        0.0000000000
     3557.0000000000        0.0000000000        0.0000000000
     3558.0000000000        0.0000000000        0.0000000000
     3559.0000000000        0.0000000000        0.0000000000
     3560.0000000000        0.0000000000        0.0000000000
     3561.0000000000        0.0000000000        0.0000000000
     3562.0000000000        0.0000000000        0.0000000000
     3563.0000000000        0.0000000000        0.0000000000
     3564.0000000000        0.0000000000        0.0000000000
     3565.0000000000        0.0000000000        0.0000000000
     3566.0000000000        0.0000000000        0.0000000000
     3567.0000000000        0.0000000000        0.0000000000
     3568.0000000000        0.0000000000        0.0000000000
     3569.0000000000        0.0000000000        0.0000000000
     3570.0000000000        0.0000000000        0.0000000000
     3571.0000000000        0.0000000000        0.0000000000
     3572.0000000000        0.0000000000        0.0000000000
     3573.0000000000        0.0000000000        0.0000000000
     3574.0000000000        0.0000000000        0.0000000000
     3575.0000000000        0.0000000000        0.0000000000
     3576.0000000000        0.0000000000        0.0000000000
     3577.0000000000        0.0000000000        0.0000000000
     3578.0000000000        0.0000000000        0.0000000000
     3579.0000000000        0.0000000000        0.0000000000
     3580.0000000000        0.0000000000        0.0000000000
     3581.0000000000        0.0000000000        0.0000000000
     3582.0000000000        0.0000000000        0.0000000000
     3583.0000000000        0.0000000000        0.0000000000
     3584.0000000000        0.0000000000        0.0000000000
     3585.0000000000        0.0000000000        0.0000000000
     3586.0000000000        0.0000000000        0.0000000000
     3587.0000000000        0.0000000000        0.0000000000
     3588.0000000000        0.0000000000        0.0000000000
     3589.0000000000        0.0000000000        0.0000000000
     3590.0000000000        0.0000000000        0.0000000000
     3591.0000000000        0.0000000000        0.0000000000
     3592.0000000000        0.0000000000        0.0000000000
     3593.0000000000        0.0000000000        0.0000000000
     3594.0000000000        0.0000000000        0.0000000000
     3595.0000000000        0.0000000000        0.0000000000
     3596.0000000000        0.0000000000        0.0000000000
     3597.0000000000        0.0000000000        0.0000000000
     3598.0000000000        0.0000000000        0.0000000000
     3599.0000000000        0.0000000000        0.0000000000
     3600.0000000000        0.0000000000        0.0000000000
     3601.0000000000        0.0000000000        0.0000000000
     3602.0000000000        0.0000000000        0.0000000000
     3603.0000000000        0.0000000000        0.0000000000
     3604.0000000000        0.0000000000        0.0000000000
     3605.0000000000        0.0000000000        0.0000000000
     3606.0000000000        0.0000000000        0.0000000000
     3607.0000000000        0.0000000000        0.0000000000
     3608.0000000000        0.0000000000        0.0000000000
     3609.0000000000        0.0000000000        0.0000000000
     3610.0000000000        0.0000000000        0.0000000000
     3611.0000000000        0.0000000000        0.0000000000
     3612.0000000000        0.0000000000        0.0000000000
     3613.0000000000        0.0000000000        0.0000000000
     3614.0000000000        0.0000000000        0.0000000000
     3615.0000000000        0.0000000000        0.0000000000
     3616.0000000000        0.0000000000        0.0000000000
     3617.0000000000        0.0000000000        0.0000000000
     3618.0000000000        0.0000000000        0.0000000000
     3619.0000000000        0.0000000000        0.0000000000
     3620.0000000000        0.0000000000        0.0000000000
     3621.0000000000        0.0000000000        0.0000000000
     3622.0000000000        0.0000000000        0.0000000000
     3623.0000000000        0.0000000000        0.0000000000
     3624.0000000000        0.0000000000        0.0000000000
     3625.0000000000        0.0000000000        0.0000000000
     3626.0000000000        0.0000000000        0.0000000000
     3627.0000000000        0.0000000000        0.0000000000
     3628.0000000000        0.0000000000        0.0000000000
     3629.0000000000        0.0000000000        0.0000000000
     3630.0000000000        0.0000000000        0.0000000000
     3631.0000000000        0.0000000000        0.0000000000
     3632.0000000000        0.0000000000        0.0000000000
     3633.0000000000        0.0000000000        0.0000000000
     3634.0000000000        0.0000000000        0.0000000000
     3635.0000000000        0.0000000000        0.0000000000
     3636.0000000000        0.0000000000        0.0000000000
     3637.0000000000        0.0000000000        0.0000000000
     3638.0000000000        0.0000000000        0.0000000000
     3639.0000000000        0.0000000000        0.0000000000
     3640.0000000000        0.0000000000        0.0000000000
     3641.0000000000        0.0000000000        0.0000000000
     3642.0000000000        0.0000000000        0.0000000000
     3643.0000000000        0.0000000000        0.0000000000
     3644.0000000000        0.0000000000        0.0000000000
     3645.0000000000        0.0000000000        0.0000000000
     3646.0000000000        0.0000000000        0.0000000000
     3647.0000000000        0.0000000000        0.0000000000
     3648.0000000000        0.0000000000        0.0000000000
     3649.0000000000        0.0000000000        0.0000000000
     3650.0000000000        0.0000000000        0.0000000000
     3651.0000000000        0.0000000000        0.0000000000
     3652.0000000000        0.0000000000        0.0000000000
     3653.0000000000        0.0000000000        0.0000000000
     3654.0000000000        0.0000000000        0.0000000000
     3655.0000000000        0.0000000000        0.0000000000
     3656.0000000000        0.0000000000        0.0000000000
     3657.0000000000        0.0000000000        0.0000000000
     3658.0000000000        0.0000000000        0.0000000000
     3659.0000000000        0.0000000000        0.0000000000
     3660.0000000000        0.0000000000        0.0000000000
     3661.0000000000        0.0000000000        0.0000000000
     3662.0000000000        0.0000000000        0.0000000000
     3663.0000000000        0.0000000000        0.0000000000
     3664.0000000000        0.0000000000        0.0000000000
     3665.0000000000        0.0000000000        0.0000000000
     3666.0000000000        0.0000000000        0.0000000000
     3667.0000000000        0.0000000000        0.0000000000
     3668.0000000000        0.0000000000        0.0000000000
     3669.0000000000        0.0000000000        0.0000000000
     3670.0000000000        0.0000000000        0.0000000000
     3671.0000000000        0.0000000000        0.0000000000
     3672.0000000000        0.0000000000        0.0000000000
     3673.0000000000        0.0000000000        0.0000000000
     3674.0000000000        0.0000000000        0.0000000000
     3675.0000000000        0.0000000000        0.0000000000
     3676.0000000000        0.0000000000        0.0000000000
     3677.0000000000        0.0000000000        0.0000000000
     3678.0000000000        0.0000000000        0.0000000000
     3679.0000000000        0.0000000000        0.0000000000
     3680.0000000000        0.0000000000        0.0000000000
     3681.0000000000        0.0000000000        0.0000000000
     3682.0000000000        0.0000000000        0.0000000000
     3683.0000000000        0.0000000000        0.0000000000
     3684.0000000000        0.0000000000        0.0000000000
     3685.0000000000        0.0000000000        0.0000000000
     3686.0000000000        0.0000000000        0.0000000000
     3687.0000000000        0.0000000000        0.0000000000
     3688.0000000000        0.0000000000        0.0000000000
     3689.0000000000        0.0000000000        0.0000000000
     3690.0000000000        0.0000000000        0.0000000000
     3691.0000000000        0.0000000000        0.0000000000
     3692.0000000000        0.0000000000        0.0000000000
     3693.0000000000        0.0000000000        0.0000000000
     3694.0000000000        0.0000000000        0.0000000000
     3695.0000000000        0.0000000000        0.0000000000
     3696.0000000000        0.0000000000        0.0000000000
     3697.0000000000        0.0000000000        0.0000000000
     3698.0000000000        0.0000000000        0.0000000000
     3699.0000000000        0.0000000000        0.0000000000
     3700.0000000000        0.0000000000        0.0000000000
     3701.0000000000        0.0000000000        0.0000000000
     3702.0000000000        0.0000000000        0.0000000000
     3703.0000000000        0.0000000000        0.0000000000
     3704.0000000000        0.0000000000        0.0000000000
     3705.0000000000        0.0000000000        0.0000000000
     3706.0000000000        0.0000000000        0.0000000000
     3707.0000000000        0.0000000000        0.0000000000
     3708.0000000000        0.0000000000        0.0000000000
     3709.0000000000        0.0000000000        0.0000000000
     3710.0000000000        0.0000000000        0.0000000000
     3711.0000000000        0.0000000000        0.0000000000
     3712.0000000000        0.0000000000        0.0000000000
     3713.0000000000        0.0000000000        0.0000000000
     3714.0000000000        0.0000000000        0.0000000000
     3715.0000000000        0.0000000000        0.0000000000
     3716.0000000000        0.0000000000        0.0000000000
     3717.0000000000        0.0000000000        0.0000000000
     3718.0000000000        0.0000000000        0.0000000000
     3719.0000000000        0.0000000000        0.0000000000
     3720.0000000000        0.0000000000        0.0000000000
     3721.0000000000        0.0000000000        0.0000000000
     3722.0000000000        0.0000000000        0.0000000000
     3723.0000000000        0.0000000000        0.0000000000
     3724.0000000000        0.0000000000        0.0000000000
     3725.0000000000        0.0000000000        0.0000000000
     3726.0000000000        0.0000000000        0.0000000000
     3727.0000000000        0.0000000000        0.0000000000
     3728.0000000000        0.0000000000        0.0000000000
     3729.0000000000        0.0000000000        0.0000000000
     3730.0000000000        0.0000000000        0.0000000000
     3731.0000000000        0.0000000000        0.0000000000
     3732.0000000000        0.0000000000        0.0000000000
     3733.0000000000        0.0000000000        0.0000000000
     3734.0000000000        0.0000000000        0.0000000000
     3735.0000000000        0.0000000000        0.0000000000
     3736.0000000000        0.0000000000        0.0000000000
     3737.0000000000        0.0000000000        0.0000000000
     3738.0000000000        0.0000000000        0.0000000000
     3739.0000000000        0.0000000000        0.0000000000
     3740.0000000000        0.0000000000        0.0000000000
     3741.0000000000        0.0000000000        0.0000000000
     3742.0000000000        0.0000000000        0.0000000000
     3743.0000000000        0.0000000000        0.0000000000
     3744.0000000000        0.0000000000        0.0000000000
     3745.0000000000        0.0000000000        0.0000000000
     3746.0000000000        0.0000000000        0.0000000000
     3747.0000000000        0.0000000000        0.0000000000
     3748.0000000000        0.0000000000        0.0000000000
     3749.0000000000        0.0000000000        0.0000000000
     3750.0000000000        0.0000000000        0.0000000000
     3751.0000000000        0.0000000000        0.0000000000
     3752.0000000000        0.0000000000        0.0000000000
     3753.0000000000        0.0000000000        0.0000000000
     3754.0000000000        0.0000000000        0.0000000000
     3755.0000000000        0.0000000000        0.0000000000
     3756.0000000000        0.0000000000        0.0000000000
     3757.0000000000        0.0000000000        0.0000000000
     3758.0000000000        0.0000000000        0.0000000000
     3759.0000000000        0.0000000000        0.0000000000
     3760.0000000000        0.0000000000        0.0000000000
     3761.0000000000        0.0000000000        0.0000000000
     3762.0000000000        0.0000000000        0.0000000000
     3763.0000000000        0.0000000000        0.0000000000
     3764.0000000000        0.0000000000        0.0000000000
     3765.0000000000        0.0000000000        0.0000000000
     3766.0000000000        0.0000000000        0.0000000000
     3767.0000000000        0.0000000000        0.0000000000
     3768.0000000000        0.0000000000        0.0000000000
     3769.0000000000        0.0000000000        0.0000000000
     3770.0000000000        0.0000000000        0.0000000000
     3771.0000000000        0.0000000000        0.0000000000
     3772.0000000000        0.0000000000        0.0000000000
     3773.0000000000        0.0000000000        0.0000000000
     3774.0000000000        0.0000000000        0.0000000000
     3775.0000000000        0.0000000000        0.0000000000
     3776.0000000000        0.0000000000        0.0000000000
     3777.0000000000        0.0000000000        0.0000000000
     3778.0000000000        0.0000000000        0.0000000000
     3779.0000000000        0.0000000000        0.0000000000
     3780.0000000000        0.0000000000        0.0000000000
     3781.0000000000        0.0000000000        0.0000000000
     3782.0000000000        0.0000000000        0.0000000000
     3783.0000000000        0.0000000000        0.0000000000
     3784.0000000000        0.0000000000        0.0000000000
     3785.0000000000        0.0000000000        0.0000000000
     3786.0000000000        0.0000000000        0.0000000000
     3787.0000000000        0.0000000000        0.0000000000
     3788.0000000000        0.0000000000        0.0000000000
     3789.0000000000        0.0000000000        0.0000000000
     3790.0000000000        0.0000000000        0.0000000000
     3791.0000000000        0.0000000000        0.0000000000
     3792.0000000000        0.0000000000        0.0000000000
     3793.0000000000        0.0000000000        0.0000000000
     3794.0000000000        0.0000000000        0.0000000000
     3795.0000000000        0.0000000000        0.0000000000
     3796.0000000000        0.0000000000        0.0000000000
     3797.0000000000        0.0000000000        0.0000000000
     3798.0000000000        0.0000000000        0.0000000000
     3799.0000000000        0.0000000000        0.0000000000
     3800.0000000000        0.0000000000        0.0000000000
     3801.0000000000        0.0000000000        0.0000000000
     3802.0000000000        0.0000000000        0.0000000000
     3803.0000000000        0.0000000000        0.0000000000
     3804.0000000000        0.0000000000        0.0000000000
     3805.0000000000        0.0000000000        0.0000000000
     3806.0000000000        0.0000000000        0.0000000000
     3807.0000000000        0.0000000000        0.0000000000
     3808.0000000000        0.0000000000        0.0000000000
     3809.0000000000        0.0000000000        0.0000000000
     3810.0000000000        0.0000000000        0.0000000000
     3811.0000000000        0.0000000000        0.0000000000
     3812.0000000000        0.0000000000        0.0000000000
     3813.0000000000        0.0000000000        0.0000000000
     3814.0000000000        0.0000000000        0.0000000000
     3815.0000000000        0.0000000000        0.0000000000
     3816.0000000000        0.0000000000        0.0000000000
     3817.0000000000        0.0000000000        0.0000000000
     3818.0000000000        0.0000000000        0.0000000000
     3819.0000000000        0.0000000000        0.0000000000
     3820.0000000000        0.0000000000        0.0000000000
     3821.0000000000        0.0000000000        0.0000000000
     3822.0000000000        0.0000000000        0.0000000000
     3823.0000000000        0.0000000000        0.0000000000
     3824.0000000000        0.0000000000        0.0000000000
     3825.0000000000        0.0000000000        0.0000000000
     3826.0000000000        0.0000000000        0.0000000000
     3827.0000000000        0.0000000000        0.0000000000
     3828.0000000000        0.0000000000        0.0000000000
     3829.0000000000        0.0000000000        0.0000000000
     3830.0000000000        0.0000000000        0.0000000000
     3831.0000000000        0.0000000000        0.0000000000
     3832.0000000000        0.0000000000        0.0000000000
     3833.0000000000        0.0000000000        0.0000000000
     3834.0000000000        0.0000000000        0.0000000000
     3835.0000000000        0.0000000000        0.0000000000
     3836.0000000000        0.0000000000        0.0000000000
     3837.0000000000        0.0000000000        0.0000000000
     3838.0000000000        0.0000000000        0.0000000000
     3839.0000000000        0.0000000000        0.0000000000
     3840.0000000000        0.0000000000        0.0000000000
     3841.0000000000        0.0000000000        0.0000000000
     3842.0000000000        0.0000000000        0.0000000000
     3843.0000000000        0.0000000000        0.0000000000
     3844.0000000000        0.0000000000        0.0000000000
     3845.0000000000        0.0000000000        0.0000000000
     3846.0000000000        0.0000000000        0.0000000000
     3847.0000000000        0.0000000000        0.0000000000
     3848.0000000000        0.0000000000        0.0000000000
     3849.0000000000        0.0000000000        0.0000000000
     3850.0000000000        0.0000000000        0.0000000000
     3851.0000000000        0.0000000000        0.0000000000
     3852.0000000000        0.0000000000        0.0000000000
     3853.0000000000        0.0000000000        0.0000000000
     3854.0000000000        0.0000000000        0.0000000000
     3855.0000000000        0.0000000000        0.0000000000
     3856.0000000000        0.0000000000        0.0000000000
     3857.0000000000        0.0000000000        0.0000000000
     3858.0000000000        0.0000000000        0.0000000000
     3859.0000000000        0.0000000000        0.0000000000
     3860.0000000000        0.0000000000        0.0000000000
     3861.0000000000        0.0000000000        0.0000000000
     3862.0000000000        0.0000000000        0.0000000000
     3863.0000000000        0.0000000000        0.0000000000
     3864.0000000000        0.0000000000        0.0000000000
     3865.0000000000        0.0000000000        0.0000000000
     3866.0000000000        0.0000000000        0.0000000000
     3867.0000000000        0.0000000000        0.0000000000
     3868.0000000000        0.0000000000        0.0000000000
     3869.0000000000        0.0000000000        0.0000000000
     3870.0000000000        0.0000000000        0.0000000000
     3871.0000000000        0.0000000000        0.0000000000
     3872.0000000000        0.0000000000        0.0000000000
     3873.0000000000        0.0000000000        0.0000000000
     3874.0000000000        0.0000000000        0.0000000000
     3875.0000000000        0.0000000000        0.0000000000
     3876.0000000000        0.0000000000        0.0000000000
     3877.0000000000        0.0000000000        0.0000000000
     3878.0000000000        0.0000000000        0.0000000000
     3879.0000000000        0.0000000000        0.0000000000
     3880.0000000000        0.0000000000        0.0000000000
     3881.0000000000        0.0000000000        0.0000000000
     3882.0000000000        0.0000000000        0.0000000000
     3883.0000000000        0.0000000000        0.0000000000
     3884.0000000000        0.0000000000        0.0000000000
     3885.0000000000        0.0000000000        0.0000000000
     3886.0000000000        0.0000000000        0.0000000000
     3887.0000000000        0.0000000000        0.0000000000
     3888.0000000000        0.0000000000        0.0000000000
     3889.0000000000        0.0000000000        0.0000000000
     3890.0000000000        0.0000000000        0.0000000000
     3891.0000000000        0.0000000000        0.0000000000
     3892.0000000000        0.0000000000        0.0000000000
     3893.0000000000        0.0000000000        0.0000000000
     3894.0000000000        0.0000000000        0.0000000000
     3895.0000000000        0.0000000000        0.0000000000
     3896.0000000000        0.0000000000        0.0000000000
     3897.0000000000        0.0000000000        0.0000000000
     3898.0000000000        0.0000000000        0.0000000000
     3899.0000000000        0.0000000000        0.0000000000
     3900.0000000000        0.0000000000        0.0000000000
     3901.0000000000        0.0000000000        0.0000000000
     3902.0000000000        0.0000000000        0.0000000000
     3903.0000000000        0.0000000000        0.0000000000
     3904.0000000000        0.0000000000        0.0000000000
     3905.0000000000        0.0000000000        0.0000000000
     3906.0000000000        0.0000000000        0.0000000000
     3907.0000000000        0.0000000000        0.0000000000
     3908.0000000000        0.0000000000        0.0000000000
     3909.0000000000        0.0000000000        0.0000000000
     3910.0000000000        0.0000000000        0.0000000000
     3911.0000000000        0.0000000000        0.0000000000
     3912.0000000000        0.0000000000        0.0000000000
     3913.0000000000        0.0000000000        0.0000000000
     3914.0000000000        0.0000000000        0.0000000000
     3915.0000000000        0.0000000000        0.0000000000
     3916.0000000000        0.0000000000        0.0000000000
     3917.0000000000        0.0000000000        0.0000000000
     3918.0000000000        0.0000000000        0.0000000000
     3919.0000000000        0.0000000000        0.0000000000
     3920.0000000000        0.0000000000        0.0000000000
     3921.0000000000        0.0000000000        0.0000000000
     3922.0000000000        0.0000000000        0.0000000000
     3923.0000000000        0.0000000000        0.0000000000
     3924.0000000000        0.0000000000        0.0000000000
     3925.0000000000        0.0000000000        0.0000000000
     3926.0000000000        0.0000000000        0.0000000000
     3927.0000000000        0.0000000000        0.0000000000
     3928.0000000000        0.0000000000        0.0000000000
     3929.0000000000        0.0000000000        0.0000000000
     3930.0000000000        0.0000000000        0.0000000000
     3931.0000000000        0.0000000000        0.0000000000
     3932.0000000000        0.0000000000        0.0000000000
     3933.0000000000        0.0000000000        0.0000000000
     3934.0000000000        0.0000000000        0.0000000000
     3935.0000000000        0.0000000000        0.0000000000
     3936.0000000000        0.0000000000        0.0000000000
     3937.0000000000        0.0000000000        0.0000000000
     3938.0000000000        0.0000000000        0.0000000000
     3939.0000000000        0.0000000000        0.0000000000
     3940.0000000000        0.0000000000        0.0000000000
     3941.0000000000        0.0000000000        0.0000000000
     3942.0000000000        0.0000000000        0.0000000000
     3943.0000000000        0.0000000000        0.0000000000
     3944.0000000000        0.0000000000        0.0000000000
     3945.0000000000        0.0000000000        0.0000000000
     3946.0000000000        0.0000000000        0.0000000000
     3947.0000000000        0.0000000000        0.0000000000
     3948.0000000000        0.0000000000        0.0000000000
     3949.0000000000        0.0000000000        0.0000000000
     3950.0000000000        0.0000000000        0.0000000000
     3951.0000000000        0.0000000000        0.0000000000
     3952.0000000000        0.0000000000        0.0000000000
     3953.0000000000        0.0000000000        0.0000000000
     3954.0000000000        0.0000000000        0.0000000000
     3955.0000000000        0.0000000000        0.0000000000
     3956.0000000000        0.0000000000        0.0000000000
     3957.0000000000        0.0000000000        0.0000000000
     3958.0000000000        0.0000000000        0.0000000000
     3959.0000000000        0.0000000000        0.0000000000
     3960.0000000000        0.0000000000        0.0000000000
     3961.0000000000        0.0000000000        0.0000000000
     3962.0000000000        0.0000000000        0.0000000000
     3963.0000000000        0.0000000000        0.0000000000
     3964.0000000000        0.0000000000        0.0000000000
     3965.0000000000        0.0000000000        0.0000000000
     3966.0000000000        0.0000000000        0.0000000000
     3967.0000000000        0.0000000000        0.0000000000
     3968.0000000000        0.0000000000        0.0000000000
     3969.0000000000        0.0000000000        0.0000000000
     3970.0000000000        0.0000000000        0.0000000000
     3971.0000000000        0.0000000000        0.0000000000
     3972.0000000000        0.0000000000        0.0000000000
     3973.0000000000        0.0000000000        0.0000000000
     3974.0000000000        0.0000000000        0.0000000000
     3975.0000000000        0.0000000000        0.0000000000
     3976.0000000000        0.0000000000        0.0000000000
     3977.0000000000        0.0000000000        0.0000000000
     3978.0000000000        0.0000000000        0.0000000000
     3979.0000000000        0.0000000000        0.0000000000
     3980.0000000000        0.0000000000        0.0000000000
     3981.0000000000        0.0000000000        0.0000000000
     3982.0000000000        0.0000000000        0.0000000000
     3983.0000000000        0.0000000000        0.0000000000
     3984.0000000000        0.0000000000        0.0000000000
     3985.0000000000        0.0000000000        0.0000000000
     3986.0000000000        0.0000000000        0.0000000000
     3987.0000000000        0.0000000000        0.0000000000
     3988.0000000000        0.0000000000        0.0000000000
     3989.0000000000        0.0000000000        0.0000000000
     3990.0000000000        0.0000000000        0.0000000000
     3991.0000000000        0.0000000000        0.0000000000
     3992.0000000000        0.0000000000        0.0000000000
     3993.0000000000        0.0000000000        0.0000000000
     3994.0000000000        0.0000000000        0.0000000000
     3995.0000000000        0.0000000000        0.0000000000
     3996.0000000000        0.0000000000        0.0000000000
     3997.0000000000        0.0000000000        0.0000000000
     3998.0000000000        0.0000000000        0.0000000000
     3999.0000000000        0.0000000000        0.0000000000
