# IR Spectrum
# X-Axis:  Frequency (cm-1)
# Y-Axis:  &epsilon; (M-1 cm-1)

# Peak information
#                  X                   Y
#      67.2104000000       73.1454419342
#     238.0203000000       17.8250516036
#     239.5099000000        0.2615070989
#     370.7931000000        5.4860614505
#     421.6798000000       12.8836177908
#     502.2350000000        4.7222848899
#     578.6047000000       52.8463306264
#     619.5112000000      140.6457714362
#     690.4791000000        4.9861754721
#     760.5135000000        4.4462238113
#     800.4628000000       10.8374113534
#     942.8872000000      207.7857332430
#     968.0826000000      103.6759212870
#    1171.2022000000      653.7469639517
#    1179.4209000000     1070.2104570917
#    1213.0614000000     1034.9420076172
#    1386.5640000000      375.0781158893
#    1431.6049000000      165.4591054568
#    1778.9455000000      120.2401742932
#    3197.4450000000        4.0346321385
#    3300.2761000000        1.1264873969

# Spectra
#                  X                   Y               DY/DX
        0.0000000000        0.0150315033        0.0004457182
        1.0000000000        0.0154873212        0.0004661202
        2.0000000000        0.0159641645        0.0004877849
        3.0000000000        0.0164633448        0.0005108114
        4.0000000000        0.0169862773        0.0005353084
        5.0000000000        0.0175344912        0.0005613948
        6.0000000000        0.0181096403        0.0005892016
        7.0000000000        0.0187135157        0.0006188727
        8.0000000000        0.0193480599        0.0006505668
        9.0000000000        0.0200153819        0.0006844590
       10.0000000000        0.0207177748        0.0007207427
       11.0000000000        0.0214577357        0.0007596325
       12.0000000000        0.0222379874        0.0008013660
       13.0000000000        0.0230615035        0.0008462076
       14.0000000000        0.0239315363        0.0008944514
       15.0000000000        0.0248516493        0.0009464257
       16.0000000000        0.0258257530        0.0010024973
       17.0000000000        0.0268581462        0.0010630772
       18.0000000000        0.0279535633        0.0011286267
       19.0000000000        0.0291172284        0.0011996647
       20.0000000000        0.0303549164        0.0012767764
       21.0000000000        0.0316730252        0.0013606233
       22.0000000000        0.0330786567        0.0014519550
       23.0000000000        0.0345797127        0.0015516232
       24.0000000000        0.0361850040        0.0016605984
       25.0000000000        0.0379043794        0.0017799890
       26.0000000000        0.0397488752        0.0019110656
       27.0000000000        0.0417308902        0.0020552883
       28.0000000000        0.0438643924        0.0022143414
       29.0000000000        0.0461651624        0.0023901733
       30.0000000000        0.0486510820        0.0025850468
       31.0000000000        0.0513424775        0.0028015994
       32.0000000000        0.0542625298        0.0030429170
       33.0000000000        0.0574377678        0.0033126254
       34.0000000000        0.0608986617        0.0036150031
       35.0000000000        0.0646803435        0.0039551214
       36.0000000000        0.0688234850        0.0043390207
       37.0000000000        0.0733753726        0.0047739315
       38.0000000000        0.0783912323        0.0052685555
       39.0000000000        0.0839358731        0.0058334239
       40.0000000000        0.0900857371        0.0064813589
       41.0000000000        0.0969314759        0.0072280703
       42.0000000000        0.1045812110        0.0080929366
       43.0000000000        0.1131646921        0.0091000322
       44.0000000000        0.1228386437        0.0102794936
       45.0000000000        0.1337936977        0.0116693526
       46.0000000000        0.1462634669        0.0133180198
       47.0000000000        0.1605365338        0.0152876856
       48.0000000000        0.1769724556        0.0176590295
       49.0000000000        0.1960233624        0.0205378144
       50.0000000000        0.2182634384        0.0240642327
       51.0000000000        0.2444296463        0.0284263147
       52.0000000000        0.2754786878        0.0338794005
       53.0000000000        0.3126676936        0.0407747581
       54.0000000000        0.3576699938        0.0496020987
       55.0000000000        0.4127432529        0.0610532695
       56.0000000000        0.4809762439        0.0761180111
       57.0000000000        0.5666535960        0.0962270395
       58.0000000000        0.6757947833        0.1234602726
       59.0000000000        0.8169384286        0.1608281392
       60.0000000000        1.0022284500        0.2125748501
       61.0000000000        1.2487180463        0.2842283666
       62.0000000000        1.5792378949        0.3814040043
       63.0000000000        2.0203526649        0.5044252252
       64.0000000000        2.5902702602        0.6322202107
       65.0000000000        3.2625591456        0.6905684437
       66.0000000000        3.9015811192        0.5407907651
       67.0000000000        4.2470855946        0.1113901613
       68.0000000000        4.0991073296       -0.3894079282
       69.0000000000        3.5485370893       -0.6614145412
       70.0000000000        2.8652660809       -0.6721882575
       71.0000000000        2.2443670236       -0.5602736523
       72.0000000000        1.7498949904       -0.4304694057
       73.0000000000        1.3760523429       -0.3217640633
       74.0000000000        1.0973082386       -0.2399498810
       75.0000000000        0.8886707705       -0.1805577020
       76.0000000000        0.7306832771       -0.1377356990
       77.0000000000        0.6092959046       -0.1066695677
       78.0000000000        0.5146028717       -0.0838626970
       79.0000000000        0.4419610163       -0.0668523608
       80.0000000000        0.3818492344       -0.0540217836
       81.0000000000        0.3329559525       -0.0441886377
       82.0000000000        0.2927432796       -0.0365493072
       83.0000000000        0.2593163193       -0.0305383395
       84.0000000000        0.2312594745       -0.0257524118
       85.0000000000        0.2075011847       -0.0218999754
       86.0000000000        0.1872201432       -0.0187674909
       87.0000000000        0.1697794495       -0.0161965640
       88.0000000000        0.1546797812       -0.0140682804
       89.0000000000        0.1415256701       -0.0122923437
       90.0000000000        0.1300009173       -0.0107994496
       91.0000000000        0.1198504619       -0.0095358676
       92.0000000000        0.1108668593       -0.0084595462
       93.0000000000        0.1028800916       -0.0075372820
       94.0000000000        0.0957498126       -0.0067426386
       95.0000000000        0.0893593899       -0.0060544033
       96.0000000000        0.0836112875       -0.0054554292
       97.0000000000        0.0784234576       -0.0049317603
       98.0000000000        0.0737264983       -0.0044719638
       99.0000000000        0.0694613983       -0.0040666159
      100.0000000000        0.0655777353       -0.0037079045
      101.0000000000        0.0620322262       -0.0033893173
      102.0000000000        0.0587875543       -0.0031053980
      103.0000000000        0.0558114135       -0.0028515524
      104.0000000000        0.0530757269       -0.0026238940
      105.0000000000        0.0505560024       -0.0024191209
      106.0000000000        0.0482308004       -0.0022344153
      107.0000000000        0.0460812908       -0.0020673638
      108.0000000000        0.0440908831       -0.0019158907
      109.0000000000        0.0422449163       -0.0017782048
      110.0000000000        0.0405303973       -0.0016527544
      111.0000000000        0.0389357803       -0.0015381915
      112.0000000000        0.0374507786       -0.0014333408
      113.0000000000        0.0360662052       -0.0013371746
      114.0000000000        0.0347738361       -0.0012487917
      115.0000000000        0.0335662926       -0.0011673995
      116.0000000000        0.0324369409       -0.0010922988
      117.0000000000        0.0313798046       -0.0010228717
      118.0000000000        0.0303894897       -0.0009585701
      119.0000000000        0.0294611187       -0.0008989073
      120.0000000000        0.0285902739       -0.0008434494
      121.0000000000        0.0277729477       -0.0007918093
      122.0000000000        0.0270054988       -0.0007436402
      123.0000000000        0.0262846142       -0.0006986315
      124.0000000000        0.0256072759       -0.0006565036
      125.0000000000        0.0249707309       -0.0006170050
      126.0000000000        0.0243724655       -0.0005799084
      127.0000000000        0.0238101822       -0.0005450083
      128.0000000000        0.0232817791       -0.0005121184
      129.0000000000        0.0227853319       -0.0004810695
      130.0000000000        0.0223190778       -0.0004517076
      131.0000000000        0.0218814014       -0.0004238921
      132.0000000000        0.0214708212       -0.0003974945
      133.0000000000        0.0210859791       -0.0003723971
      134.0000000000        0.0207256297       -0.0003484919
      135.0000000000        0.0203886312       -0.0003256794
      136.0000000000        0.0200739374       -0.0003038677
      137.0000000000        0.0197805905       -0.0002829720
      138.0000000000        0.0195077144       -0.0002629136
      139.0000000000        0.0192545088       -0.0002436191
      140.0000000000        0.0190202442       -0.0002250205
      141.0000000000        0.0188042572       -0.0002070537
      142.0000000000        0.0186059462       -0.0001896589
      143.0000000000        0.0184247676       -0.0001727795
      144.0000000000        0.0182602331       -0.0001563623
      145.0000000000        0.0181119059       -0.0001403566
      146.0000000000        0.0179793989       -0.0001247140
      147.0000000000        0.0178623721       -0.0001093886
      148.0000000000        0.0177605308       -0.0000943359
      149.0000000000        0.0176736237       -0.0000795131
      150.0000000000        0.0176014418       -0.0000648785
      151.0000000000        0.0175438174       -0.0000503916
      152.0000000000        0.0175006226       -0.0000360126
      153.0000000000        0.0174717692       -0.0000217022
      154.0000000000        0.0174572082       -0.0000074215
      155.0000000000        0.0174569293        0.0000068684
      156.0000000000        0.0174709611        0.0000212065
      157.0000000000        0.0174993715        0.0000356321
      158.0000000000        0.0175422677        0.0000501850
      159.0000000000        0.0175997976        0.0000649061
      160.0000000000        0.0176721498        0.0000798370
      161.0000000000        0.0177595557        0.0000950207
      162.0000000000        0.0178622904        0.0001105020
      163.0000000000        0.0179806743        0.0001263272
      164.0000000000        0.0181150757        0.0001425451
      165.0000000000        0.0182659124        0.0001592066
      166.0000000000        0.0184336547        0.0001763658
      167.0000000000        0.0186188287        0.0001940796
      168.0000000000        0.0188220191        0.0002124090
      169.0000000000        0.0190438735        0.0002314187
      170.0000000000        0.0192851064        0.0002511782
      171.0000000000        0.0195465046        0.0002717620
      172.0000000000        0.0198289319        0.0002932505
      173.0000000000        0.0201333360        0.0003157306
      174.0000000000        0.0204607549        0.0003392963
      175.0000000000        0.0208123244        0.0003640497
      176.0000000000        0.0211892873        0.0003901023
      177.0000000000        0.0215930024        0.0004175754
      178.0000000000        0.0220249558        0.0004466020
      179.0000000000        0.0224867727        0.0004773279
      180.0000000000        0.0229802313        0.0005099133
      181.0000000000        0.0235072778        0.0005445347
      182.0000000000        0.0240700441        0.0005813870
      183.0000000000        0.0246708670        0.0006206858
      184.0000000000        0.0253123105        0.0006626702
      185.0000000000        0.0259971909        0.0007076061
      186.0000000000        0.0267286047        0.0007557893
      187.0000000000        0.0275099617        0.0008075505
      188.0000000000        0.0283450211        0.0008632593
      189.0000000000        0.0292379339        0.0009233306
      190.0000000000        0.0301932913        0.0009882308
      191.0000000000        0.0312161795        0.0010584854
      192.0000000000        0.0323122439        0.0011346885
      193.0000000000        0.0334877626        0.0012175131
      194.0000000000        0.0347497309        0.0013077238
      195.0000000000        0.0361059612        0.0014061918
      196.0000000000        0.0375651972        0.0015139126
      197.0000000000        0.0391372490        0.0016320270
      198.0000000000        0.0408331507        0.0017618469
      199.0000000000        0.0426653464        0.0019048856
      200.0000000000        0.0446479090        0.0020628950
      201.0000000000        0.0467968012        0.0022379102
      202.0000000000        0.0491301847        0.0024323047
      203.0000000000        0.0516687913        0.0026488572
      204.0000000000        0.0544363676        0.0028908346
      205.0000000000        0.0574602134        0.0031620945
      206.0000000000        0.0607718330        0.0034672128
      207.0000000000        0.0644077315        0.0038116442
      208.0000000000        0.0684103895        0.0042019238
      209.0000000000        0.0728294674        0.0046459236
      210.0000000000        0.0777232993        0.0051531802
      211.0000000000        0.0842643073        0.0057491205
      212.0000000000        0.0903410912        0.0064206567
      213.0000000000        0.0971411572        0.0071989443
      214.0000000000        0.1047818034        0.0081058862
      215.0000000000        0.1134048865        0.0091689380
      216.0000000000        0.1231831775        0.0104227987
      217.0000000000        0.1343286935        0.0119117061
      218.0000000000        0.1471037262        0.0136925848
      219.0000000000        0.1618355925        0.0158394148
      220.0000000000        0.1789365786        0.0184493616
      221.0000000000        0.1989312208        0.0216514821
      222.0000000000        0.2224940715        0.0256192427
      223.0000000000        0.2505026404        0.0305887370
      224.0000000000        0.2841125615        0.0368855149
      225.0000000000        0.3248656779        0.0449645075
      226.0000000000        0.3748473323        0.0554699028
      227.0000000000        0.4369175848        0.0693251398
      228.0000000000        0.5124191028        0.0878997358
      229.0000000000        0.6122504571        0.1130711425
      230.0000000000        0.7416939251        0.1476781478
      231.0000000000        0.9120452651        0.1956402152
      232.0000000000        1.1390831521        0.2619309084
      233.0000000000        1.4436005551        0.3511346332
      234.0000000000        1.8486605462        0.4615746678
      235.0000000000        2.3662706190        0.5688069824
      236.0000000000        2.9606263119        0.5968462335
      237.0000000000        3.4914383178        0.4220240731
      238.0000000000        3.7244575038        0.0171957041
      239.0000000000        3.5224692889       -0.3972286723
      240.0000000000        3.0073988815       -0.5900376958
      241.0000000000        2.4130924856       -0.5739836982
      242.0000000000        1.8878842642       -0.4705102826
      243.0000000000        1.4739804442       -0.3594878964
      244.0000000000        1.1619852582       -0.2684810477
      245.0000000000        0.9292916293       -0.2004565699
      246.0000000000        0.7548307709       -0.1511488306
      247.0000000000        0.6224302604       -0.1155699240
      248.0000000000        0.5204632555       -0.0897123750
      249.0000000000        0.4407376971       -0.0706876311
      250.0000000000        0.3774859259       -0.0564896774
      251.0000000000        0.3266141948       -0.0457381650
      252.0000000000        0.2851816217       -0.0374800245
      253.0000000000        0.2510465683       -0.0310510181
      254.0000000000        0.2226275205       -0.0259825821
      255.0000000000        0.1987405248       -0.0219398089
      256.0000000000        0.1784875851       -0.0186801060
      257.0000000000        0.1611791355       -0.0160254363
      258.0000000000        0.1462794986       -0.0138434865
      259.0000000000        0.1333680218       -0.0120347425
      260.0000000000        0.1221110357       -0.0105235087
      261.0000000000        0.1122413744       -0.0092515933
      262.0000000000        0.1064946949       -0.0081368681
      263.0000000000        0.0988296687       -0.0072171047
      264.0000000000        0.0920169808       -0.0064280429
      265.0000000000        0.0859375049       -0.0057473600
      266.0000000000        0.0804921504       -0.0051571216
      267.0000000000        0.0755979810       -0.0046428143
      268.0000000000        0.0711851768       -0.0041926124
      269.0000000000        0.0671946392       -0.0037968177
      270.0000000000        0.0635760881       -0.0034474283
      271.0000000000        0.0602865398       -0.0031378039
      272.0000000000        0.0572890820       -0.0028624040
      273.0000000000        0.0545518806       -0.0026165819
      274.0000000000        0.0520473709       -0.0023964214
      275.0000000000        0.0497515948       -0.0021986063
      276.0000000000        0.0476436544       -0.0020203165
      277.0000000000        0.0457052602       -0.0018591430
      278.0000000000        0.0439203546       -0.0017130203
      279.0000000000        0.0422747982       -0.0015801698
      280.0000000000        0.0407561055       -0.0014590549
      281.0000000000        0.0393532228       -0.0013483428
      282.0000000000        0.0380563405       -0.0012468738
      283.0000000000        0.0368567331       -0.0011536352
      284.0000000000        0.0357466236       -0.0010677396
      285.0000000000        0.0347190670       -0.0009884076
      286.0000000000        0.0337678507       -0.0009149514
      287.0000000000        0.0328874090       -0.0008467632
      288.0000000000        0.0320727487       -0.0007833036
      289.0000000000        0.0313193861       -0.0007240925
      290.0000000000        0.0306232908       -0.0006687015
      291.0000000000        0.0299808381       -0.0006167467
      292.0000000000        0.0293887673       -0.0005678833
      293.0000000000        0.0288441449       -0.0005218005
      294.0000000000        0.0283443335       -0.0004782170
      295.0000000000        0.0278869633       -0.0004368774
      296.0000000000        0.0274699086       -0.0003975488
      297.0000000000        0.0270912666       -0.0003600181
      298.0000000000        0.0267493387       -0.0003240892
      299.0000000000        0.0264426147       -0.0002895812
      300.0000000000        0.0261697590       -0.0002563256
      301.0000000000        0.0259295985       -0.0002241653
      302.0000000000        0.0257211125       -0.0001929528
      303.0000000000        0.0255434237       -0.0001625483
      304.0000000000        0.0253957910       -0.0001328187
      305.0000000000        0.0252776038       -0.0001036364
      306.0000000000        0.0251883769       -0.0000748779
      307.0000000000        0.0251277469       -0.0000464227
      308.0000000000        0.0250954699       -0.0000181522
      309.0000000000        0.0250914201        0.0000100512
      310.0000000000        0.0251155892        0.0000383054
      311.0000000000        0.0251680876        0.0000667296
      312.0000000000        0.0252491456        0.0000954455
      313.0000000000        0.0253591174        0.0001245782
      314.0000000000        0.0254984843        0.0001542579
      315.0000000000        0.0256678608        0.0001846207
      316.0000000000        0.0258680014        0.0002158107
      317.0000000000        0.0260998089        0.0002479810
      318.0000000000        0.0263643447        0.0002812957
      319.0000000000        0.0266628407        0.0003159321
      320.0000000000        0.0269967134        0.0003520826
      321.0000000000        0.0273675805        0.0003899577
      322.0000000000        0.0277772803        0.0004297884
      323.0000000000        0.0282278941        0.0004718304
      324.0000000000        0.0287217723        0.0005163671
      325.0000000000        0.0292615649        0.0005637149
      326.0000000000        0.0298502569        0.0006142285
      327.0000000000        0.0304912095        0.0006683068
      328.0000000000        0.0311882084        0.0007264009
      329.0000000000        0.0319455198        0.0007890229
      330.0000000000        0.0327679569        0.0008567561
      331.0000000000        0.0336609572        0.0009302682
      332.0000000000        0.0346306740        0.0010103263
      333.0000000000        0.0356840852        0.0010978154
      334.0000000000        0.0368291217        0.0011937609
      335.0000000000        0.0380748211        0.0012993557
      336.0000000000        0.0394315115        0.0014159939
      337.0000000000        0.0409110325        0.0015453124
      338.0000000000        0.0425270026        0.0016892416
      339.0000000000        0.0442951438        0.0018500697
      340.0000000000        0.0462336778        0.0020305230
      341.0000000000        0.0483638126        0.0022338670
      342.0000000000        0.0507103439        0.0024640350
      343.0000000000        0.0545980740        0.0027420570
      344.0000000000        0.0574864744        0.0030415279
      345.0000000000        0.0606959591        0.0033855423
      346.0000000000        0.0642753223        0.0037829181
      347.0000000000        0.0682832115        0.0042446352
      348.0000000000        0.0727905933        0.0047844749
      349.0000000000        0.0778839633        0.0054198800
      350.0000000000        0.0836695625        0.0061731251
      351.0000000000        0.0902789706        0.0070729272
      352.0000000000        0.0978766059        0.0081566855
      353.0000000000        0.1066698926        0.0094736333
      354.0000000000        0.1169232053        0.0110893277
      355.0000000000        0.1289772293        0.0130921235
      356.0000000000        0.1432761821        0.0156026225
      357.0000000000        0.1604065780        0.0187876257
      358.0000000000        0.1811531329        0.0228809413
      359.0000000000        0.2065803345        0.0282146287
      360.0000000000        0.2381525805        0.0352659247
      361.0000000000        0.2779119428        0.0447268316
      362.0000000000        0.3287398292        0.0576031485
      363.0000000000        0.3947321908        0.0753401226
      364.0000000000        0.4816979979        0.0999280727
      365.0000000000        0.5976821572        0.1337879793
      366.0000000000        0.7530221753        0.1787753745
      367.0000000000        0.9582936487        0.2325209242
      368.0000000000        1.2159552778        0.2789651671
      369.0000000000        1.4996577499        0.2748500827
      370.0000000000        1.7288889131        0.1627899873
      371.0000000000        1.7919317023       -0.0442113882
      372.0000000000        1.6507480139       -0.2221445461
      373.0000000000        1.3877825171       -0.2844431582
      374.0000000000        1.1108305929       -0.2604073321
      375.0000000000        0.8762241474       -0.2074673080
      376.0000000000        0.6950151271       -0.1564345573
      377.0000000000        0.5597083856       -0.1160781677
      378.0000000000        0.4593208225       -0.0862790035
      379.0000000000        0.3844077774       -0.0647145946
      380.0000000000        0.3279165429       -0.0490947591
      381.0000000000        0.2848290413       -0.0376598683
      382.0000000000        0.2516224025       -0.0291609494
      383.0000000000        0.2258193491       -0.0227342356
      384.0000000000        0.2056635544       -0.0177846221
      385.0000000000        0.1898966685       -0.0138993400
      386.0000000000        0.1776076024       -0.0107885959
      387.0000000000        0.1681307788       -0.0082458018
      388.0000000000        0.1609770699       -0.0061210702
      389.0000000000        0.1557865597       -0.0043034572
      390.0000000000        0.1522959972       -0.0027089304
      391.0000000000        0.1503162796       -0.0012720815
      392.0000000000        0.1497169077        0.0000597064
      393.0000000000        0.1504154144        0.0013304835
      394.0000000000        0.1523704583        0.0025789180
      395.0000000000        0.1555777504        0.0038408305
      396.0000000000        0.1600683110        0.0051513628
      397.0000000000        0.1659088077        0.0065470038
      398.0000000000        0.1732039297        0.0080676681
      399.0000000000        0.1798330587        0.0097871829
      400.0000000000        0.1905231430        0.0117033572
      401.0000000000        0.2033025714        0.0139103765
      402.0000000000        0.2184684549        0.0164918371
      403.0000000000        0.2364461734        0.0195541378
      404.0000000000        0.2577826983        0.0232358117
      405.0000000000        0.2831846575        0.0277201311
      406.0000000000        0.3135715789        0.0332532335
      407.0000000000        0.3501511290        0.0401705526
      408.0000000000        0.3945266404        0.0489358454
      409.0000000000        0.4488525907        0.0601994127
      410.0000000000        0.5160618956        0.0748855267
      411.0000000000        0.6002010945        0.0943236348
      412.0000000000        0.7069264464        0.1204423655
      413.0000000000        0.8442330961        0.1560434401
      414.0000000000        1.0234952707        0.2051413465
      415.0000000000        1.2608279330        0.2732185251
      416.0000000000        1.5784407917        0.3667783049
      417.0000000000        2.0044609844        0.4901957157
      418.0000000000        2.5662658585        0.6346396095
      419.0000000000        3.2818110608        0.7508660615
      420.0000000000        4.0340688280        0.7139912936
      421.0000000000        4.6074063447        0.3776853295
      422.0000000000        4.7094738645       -0.1860498670
      423.0000000000        4.2770695776       -0.6316134437
      424.0000000000        3.5545189345       -0.7642143691
      425.0000000000        2.8195128057       -0.6846923556
      426.0000000000        2.2053687825       -0.5414242350
      427.0000000000        1.7327490584       -0.4081146744
      428.0000000000        1.3792003180       -0.3040122509
      429.0000000000        1.1154733216       -0.2275443516
      430.0000000000        0.9170278197       -0.1723542447
      431.0000000000        0.7656816779       -0.1324655422
      432.0000000000        0.6485205267       -0.1033503651
      433.0000000000        0.5564663222       -0.0818118425
      434.0000000000        0.4831141547       -0.0656439716
      435.0000000000        0.4238992121       -0.0533288811
      436.0000000000        0.3755259324       -0.0438154865
      437.0000000000        0.3355819147       -0.0363680730
      438.0000000000        0.3022765757       -0.0304651008
      439.0000000000        0.2742629050       -0.0257318931
      440.0000000000        0.2505145773       -0.0218956716
      441.0000000000        0.2302401844       -0.0187552562
      442.0000000000        0.2128226070       -0.0161604216
      443.0000000000        0.1977756096       -0.0139976632
      444.0000000000        0.1847123787       -0.0121802615
      445.0000000000        0.1733224477       -0.0106412624
      446.0000000000        0.1633545782       -0.0093284570
      447.0000000000        0.1546039268       -0.0082007514
      448.0000000000        0.1469023252       -0.0072255113
      449.0000000000        0.1401108500       -0.0063766003
      450.0000000000        0.1341140925       -0.0056329154
      451.0000000000        0.1288157027       -0.0049772824
      452.0000000000        0.1241348989       -0.0043956169
      453.0000000000        0.1200037143       -0.0038762796
      454.0000000000        0.1163648120       -0.0034095771
      455.0000000000        0.1131697415       -0.0029873721
      456.0000000000        0.1103775425       -0.0026027765
      457.0000000000        0.1079536222       -0.0022499067
      458.0000000000        0.1058688526       -0.0019236877
      459.0000000000        0.1040988442       -0.0016196934
      460.0000000000        0.1500593192       -0.0007396223
      461.0000000000        0.1494618580       -0.0004574482
      462.0000000000        0.1491406454       -0.0001866141
      463.0000000000        0.1490858392        0.0000758431
      464.0000000000        0.1492904751        0.0003327278
      465.0000000000        0.1497503420        0.0005867534
      466.0000000000        0.1504639247        0.0008406087
      467.0000000000        0.1514324112        0.0010970232
      468.0000000000        0.1526597688        0.0013588371
      469.0000000000        0.1541528910        0.0016290765
      470.0000000000        0.1559218255        0.0019110390
      471.0000000000        0.1579800942        0.0022083932
      472.0000000000        0.1603451217        0.0025252980
      473.0000000000        0.1630387964        0.0028665484
      474.0000000000        0.1660881930        0.0032377568
      475.0000000000        0.1695265008        0.0036455821
      476.0000000000        0.1733942102        0.0040980232
      477.0000000000        0.1777406344        0.0046047989
      478.0000000000        0.1826258666        0.0051778454
      479.0000000000        0.1881233117        0.0058319758
      480.0000000000        0.1943229821        0.0065857614
      481.0000000000        0.2013358215        0.0074627249
      482.0000000000        0.2092994290        0.0084929709
      483.0000000000        0.2183857069        0.0097154426
      484.0000000000        0.2288111885        0.0111810789
      485.0000000000        0.2408511378        0.0129572861
      486.0000000000        0.2548590279        0.0151343508
      487.0000000000        0.2712937825        0.0178347481
      488.0000000000        0.2907583594        0.0212268181
      489.0000000000        0.3140550948        0.0255450767
      490.0000000000        0.3422660619        0.0311206386
      491.0000000000        0.3768709907        0.0384269548
      492.0000000000        0.4199215433        0.0481481770
      493.0000000000        0.4742988804        0.0612787496
      494.0000000000        0.5440887070        0.0792583460
      495.0000000000        0.6351016617        0.1041187794
      496.0000000000        0.7555017315        0.1385146307
      497.0000000000        0.9162389797        0.1851722387
      498.0000000000        1.1301265688        0.2443741597
      499.0000000000        1.4061967543        0.3063664621
      500.0000000000        1.7325722639        0.3361696777
      501.0000000000        2.0454615075        0.2672985317
      502.0000000000        2.2201921987        0.0629855654
      503.0000000000        2.1578693213       -0.1796790337
      504.0000000000        1.8987637398       -0.3142860587
      505.0000000000        1.5726568767       -0.3217152004
      506.0000000000        1.2753012703       -0.2682809691
      507.0000000000        1.0388592420       -0.2053997364
      508.0000000000        0.8610102229       -0.1524838594
      509.0000000000        0.7295155917       -0.1125530904
      510.0000000000        0.6322733000       -0.0835016861
      511.0000000000        0.5598351239       -0.0625013234
      512.0000000000        0.5053740076       -0.0472129113
      513.0000000000        0.4640784079       -0.0359344129
      514.0000000000        0.4325677628       -0.0274803443
      515.0000000000        0.4084509851       -0.0210347719
      516.0000000000        0.3900182095       -0.0160348244
      517.0000000000        0.3760313293       -0.0120886828
      518.0000000000        0.3655824722       -0.0089202371
      519.0000000000        0.3579979682       -0.0063322311
      520.0000000000        0.3527725939       -0.0041817144
      521.0000000000        0.3495240367       -0.0023635822
      522.0000000000        0.3479609796       -0.0007994256
      523.0000000000        0.3478604629        0.0005701113
      524.0000000000        0.3490516419        0.0017906375
      525.0000000000        0.3514040128        0.0028977462
      526.0000000000        0.3548188008        0.0039196754
      527.0000000000        0.3592226164        0.0048792303
      528.0000000000        0.3645627632        0.0057951924
      529.0000000000        0.3708037632        0.0066833684
      530.0000000000        0.3779247973        0.0075573846
      531.0000000000        0.3866950865        0.0084664984
      532.0000000000        0.3956009013        0.0093474871
      533.0000000000        0.4053964604        0.0102476633
      534.0000000000        0.4161059368        0.0111769641
      535.0000000000        0.4277633861        0.0121452640
      536.0000000000        0.4404128188        0.0131626412
      537.0000000000        0.4541085329        0.0142396353
      538.0000000000        0.4689157039        0.0153875059
      539.0000000000        0.4849112401        0.0166185057
      540.0000000000        0.5021849220        0.0179461795
      541.0000000000        0.5208408593        0.0193857008
      542.0000000000        0.5409993096        0.0209542624
      543.0000000000        0.5627989214        0.0226715367
      544.0000000000        0.5863994811        0.0245602283
      545.0000000000        0.6119852695        0.0266467448
      546.0000000000        0.6397691625        0.0289620207
      547.0000000000        0.6699976492        0.0315425377
      548.0000000000        0.7029569933        0.0344316004
      549.0000000000        0.7389808278        0.0376809431
      550.0000000000        0.7784595633        0.0413527700
      551.0000000000        0.8218521094        0.0455223661
      552.0000000000        0.8697005668        0.0502814649
      553.0000000000        0.9226487681        0.0557426287
      554.0000000000        0.9814658484        0.0620449946
      555.0000000000        1.0470764420        0.0693618790
      556.0000000000        1.1205996929        0.0779109384
      557.0000000000        1.2034001018        0.0879678770
      558.0000000000        1.2971544277        0.0998851347
      559.0000000000        1.4039406017        0.1141176397
      560.0000000000        1.5263571542        0.1312587027
      561.0000000000        1.6676854366        0.1520906389
      562.0000000000        1.8321125826        0.1776570303
      563.0000000000        2.0250417428        0.2093671580
      564.0000000000        2.2535292628        0.2491487630
      565.0000000000        2.5269086939        0.2996740550
      566.0000000000        2.8576926961        0.3646973037
      567.0000000000        3.2628915032        0.4495620644
      568.0000000000        3.7659572998        0.5619621417
      569.0000000000        4.3996610462        0.7130645571
      570.0000000000        5.2103149792        0.9190860638
      571.0000000000        6.2637725980        1.2032152494
      572.0000000000        7.6531973588        1.5969269560
      573.0000000000        9.5064739155        2.1368661163
      574.0000000000       11.9838058172        2.8451000555
      575.0000000000       15.2353148572        3.6615229237
      576.0000000000       19.2467679263        4.2816796557
      577.0000000000       23.4918421734        3.9730374488
      578.0000000000       26.6040275096        1.9467830426
      579.0000000000       26.9739291402       -1.2481690201
      580.0000000000       24.3934988325       -3.6337533600
      581.0000000000       20.3151730875       -4.2556164711
      582.0000000000       16.2538727091       -3.7531915834
      583.0000000000       12.9043296374       -2.9383075928
      584.0000000000       10.3502800156       -2.1949375341
      585.0000000000        8.4582084065       -1.6171916983
      586.0000000000        7.0648338154       -1.1920699042
      587.0000000000        6.0353386667       -0.8833107971
      588.0000000000        5.2705862995       -0.6577213904
      589.0000000000        4.7005838135       -0.4903150976
      590.0000000000        4.2765051282       -0.3634403591
      591.0000000000        3.9643157078       -0.2648500389
      592.0000000000        3.7402447234       -0.1860226150
      593.0000000000        3.5877070747       -0.1209397840
      594.0000000000        3.4952472323       -0.0652464976
      595.0000000000        3.4551788869       -0.0156818296
      596.0000000000        3.4626975347        0.0303106855
      597.0000000000        3.5153210750        0.0748583513
      598.0000000000        3.6125678536        0.1198650644
      599.0000000000        3.7558192094        0.1671790306
      600.0000000000        3.9483408515        0.2187462926
      601.0000000000        4.1973001339        0.2767937360
      602.0000000000        4.5067742092        0.3439247322
      603.0000000000        4.8892855029        0.4234967020
      604.0000000000        5.3593479492        0.5198581749
      605.0000000000        5.9365174808        0.6388372183
      606.0000000000        6.6471892649        0.7884204810
      607.0000000000        7.5272263181        0.9797602191
      608.0000000000        8.6258280536        1.2286817443
      609.0000000000       10.0112563334        1.5579388881
      610.0000000000       11.7793202535        2.0005299185
      611.0000000000       14.0658196816        2.6043145777
      612.0000000000       17.0641433064        3.4375112035
      613.0000000000       21.0477222014        4.5919339341
      614.0000000000       26.3901993752        6.1717307523
      615.0000000000       33.5529519262        8.2292456228
      616.0000000000       42.9453319398       10.5525623267
      617.0000000000       54.4405572531       12.1761986638
      618.0000000000       66.3379883442       10.9057251258
      619.0000000000       74.5401805407        4.6571577989
      620.0000000000       74.6307218828       -4.4886976835
      621.0000000000       66.5458580281      -10.8473813923
      622.0000000000       54.6538314287      -12.2140395422
      623.0000000000       43.0980891815      -10.6272118554
      624.0000000000       33.6285174005       -8.3056331806
      625.0000000000       26.3936036872       -6.2390757988
      626.0000000000       20.9886512393       -4.6498381783
      627.0000000000       16.9509152659       -3.4883706591
      628.0000000000       13.9041715951       -2.6506878827
      629.0000000000       11.5726478396       -2.0445116169
      630.0000000000        9.7611061468       -1.6011497705
      631.0000000000        8.3323103812       -1.2723966576
      632.0000000000        7.1892948414       -1.0250369542
      633.0000000000        6.2628045306       -0.8362024036
      634.0000000000        5.5027202779       -0.6900320443
      635.0000000000        4.8722624328       -0.5754011152
      636.0000000000        4.3440636442       -0.4844058701
      637.0000000000        3.8974858936       -0.4113554644
      638.0000000000        3.5167670222       -0.3520976966
      639.0000000000        3.1897243204       -0.3035638570
      640.0000000000        2.9068360917       -0.2634580210
      641.0000000000        2.6653083454       -0.2299831426
      642.0000000000        2.4497533248       -0.2019267017
      643.0000000000        2.2600133889       -0.1782023549
      644.0000000000        2.0921740313       -0.1580073783
      645.0000000000        1.9430344123       -0.1407093497
      646.0000000000        1.8099582982       -0.1258057243
      647.0000000000        1.6907598803       -0.1128939142
      648.0000000000        1.5836155331       -0.1016489226
      649.0000000000        1.4869950510       -0.0918064673
      650.0000000000        1.3996076451       -0.0831501301
      651.0000000000        1.3203592273       -0.0755014882
      652.0000000000        1.2483183967       -0.0687124701
      653.0000000000        1.1826891924       -0.0626593885
      654.0000000000        1.1227891513       -0.0572382409
      655.0000000000        1.0680315583       -0.0523609802
      656.0000000000        1.0179110383       -0.0479525272
      657.0000000000        0.9719918391       -0.0439483532
      658.0000000000        0.9298983007       -0.0402925031
      659.0000000000        0.8913071272       -0.0369359541
      660.0000000000        0.8559411660       -0.0338352288
      661.0000000000        0.8235644749       -0.0309511964
      662.0000000000        0.7939785184       -0.0282480046
      663.0000000000        0.7657482448       -0.0256762858
      664.0000000000        0.7413005099       -0.0232357040
      665.0000000000        0.7192491138       -0.0208782680
      666.0000000000        0.6995271066       -0.0185713703
      667.0000000000        0.6821010045       -0.0162804665
      668.0000000000        0.6669734337       -0.0139676098
      669.0000000000        0.6541874146       -0.0115896129
      670.0000000000        0.6438327411       -0.0090956605
      671.0000000000        0.6360551233       -0.0064241199
      672.0000000000        0.6310690676       -0.0034981816
      673.0000000000        0.6291759204       -0.0002197812
      674.0000000000        0.6307891759        0.0035390189
      675.0000000000        0.6364701730        0.0079484438
      676.0000000000        0.6469788673        0.0132391367
      677.0000000000        0.6633467724        0.0197289726
      678.0000000000        0.6869828686        0.0278631080
      679.0000000000        0.7198289257        0.0382741393
      680.0000000000        0.7645890175        0.0518722332
      681.0000000000        0.8250692775        0.0699776002
      682.0000000000        0.9066756455        0.0945044925
      683.0000000000        1.0171163131        0.1281784001
      684.0000000000        1.1672929907        0.1746561624
      685.0000000000        1.3720830664        0.2380458525
      686.0000000000        1.6497634107        0.3202584047
      687.0000000000        2.0162140686        0.4123312150
      688.0000000000        2.4651631714        0.4747373887
      689.0000000000        2.9265927953        0.4194003169
      690.0000000000        3.2359838635        0.1665793890
      691.0000000000        3.2215687067       -0.1944827005
      692.0000000000        2.8880260414       -0.4392284518
      693.0000000000        2.4106314830       -0.4875612031
      694.0000000000        1.9504681708       -0.4225733164
      695.0000000000        1.5738775543       -0.3305507811
      696.0000000000        1.2854841585       -0.2492311892
      697.0000000000        1.0690158679       -0.1868137560
      698.0000000000        0.9062454303       -0.1411842074
      699.0000000000        0.7824315466       -0.1082258012
      700.0000000000        0.6867872436       -0.0843199455
      701.0000000000        0.6116783536       -0.0667809245
      702.0000000000        0.5517372099       -0.0537257905
      703.0000000000        0.5031689842       -0.0438572681
      704.0000000000        0.4632612644       -0.0362819213
      705.0000000000        0.4300494374       -0.0303797326
      706.0000000000        0.4020905171       -0.0257155043
      707.0000000000        0.3783098760       -0.0219797640
      708.0000000000        0.3578965062       -0.0189494422
      709.0000000000        0.3402306399       -0.0164615644
      710.0000000000        0.3248331090       -0.0143954838
      711.0000000000        0.3113294634       -0.0126607469
      712.0000000000        0.2994242255       -0.0111887036
      713.0000000000        0.2888821943       -0.0099266337
      714.0000000000        0.2795147142       -0.0088335851
      715.0000000000        0.2711694801       -0.0078773870
      716.0000000000        0.2637228976       -0.0070324823
      717.0000000000        0.2570743056       -0.0062783340
      718.0000000000        0.2511415770       -0.0055982410
      719.0000000000        0.2458577487       -0.0049784474
      720.0000000000        0.2411684318       -0.0044074623
      721.0000000000        0.2370298196       -0.0038755348
      722.0000000000        0.2334071620       -0.0033742409
      723.0000000000        0.2302736109       -0.0028961517
      724.0000000000        0.2276093645       -0.0024345612
      725.0000000000        0.2254010637       -0.0019832546
      726.0000000000        0.2236414041       -0.0015363048
      727.0000000000        0.2223289438       -0.0010878832
      728.0000000000        0.2214680961       -0.0006320774
      729.0000000000        0.2210693066       -0.0001627029
      730.0000000000        0.2211494252        0.0003268996
      731.0000000000        0.2217322923        0.0008440936
      732.0000000000        0.2228495742        0.0013972163
      733.0000000000        0.2245418954        0.0019959069
      734.0000000000        0.2268603355        0.0026515136
      735.0000000000        0.2298683882        0.0033776128
      736.0000000000        0.2336445084        0.0041906785
      737.0000000000        0.2382854296        0.0051109609
      738.0000000000        0.2439104955        0.0061636541
      739.0000000000        0.2342035258        0.0075856278
      740.0000000000        0.2424788946        0.0090031252
      741.0000000000        0.2522951086        0.0106771361
      742.0000000000        0.2639409813        0.0126752966
      743.0000000000        0.2777831303        0.0150867199
      744.0000000000        0.2942913378        0.0180302619
      745.0000000000        0.3140738975        0.0216664751
      746.0000000000        0.3379275002        0.0262151128
      747.0000000000        0.3669085377        0.0319810475
      748.0000000000        0.4024362870        0.0393930133
      749.0000000000        0.4464439085        0.0490618267
      750.0000000000        0.5016012669        0.0618676688
      751.0000000000        0.5716445743        0.0790885365
      752.0000000000        0.6618594405        0.1025792130
      753.0000000000        0.7797638027        0.1349845269
      754.0000000000        0.9359794331        0.1798654648
      755.0000000000        1.1450160623        0.2412645000
      756.0000000000        1.4247932099        0.3212243899
      757.0000000000        1.7912356858        0.4115627251
      758.0000000000        2.2395302236        0.4749082786
      759.0000000000        2.7038962710        0.4261990944
      760.0000000000        3.0255300992        0.1843859644
      761.0000000000        3.0328803368       -0.1702709833
      762.0000000000        2.7229945034       -0.4171754342
      763.0000000000        2.2652307722       -0.4702635913
      764.0000000000        1.8206064360       -0.4084566258
      765.0000000000        1.4572702519       -0.3179499388
      766.0000000000        1.1811195228       -0.2372461806
      767.0000000000        0.9765214500       -0.1750071099
      768.0000000000        0.8255739380       -0.1293126383
      769.0000000000        0.7137369478       -0.0961178223
      770.0000000000        0.6303808708       -0.0718274658
      771.0000000000        0.5680168713       -0.0537591511
      772.0000000000        0.5214249118       -0.0400229052
      773.0000000000        0.4869685737       -0.0293071466
      774.0000000000        0.4621115208       -0.0206973875
      775.0000000000        0.4450898519       -0.0135452290
      776.0000000000        0.4346938556       -0.0073784546
      777.0000000000        0.4301243202       -0.0018399323
      778.0000000000        0.4308997743        0.0033545442
      779.0000000000        0.4367994470        0.0084465005
      780.0000000000        0.4009724489        0.0142416043
      781.0000000000        0.4179472145        0.0197841907
      782.0000000000        0.4407349546        0.0259104707
      783.0000000000        0.5762165531        0.0342293074
      784.0000000000        0.6144429022        0.0424593017
      785.0000000000        0.6616873499        0.0523507262
      786.0000000000        0.7198943673        0.0644993068
      787.0000000000        0.7917058976        0.0797181594
      788.0000000000        0.8807266494        0.0991403829
      789.0000000000        0.9919155941        0.1243723867
      790.0000000000        1.1321662716        0.1577230122
      791.0000000000        1.3111670803        0.2025397185
      792.0000000000        1.5426621143        0.2636745813
      793.0000000000        1.8462293846        0.3480317188
      794.0000000000        2.2495309296        0.4648597270
      795.0000000000        2.7902632031        0.6244957196
      796.0000000000        3.5145950300        0.8315426108
      797.0000000000        4.4622031886        1.0626408905
      798.0000000000        5.6156830710        1.2164049761
      799.0000000000        6.7950141300        1.0692027530
      800.0000000000        7.5824444913        0.4236323719
      801.0000000000        7.5489412288       -0.4864725782
      802.0000000000        6.7155427789       -1.0957141679
      803.0000000000        5.5271353835       -1.2112632323
      804.0000000000        4.3861886763       -1.0455547572
      805.0000000000        3.4563589496       -0.8141929964
      806.0000000000        2.7477862612       -0.6105376037
      807.0000000000        2.2191609871       -0.4545219499
      808.0000000000        1.8246649519       -0.3406284965
      809.0000000000        1.5822789892       -0.2577881934
      810.0000000000        1.3558140587       -0.1982882463
      811.0000000000        1.1804136475       -0.1547223791
      812.0000000000        1.0426457037       -0.1223757271
      813.0000000000        0.9330160584       -0.0980006456
      814.0000000000        0.8447401803       -0.0793606620
      815.0000000000        0.7729053956       -0.0649038311
      816.0000000000        0.7139046359       -0.0535409496
      817.0000000000        0.6650526648       -0.0444976513
      818.0000000000        0.6243237670       -0.0372159884
      819.0000000000        0.5901704301       -0.0312885812
      820.0000000000        0.5613964438       -0.0264141440
      821.0000000000        0.5370669418       -0.0223671073
      822.0000000000        0.5164438195       -0.0189766171
      823.0000000000        0.4989387960       -0.0161118372
      824.0000000000        0.4840788952       -0.0136715370
      825.0000000000        0.4714807754       -0.0115766284
      826.0000000000        0.4608314339       -0.0097647548
      827.0000000000        0.4518735589       -0.0081863267
      828.0000000000        0.4443943025       -0.0068015849
      829.0000000000        0.4382166009       -0.0055784054
      830.0000000000        0.4331924049       -0.0044906426
      831.0000000000        0.4291973613       -0.0035168673
      832.0000000000        0.4261266012       -0.0026393985
      833.0000000000        0.4238913831       -0.0018435533
      834.0000000000        0.4224163981       -0.0011170625
      835.0000000000        0.4216375957       -0.0004496113
      836.0000000000        0.4215004178        0.0001675239
      837.0000000000        0.4219583571        0.0007417644
      838.0000000000        0.4229717751        0.0012794611
      839.0000000000        0.4245069283        0.0017860808
      840.0000000000        0.4265351624        0.0022663578
      841.0000000000        0.4290322437        0.0027244173
      842.0000000000        0.4319778017        0.0031638765
      843.0000000000        0.4353548648        0.0035879281
      844.0000000000        0.4391494710        0.0039994092
      845.0000000000        0.4433503425        0.0044008597
      846.0000000000        0.4479486125        0.0047945698
      847.0000000000        0.4529375978        0.0051826215
      848.0000000000        0.4583126071        0.0055669231
      849.0000000000        0.4640707833        0.0059492387
      850.0000000000        0.4702109721        0.0063312138
      851.0000000000        0.4748827590        0.0067374436
      852.0000000000        0.4818126382        0.0071228825
      853.0000000000        0.4891298921        0.0075124242
      854.0000000000        0.4968393102        0.0079074357
      855.0000000000        0.5049470325        0.0083092534
      856.0000000000        0.5134605251        0.0087191951
      857.0000000000        0.5223885680        0.0091385726
      858.0000000000        0.5317412542        0.0095687021
      859.0000000000        0.5415299995        0.0100109147
      860.0000000000        0.5517675631        0.0104665671
      861.0000000000        0.5624680770        0.0109370511
      862.0000000000        0.5736470875        0.0114238039
      863.0000000000        0.5853216045        0.0119283179
      864.0000000000        0.5975101624        0.0124521516
      865.0000000000        0.6102328916        0.0129969398
      866.0000000000        0.6235115998        0.0135644048
      867.0000000000        0.6373698663        0.0141563690
      868.0000000000        0.6518331478        0.0147747671
      869.0000000000        0.6669288970        0.0154216595
      870.0000000000        0.6826866971        0.0160992481
      871.0000000000        0.6991384094        0.0168098912
      872.0000000000        0.7163183401        0.0175561224
      873.0000000000        0.7342634235        0.0183406688
      874.0000000000        0.7530134277        0.0191664734
      875.0000000000        0.7726111808        0.0200367183
      876.0000000000        0.7931028237        0.0209548512
      877.0000000000        0.8145380898        0.0219246147
      878.0000000000        0.8369706161        0.0229500792
      879.0000000000        0.8604582891        0.0240356797
      880.0000000000        0.8850636295        0.0251862569
      881.0000000000        0.9108542206        0.0264071038
      882.0000000000        0.9379031866        0.0277040182
      883.0000000000        0.9662897264        0.0290833619
      884.0000000000        0.9960997101        0.0305521280
      885.0000000000        1.0274263480        0.0321180173
      886.0000000000        1.0603709409        0.0337895251
      887.0000000000        1.0950437230        0.0355760408
      888.0000000000        1.1315648115        0.0374879612
      889.0000000000        1.1700652777        0.0395368212
      890.0000000000        1.2106883584        0.0417354432
      891.0000000000        1.2535908273        0.0440981100
      892.0000000000        1.2989445534        0.0466407647
      893.0000000000        1.3469382737        0.0493812419
      894.0000000000        1.3977796156        0.0523395366
      895.0000000000        1.4516974109        0.0555381180
      896.0000000000        1.5089443477        0.0590022962
      897.0000000000        1.5698000208        0.0627606520
      898.0000000000        1.6345744484        0.0668455431
      899.0000000000        1.7036121398        0.0712937015
      900.0000000000        1.7772968132        0.0761469419
      901.0000000000        1.8560568872        0.0814530032
      902.0000000000        1.9403718927        0.0872665539
      903.0000000000        2.0307799862        0.0936503965
      904.0000000000        2.1278867863        0.1006769176
      905.0000000000        2.2323758061        0.1084298401
      906.0000000000        2.3450208183        0.1170063510
      907.0000000000        2.4667005735        0.1265196966
      908.0000000000        2.5984163965        0.1371023656
      909.0000000000        2.7413133200        0.1489100100
      910.0000000000        2.8967055899        0.1621263048
      911.0000000000        3.0661076039        0.1769690038
      912.0000000000        3.2512716411        0.1936975316
      913.0000000000        3.4542341343        0.2126225615
      914.0000000000        3.6773727554        0.2341181801
      915.0000000000        3.9234772844        0.2586374454
      916.0000000000        4.1958381739        0.2867324304
      917.0000000000        4.4983580032        0.3190802504
      918.0000000000        4.8356927808        0.3565171338
      919.0000000000        5.2134324963        0.4000834151
      920.0000000000        5.6383337496        0.4510834905
      921.0000000000        6.1168035167        0.5111891394
      922.0000000000        6.6625927280        0.5824581567
      923.0000000000        7.2863425507        0.6676221493
      924.0000000000        8.0036307996        0.7702039265
      925.0000000000        8.8340833417        0.8948346989
      926.0000000000        9.8026792259        1.0476724683
      927.0000000000       10.9415601651        1.2370045425
      928.0000000000       12.2925710649        1.4741258635
      929.0000000000       13.9108729604        1.7746344261
      930.0000000000       15.8701465189        2.1603614677
      931.0000000000       18.2701754362        2.6622682049
      932.0000000000       21.2480060861        3.3247980176
      933.0000000000       24.9944562802        4.2123434444
      934.0000000000       29.7784412390        5.4185034499
      935.0000000000       35.9819902018        7.0780281052
      936.0000000000       44.1472808678        9.3776325972
      937.0000000000       55.0278799506       12.5486466176
      938.0000000000       69.6026250484       16.7841032010
      939.0000000000       88.9092321719       21.9221146496
      940.0000000000      113.3224198355       26.5979039448
      941.0000000000      140.6848148187       26.9198997342
      942.0000000000      163.7695908734       17.2482356412
      943.0000000000      171.7511977459       -2.2217082496
      944.0000000000      159.8716783352      -20.1499657805
      945.0000000000      135.2414948567      -27.1882753507
      946.0000000000      108.4755709699      -25.3750602132
      947.0000000000       85.5292405294      -20.3410884076
      948.0000000000       67.7640125278      -15.3190586089
      949.0000000000       54.5506477368      -11.2899757301
      950.0000000000       44.8408921856       -8.2838244709
      951.0000000000       37.7154634327       -6.0806379737
      952.0000000000       32.4886076346       -4.4522669626
      953.0000000000       28.6798107454       -3.2188882929
      954.0000000000       25.9634734993       -2.2487555011
      955.0000000000       24.1269356233       -1.4454553942
      956.0000000000       23.0417165638       -0.7350824736
      957.0000000000       22.6465063819       -0.0555959459
      958.0000000000       22.9398919021        0.6521757938
      959.0000000000       23.9817016813        1.4529487981
      960.0000000000       25.9028094738        2.4255304171
      961.0000000000       28.9186443473        3.6706484305
      962.0000000000       33.3712219378        5.3113036600
      963.0000000000       39.7128577640        7.4631814886
      964.0000000000       48.4663823519       10.1063036235
      965.0000000000       59.9278062346       12.7165071235
      966.0000000000       73.3402955506       13.5950705660
      967.0000000000       85.5587057326        9.8479451492
      968.0000000000       91.1099635830        0.5707974965
      969.0000000000       86.4937644864       -9.2902818877
      970.0000000000       74.3173952615      -14.0403402596
      971.0000000000       60.1239258494      -13.7454048919
      972.0000000000       47.5254441354      -11.3048126796
      973.0000000000       37.5653425150       -8.6663944459
      974.0000000000       30.0290379378       -6.5005577316
      975.0000000000       24.3809199695       -4.8799107313
      976.0000000000       20.1211479111       -3.7033005389
      977.0000000000       16.8660381060       -2.8524296556
      978.0000000000       14.3396677025       -2.2323309767
      979.0000000000       12.3474930460       -1.7745771304
      980.0000000000       10.7524015672       -1.4316462886
      981.0000000000        9.4569397319       -1.1708289950
      982.0000000000        8.3909788944       -0.9695294147
      983.0000000000        7.5033452429       -0.8119883589
      984.0000000000        6.7561594910       -0.6870789696
      985.0000000000        6.1209879046       -0.5868394362
      986.0000000000        5.5761990110       -0.5054949166
      987.0000000000        5.1051264932       -0.4388007438
      988.0000000000        4.6947759792       -0.3835967967
      989.0000000000        4.3349028662       -0.3375015730
      990.0000000000        4.0173463304       -0.2986995708
      991.0000000000        3.7355424226       -0.2657916874
      992.0000000000        3.4841638947       -0.2376886750
      993.0000000000        3.2588507865       -0.2135343681
      994.0000000000        3.0560067630       -0.1926497379
      995.0000000000        2.8726436115       -0.1744916846
      996.0000000000        2.7062613862       -0.1586223730
      997.0000000000        2.5547552028       -0.1446861916
      998.0000000000        2.4163421465       -0.1323922806
      999.0000000000        2.2895034963       -0.1215011660
     1000.0000000000        2.1729387132       -0.1118144507
     1001.0000000000        2.0655285361       -0.1031667996
     1002.0000000000        1.9663051836       -0.0954196634
     1003.0000000000        1.8744281404       -0.0884563274
     1004.0000000000        1.7891643623       -0.0821779803
     1005.0000000000        1.7098720018       -0.0765005727
     1006.0000000000        1.6359869543       -0.0713522910
     1007.0000000000        1.5670116790       -0.0666715149
     1008.0000000000        1.5025058647       -0.0624051564
     1009.0000000000        1.4420785984       -0.0585073024
     1010.0000000000        1.3853817668       -0.0549380987
     1011.0000000000        1.3321044712       -0.0516628300
     1012.0000000000        1.7004307757       -0.0433974786
     1013.0000000000        1.6584892422       -0.0405226268
     1014.0000000000        1.6193152069       -0.0378588122
     1015.0000000000        1.5827082037       -0.0353853191
     1016.0000000000        1.5484872627       -0.0330838126
     1017.0000000000        1.5164886938       -0.0309380198
     1018.0000000000        1.4865641631       -0.0289334592
     1019.0000000000        1.4585790200       -0.0270572102
     1020.0000000000        2.1203679272       -0.0166724440
     1021.0000000000        2.1046122684       -0.0148551113
     1022.0000000000        2.0906267543       -0.0131306604
     1023.0000000000        2.0783228378       -0.0114905656
     1024.0000000000        2.0676200846       -0.0099271100
     1025.0000000000        2.0584454125       -0.0084332916
     1026.0000000000        2.0507324186       -0.0070027406
     1027.0000000000        2.0444207840       -0.0056296479
     1028.0000000000        2.0394557455       -0.0043087016
     1029.0000000000        2.0357876261       -0.0030350323
     1030.0000000000        2.0333714177       -0.0018041641
     1031.0000000000        2.0321664094       -0.0006119720
     1032.0000000000        2.0321358555        0.0005453560
     1033.0000000000        2.0332466805        0.0016713529
     1034.0000000000        2.0354692145        0.0027693020
     1035.0000000000        2.0387769578        0.0038422643
     1036.0000000000        2.0431463701        0.0048931018
     1037.0000000000        2.0485566829        0.0059244988
     1038.0000000000        2.0549897314        0.0069389818
     1039.0000000000        2.0624298051        0.0079389361
     1040.0000000000        2.0708635152        0.0089266217
     1041.0000000000        2.0802796763        0.0099041876
     1042.0000000000        2.0906692019        0.0108736849
     1043.0000000000        2.1020250123        0.0118370781
     1044.0000000000        2.1143419540        0.0127962568
     1045.0000000000        2.1276167296        0.0137530448
     1046.0000000000        2.1418478366        0.0147092101
     1047.0000000000        2.1570355161        0.0156664731
     1048.0000000000        2.1731817093        0.0166265149
     1049.0000000000        2.1902900221        0.0175909847
     1050.0000000000        2.2083656964        0.0185615070
     1051.0000000000        2.2274155894        0.0195396887
     1052.0000000000        2.2474481588        0.0205271252
     1053.0000000000        2.2684734548        0.0215254067
     1054.0000000000        2.9778592549        0.0311733142
     1055.0000000000        3.0096257788        0.0323628987
     1056.0000000000        3.0425916740        0.0335723492
     1057.0000000000        3.0767776873        0.0348034312
     1058.0000000000        3.1122063450        0.0360579400
     1059.0000000000        3.1489019861        0.0373377063
     1060.0000000000        3.1868908005        0.0386446025
     1061.0000000000        3.2262008739        0.0399805487
     1062.0000000000        3.2668622386        0.0413475192
     1063.0000000000        3.3089069312        0.0427475488
     1064.0000000000        3.3523690557        0.0441827395
     1065.0000000000        3.3972848551        0.0456552677
     1066.0000000000        3.4436927886        0.0471673910
     1067.0000000000        3.4916336167        0.0487214560
     1068.0000000000        3.5411504945        0.0503199063
     1069.0000000000        3.5922890727        0.0519652907
     1070.0000000000        3.6450976069        0.0536602721
     1071.0000000000        3.6996270767        0.0554076372
     1072.0000000000        3.7559313142        0.0572103058
     1073.0000000000        3.8140671425        0.0590713422
     1074.0000000000        3.8740945258        0.0609939659
     1075.0000000000        3.9360767304        0.0629815641
     1076.0000000000        4.0000804993        0.0650377047
     1077.0000000000        4.0661762392        0.0671661502
     1078.0000000000        4.1344382228        0.0693708726
     1079.0000000000        4.2049448066        0.0716560700
     1080.0000000000        4.2777786652        0.0740261836
     1081.0000000000        4.3530270439        0.0764859171
     1082.0000000000        4.4307820313        0.0790402567
     1083.0000000000        4.5111408527        0.0816944935
     1084.0000000000        4.5942061869        0.0844542477
     1085.0000000000        4.6800865080        0.0873254942
     1086.0000000000        4.7688964543        0.0903145915
     1087.0000000000        4.8607572273        0.0934283125
     1088.0000000000        4.9557970222        0.0966738781
     1089.0000000000        5.0541514943        0.1000589939
     1090.0000000000        5.1559642640        0.1035918909
     1091.0000000000        5.2613874631        0.1072813692
     1092.0000000000        5.3705823279        0.1111368461
     1093.0000000000        5.4837198426        0.1151684091
     1094.0000000000        5.6009814380        0.1193868742
     1095.0000000000        5.7225597515        0.1238038495
     1096.0000000000        5.8486594536        0.1284318056
     1097.0000000000        5.9794981484        0.1332841530
     1098.0000000000        6.1153073562        0.1383753277
     1099.0000000000        6.2563335849        0.1437208861
     1100.0000000000        6.4028395017        0.1493376090
     1101.0000000000        6.5551052152        0.1552436180
     1102.0000000000        6.7134296788        0.1614585041
     1103.0000000000        6.7722703584        0.1693249875
     1104.0000000000        6.9450016607        0.1761985757
     1105.0000000000        7.1247936792        0.1834507435
     1106.0000000000        7.3120383327        0.1911085450
     1107.0000000000        7.5071557595        0.1992014046
     1108.0000000000        7.7105968100        0.2077613650
     1109.0000000000        7.9228458011        0.2168233667
     1110.0000000000        8.1444235678        0.2264255605
     1111.0000000000        8.3758908471        0.2366096615
     1112.0000000000        8.6178520366        0.2474213468
     1113.0000000000        8.8709593776        0.2589107065
     1114.0000000000        9.1359176175        0.2711327531
     1115.0000000000        9.4134892162        0.2841480018
     1116.0000000000        9.7045001705        0.2980231284
     1117.0000000000       10.0098465423        0.3128317212
     1118.0000000000       10.3305017908        0.3286551390
     1119.0000000000       10.6675250233        0.3455834945
     1120.0000000000       11.0220703002        0.3637167830
     1121.0000000000       11.3953971522        0.3831661821
     1122.0000000000       11.7888824943        0.4040555508
     1123.0000000000       12.2040341537        0.4265231655
     1124.0000000000       12.6425062683        0.4507237334
     1125.0000000000       13.1061168606        0.4768307368
     1126.0000000000       13.5968679445        0.5050391694
     1127.0000000000       14.1169685968        0.5355687409
     1128.0000000000       14.6688615051        0.5686676430
     1129.0000000000       15.2015623950        0.6052838913
     1130.0000000000       15.8261210981        0.6443907008
     1131.0000000000       16.4915211349        0.6870312479
     1132.0000000000       17.2014993512        0.7336210852
     1133.0000000000       17.9602377169        0.7846365310
     1134.0000000000       18.7724292803        0.8406253811
     1135.0000000000       19.6433559097        0.9022198469
     1136.0000000000       20.5789803024        0.9701522562
     1137.0000000000       21.5860553548        1.0452742001
     1138.0000000000       22.6722547579        1.1285800046
     1139.0000000000       23.8463296870        1.2212356607
     1140.0000000000       25.1182977484        1.3246146879
     1141.0000000000       26.4996720377        1.4403428615
     1142.0000000000       28.0037403879        1.5703543531
     1143.0000000000       29.6459078345        1.7169626706
     1144.0000000000       31.4441192535        1.8829509415
     1145.0000000000       33.4193844319        2.0716876786
     1146.0000000000       35.5964350216        2.2872764097
     1147.0000000000       38.0045527001        2.5347507107
     1148.0000000000       40.6786215223        2.8203306993
     1149.0000000000       43.6604765575        3.1517635554
     1150.0000000000       47.0006479212        3.5387801332
     1151.0000000000       50.7606379189        3.9937137356
     1152.0000000000       55.0159248311        4.5323480103
     1153.0000000000       59.8599684896        5.1750924255
     1154.0000000000       65.4096135550        5.9486317870
     1155.0000000000       71.8124671169        6.8882700885
     1156.0000000000       79.2571005346        8.0413033438
     1157.0000000000       87.9873423868        9.4719336308
     1158.0000000000       98.3225690035       11.2685108338
     1159.0000000000      110.6868792044       13.5543031447
     1160.0000000000      125.6515217471       16.5035896054
     1161.0000000000      143.9970963364       20.3655934196
     1162.0000000000      166.8048573680       25.4992343035
     1163.0000000000      195.5889954810       32.4202131173
     1164.0000000000      232.4798133005       41.8527943757
     1165.0000000000      280.4461237645       54.7436395445
     1166.0000000000      343.4564657374       72.0826368162
     1167.0000000000      426.1938213399       94.0714234138
     1168.0000000000      532.2103022112      117.6187916654
     1169.0000000000      658.3219024206      131.4156307775
     1170.0000000000      784.6658913687      114.3146692386
     1171.0000000000      872.6571440522       56.1473041250
     1172.0000000000      894.3182682636       -9.2801913475
     1173.0000000000      868.2769955688      -34.0362397859
     1174.0000000000      842.1630492673      -11.9402364741
     1175.0000000000      852.9325296143       35.9657535791
     1176.0000000000      916.0602188373       89.7548750024
     1177.0000000000     1027.4366289352      127.9879841609
     1178.0000000000     1155.5163883804      116.6340056557
     1179.0000000000     1234.4630009090       29.0765597234
     1180.0000000000     1200.3333523593      -96.4067765339
     1181.0000000000     1057.4582839202     -177.1120732572
     1182.0000000000      870.1487015466     -187.7938794795
     1183.0000000000      694.5786160033     -160.0451222596
     1184.0000000000      552.5091313013     -124.2794676206
     1185.0000000000      444.3278718814      -93.2636380933
     1186.0000000000      363.5294049363      -69.5064102311
     1187.0000000000      303.2120681352      -52.0448169155
     1188.0000000000      257.8709725858      -39.2992869198
     1189.0000000000      223.4985791777      -29.9108189880
     1190.0000000000      197.2690745369      -22.8730496732
     1191.0000000000      177.2079720438      -17.4758531628
     1192.0000000000      161.9375772514      -13.2228022008
     1193.0000000000      150.4989988633       -9.7630083092
     1194.0000000000      142.2326812066       -6.8418783446
     1195.0000000000      136.7003132156       -4.2667671676
     1196.0000000000      133.6356783518       -1.8827006583
     1197.0000000000      132.9164259821        0.4457597254
     1198.0000000000      134.5521925802        2.8495254357
     1199.0000000000      138.6872094303        5.4693347606
     1200.0000000000      145.6179127130        8.4718095003
     1201.0000000000      155.8285495831       12.0698835434
     1202.0000000000      170.0507723604       16.5509943078
     1203.0000000000      189.3570823593       22.3173887641
     1204.0000000000      215.3026344971       29.9432340716
     1205.0000000000      250.1334099855       40.2496310447
     1206.0000000000      297.0726512345       54.3798987182
     1207.0000000000      360.6522814358       73.7887703477
     1208.0000000000      446.8809753641       99.8438182692
     1209.0000000000      562.4963551291      132.1743136296
     1210.0000000000      711.2203571311      163.9699697540
     1211.0000000000      883.2590549289      173.5603027939
     1212.0000000000     1038.6051905904      124.6485520088
     1213.0000000000     1108.6544685803        7.1594370997
     1214.0000000000     1051.0161519011     -115.7210820446
     1215.0000000000      899.8579679072     -173.8327771607
     1216.0000000000      724.5287645989     -169.4453829771
     1217.0000000000      569.4789761867     -138.8976045651
     1218.0000000000      447.2793138994     -106.1609249722
     1219.0000000000      355.0970437046      -79.3812889223
     1220.0000000000      286.2365296393      -59.3851256888
     1221.0000000000      234.4915121458      -44.8932454382
     1222.0000000000      195.1102074195      -34.4321455836
     1223.0000000000      164.6802053540      -26.8234127224
     1224.0000000000      140.7980568032      -21.2192856959
     1225.0000000000      121.7715325939      -17.0315030184
     1226.0000000000      106.3991905938      -13.8554047414
     1227.0000000000       94.1004942928      -11.4080609914
     1228.0000000000       83.6839431286       -9.5017572902
     1229.0000000000       74.9640187110       -7.9956186604
     1230.0000000000       67.5923566596       -6.7914138643
     1231.0000000000       61.3044794464       -5.8179642431
     1232.0000000000       55.8970760687       -5.0230110109
     1233.0000000000       51.2120159943       -4.3676981330
     1234.0000000000       47.1249563102       -3.8227855395
     1235.0000000000       43.5371195800       -3.3660180245
     1236.0000000000       40.3692875015       -2.9802745826
     1237.0000000000       37.5573620100       -2.6522509497
     1238.0000000000       35.0490484054       -2.3715107594
     1239.0000000000       32.8013508748       -2.1297945177
     1240.0000000000       30.7786626862       -1.9205109608
     1241.0000000000       28.9512962264       -1.7383588523
     1242.0000000000       27.2943416003       -1.5790430559
     1243.0000000000       25.7867729700       -1.4390594330
     1244.0000000000       24.4107433661       -1.3155304699
     1245.0000000000       23.1510240879       -1.2060786385
     1246.0000000000       21.9945559221       -1.1087280687
     1247.0000000000       20.9300874893       -1.0218276388
     1248.0000000000       19.9478819701       -0.9439903987
     1249.0000000000       19.0394778647       -0.8740455376
     1250.0000000000       18.1974927267       -0.8110000593
     1251.0000000000       17.4154612855       -0.7540080183
     1252.0000000000       16.6877012502       -0.7023456842
     1253.0000000000       16.0092015205       -0.6553913818
     1254.0000000000       15.3755286305       -0.6126090422
     1255.0000000000       14.7827481075       -0.5735347143
     1256.0000000000       14.2273580869       -0.5377654523
     1257.0000000000       13.7062330492       -0.5049501184
     1258.0000000000       13.2165759511       -0.4747817371
     1259.0000000000       12.7558773480       -0.4469911148
     1260.0000000000       12.3218803647       -0.4213414913
     1261.0000000000       11.9125505748       -0.3976240418
     1262.0000000000       11.5260500177       -0.3756540779
     1263.0000000000       11.1607147153       -0.3552678298
     1264.0000000000       10.8150351579       -0.3363197097
     1265.0000000000       10.4876393201       -0.3186799779
     1266.0000000000       10.1772778368       -0.3022327457
     1267.0000000000        9.8828110309       -0.2868742614
     1268.0000000000        9.6031975322       -0.2725114348
     1269.0000000000        9.3374842682       -0.2590605633
     1270.0000000000        9.0847976409       -0.2464462299
     1271.0000000000        8.8443357307       -0.2346003458
     1272.0000000000        8.7441673342       -0.2218482716
     1273.0000000000        8.5276304008       -0.2113296004
     1274.0000000000        8.3213083302       -0.2014104914
     1275.0000000000        8.1246249879       -0.1920448089
     1276.0000000000        7.9370482935       -0.1831905049
     1277.0000000000        7.7580863518       -0.1748091890
     1278.0000000000        7.5872839898       -0.1668657480
     1279.0000000000        7.4242196508       -0.1593280098
     1280.0000000000        7.2685026051       -0.1521664460
     1281.0000000000        7.1197704410       -0.1453539070
     1282.0000000000        6.9776868064       -0.1388653865
     1283.0000000000        6.8419393719       -0.1326778121
     1284.0000000000        6.7122379933       -0.1267698568
     1285.0000000000        6.5883130509       -0.1211217715
     1286.0000000000        6.4699139486       -0.1157152341
     1287.0000000000        6.3568077567       -0.1105332133
     1288.0000000000        6.2487779824       -0.1055598467
     1289.0000000000        6.1456234575       -0.1007803296
     1290.0000000000        6.0471573318       -0.0961808154
     1291.0000000000        5.9532061612       -0.0917483238
     1292.0000000000        5.8636090833       -0.0874706584
     1293.0000000000        5.7782170723       -0.0833363303
     1294.0000000000        5.6968922669       -0.0793344886
     1295.0000000000        5.6195073643       -0.0754548565
     1296.0000000000        5.5459450764       -0.0716876721
     1297.0000000000        5.4760976428       -0.0680236331
     1298.0000000000        5.4098663970       -0.0644538458
     1299.0000000000        5.3471613820       -0.0609697769
     1300.0000000000        5.2879010128       -0.0575632083
     1301.0000000000        5.2320117833       -0.0542261937
     1302.0000000000        5.1794280146       -0.0509510180
     1303.0000000000        5.1300916441       -0.0477301571
     1304.0000000000        5.0839520539       -0.0445562398
     1305.0000000000        5.0409659362       -0.0414220101
     1306.0000000000        5.0010971975       -0.0383202902
     1307.0000000000        4.9643168982       -0.0352439432
     1308.0000000000        4.9306032308       -0.0321858360
     1309.0000000000        4.8999415344       -0.0291388018
     1310.0000000000        4.8723243481       -0.0260956012
     1311.0000000000        4.8477515032       -0.0230488822
     1312.0000000000        4.8262302564       -0.0199911387
     1313.0000000000        4.8077754658       -0.0169146670
     1314.0000000000        4.7924098114       -0.0138115187
     1315.0000000000        4.7801640641       -0.0106734519
     1316.0000000000        4.7710774055       -0.0074918778
     1317.0000000000        4.7651978035       -0.0042578032
     1318.0000000000        4.7625824469       -0.0009617677
     1319.0000000000        4.7632982469        0.0024062243
     1320.0000000000        4.7674224088        0.0058567791
     1321.0000000000        4.7750430838        0.0094011964
     1322.0000000000        4.7862601078        0.0130515620
     1323.0000000000        4.8011858374        0.0168208496
     1324.0000000000        4.8199460940        0.0207230356
     1325.0000000000        4.8426812297        0.0247732273
     1326.0000000000        4.8695473288        0.0289878074
     1327.0000000000        4.9007175629        0.0333845967
     1328.0000000000        4.9363837191        0.0379830379
     1329.0000000000        4.9767579245        0.0428044053
     1330.0000000000        5.0220745935        0.0478720419
     1331.0000000000        5.0725926296        0.0532116308
     1332.0000000000        4.7183939344        0.0639504600
     1333.0000000000        4.7852539815        0.0698280781
     1334.0000000000        4.8581729387        0.0760743699
     1335.0000000000        4.9375384220        0.0827279114
     1336.0000000000        5.0237787934        0.0898317171
     1337.0000000000        5.1173679086        0.0974338734
     1338.0000000000        5.2188305490        0.1055882779
     1339.0000000000        5.3287486517        0.1143554998
     1340.0000000000        4.7696934431        0.1322439239
     1341.0000000000        4.9068958233        0.1422947888
     1342.0000000000        5.0545660114        0.1531950219
     1343.0000000000        5.2136018969        0.1650438056
     1344.0000000000        5.3850073145        0.1779542039
     1345.0000000000        5.5699070600        0.1920554998
     1346.0000000000        5.7695644646        0.2074959902
     1347.0000000000        5.9854020351        0.2244463418
     1348.0000000000        6.2190257838        0.2431036397
     1349.0000000000        6.4722540192        0.2636962892
     1350.0000000000        6.7471515500        0.2864899816
     1351.0000000000        7.0460704948        0.3117949877
     1352.0000000000        7.3716991865        0.3399751198
     1353.0000000000        7.7271210514        0.3714588014
     1354.0000000000        8.1158858449        0.4067528173
     1355.0000000000        8.5420962777        0.4464594899
     1356.0000000000        9.0105139315        0.4912982681
     1357.0000000000        9.5266894986        0.5421330354
     1358.0000000000       10.0971238935        0.6000068854
     1359.0000000000       10.7294688271        0.6661867217
     1360.0000000000       11.4327781828        0.7422208870
     1361.0000000000       12.2178253077        0.8300142157
     1362.0000000000       13.0975065145        0.9319265943
     1363.0000000000       14.0873583158        1.0509035334
     1364.0000000000       15.2062260552        1.1906507583
     1365.0000000000       16.4771360051        1.3558699461
     1366.0000000000       17.9284436686        1.5525803191
     1367.0000000000       19.5953610099        1.7885621245
     1368.0000000000       21.5220093378        2.0739751568
     1369.0000000000       23.7642098574        2.4222316142
     1370.0000000000       26.3933218895        2.8512428830
     1371.0000000000       29.5015873340        3.3852224186
     1372.0000000000       33.2096673019        4.0573244459
     1373.0000000000       37.6774068780        4.9135498373
     1374.0000000000       42.4479786623        6.0269212576
     1375.0000000000       49.1646142571        7.4727454305
     1376.0000000000       57.5507116493        9.3922636525
     1377.0000000000       68.1703288164       11.9782185370
     1378.0000000000       81.8212456694       15.5104814018
     1379.0000000000       99.6383322954       20.3888054622
     1380.0000000000      123.2265508289       27.1539217158
     1381.0000000000      154.7847128035       36.4285592499
     1382.0000000000      197.0505266965       48.5617054486
     1383.0000000000      252.5315874240       62.4283646140
     1384.0000000000      320.7676771539       72.5997741393
     1385.0000000000      392.2913748911       66.3323470870
     1386.0000000000      443.3193991377       30.6046560634
     1387.0000000000      446.8823898300      -23.9081383538
     1388.0000000000      400.8113792622      -63.3816631482
     1389.0000000000      330.4395144380      -72.9155202310
     1390.0000000000      261.1234415616      -63.9800720452
     1391.0000000000      204.0167517200      -50.1458041992
     1392.0000000000      160.3277882520      -37.6692646656
     1393.0000000000      127.7160410373      -28.0291022350
     1394.0000000000      103.4060241692      -20.9709420074
     1395.0000000000       85.1205894095      -15.8766396397
     1396.0000000000       71.1857120382      -12.1884081269
     1397.0000000000       60.4156149009       -9.4888167515
     1398.0000000000       51.9773799574       -7.4843310124
     1399.0000000000       45.2834163600       -5.9725212882
     1400.0000000000       39.9150608619       -4.8139368854
     1401.0000000000       35.5703826784       -3.9117739406
     1402.0000000000       32.0289232546       -3.1980193593
     1403.0000000000       29.1278465832       -2.6241946294
     1404.0000000000       26.7456953862       -2.1551883048
     1405.0000000000       24.7912275194       -1.7651201349
     1406.0000000000       23.1956767540       -1.4345344650
     1407.0000000000       21.9073543396       -1.1484642243
     1408.0000000000       20.8878809971       -0.8950660546
     1409.0000000000       20.1095837362       -0.6646288142
     1410.0000000000       19.5537551816       -0.4488216270
     1411.0000000000       19.2095856483       -0.2400868672
     1412.0000000000       19.0736603894       -0.0311060130
     1413.0000000000       19.1499804089        0.1857232986
     1414.0000000000       19.4505259676        0.4188604513
     1415.0000000000       19.9964474488        0.6783167544
     1416.0000000000       20.8200498504        0.9765661694
     1417.0000000000       21.9678495139        1.3298059157
     1418.0000000000       23.5051458742        1.7597663151
     1419.0000000000       25.5227978219        2.2963713839
     1420.0000000000       28.1472670253        2.9817031772
     1421.0000000000       31.5555408612        3.8759238021
     1422.0000000000       35.9973025777        5.0659955813
     1423.0000000000       41.8275443972        6.6779099770
     1424.0000000000       49.5529646587        8.8915905529
     1425.0000000000       59.8920792324       11.9510883532
     1426.0000000000       73.8325797161       16.1404627848
     1427.0000000000       92.6127016516       21.6308514207
     1428.0000000000      117.3928165154       27.9569427029
     1429.0000000000      148.0605305095       32.7608097444
     1430.0000000000      180.5371282084       30.3683849487
     1431.0000000000      204.2352813325       14.6680936397
     1432.0000000000      206.6839750713      -10.0908519088
     1433.0000000000      186.2656993649      -28.5855859056
     1434.0000000000      154.2276713802      -33.4202160347
     1435.0000000000      122.3261133209      -29.5473629196
     1436.0000000000       95.8951789118      -23.2562468673
     1437.0000000000       75.6034555275      -17.5226494339
     1438.0000000000       60.4127487459      -13.0763172218
     1439.0000000000       49.0536484746       -9.8171323083
     1440.0000000000       40.4766428165       -7.4648145016
     1441.0000000000       33.9079523805       -5.7629647270
     1442.0000000000       28.7987538018       -4.5189127645
     1443.0000000000       24.7632089232       -3.5970063385
     1444.0000000000       21.5288598366       -2.9037007462
     1445.0000000000       18.9012843896       -2.3746112094
     1446.0000000000       16.7399175526       -1.9651181557
     1447.0000000000       14.9417026922       -1.6439582587
     1448.0000000000       13.4300202481       -1.3889447262
     1449.0000000000       12.1471308219       -1.1841202775
     1450.0000000000       11.0489601673       -1.0178542752
     1451.0000000000       10.1014556261       -0.8815594367
     1452.0000000000        9.2780077245       -0.7688167465
     1453.0000000000        8.5576021802       -0.6747715157
     1454.0000000000        7.9234789132       -0.5957114272
     1455.0000000000        7.3621473270       -0.5287681192
     1456.0000000000        6.8626549695       -0.4717036265
     1457.0000000000        6.4160385117       -0.4227557955
     1458.0000000000        6.0149073858       -0.3805251613
     1459.0000000000        5.6531249841       -0.3438913014
     1460.0000000000        5.3255623412       -0.3119503726
     1461.0000000000        5.0279061855       -0.2839680277
     1462.0000000000        4.7565081495       -0.2593436082
     1463.0000000000        4.5082654092       -0.2375826835
     1464.0000000000        4.2805255173       -0.2182758227
     1465.0000000000        4.0710100114       -0.2010820582
     1466.0000000000        3.8777526941       -0.1857159141
     1467.0000000000        3.6990494634       -0.1719371595
     1468.0000000000        3.5334172943       -0.1595426619
     1469.0000000000        3.3795605174       -0.1483598717
     1470.0000000000        3.2363429517       -0.1382415790
     1471.0000000000        3.1027647596       -0.1290616716
     1472.0000000000        2.9779431324       -0.1207116848
     1473.0000000000        2.8610961011       -0.1130979800
     1474.0000000000        2.7515289054       -0.1061394279
     1475.0000000000        2.6486224719       -0.0997654953
     1476.0000000000        2.5518236344       -0.0939146596
     1477.0000000000        2.4606368039       -0.0885330892
     1478.0000000000        2.3746168452       -0.0835735396
     1479.0000000000        2.2933629661       -0.0789944279
     1480.0000000000        2.2165134574       -0.0747590524
     1481.0000000000        2.1437411496       -0.0708349337
     1482.0000000000        2.0747494785       -0.0671932552
     1483.0000000000        2.0092690666       -0.0638083869
     1484.0000000000        1.9470547447       -0.0606574795
     1485.0000000000        1.8878829501       -0.0577201158
     1486.0000000000        1.8315494473       -0.0549780120
     1487.0000000000        1.7778673272       -0.0524147599
     1488.0000000000        1.7266652448       -0.0500156046
     1489.0000000000        1.6777858650       -0.0477672515
     1490.0000000000        1.6310844876       -0.0456576992
     1491.0000000000        1.5864278290       -0.0436760936
     1492.0000000000        1.5436929395       -0.0418126008
     1493.0000000000        1.5027662404       -0.0400582959
     1494.0000000000        1.4635426643       -0.0384050655
     1495.0000000000        1.4259248877       -0.0368455219
     1496.0000000000        1.3898226439       -0.0353729278
     1497.0000000000        1.3551521059       -0.0339811299
     1498.0000000000        1.3218353335       -0.0326644996
     1499.0000000000        1.2897997741       -0.0314178814
     1500.0000000000        1.2589778138       -0.0302365465
     1501.0000000000        1.2293063718       -0.0291161513
     1502.0000000000        1.2007265330       -0.0280527014
     1503.0000000000        1.1731832166       -0.0270425185
     1504.0000000000        1.1466248737       -0.0260822115
     1505.0000000000        1.1210032144       -0.0251686500
     1506.0000000000        1.0962729584       -0.0242989415
     1507.0000000000        1.0723916081       -0.0234704094
     1508.0000000000        1.0493192422       -0.0226805753
     1509.0000000000        1.0270183262       -0.0219271407
     1510.0000000000        1.0054535403       -0.0212079727
     1511.0000000000        0.9845916207       -0.0205210897
     1512.0000000000        0.9644012151       -0.0198646484
     1513.0000000000        0.9448527497       -0.0192369335
     1514.0000000000        0.9259183067       -0.0186363463
     1515.0000000000        0.9075715125       -0.0180613961
     1516.0000000000        0.8897874337       -0.0175106914
     1517.0000000000        0.8725424821       -0.0169829322
     1518.0000000000        0.8558143269       -0.0164769029
     1519.0000000000        0.8395818131       -0.0159914659
     1520.0000000000        0.8238248867       -0.0155255561
     1521.0000000000        0.8085245254       -0.0150781748
     1522.0000000000        0.7936626738       -0.0146483854
     1523.0000000000        0.7792221842       -0.0142353087
     1524.0000000000        0.7651867613       -0.0138381187
     1525.0000000000        0.7515409105       -0.0134560390
     1526.0000000000        0.7382698904       -0.0130883392
     1527.0000000000        0.7253596686       -0.0127343315
     1528.0000000000        0.7127968797       -0.0123933683
     1529.0000000000        0.7005687878       -0.0120648389
     1530.0000000000        0.6886632496       -0.0117481675
     1531.0000000000        0.6770686816       -0.0114428105
     1532.0000000000        0.6657740285       -0.0111482545
     1533.0000000000        0.6547687343       -0.0108640144
     1534.0000000000        0.6440427143       -0.0105896315
     1535.0000000000        0.6335863303       -0.0103246720
     1536.0000000000        0.6233903664       -0.0100687249
     1537.0000000000        0.6134460062       -0.0098214014
     1538.0000000000        0.6037448123       -0.0095823325
     1539.0000000000        0.5942787063       -0.0093511689
     1540.0000000000        0.5850399501       -0.0091275789
     1541.0000000000        0.5760211289       -0.0089112478
     1542.0000000000        0.5672151347       -0.0087018765
     1543.0000000000        0.5586151507       -0.0084991813
     1544.0000000000        0.5502146369       -0.0083028922
     1545.0000000000        0.5420073166       -0.0081127525
     1546.0000000000        0.5339871636       -0.0079285179
     1547.0000000000        0.2462661793       -0.0042631036
     1548.0000000000        0.2420577713       -0.0041543370
     1549.0000000000        0.2379562829       -0.0040492379
     1550.0000000000        0.2339581242       -0.0039476529
     1551.0000000000        0.2300598543       -0.0038494365
     1552.0000000000        0.2262581746       -0.0037544501
     1553.0000000000        0.2225499213       -0.0036625623
     1554.0000000000        0.2189320591       -0.0035736476
     1555.0000000000        0.2154016749       -0.0034875869
     1556.0000000000        0.2119559719       -0.0034042666
     1557.0000000000        0.2085922644       -0.0033235784
     1558.0000000000        0.2053079720       -0.0032454194
     1559.0000000000        0.2021006153       -0.0031696913
     1560.0000000000        0.1989678105       -0.0030963002
     1561.0000000000        0.1959072657       -0.0030251568
     1562.0000000000        0.1929167762       -0.0029561756
     1563.0000000000        0.1899942209       -0.0028892753
     1564.0000000000        0.1871375581       -0.0028243779
     1565.0000000000        0.1843448223       -0.0027614090
     1566.0000000000        0.1816141209       -0.0027002976
     1567.0000000000        0.1789436307       -0.0026409757
     1568.0000000000        0.1763315947       -0.0025833783
     1569.0000000000        0.1737763200       -0.0025274432
     1570.0000000000        0.1712761741       -0.0024731109
     1571.0000000000        0.1688295829       -0.0024203244
     1572.0000000000        0.1664350283       -0.0023690291
     1573.0000000000        0.1640910452       -0.0023191727
     1574.0000000000        0.1617962199       -0.0022707052
     1575.0000000000        0.1595491878       -0.0022235786
     1576.0000000000        0.1573486312       -0.0021777467
     1577.0000000000        0.1551932776       -0.0021331655
     1578.0000000000        0.1530818975       -0.0020897926
     1579.0000000000        0.1510133032       -0.0020475873
     1580.0000000000        0.1489863467       -0.0020065107
     1581.0000000000        0.1469999182       -0.0019665252
     1582.0000000000        0.1450529446       -0.0019275948
     1583.0000000000        0.1431443883       -0.0018896851
     1584.0000000000        0.1412732453       -0.0018527628
     1585.0000000000        0.1394385443       -0.0018167959
     1586.0000000000        0.1376393453       -0.0017817537
     1587.0000000000        0.1358747384       -0.0017476068
     1588.0000000000        0.1341438427       -0.0017143267
     1589.0000000000        0.1324458051       -0.0016818861
     1590.0000000000        0.1307797994       -0.0016502588
     1591.0000000000        0.1291450250       -0.0016194193
     1592.0000000000        0.0000000000        0.0000000000
     1593.0000000000        0.0000000000        0.0000000000
     1594.0000000000        0.0000000000        0.0000000000
     1595.0000000000        0.0000000000        0.0000000000
     1596.0000000000        0.0000000000        0.0000000000
     1597.0000000000        0.0000000000        0.0000000000
     1598.0000000000        0.0000000000        0.0000000000
     1599.0000000000        0.0000000000        0.0000000000
     1600.0000000000        0.0000000000        0.0000000000
     1601.0000000000        0.0000000000        0.0000000000
     1602.0000000000        0.0000000000        0.0000000000
     1603.0000000000        0.0000000000        0.0000000000
     1604.0000000000        0.0000000000        0.0000000000
     1605.0000000000        0.0000000000        0.0000000000
     1606.0000000000        0.0000000000        0.0000000000
     1607.0000000000        0.0000000000        0.0000000000
     1608.0000000000        0.0000000000        0.0000000000
     1609.0000000000        0.0000000000        0.0000000000
     1610.0000000000        0.0000000000        0.0000000000
     1611.0000000000        0.0000000000        0.0000000000
     1612.0000000000        0.0000000000        0.0000000000
     1613.0000000000        0.0000000000        0.0000000000
     1614.0000000000        0.0000000000        0.0000000000
     1615.0000000000        0.0000000000        0.0000000000
     1616.0000000000        0.0000000000        0.0000000000
     1617.0000000000        0.0000000000        0.0000000000
     1618.0000000000        0.0000000000        0.0000000000
     1619.0000000000        0.1158200723        0.0014473390
     1620.0000000000        0.1172810873        0.0014748056
     1621.0000000000        0.1187699166        0.0015029715
     1622.0000000000        0.1202872708        0.0015318590
     1623.0000000000        0.1218338829        0.0015614914
     1624.0000000000        0.1234105099        0.0015918929
     1625.0000000000        0.1250179334        0.0016230885
     1626.0000000000        0.1266569604        0.0016551044
     1627.0000000000        0.1283284247        0.0016879678
     1628.0000000000        0.1300331878        0.0017217067
     1629.0000000000        0.1317721397        0.0017563506
     1630.0000000000        0.1335462008        0.0017919300
     1631.0000000000        0.1353563221        0.0018284767
     1632.0000000000        0.1372034876        0.0018660238
     1633.0000000000        0.1390887146        0.0019046057
     1634.0000000000        0.1410130558        0.0019442583
     1635.0000000000        0.1429776006        0.0019850191
     1636.0000000000        0.1449834763        0.0020269269
     1637.0000000000        0.1470318502        0.0020700224
     1638.0000000000        0.1491239311        0.0021143481
     1639.0000000000        0.1512609710        0.0021599479
     1640.0000000000        0.1534442671        0.0022068682
     1641.0000000000        0.1556751636        0.0022551570
     1642.0000000000        0.1579550540        0.0023048645
     1643.0000000000        0.1602853830        0.0023560432
     1644.0000000000        0.1626676490        0.0024087480
     1645.0000000000        0.1651034067        0.0024630361
     1646.0000000000        0.1675942689        0.0025189674
     1647.0000000000        0.1701419101        0.0025766045
     1648.0000000000        0.1727480684        0.0026360131
     1649.0000000000        0.1754145494        0.0026972615
     1650.0000000000        0.1781432285        0.0027604215
     1651.0000000000        0.1809360547        0.0028255684
     1652.0000000000        0.1837950538        0.0028927808
     1653.0000000000        0.1867223323        0.0029621412
     1654.0000000000        0.1897200810        0.0030337361
     1655.0000000000        0.1927905795        0.0031076561
     1656.0000000000        0.1959362000        0.0031839965
     1657.0000000000        0.1991594124        0.0032628569
     1658.0000000000        0.2024627888        0.0033443423
     1659.0000000000        0.2058490086        0.0034285627
     1660.0000000000        0.2093208644        0.0035156338
     1661.0000000000        0.2128812670        0.0036056772
     1662.0000000000        0.2165332521        0.0036988208
     1663.0000000000        0.2202799867        0.0037951991
     1664.0000000000        0.2241247756        0.0038949536
     1665.0000000000        0.2280710689        0.0039982335
     1666.0000000000        0.2321224699        0.0041051958
     1667.0000000000        0.2362827431        0.0042160061
     1668.0000000000        0.2405558228        0.0043308388
     1669.0000000000        0.2449458227        0.0044498781
     1670.0000000000        0.2494570457        0.0045733182
     1671.0000000000        0.2540939944        0.0047013645
     1672.0000000000        0.2588613822        0.0048342335
     1673.0000000000        0.2637641453        0.0049721545
     1674.0000000000        0.2688074557        0.0051153696
     1675.0000000000        0.2739967345        0.0052641353
     1676.0000000000        0.2793376668        0.0054187230
     1677.0000000000        0.2848362167        0.0055794200
     1678.0000000000        0.2904986446        0.0057465311
     1679.0000000000        0.2963315244        0.0059203793
     1680.0000000000        0.3023417630        0.0061013074
     1681.0000000000        0.3085366202        0.0062896793
     1682.0000000000        0.3149237314        0.0064858815
     1683.0000000000        0.3215111300        0.0066903250
     1684.0000000000        0.3283072737        0.0069034467
     1685.0000000000        0.3353210708        0.0071257117
     1686.0000000000        0.3425619097        0.0073576155
     1687.0000000000        0.3500396902        0.0075996858
     1688.0000000000        0.3577648574        0.0078524856
     1689.0000000000        0.3657484377        0.0081166156
     1690.0000000000        0.3740020786        0.0083927172
     1691.0000000000        0.3825380907        0.0086814761
     1692.0000000000        0.3913694937        0.0089836253
     1693.0000000000        0.4005100657        0.0092999495
     1694.0000000000        0.4099743972        0.0096312893
     1695.0000000000        0.4197779490        0.0099785455
     1696.0000000000        0.4299371150        0.0103426846
     1697.0000000000        0.4404692910        0.0107247446
     1698.0000000000        0.4513929485        0.0111258405
     1699.0000000000        0.4627277161        0.0115471718
     1700.0000000000        0.4744944666        0.0119900298
     1701.0000000000        0.4867154137        0.0124558057
     1702.0000000000        0.4994142162        0.0129460001
     1703.0000000000        0.5126160919        0.0134622327
     1704.0000000000        0.5263479429        0.0140062540
     1705.0000000000        0.5406384922        0.0145799574
     1706.0000000000        0.5555184331        0.0151853929
     1707.0000000000        0.5710205939        0.0158247827
     1708.0000000000        0.5871801182        0.0165005384
     1709.0000000000        0.6040346634        0.0172152796
     1710.0000000000        0.6216246195        0.0179718554
     1711.0000000000        0.6399933502        0.0187733683
     1712.0000000000        0.6591874591        0.0196232004
     1713.0000000000        0.6792570844        0.0205250440
     1714.0000000000        0.7002562250        0.0214829342
     1715.0000000000        0.7222431025        0.0225012876
     1716.0000000000        0.7452805628        0.0235849443
     1717.0000000000        0.7694365237        0.0247392162
     1718.0000000000        0.7947844732        0.0259699415
     1719.0000000000        0.8214040259        0.0272835463
     1720.0000000000        0.8493815456        0.0286871151
     1721.0000000000        0.8788108423        0.0301884702
     1722.0000000000        0.9097939548        0.0317962631
     1723.0000000000        0.9424420310        0.0335200788
     1724.0000000000        0.9768763193        0.0353705548
     1725.0000000000        1.0132292882        0.0373595185
     1726.0000000000        1.0516458937        0.0395001453
     1727.0000000000        1.0922850155        0.0418071402
     1728.0000000000        1.1353210901        0.0442969493
     1729.0000000000        1.1809459709        0.0469880044
     1730.0000000000        1.2293710526        0.0499010074
     1731.0000000000        1.2808297033        0.0530592627
     1732.0000000000        1.3355800560        0.0564890664
     1733.0000000000        1.3939082226        0.0602201621
     1734.0000000000        1.4561320026        0.0642862788
     1735.0000000000        1.5226051777        0.0687257666
     1736.0000000000        1.5937224979        0.0735823490
     1737.0000000000        1.6699254909        0.0789060206
     1738.0000000000        1.7517092520        0.0847541171
     1739.0000000000        1.8396304080        0.0911926001
     1740.0000000000        1.9343164925        0.0982976038
     1741.0000000000        2.0364770232        0.1061573055
     1742.0000000000        2.1469166447        0.1148741980
     1743.0000000000        2.2665507835        0.1245678633
     1744.0000000000        2.3964243803        0.1353783745
     1745.0000000000        2.5377344035        0.1474704898
     1746.0000000000        2.6918570400        0.1610388513
     1747.0000000000        2.8603806988        0.1763144658
     1748.0000000000        3.0451462839        0.1935728314
     1749.0000000000        3.2482966120        0.2131441930
     1750.0000000000        3.4723374093        0.2354265683
     1751.0000000000        3.7202130691        0.2609024098
     1752.0000000000        3.9954013608        0.2901600725
     1753.0000000000        4.3020326552        0.3239216885
     1754.0000000000        4.6450411155        0.3630796567
     1755.0000000000        5.0303579221        0.4087448203
     1756.0000000000        5.4651602547        0.4623106585
     1757.0000000000        5.9581949382        0.5255396342
     1758.0000000000        6.5202030484        0.6006805240
     1759.0000000000        7.1644824674        0.6906295461
     1760.0000000000        7.9076409861        0.7991541090
     1761.0000000000        8.7706156232        0.9312071407
     1762.0000000000        9.7800683025        1.0933739976
     1763.0000000000       10.9703201053        1.2945156942
     1764.0000000000       12.3860657375        1.5467060634
     1765.0000000000       14.0862319114        1.8666132156
     1766.0000000000       16.1495315297        2.2775570501
     1767.0000000000       18.6825544016        2.8125964327
     1768.0000000000       21.8316696449        3.5191686908
     1769.0000000000       25.8006333707        4.4659919351
     1770.0000000000       30.8765525977        5.7529792514
     1771.0000000000       37.4673456624        7.5241537926
     1772.0000000000       46.1523783934        9.9798098562
     1773.0000000000       57.7387900970       13.3707053851
     1774.0000000000       73.2816648151       17.9156033337
     1775.0000000000       93.9218237125       23.4782465674
     1776.0000000000      120.1503886138       28.6840165616
     1777.0000000000      149.8525081158       29.4706588744
     1778.0000000000      175.4961901250       19.6438901345
     1779.0000000000      185.2673202938       -1.2618993597
     1780.0000000000      173.2604353353      -21.3538390252
     1781.0000000000      146.6214221328      -29.7941896999
     1782.0000000000      117.0481996504      -28.2293048356
     1783.0000000000       91.3970878887      -22.8471797957
     1784.0000000000       71.3591397394      -17.3623293577
     1785.0000000000       56.3045576091      -12.9477994053
     1786.0000000000       45.0814821661       -9.6714855641
     1787.0000000000       36.6593941957       -7.3019647398
     1788.0000000000       30.2582902836       -5.5922144954
     1789.0000000000       25.3202853137       -4.3483875786
     1790.0000000000       21.4528592436       -3.4319428598
     1791.0000000000       18.3795771011       -2.7469503385
     1792.0000000000       15.9040225732       -2.2274337069
     1793.0000000000       13.8848953914       -1.8278106437
     1794.0000000000       12.2191403592       -1.5162758603
     1795.0000000000       10.8305396485       -1.2703621788
     1796.0000000000        9.6619512162       -1.0739875576
     1797.0000000000        8.6699740409       -0.9154858535
     1798.0000000000        7.8212371401       -0.7862832839
     1799.0000000000        7.0897851560       -0.6799994573
     1800.0000000000        6.4552128210       -0.5918295426
     1801.0000000000        5.9013170565       -0.5181144334
     1802.0000000000        5.4151112784       -0.4560380258
     1803.0000000000        4.9860962453       -0.4034114555
     1804.0000000000        4.6057147615       -0.3585175286
     1805.0000000000        4.2669396447       -0.3199973051
     1806.0000000000        3.9639593405       -0.2867665373
     1807.0000000000        3.6919358261       -0.2579534838
     1808.0000000000        3.4468165577       -0.2328521890
     1809.0000000000        3.2251871978       -0.2108870635
     1810.0000000000        3.0241553853       -0.1915858028
     1811.0000000000        2.8412583333       -0.1745585115
     1812.0000000000        2.6743888639       -0.1594814885
     1813.0000000000        2.5217358122       -0.1460845403
     1814.0000000000        2.3817357122       -0.1341409853
     1815.0000000000        2.2530333993       -0.1234597277
     1816.0000000000        2.1344497036       -0.1138789322
     1817.0000000000        2.0249548202       -0.1052609472
     1818.0000000000        1.9236462466       -0.0974882061
     1819.0000000000        1.8297304181       -0.0904599011
     1820.0000000000        1.7425073506       -0.0840892701
     1821.0000000000        1.6613577441       -0.0783013720
     1822.0000000000        1.5857321065       -0.0730312555
     1823.0000000000        1.5151415450       -0.0682224431
     1824.0000000000        1.4491499413       -0.0638256725
     1825.0000000000        1.3873672770       -0.0597978464
     1826.0000000000        1.3294439213       -0.0561011529
     1827.0000000000        1.2750657258       -0.0527023262
     1828.0000000000        1.2239497988       -0.0495720229
     1829.0000000000        1.1758408544       -0.0466842941
     1830.0000000000        1.1305080485       -0.0440161368
     1831.0000000000        1.0877422284       -0.0415471115
     1832.0000000000        1.0473535372       -0.0392590161
     1833.0000000000        1.0091693202       -0.0371356056
     1834.0000000000        0.9730322908       -0.0351623511
     1835.0000000000        0.9387989206       -0.0333262328
     1836.0000000000        0.9063380229       -0.0316155602
     1837.0000000000        0.8755295020       -0.0300198167
     1838.0000000000        0.8462632492       -0.0285295247
     1839.0000000000        0.8184381633       -0.0271361279
     1840.0000000000        0.7919612823       -0.0258318885
     1841.0000000000        0.7667470107       -0.0246097976
     1842.0000000000        0.7427164304       -0.0234634963
     1843.0000000000        0.7197966866       -0.0223872067
     1844.0000000000        0.6979204376       -0.0213756709
     1845.0000000000        0.6770253622       -0.0204240970
     1846.0000000000        0.6570537181       -0.0195281122
     1847.0000000000        0.6379519440       -0.0186837202
     1848.0000000000        0.6196703023       -0.0178872645
     1849.0000000000        0.6021625562       -0.0171353946
     1850.0000000000        0.5853856786       -0.0164250368
     1851.0000000000        0.5692995886       -0.0157533683
     1852.0000000000        0.5538669132       -0.0151177930
     1853.0000000000        0.5390527702       -0.0145159210
     1854.0000000000        0.5248245728       -0.0139455496
     1855.0000000000        0.5111518499       -0.0134046466
     1856.0000000000        0.4980060842       -0.0128913346
     1857.0000000000        0.4853605636       -0.0124038783
     1858.0000000000        0.4731902458       -0.0119406712
     1859.0000000000        0.4614716352       -0.0115002254
     1860.0000000000        0.4501826692       -0.0110811607
     1861.0000000000        0.4393026147       -0.0106821964
     1862.0000000000        0.4288119738       -0.0103021425
     1863.0000000000        0.4186923959       -0.0099398926
     1864.0000000000        0.4089265979       -0.0095944171
     1865.0000000000        0.3994982908       -0.0092647566
     1866.0000000000        0.3903921117       -0.0089500172
     1867.0000000000        0.3815935614       -0.0086493647
     1868.0000000000        0.3730889468       -0.0083620202
     1869.0000000000        0.3648653280       -0.0080872560
     1870.0000000000        0.3569104688       -0.0078243914
     1871.0000000000        0.3492127915       -0.0075727896
     1872.0000000000        0.3417613347       -0.0073318541
     1873.0000000000        0.3345457146       -0.0071010259
     1874.0000000000        0.3275560888       -0.0068797810
     1875.0000000000        0.3207831226       -0.0066676273
     1876.0000000000        0.3142179581       -0.0064641029
     1877.0000000000        0.3078521854       -0.0062687737
     1878.0000000000        0.3016778154       -0.0060812315
     1879.0000000000        0.2956872550       -0.0059010924
     1880.0000000000        0.2898732836       -0.0057279948
     1881.0000000000        0.2842290319       -0.0055615982
     1882.0000000000        0.2787479608       -0.0054015815
     1883.0000000000        0.2734238433       -0.0052476421
     1884.0000000000        0.2682507462       -0.0050994944
     1885.0000000000        0.2632230141       -0.0049568685
     1886.0000000000        0.2583352537       -0.0048195097
     1887.0000000000        0.2535823194       -0.0046871772
     1888.0000000000        0.2489592998       -0.0045596434
     1889.0000000000        0.2444615051       -0.0044366927
     1890.0000000000        0.2400844549       -0.0043181211
     1891.0000000000        0.2358238676       -0.0042037356
     1892.0000000000        0.2316756494       -0.0040933531
     1893.0000000000        0.2276358850       -0.0039868001
     1894.0000000000        0.2237008278       -0.0038839119
     1895.0000000000        0.2198668917       -0.0037845325
     1896.0000000000        0.2161306428       -0.0036885135
     1897.0000000000        0.2124887915       -0.0035957143
     1898.0000000000        0.2089381856       -0.0035060010
     1899.0000000000        0.2054758034       -0.0034192464
     1900.0000000000        0.2020987470       -0.0033353296
     1901.0000000000        0.1988042366       -0.0032541356
     1902.0000000000        0.1955896048       -0.0031755548
     1903.0000000000        0.1924522907       -0.0030994831
     1904.0000000000        0.1893898354       -0.0030258210
     1905.0000000000        0.1863998770       -0.0029544740
     1906.0000000000        0.1834801458       -0.0028853519
     1907.0000000000        0.1806284604       -0.0028183685
     1908.0000000000        0.1778427232       -0.0027534420
     1909.0000000000        0.1751209170       -0.0026904939
     1910.0000000000        0.1724611009       -0.0026294494
     1911.0000000000        0.1698614074       -0.0025702373
     1912.0000000000        0.1673200384       -0.0025127892
     1913.0000000000        0.1648352627       -0.0024570400
     1914.0000000000        0.1624054129       -0.0024029273
     1915.0000000000        0.1600288824       -0.0023503916
     1916.0000000000        0.1577041230       -0.0022993759
     1917.0000000000        0.1554296422       -0.0022498255
     1918.0000000000        0.1532040009       -0.0022016883
     1919.0000000000        0.1510258112       -0.0021549143
     1920.0000000000        0.1488937340       -0.0021094555
     1921.0000000000        0.1468064771       -0.0020652661
     1922.0000000000        0.1447627934       -0.0020223020
     1923.0000000000        0.1427614787       -0.0019805211
     1924.0000000000        0.1408013702       -0.0019398830
     1925.0000000000        0.1388813447       -0.0019003489
     1926.0000000000        0.1370003169       -0.0018618815
     1927.0000000000        0.1351572380       -0.0018244451
     1928.0000000000        0.1333510944       -0.0017880055
     1929.0000000000        0.1315809059       -0.0017525295
     1930.0000000000        0.1298457246       -0.0017179857
     1931.0000000000        0.1281446338       -0.0016843437
     1932.0000000000        0.1264767465       -0.0016515741
     1933.0000000000        0.1248412043       -0.0016196488
     1934.0000000000        0.1232371764       -0.0015885410
     1935.0000000000        0.1216638585       -0.0015582246
     1936.0000000000        0.1201204718       -0.0015286745
     1937.0000000000        0.1186062620       -0.0014998668
     1938.0000000000        0.1171204985       -0.0014717782
     1939.0000000000        0.0000000000        0.0000000000
     1940.0000000000        0.0000000000        0.0000000000
     1941.0000000000        0.0000000000        0.0000000000
     1942.0000000000        0.0000000000        0.0000000000
     1943.0000000000        0.0000000000        0.0000000000
     1944.0000000000        0.0000000000        0.0000000000
     1945.0000000000        0.0000000000        0.0000000000
     1946.0000000000        0.0000000000        0.0000000000
     1947.0000000000        0.0000000000        0.0000000000
     1948.0000000000        0.0000000000        0.0000000000
     1949.0000000000        0.0000000000        0.0000000000
     1950.0000000000        0.0000000000        0.0000000000
     1951.0000000000        0.0000000000        0.0000000000
     1952.0000000000        0.0000000000        0.0000000000
     1953.0000000000        0.0000000000        0.0000000000
     1954.0000000000        0.0000000000        0.0000000000
     1955.0000000000        0.0000000000        0.0000000000
     1956.0000000000        0.0000000000        0.0000000000
     1957.0000000000        0.0000000000        0.0000000000
     1958.0000000000        0.0000000000        0.0000000000
     1959.0000000000        0.0000000000        0.0000000000
     1960.0000000000        0.0000000000        0.0000000000
     1961.0000000000        0.0000000000        0.0000000000
     1962.0000000000        0.0000000000        0.0000000000
     1963.0000000000        0.0000000000        0.0000000000
     1964.0000000000        0.0000000000        0.0000000000
     1965.0000000000        0.0000000000        0.0000000000
     1966.0000000000        0.0000000000        0.0000000000
     1967.0000000000        0.0000000000        0.0000000000
     1968.0000000000        0.0000000000        0.0000000000
     1969.0000000000        0.0000000000        0.0000000000
     1970.0000000000        0.0000000000        0.0000000000
     1971.0000000000        0.0000000000        0.0000000000
     1972.0000000000        0.0000000000        0.0000000000
     1973.0000000000        0.0000000000        0.0000000000
     1974.0000000000        0.0000000000        0.0000000000
     1975.0000000000        0.0000000000        0.0000000000
     1976.0000000000        0.0000000000        0.0000000000
     1977.0000000000        0.0000000000        0.0000000000
     1978.0000000000        0.0000000000        0.0000000000
     1979.0000000000        0.0000000000        0.0000000000
     1980.0000000000        0.0000000000        0.0000000000
     1981.0000000000        0.0000000000        0.0000000000
     1982.0000000000        0.0000000000        0.0000000000
     1983.0000000000        0.0000000000        0.0000000000
     1984.0000000000        0.0000000000        0.0000000000
     1985.0000000000        0.0000000000        0.0000000000
     1986.0000000000        0.0000000000        0.0000000000
     1987.0000000000        0.0000000000        0.0000000000
     1988.0000000000        0.0000000000        0.0000000000
     1989.0000000000        0.0000000000        0.0000000000
     1990.0000000000        0.0000000000        0.0000000000
     1991.0000000000        0.0000000000        0.0000000000
     1992.0000000000        0.0000000000        0.0000000000
     1993.0000000000        0.0000000000        0.0000000000
     1994.0000000000        0.0000000000        0.0000000000
     1995.0000000000        0.0000000000        0.0000000000
     1996.0000000000        0.0000000000        0.0000000000
     1997.0000000000        0.0000000000        0.0000000000
     1998.0000000000        0.0000000000        0.0000000000
     1999.0000000000        0.0000000000        0.0000000000
     2000.0000000000        0.0000000000        0.0000000000
     2001.0000000000        0.0000000000        0.0000000000
     2002.0000000000        0.0000000000        0.0000000000
     2003.0000000000        0.0000000000        0.0000000000
     2004.0000000000        0.0000000000        0.0000000000
     2005.0000000000        0.0000000000        0.0000000000
     2006.0000000000        0.0000000000        0.0000000000
     2007.0000000000        0.0000000000        0.0000000000
     2008.0000000000        0.0000000000        0.0000000000
     2009.0000000000        0.0000000000        0.0000000000
     2010.0000000000        0.0000000000        0.0000000000
     2011.0000000000        0.0000000000        0.0000000000
     2012.0000000000        0.0000000000        0.0000000000
     2013.0000000000        0.0000000000        0.0000000000
     2014.0000000000        0.0000000000        0.0000000000
     2015.0000000000        0.0000000000        0.0000000000
     2016.0000000000        0.0000000000        0.0000000000
     2017.0000000000        0.0000000000        0.0000000000
     2018.0000000000        0.0000000000        0.0000000000
     2019.0000000000        0.0000000000        0.0000000000
     2020.0000000000        0.0000000000        0.0000000000
     2021.0000000000        0.0000000000        0.0000000000
     2022.0000000000        0.0000000000        0.0000000000
     2023.0000000000        0.0000000000        0.0000000000
     2024.0000000000        0.0000000000        0.0000000000
     2025.0000000000        0.0000000000        0.0000000000
     2026.0000000000        0.0000000000        0.0000000000
     2027.0000000000        0.0000000000        0.0000000000
     2028.0000000000        0.0000000000        0.0000000000
     2029.0000000000        0.0000000000        0.0000000000
     2030.0000000000        0.0000000000        0.0000000000
     2031.0000000000        0.0000000000        0.0000000000
     2032.0000000000        0.0000000000        0.0000000000
     2033.0000000000        0.0000000000        0.0000000000
     2034.0000000000        0.0000000000        0.0000000000
     2035.0000000000        0.0000000000        0.0000000000
     2036.0000000000        0.0000000000        0.0000000000
     2037.0000000000        0.0000000000        0.0000000000
     2038.0000000000        0.0000000000        0.0000000000
     2039.0000000000        0.0000000000        0.0000000000
     2040.0000000000        0.0000000000        0.0000000000
     2041.0000000000        0.0000000000        0.0000000000
     2042.0000000000        0.0000000000        0.0000000000
     2043.0000000000        0.0000000000        0.0000000000
     2044.0000000000        0.0000000000        0.0000000000
     2045.0000000000        0.0000000000        0.0000000000
     2046.0000000000        0.0000000000        0.0000000000
     2047.0000000000        0.0000000000        0.0000000000
     2048.0000000000        0.0000000000        0.0000000000
     2049.0000000000        0.0000000000        0.0000000000
     2050.0000000000        0.0000000000        0.0000000000
     2051.0000000000        0.0000000000        0.0000000000
     2052.0000000000        0.0000000000        0.0000000000
     2053.0000000000        0.0000000000        0.0000000000
     2054.0000000000        0.0000000000        0.0000000000
     2055.0000000000        0.0000000000        0.0000000000
     2056.0000000000        0.0000000000        0.0000000000
     2057.0000000000        0.0000000000        0.0000000000
     2058.0000000000        0.0000000000        0.0000000000
     2059.0000000000        0.0000000000        0.0000000000
     2060.0000000000        0.0000000000        0.0000000000
     2061.0000000000        0.0000000000        0.0000000000
     2062.0000000000        0.0000000000        0.0000000000
     2063.0000000000        0.0000000000        0.0000000000
     2064.0000000000        0.0000000000        0.0000000000
     2065.0000000000        0.0000000000        0.0000000000
     2066.0000000000        0.0000000000        0.0000000000
     2067.0000000000        0.0000000000        0.0000000000
     2068.0000000000        0.0000000000        0.0000000000
     2069.0000000000        0.0000000000        0.0000000000
     2070.0000000000        0.0000000000        0.0000000000
     2071.0000000000        0.0000000000        0.0000000000
     2072.0000000000        0.0000000000        0.0000000000
     2073.0000000000        0.0000000000        0.0000000000
     2074.0000000000        0.0000000000        0.0000000000
     2075.0000000000        0.0000000000        0.0000000000
     2076.0000000000        0.0000000000        0.0000000000
     2077.0000000000        0.0000000000        0.0000000000
     2078.0000000000        0.0000000000        0.0000000000
     2079.0000000000        0.0000000000        0.0000000000
     2080.0000000000        0.0000000000        0.0000000000
     2081.0000000000        0.0000000000        0.0000000000
     2082.0000000000        0.0000000000        0.0000000000
     2083.0000000000        0.0000000000        0.0000000000
     2084.0000000000        0.0000000000        0.0000000000
     2085.0000000000        0.0000000000        0.0000000000
     2086.0000000000        0.0000000000        0.0000000000
     2087.0000000000        0.0000000000        0.0000000000
     2088.0000000000        0.0000000000        0.0000000000
     2089.0000000000        0.0000000000        0.0000000000
     2090.0000000000        0.0000000000        0.0000000000
     2091.0000000000        0.0000000000        0.0000000000
     2092.0000000000        0.0000000000        0.0000000000
     2093.0000000000        0.0000000000        0.0000000000
     2094.0000000000        0.0000000000        0.0000000000
     2095.0000000000        0.0000000000        0.0000000000
     2096.0000000000        0.0000000000        0.0000000000
     2097.0000000000        0.0000000000        0.0000000000
     2098.0000000000        0.0000000000        0.0000000000
     2099.0000000000        0.0000000000        0.0000000000
     2100.0000000000        0.0000000000        0.0000000000
     2101.0000000000        0.0000000000        0.0000000000
     2102.0000000000        0.0000000000        0.0000000000
     2103.0000000000        0.0000000000        0.0000000000
     2104.0000000000        0.0000000000        0.0000000000
     2105.0000000000        0.0000000000        0.0000000000
     2106.0000000000        0.0000000000        0.0000000000
     2107.0000000000        0.0000000000        0.0000000000
     2108.0000000000        0.0000000000        0.0000000000
     2109.0000000000        0.0000000000        0.0000000000
     2110.0000000000        0.0000000000        0.0000000000
     2111.0000000000        0.0000000000        0.0000000000
     2112.0000000000        0.0000000000        0.0000000000
     2113.0000000000        0.0000000000        0.0000000000
     2114.0000000000        0.0000000000        0.0000000000
     2115.0000000000        0.0000000000        0.0000000000
     2116.0000000000        0.0000000000        0.0000000000
     2117.0000000000        0.0000000000        0.0000000000
     2118.0000000000        0.0000000000        0.0000000000
     2119.0000000000        0.0000000000        0.0000000000
     2120.0000000000        0.0000000000        0.0000000000
     2121.0000000000        0.0000000000        0.0000000000
     2122.0000000000        0.0000000000        0.0000000000
     2123.0000000000        0.0000000000        0.0000000000
     2124.0000000000        0.0000000000        0.0000000000
     2125.0000000000        0.0000000000        0.0000000000
     2126.0000000000        0.0000000000        0.0000000000
     2127.0000000000        0.0000000000        0.0000000000
     2128.0000000000        0.0000000000        0.0000000000
     2129.0000000000        0.0000000000        0.0000000000
     2130.0000000000        0.0000000000        0.0000000000
     2131.0000000000        0.0000000000        0.0000000000
     2132.0000000000        0.0000000000        0.0000000000
     2133.0000000000        0.0000000000        0.0000000000
     2134.0000000000        0.0000000000        0.0000000000
     2135.0000000000        0.0000000000        0.0000000000
     2136.0000000000        0.0000000000        0.0000000000
     2137.0000000000        0.0000000000        0.0000000000
     2138.0000000000        0.0000000000        0.0000000000
     2139.0000000000        0.0000000000        0.0000000000
     2140.0000000000        0.0000000000        0.0000000000
     2141.0000000000        0.0000000000        0.0000000000
     2142.0000000000        0.0000000000        0.0000000000
     2143.0000000000        0.0000000000        0.0000000000
     2144.0000000000        0.0000000000        0.0000000000
     2145.0000000000        0.0000000000        0.0000000000
     2146.0000000000        0.0000000000        0.0000000000
     2147.0000000000        0.0000000000        0.0000000000
     2148.0000000000        0.0000000000        0.0000000000
     2149.0000000000        0.0000000000        0.0000000000
     2150.0000000000        0.0000000000        0.0000000000
     2151.0000000000        0.0000000000        0.0000000000
     2152.0000000000        0.0000000000        0.0000000000
     2153.0000000000        0.0000000000        0.0000000000
     2154.0000000000        0.0000000000        0.0000000000
     2155.0000000000        0.0000000000        0.0000000000
     2156.0000000000        0.0000000000        0.0000000000
     2157.0000000000        0.0000000000        0.0000000000
     2158.0000000000        0.0000000000        0.0000000000
     2159.0000000000        0.0000000000        0.0000000000
     2160.0000000000        0.0000000000        0.0000000000
     2161.0000000000        0.0000000000        0.0000000000
     2162.0000000000        0.0000000000        0.0000000000
     2163.0000000000        0.0000000000        0.0000000000
     2164.0000000000        0.0000000000        0.0000000000
     2165.0000000000        0.0000000000        0.0000000000
     2166.0000000000        0.0000000000        0.0000000000
     2167.0000000000        0.0000000000        0.0000000000
     2168.0000000000        0.0000000000        0.0000000000
     2169.0000000000        0.0000000000        0.0000000000
     2170.0000000000        0.0000000000        0.0000000000
     2171.0000000000        0.0000000000        0.0000000000
     2172.0000000000        0.0000000000        0.0000000000
     2173.0000000000        0.0000000000        0.0000000000
     2174.0000000000        0.0000000000        0.0000000000
     2175.0000000000        0.0000000000        0.0000000000
     2176.0000000000        0.0000000000        0.0000000000
     2177.0000000000        0.0000000000        0.0000000000
     2178.0000000000        0.0000000000        0.0000000000
     2179.0000000000        0.0000000000        0.0000000000
     2180.0000000000        0.0000000000        0.0000000000
     2181.0000000000        0.0000000000        0.0000000000
     2182.0000000000        0.0000000000        0.0000000000
     2183.0000000000        0.0000000000        0.0000000000
     2184.0000000000        0.0000000000        0.0000000000
     2185.0000000000        0.0000000000        0.0000000000
     2186.0000000000        0.0000000000        0.0000000000
     2187.0000000000        0.0000000000        0.0000000000
     2188.0000000000        0.0000000000        0.0000000000
     2189.0000000000        0.0000000000        0.0000000000
     2190.0000000000        0.0000000000        0.0000000000
     2191.0000000000        0.0000000000        0.0000000000
     2192.0000000000        0.0000000000        0.0000000000
     2193.0000000000        0.0000000000        0.0000000000
     2194.0000000000        0.0000000000        0.0000000000
     2195.0000000000        0.0000000000        0.0000000000
     2196.0000000000        0.0000000000        0.0000000000
     2197.0000000000        0.0000000000        0.0000000000
     2198.0000000000        0.0000000000        0.0000000000
     2199.0000000000        0.0000000000        0.0000000000
     2200.0000000000        0.0000000000        0.0000000000
     2201.0000000000        0.0000000000        0.0000000000
     2202.0000000000        0.0000000000        0.0000000000
     2203.0000000000        0.0000000000        0.0000000000
     2204.0000000000        0.0000000000        0.0000000000
     2205.0000000000        0.0000000000        0.0000000000
     2206.0000000000        0.0000000000        0.0000000000
     2207.0000000000        0.0000000000        0.0000000000
     2208.0000000000        0.0000000000        0.0000000000
     2209.0000000000        0.0000000000        0.0000000000
     2210.0000000000        0.0000000000        0.0000000000
     2211.0000000000        0.0000000000        0.0000000000
     2212.0000000000        0.0000000000        0.0000000000
     2213.0000000000        0.0000000000        0.0000000000
     2214.0000000000        0.0000000000        0.0000000000
     2215.0000000000        0.0000000000        0.0000000000
     2216.0000000000        0.0000000000        0.0000000000
     2217.0000000000        0.0000000000        0.0000000000
     2218.0000000000        0.0000000000        0.0000000000
     2219.0000000000        0.0000000000        0.0000000000
     2220.0000000000        0.0000000000        0.0000000000
     2221.0000000000        0.0000000000        0.0000000000
     2222.0000000000        0.0000000000        0.0000000000
     2223.0000000000        0.0000000000        0.0000000000
     2224.0000000000        0.0000000000        0.0000000000
     2225.0000000000        0.0000000000        0.0000000000
     2226.0000000000        0.0000000000        0.0000000000
     2227.0000000000        0.0000000000        0.0000000000
     2228.0000000000        0.0000000000        0.0000000000
     2229.0000000000        0.0000000000        0.0000000000
     2230.0000000000        0.0000000000        0.0000000000
     2231.0000000000        0.0000000000        0.0000000000
     2232.0000000000        0.0000000000        0.0000000000
     2233.0000000000        0.0000000000        0.0000000000
     2234.0000000000        0.0000000000        0.0000000000
     2235.0000000000        0.0000000000        0.0000000000
     2236.0000000000        0.0000000000        0.0000000000
     2237.0000000000        0.0000000000        0.0000000000
     2238.0000000000        0.0000000000        0.0000000000
     2239.0000000000        0.0000000000        0.0000000000
     2240.0000000000        0.0000000000        0.0000000000
     2241.0000000000        0.0000000000        0.0000000000
     2242.0000000000        0.0000000000        0.0000000000
     2243.0000000000        0.0000000000        0.0000000000
     2244.0000000000        0.0000000000        0.0000000000
     2245.0000000000        0.0000000000        0.0000000000
     2246.0000000000        0.0000000000        0.0000000000
     2247.0000000000        0.0000000000        0.0000000000
     2248.0000000000        0.0000000000        0.0000000000
     2249.0000000000        0.0000000000        0.0000000000
     2250.0000000000        0.0000000000        0.0000000000
     2251.0000000000        0.0000000000        0.0000000000
     2252.0000000000        0.0000000000        0.0000000000
     2253.0000000000        0.0000000000        0.0000000000
     2254.0000000000        0.0000000000        0.0000000000
     2255.0000000000        0.0000000000        0.0000000000
     2256.0000000000        0.0000000000        0.0000000000
     2257.0000000000        0.0000000000        0.0000000000
     2258.0000000000        0.0000000000        0.0000000000
     2259.0000000000        0.0000000000        0.0000000000
     2260.0000000000        0.0000000000        0.0000000000
     2261.0000000000        0.0000000000        0.0000000000
     2262.0000000000        0.0000000000        0.0000000000
     2263.0000000000        0.0000000000        0.0000000000
     2264.0000000000        0.0000000000        0.0000000000
     2265.0000000000        0.0000000000        0.0000000000
     2266.0000000000        0.0000000000        0.0000000000
     2267.0000000000        0.0000000000        0.0000000000
     2268.0000000000        0.0000000000        0.0000000000
     2269.0000000000        0.0000000000        0.0000000000
     2270.0000000000        0.0000000000        0.0000000000
     2271.0000000000        0.0000000000        0.0000000000
     2272.0000000000        0.0000000000        0.0000000000
     2273.0000000000        0.0000000000        0.0000000000
     2274.0000000000        0.0000000000        0.0000000000
     2275.0000000000        0.0000000000        0.0000000000
     2276.0000000000        0.0000000000        0.0000000000
     2277.0000000000        0.0000000000        0.0000000000
     2278.0000000000        0.0000000000        0.0000000000
     2279.0000000000        0.0000000000        0.0000000000
     2280.0000000000        0.0000000000        0.0000000000
     2281.0000000000        0.0000000000        0.0000000000
     2282.0000000000        0.0000000000        0.0000000000
     2283.0000000000        0.0000000000        0.0000000000
     2284.0000000000        0.0000000000        0.0000000000
     2285.0000000000        0.0000000000        0.0000000000
     2286.0000000000        0.0000000000        0.0000000000
     2287.0000000000        0.0000000000        0.0000000000
     2288.0000000000        0.0000000000        0.0000000000
     2289.0000000000        0.0000000000        0.0000000000
     2290.0000000000        0.0000000000        0.0000000000
     2291.0000000000        0.0000000000        0.0000000000
     2292.0000000000        0.0000000000        0.0000000000
     2293.0000000000        0.0000000000        0.0000000000
     2294.0000000000        0.0000000000        0.0000000000
     2295.0000000000        0.0000000000        0.0000000000
     2296.0000000000        0.0000000000        0.0000000000
     2297.0000000000        0.0000000000        0.0000000000
     2298.0000000000        0.0000000000        0.0000000000
     2299.0000000000        0.0000000000        0.0000000000
     2300.0000000000        0.0000000000        0.0000000000
     2301.0000000000        0.0000000000        0.0000000000
     2302.0000000000        0.0000000000        0.0000000000
     2303.0000000000        0.0000000000        0.0000000000
     2304.0000000000        0.0000000000        0.0000000000
     2305.0000000000        0.0000000000        0.0000000000
     2306.0000000000        0.0000000000        0.0000000000
     2307.0000000000        0.0000000000        0.0000000000
     2308.0000000000        0.0000000000        0.0000000000
     2309.0000000000        0.0000000000        0.0000000000
     2310.0000000000        0.0000000000        0.0000000000
     2311.0000000000        0.0000000000        0.0000000000
     2312.0000000000        0.0000000000        0.0000000000
     2313.0000000000        0.0000000000        0.0000000000
     2314.0000000000        0.0000000000        0.0000000000
     2315.0000000000        0.0000000000        0.0000000000
     2316.0000000000        0.0000000000        0.0000000000
     2317.0000000000        0.0000000000        0.0000000000
     2318.0000000000        0.0000000000        0.0000000000
     2319.0000000000        0.0000000000        0.0000000000
     2320.0000000000        0.0000000000        0.0000000000
     2321.0000000000        0.0000000000        0.0000000000
     2322.0000000000        0.0000000000        0.0000000000
     2323.0000000000        0.0000000000        0.0000000000
     2324.0000000000        0.0000000000        0.0000000000
     2325.0000000000        0.0000000000        0.0000000000
     2326.0000000000        0.0000000000        0.0000000000
     2327.0000000000        0.0000000000        0.0000000000
     2328.0000000000        0.0000000000        0.0000000000
     2329.0000000000        0.0000000000        0.0000000000
     2330.0000000000        0.0000000000        0.0000000000
     2331.0000000000        0.0000000000        0.0000000000
     2332.0000000000        0.0000000000        0.0000000000
     2333.0000000000        0.0000000000        0.0000000000
     2334.0000000000        0.0000000000        0.0000000000
     2335.0000000000        0.0000000000        0.0000000000
     2336.0000000000        0.0000000000        0.0000000000
     2337.0000000000        0.0000000000        0.0000000000
     2338.0000000000        0.0000000000        0.0000000000
     2339.0000000000        0.0000000000        0.0000000000
     2340.0000000000        0.0000000000        0.0000000000
     2341.0000000000        0.0000000000        0.0000000000
     2342.0000000000        0.0000000000        0.0000000000
     2343.0000000000        0.0000000000        0.0000000000
     2344.0000000000        0.0000000000        0.0000000000
     2345.0000000000        0.0000000000        0.0000000000
     2346.0000000000        0.0000000000        0.0000000000
     2347.0000000000        0.0000000000        0.0000000000
     2348.0000000000        0.0000000000        0.0000000000
     2349.0000000000        0.0000000000        0.0000000000
     2350.0000000000        0.0000000000        0.0000000000
     2351.0000000000        0.0000000000        0.0000000000
     2352.0000000000        0.0000000000        0.0000000000
     2353.0000000000        0.0000000000        0.0000000000
     2354.0000000000        0.0000000000        0.0000000000
     2355.0000000000        0.0000000000        0.0000000000
     2356.0000000000        0.0000000000        0.0000000000
     2357.0000000000        0.0000000000        0.0000000000
     2358.0000000000        0.0000000000        0.0000000000
     2359.0000000000        0.0000000000        0.0000000000
     2360.0000000000        0.0000000000        0.0000000000
     2361.0000000000        0.0000000000        0.0000000000
     2362.0000000000        0.0000000000        0.0000000000
     2363.0000000000        0.0000000000        0.0000000000
     2364.0000000000        0.0000000000        0.0000000000
     2365.0000000000        0.0000000000        0.0000000000
     2366.0000000000        0.0000000000        0.0000000000
     2367.0000000000        0.0000000000        0.0000000000
     2368.0000000000        0.0000000000        0.0000000000
     2369.0000000000        0.0000000000        0.0000000000
     2370.0000000000        0.0000000000        0.0000000000
     2371.0000000000        0.0000000000        0.0000000000
     2372.0000000000        0.0000000000        0.0000000000
     2373.0000000000        0.0000000000        0.0000000000
     2374.0000000000        0.0000000000        0.0000000000
     2375.0000000000        0.0000000000        0.0000000000
     2376.0000000000        0.0000000000        0.0000000000
     2377.0000000000        0.0000000000        0.0000000000
     2378.0000000000        0.0000000000        0.0000000000
     2379.0000000000        0.0000000000        0.0000000000
     2380.0000000000        0.0000000000        0.0000000000
     2381.0000000000        0.0000000000        0.0000000000
     2382.0000000000        0.0000000000        0.0000000000
     2383.0000000000        0.0000000000        0.0000000000
     2384.0000000000        0.0000000000        0.0000000000
     2385.0000000000        0.0000000000        0.0000000000
     2386.0000000000        0.0000000000        0.0000000000
     2387.0000000000        0.0000000000        0.0000000000
     2388.0000000000        0.0000000000        0.0000000000
     2389.0000000000        0.0000000000        0.0000000000
     2390.0000000000        0.0000000000        0.0000000000
     2391.0000000000        0.0000000000        0.0000000000
     2392.0000000000        0.0000000000        0.0000000000
     2393.0000000000        0.0000000000        0.0000000000
     2394.0000000000        0.0000000000        0.0000000000
     2395.0000000000        0.0000000000        0.0000000000
     2396.0000000000        0.0000000000        0.0000000000
     2397.0000000000        0.0000000000        0.0000000000
     2398.0000000000        0.0000000000        0.0000000000
     2399.0000000000        0.0000000000        0.0000000000
     2400.0000000000        0.0000000000        0.0000000000
     2401.0000000000        0.0000000000        0.0000000000
     2402.0000000000        0.0000000000        0.0000000000
     2403.0000000000        0.0000000000        0.0000000000
     2404.0000000000        0.0000000000        0.0000000000
     2405.0000000000        0.0000000000        0.0000000000
     2406.0000000000        0.0000000000        0.0000000000
     2407.0000000000        0.0000000000        0.0000000000
     2408.0000000000        0.0000000000        0.0000000000
     2409.0000000000        0.0000000000        0.0000000000
     2410.0000000000        0.0000000000        0.0000000000
     2411.0000000000        0.0000000000        0.0000000000
     2412.0000000000        0.0000000000        0.0000000000
     2413.0000000000        0.0000000000        0.0000000000
     2414.0000000000        0.0000000000        0.0000000000
     2415.0000000000        0.0000000000        0.0000000000
     2416.0000000000        0.0000000000        0.0000000000
     2417.0000000000        0.0000000000        0.0000000000
     2418.0000000000        0.0000000000        0.0000000000
     2419.0000000000        0.0000000000        0.0000000000
     2420.0000000000        0.0000000000        0.0000000000
     2421.0000000000        0.0000000000        0.0000000000
     2422.0000000000        0.0000000000        0.0000000000
     2423.0000000000        0.0000000000        0.0000000000
     2424.0000000000        0.0000000000        0.0000000000
     2425.0000000000        0.0000000000        0.0000000000
     2426.0000000000        0.0000000000        0.0000000000
     2427.0000000000        0.0000000000        0.0000000000
     2428.0000000000        0.0000000000        0.0000000000
     2429.0000000000        0.0000000000        0.0000000000
     2430.0000000000        0.0000000000        0.0000000000
     2431.0000000000        0.0000000000        0.0000000000
     2432.0000000000        0.0000000000        0.0000000000
     2433.0000000000        0.0000000000        0.0000000000
     2434.0000000000        0.0000000000        0.0000000000
     2435.0000000000        0.0000000000        0.0000000000
     2436.0000000000        0.0000000000        0.0000000000
     2437.0000000000        0.0000000000        0.0000000000
     2438.0000000000        0.0000000000        0.0000000000
     2439.0000000000        0.0000000000        0.0000000000
     2440.0000000000        0.0000000000        0.0000000000
     2441.0000000000        0.0000000000        0.0000000000
     2442.0000000000        0.0000000000        0.0000000000
     2443.0000000000        0.0000000000        0.0000000000
     2444.0000000000        0.0000000000        0.0000000000
     2445.0000000000        0.0000000000        0.0000000000
     2446.0000000000        0.0000000000        0.0000000000
     2447.0000000000        0.0000000000        0.0000000000
     2448.0000000000        0.0000000000        0.0000000000
     2449.0000000000        0.0000000000        0.0000000000
     2450.0000000000        0.0000000000        0.0000000000
     2451.0000000000        0.0000000000        0.0000000000
     2452.0000000000        0.0000000000        0.0000000000
     2453.0000000000        0.0000000000        0.0000000000
     2454.0000000000        0.0000000000        0.0000000000
     2455.0000000000        0.0000000000        0.0000000000
     2456.0000000000        0.0000000000        0.0000000000
     2457.0000000000        0.0000000000        0.0000000000
     2458.0000000000        0.0000000000        0.0000000000
     2459.0000000000        0.0000000000        0.0000000000
     2460.0000000000        0.0000000000        0.0000000000
     2461.0000000000        0.0000000000        0.0000000000
     2462.0000000000        0.0000000000        0.0000000000
     2463.0000000000        0.0000000000        0.0000000000
     2464.0000000000        0.0000000000        0.0000000000
     2465.0000000000        0.0000000000        0.0000000000
     2466.0000000000        0.0000000000        0.0000000000
     2467.0000000000        0.0000000000        0.0000000000
     2468.0000000000        0.0000000000        0.0000000000
     2469.0000000000        0.0000000000        0.0000000000
     2470.0000000000        0.0000000000        0.0000000000
     2471.0000000000        0.0000000000        0.0000000000
     2472.0000000000        0.0000000000        0.0000000000
     2473.0000000000        0.0000000000        0.0000000000
     2474.0000000000        0.0000000000        0.0000000000
     2475.0000000000        0.0000000000        0.0000000000
     2476.0000000000        0.0000000000        0.0000000000
     2477.0000000000        0.0000000000        0.0000000000
     2478.0000000000        0.0000000000        0.0000000000
     2479.0000000000        0.0000000000        0.0000000000
     2480.0000000000        0.0000000000        0.0000000000
     2481.0000000000        0.0000000000        0.0000000000
     2482.0000000000        0.0000000000        0.0000000000
     2483.0000000000        0.0000000000        0.0000000000
     2484.0000000000        0.0000000000        0.0000000000
     2485.0000000000        0.0000000000        0.0000000000
     2486.0000000000        0.0000000000        0.0000000000
     2487.0000000000        0.0000000000        0.0000000000
     2488.0000000000        0.0000000000        0.0000000000
     2489.0000000000        0.0000000000        0.0000000000
     2490.0000000000        0.0000000000        0.0000000000
     2491.0000000000        0.0000000000        0.0000000000
     2492.0000000000        0.0000000000        0.0000000000
     2493.0000000000        0.0000000000        0.0000000000
     2494.0000000000        0.0000000000        0.0000000000
     2495.0000000000        0.0000000000        0.0000000000
     2496.0000000000        0.0000000000        0.0000000000
     2497.0000000000        0.0000000000        0.0000000000
     2498.0000000000        0.0000000000        0.0000000000
     2499.0000000000        0.0000000000        0.0000000000
     2500.0000000000        0.0000000000        0.0000000000
     2501.0000000000        0.0000000000        0.0000000000
     2502.0000000000        0.0000000000        0.0000000000
     2503.0000000000        0.0000000000        0.0000000000
     2504.0000000000        0.0000000000        0.0000000000
     2505.0000000000        0.0000000000        0.0000000000
     2506.0000000000        0.0000000000        0.0000000000
     2507.0000000000        0.0000000000        0.0000000000
     2508.0000000000        0.0000000000        0.0000000000
     2509.0000000000        0.0000000000        0.0000000000
     2510.0000000000        0.0000000000        0.0000000000
     2511.0000000000        0.0000000000        0.0000000000
     2512.0000000000        0.0000000000        0.0000000000
     2513.0000000000        0.0000000000        0.0000000000
     2514.0000000000        0.0000000000        0.0000000000
     2515.0000000000        0.0000000000        0.0000000000
     2516.0000000000        0.0000000000        0.0000000000
     2517.0000000000        0.0000000000        0.0000000000
     2518.0000000000        0.0000000000        0.0000000000
     2519.0000000000        0.0000000000        0.0000000000
     2520.0000000000        0.0000000000        0.0000000000
     2521.0000000000        0.0000000000        0.0000000000
     2522.0000000000        0.0000000000        0.0000000000
     2523.0000000000        0.0000000000        0.0000000000
     2524.0000000000        0.0000000000        0.0000000000
     2525.0000000000        0.0000000000        0.0000000000
     2526.0000000000        0.0000000000        0.0000000000
     2527.0000000000        0.0000000000        0.0000000000
     2528.0000000000        0.0000000000        0.0000000000
     2529.0000000000        0.0000000000        0.0000000000
     2530.0000000000        0.0000000000        0.0000000000
     2531.0000000000        0.0000000000        0.0000000000
     2532.0000000000        0.0000000000        0.0000000000
     2533.0000000000        0.0000000000        0.0000000000
     2534.0000000000        0.0000000000        0.0000000000
     2535.0000000000        0.0000000000        0.0000000000
     2536.0000000000        0.0000000000        0.0000000000
     2537.0000000000        0.0000000000        0.0000000000
     2538.0000000000        0.0000000000        0.0000000000
     2539.0000000000        0.0000000000        0.0000000000
     2540.0000000000        0.0000000000        0.0000000000
     2541.0000000000        0.0000000000        0.0000000000
     2542.0000000000        0.0000000000        0.0000000000
     2543.0000000000        0.0000000000        0.0000000000
     2544.0000000000        0.0000000000        0.0000000000
     2545.0000000000        0.0000000000        0.0000000000
     2546.0000000000        0.0000000000        0.0000000000
     2547.0000000000        0.0000000000        0.0000000000
     2548.0000000000        0.0000000000        0.0000000000
     2549.0000000000        0.0000000000        0.0000000000
     2550.0000000000        0.0000000000        0.0000000000
     2551.0000000000        0.0000000000        0.0000000000
     2552.0000000000        0.0000000000        0.0000000000
     2553.0000000000        0.0000000000        0.0000000000
     2554.0000000000        0.0000000000        0.0000000000
     2555.0000000000        0.0000000000        0.0000000000
     2556.0000000000        0.0000000000        0.0000000000
     2557.0000000000        0.0000000000        0.0000000000
     2558.0000000000        0.0000000000        0.0000000000
     2559.0000000000        0.0000000000        0.0000000000
     2560.0000000000        0.0000000000        0.0000000000
     2561.0000000000        0.0000000000        0.0000000000
     2562.0000000000        0.0000000000        0.0000000000
     2563.0000000000        0.0000000000        0.0000000000
     2564.0000000000        0.0000000000        0.0000000000
     2565.0000000000        0.0000000000        0.0000000000
     2566.0000000000        0.0000000000        0.0000000000
     2567.0000000000        0.0000000000        0.0000000000
     2568.0000000000        0.0000000000        0.0000000000
     2569.0000000000        0.0000000000        0.0000000000
     2570.0000000000        0.0000000000        0.0000000000
     2571.0000000000        0.0000000000        0.0000000000
     2572.0000000000        0.0000000000        0.0000000000
     2573.0000000000        0.0000000000        0.0000000000
     2574.0000000000        0.0000000000        0.0000000000
     2575.0000000000        0.0000000000        0.0000000000
     2576.0000000000        0.0000000000        0.0000000000
     2577.0000000000        0.0000000000        0.0000000000
     2578.0000000000        0.0000000000        0.0000000000
     2579.0000000000        0.0000000000        0.0000000000
     2580.0000000000        0.0000000000        0.0000000000
     2581.0000000000        0.0000000000        0.0000000000
     2582.0000000000        0.0000000000        0.0000000000
     2583.0000000000        0.0000000000        0.0000000000
     2584.0000000000        0.0000000000        0.0000000000
     2585.0000000000        0.0000000000        0.0000000000
     2586.0000000000        0.0000000000        0.0000000000
     2587.0000000000        0.0000000000        0.0000000000
     2588.0000000000        0.0000000000        0.0000000000
     2589.0000000000        0.0000000000        0.0000000000
     2590.0000000000        0.0000000000        0.0000000000
     2591.0000000000        0.0000000000        0.0000000000
     2592.0000000000        0.0000000000        0.0000000000
     2593.0000000000        0.0000000000        0.0000000000
     2594.0000000000        0.0000000000        0.0000000000
     2595.0000000000        0.0000000000        0.0000000000
     2596.0000000000        0.0000000000        0.0000000000
     2597.0000000000        0.0000000000        0.0000000000
     2598.0000000000        0.0000000000        0.0000000000
     2599.0000000000        0.0000000000        0.0000000000
     2600.0000000000        0.0000000000        0.0000000000
     2601.0000000000        0.0000000000        0.0000000000
     2602.0000000000        0.0000000000        0.0000000000
     2603.0000000000        0.0000000000        0.0000000000
     2604.0000000000        0.0000000000        0.0000000000
     2605.0000000000        0.0000000000        0.0000000000
     2606.0000000000        0.0000000000        0.0000000000
     2607.0000000000        0.0000000000        0.0000000000
     2608.0000000000        0.0000000000        0.0000000000
     2609.0000000000        0.0000000000        0.0000000000
     2610.0000000000        0.0000000000        0.0000000000
     2611.0000000000        0.0000000000        0.0000000000
     2612.0000000000        0.0000000000        0.0000000000
     2613.0000000000        0.0000000000        0.0000000000
     2614.0000000000        0.0000000000        0.0000000000
     2615.0000000000        0.0000000000        0.0000000000
     2616.0000000000        0.0000000000        0.0000000000
     2617.0000000000        0.0000000000        0.0000000000
     2618.0000000000        0.0000000000        0.0000000000
     2619.0000000000        0.0000000000        0.0000000000
     2620.0000000000        0.0000000000        0.0000000000
     2621.0000000000        0.0000000000        0.0000000000
     2622.0000000000        0.0000000000        0.0000000000
     2623.0000000000        0.0000000000        0.0000000000
     2624.0000000000        0.0000000000        0.0000000000
     2625.0000000000        0.0000000000        0.0000000000
     2626.0000000000        0.0000000000        0.0000000000
     2627.0000000000        0.0000000000        0.0000000000
     2628.0000000000        0.0000000000        0.0000000000
     2629.0000000000        0.0000000000        0.0000000000
     2630.0000000000        0.0000000000        0.0000000000
     2631.0000000000        0.0000000000        0.0000000000
     2632.0000000000        0.0000000000        0.0000000000
     2633.0000000000        0.0000000000        0.0000000000
     2634.0000000000        0.0000000000        0.0000000000
     2635.0000000000        0.0000000000        0.0000000000
     2636.0000000000        0.0000000000        0.0000000000
     2637.0000000000        0.0000000000        0.0000000000
     2638.0000000000        0.0000000000        0.0000000000
     2639.0000000000        0.0000000000        0.0000000000
     2640.0000000000        0.0000000000        0.0000000000
     2641.0000000000        0.0000000000        0.0000000000
     2642.0000000000        0.0000000000        0.0000000000
     2643.0000000000        0.0000000000        0.0000000000
     2644.0000000000        0.0000000000        0.0000000000
     2645.0000000000        0.0000000000        0.0000000000
     2646.0000000000        0.0000000000        0.0000000000
     2647.0000000000        0.0000000000        0.0000000000
     2648.0000000000        0.0000000000        0.0000000000
     2649.0000000000        0.0000000000        0.0000000000
     2650.0000000000        0.0000000000        0.0000000000
     2651.0000000000        0.0000000000        0.0000000000
     2652.0000000000        0.0000000000        0.0000000000
     2653.0000000000        0.0000000000        0.0000000000
     2654.0000000000        0.0000000000        0.0000000000
     2655.0000000000        0.0000000000        0.0000000000
     2656.0000000000        0.0000000000        0.0000000000
     2657.0000000000        0.0000000000        0.0000000000
     2658.0000000000        0.0000000000        0.0000000000
     2659.0000000000        0.0000000000        0.0000000000
     2660.0000000000        0.0000000000        0.0000000000
     2661.0000000000        0.0000000000        0.0000000000
     2662.0000000000        0.0000000000        0.0000000000
     2663.0000000000        0.0000000000        0.0000000000
     2664.0000000000        0.0000000000        0.0000000000
     2665.0000000000        0.0000000000        0.0000000000
     2666.0000000000        0.0000000000        0.0000000000
     2667.0000000000        0.0000000000        0.0000000000
     2668.0000000000        0.0000000000        0.0000000000
     2669.0000000000        0.0000000000        0.0000000000
     2670.0000000000        0.0000000000        0.0000000000
     2671.0000000000        0.0000000000        0.0000000000
     2672.0000000000        0.0000000000        0.0000000000
     2673.0000000000        0.0000000000        0.0000000000
     2674.0000000000        0.0000000000        0.0000000000
     2675.0000000000        0.0000000000        0.0000000000
     2676.0000000000        0.0000000000        0.0000000000
     2677.0000000000        0.0000000000        0.0000000000
     2678.0000000000        0.0000000000        0.0000000000
     2679.0000000000        0.0000000000        0.0000000000
     2680.0000000000        0.0000000000        0.0000000000
     2681.0000000000        0.0000000000        0.0000000000
     2682.0000000000        0.0000000000        0.0000000000
     2683.0000000000        0.0000000000        0.0000000000
     2684.0000000000        0.0000000000        0.0000000000
     2685.0000000000        0.0000000000        0.0000000000
     2686.0000000000        0.0000000000        0.0000000000
     2687.0000000000        0.0000000000        0.0000000000
     2688.0000000000        0.0000000000        0.0000000000
     2689.0000000000        0.0000000000        0.0000000000
     2690.0000000000        0.0000000000        0.0000000000
     2691.0000000000        0.0000000000        0.0000000000
     2692.0000000000        0.0000000000        0.0000000000
     2693.0000000000        0.0000000000        0.0000000000
     2694.0000000000        0.0000000000        0.0000000000
     2695.0000000000        0.0000000000        0.0000000000
     2696.0000000000        0.0000000000        0.0000000000
     2697.0000000000        0.0000000000        0.0000000000
     2698.0000000000        0.0000000000        0.0000000000
     2699.0000000000        0.0000000000        0.0000000000
     2700.0000000000        0.0000000000        0.0000000000
     2701.0000000000        0.0000000000        0.0000000000
     2702.0000000000        0.0000000000        0.0000000000
     2703.0000000000        0.0000000000        0.0000000000
     2704.0000000000        0.0000000000        0.0000000000
     2705.0000000000        0.0000000000        0.0000000000
     2706.0000000000        0.0000000000        0.0000000000
     2707.0000000000        0.0000000000        0.0000000000
     2708.0000000000        0.0000000000        0.0000000000
     2709.0000000000        0.0000000000        0.0000000000
     2710.0000000000        0.0000000000        0.0000000000
     2711.0000000000        0.0000000000        0.0000000000
     2712.0000000000        0.0000000000        0.0000000000
     2713.0000000000        0.0000000000        0.0000000000
     2714.0000000000        0.0000000000        0.0000000000
     2715.0000000000        0.0000000000        0.0000000000
     2716.0000000000        0.0000000000        0.0000000000
     2717.0000000000        0.0000000000        0.0000000000
     2718.0000000000        0.0000000000        0.0000000000
     2719.0000000000        0.0000000000        0.0000000000
     2720.0000000000        0.0000000000        0.0000000000
     2721.0000000000        0.0000000000        0.0000000000
     2722.0000000000        0.0000000000        0.0000000000
     2723.0000000000        0.0000000000        0.0000000000
     2724.0000000000        0.0000000000        0.0000000000
     2725.0000000000        0.0000000000        0.0000000000
     2726.0000000000        0.0000000000        0.0000000000
     2727.0000000000        0.0000000000        0.0000000000
     2728.0000000000        0.0000000000        0.0000000000
     2729.0000000000        0.0000000000        0.0000000000
     2730.0000000000        0.0000000000        0.0000000000
     2731.0000000000        0.0000000000        0.0000000000
     2732.0000000000        0.0000000000        0.0000000000
     2733.0000000000        0.0000000000        0.0000000000
     2734.0000000000        0.0000000000        0.0000000000
     2735.0000000000        0.0000000000        0.0000000000
     2736.0000000000        0.0000000000        0.0000000000
     2737.0000000000        0.0000000000        0.0000000000
     2738.0000000000        0.0000000000        0.0000000000
     2739.0000000000        0.0000000000        0.0000000000
     2740.0000000000        0.0000000000        0.0000000000
     2741.0000000000        0.0000000000        0.0000000000
     2742.0000000000        0.0000000000        0.0000000000
     2743.0000000000        0.0000000000        0.0000000000
     2744.0000000000        0.0000000000        0.0000000000
     2745.0000000000        0.0000000000        0.0000000000
     2746.0000000000        0.0000000000        0.0000000000
     2747.0000000000        0.0000000000        0.0000000000
     2748.0000000000        0.0000000000        0.0000000000
     2749.0000000000        0.0000000000        0.0000000000
     2750.0000000000        0.0000000000        0.0000000000
     2751.0000000000        0.0000000000        0.0000000000
     2752.0000000000        0.0000000000        0.0000000000
     2753.0000000000        0.0000000000        0.0000000000
     2754.0000000000        0.0000000000        0.0000000000
     2755.0000000000        0.0000000000        0.0000000000
     2756.0000000000        0.0000000000        0.0000000000
     2757.0000000000        0.0000000000        0.0000000000
     2758.0000000000        0.0000000000        0.0000000000
     2759.0000000000        0.0000000000        0.0000000000
     2760.0000000000        0.0000000000        0.0000000000
     2761.0000000000        0.0000000000        0.0000000000
     2762.0000000000        0.0000000000        0.0000000000
     2763.0000000000        0.0000000000        0.0000000000
     2764.0000000000        0.0000000000        0.0000000000
     2765.0000000000        0.0000000000        0.0000000000
     2766.0000000000        0.0000000000        0.0000000000
     2767.0000000000        0.0000000000        0.0000000000
     2768.0000000000        0.0000000000        0.0000000000
     2769.0000000000        0.0000000000        0.0000000000
     2770.0000000000        0.0000000000        0.0000000000
     2771.0000000000        0.0000000000        0.0000000000
     2772.0000000000        0.0000000000        0.0000000000
     2773.0000000000        0.0000000000        0.0000000000
     2774.0000000000        0.0000000000        0.0000000000
     2775.0000000000        0.0000000000        0.0000000000
     2776.0000000000        0.0000000000        0.0000000000
     2777.0000000000        0.0000000000        0.0000000000
     2778.0000000000        0.0000000000        0.0000000000
     2779.0000000000        0.0000000000        0.0000000000
     2780.0000000000        0.0000000000        0.0000000000
     2781.0000000000        0.0000000000        0.0000000000
     2782.0000000000        0.0000000000        0.0000000000
     2783.0000000000        0.0000000000        0.0000000000
     2784.0000000000        0.0000000000        0.0000000000
     2785.0000000000        0.0000000000        0.0000000000
     2786.0000000000        0.0000000000        0.0000000000
     2787.0000000000        0.0000000000        0.0000000000
     2788.0000000000        0.0000000000        0.0000000000
     2789.0000000000        0.0000000000        0.0000000000
     2790.0000000000        0.0000000000        0.0000000000
     2791.0000000000        0.0000000000        0.0000000000
     2792.0000000000        0.0000000000        0.0000000000
     2793.0000000000        0.0000000000        0.0000000000
     2794.0000000000        0.0000000000        0.0000000000
     2795.0000000000        0.0000000000        0.0000000000
     2796.0000000000        0.0000000000        0.0000000000
     2797.0000000000        0.0000000000        0.0000000000
     2798.0000000000        0.0000000000        0.0000000000
     2799.0000000000        0.0000000000        0.0000000000
     2800.0000000000        0.0000000000        0.0000000000
     2801.0000000000        0.0000000000        0.0000000000
     2802.0000000000        0.0000000000        0.0000000000
     2803.0000000000        0.0000000000        0.0000000000
     2804.0000000000        0.0000000000        0.0000000000
     2805.0000000000        0.0000000000        0.0000000000
     2806.0000000000        0.0000000000        0.0000000000
     2807.0000000000        0.0000000000        0.0000000000
     2808.0000000000        0.0000000000        0.0000000000
     2809.0000000000        0.0000000000        0.0000000000
     2810.0000000000        0.0000000000        0.0000000000
     2811.0000000000        0.0000000000        0.0000000000
     2812.0000000000        0.0000000000        0.0000000000
     2813.0000000000        0.0000000000        0.0000000000
     2814.0000000000        0.0000000000        0.0000000000
     2815.0000000000        0.0000000000        0.0000000000
     2816.0000000000        0.0000000000        0.0000000000
     2817.0000000000        0.0000000000        0.0000000000
     2818.0000000000        0.0000000000        0.0000000000
     2819.0000000000        0.0000000000        0.0000000000
     2820.0000000000        0.0000000000        0.0000000000
     2821.0000000000        0.0000000000        0.0000000000
     2822.0000000000        0.0000000000        0.0000000000
     2823.0000000000        0.0000000000        0.0000000000
     2824.0000000000        0.0000000000        0.0000000000
     2825.0000000000        0.0000000000        0.0000000000
     2826.0000000000        0.0000000000        0.0000000000
     2827.0000000000        0.0000000000        0.0000000000
     2828.0000000000        0.0000000000        0.0000000000
     2829.0000000000        0.0000000000        0.0000000000
     2830.0000000000        0.0000000000        0.0000000000
     2831.0000000000        0.0000000000        0.0000000000
     2832.0000000000        0.0000000000        0.0000000000
     2833.0000000000        0.0000000000        0.0000000000
     2834.0000000000        0.0000000000        0.0000000000
     2835.0000000000        0.0000000000        0.0000000000
     2836.0000000000        0.0000000000        0.0000000000
     2837.0000000000        0.0000000000        0.0000000000
     2838.0000000000        0.0000000000        0.0000000000
     2839.0000000000        0.0000000000        0.0000000000
     2840.0000000000        0.0000000000        0.0000000000
     2841.0000000000        0.0000000000        0.0000000000
     2842.0000000000        0.0000000000        0.0000000000
     2843.0000000000        0.0000000000        0.0000000000
     2844.0000000000        0.0000000000        0.0000000000
     2845.0000000000        0.0000000000        0.0000000000
     2846.0000000000        0.0000000000        0.0000000000
     2847.0000000000        0.0000000000        0.0000000000
     2848.0000000000        0.0000000000        0.0000000000
     2849.0000000000        0.0000000000        0.0000000000
     2850.0000000000        0.0000000000        0.0000000000
     2851.0000000000        0.0000000000        0.0000000000
     2852.0000000000        0.0000000000        0.0000000000
     2853.0000000000        0.0000000000        0.0000000000
     2854.0000000000        0.0000000000        0.0000000000
     2855.0000000000        0.0000000000        0.0000000000
     2856.0000000000        0.0000000000        0.0000000000
     2857.0000000000        0.0000000000        0.0000000000
     2858.0000000000        0.0000000000        0.0000000000
     2859.0000000000        0.0000000000        0.0000000000
     2860.0000000000        0.0000000000        0.0000000000
     2861.0000000000        0.0000000000        0.0000000000
     2862.0000000000        0.0000000000        0.0000000000
     2863.0000000000        0.0000000000        0.0000000000
     2864.0000000000        0.0000000000        0.0000000000
     2865.0000000000        0.0000000000        0.0000000000
     2866.0000000000        0.0000000000        0.0000000000
     2867.0000000000        0.0000000000        0.0000000000
     2868.0000000000        0.0000000000        0.0000000000
     2869.0000000000        0.0000000000        0.0000000000
     2870.0000000000        0.0000000000        0.0000000000
     2871.0000000000        0.0000000000        0.0000000000
     2872.0000000000        0.0000000000        0.0000000000
     2873.0000000000        0.0000000000        0.0000000000
     2874.0000000000        0.0000000000        0.0000000000
     2875.0000000000        0.0000000000        0.0000000000
     2876.0000000000        0.0000000000        0.0000000000
     2877.0000000000        0.0000000000        0.0000000000
     2878.0000000000        0.0000000000        0.0000000000
     2879.0000000000        0.0000000000        0.0000000000
     2880.0000000000        0.0000000000        0.0000000000
     2881.0000000000        0.0000000000        0.0000000000
     2882.0000000000        0.0000000000        0.0000000000
     2883.0000000000        0.0000000000        0.0000000000
     2884.0000000000        0.0000000000        0.0000000000
     2885.0000000000        0.0000000000        0.0000000000
     2886.0000000000        0.0000000000        0.0000000000
     2887.0000000000        0.0000000000        0.0000000000
     2888.0000000000        0.0000000000        0.0000000000
     2889.0000000000        0.0000000000        0.0000000000
     2890.0000000000        0.0000000000        0.0000000000
     2891.0000000000        0.0000000000        0.0000000000
     2892.0000000000        0.0000000000        0.0000000000
     2893.0000000000        0.0000000000        0.0000000000
     2894.0000000000        0.0000000000        0.0000000000
     2895.0000000000        0.0000000000        0.0000000000
     2896.0000000000        0.0000000000        0.0000000000
     2897.0000000000        0.0000000000        0.0000000000
     2898.0000000000        0.0000000000        0.0000000000
     2899.0000000000        0.0000000000        0.0000000000
     2900.0000000000        0.0000000000        0.0000000000
     2901.0000000000        0.0000000000        0.0000000000
     2902.0000000000        0.0000000000        0.0000000000
     2903.0000000000        0.0000000000        0.0000000000
     2904.0000000000        0.0000000000        0.0000000000
     2905.0000000000        0.0000000000        0.0000000000
     2906.0000000000        0.0000000000        0.0000000000
     2907.0000000000        0.0000000000        0.0000000000
     2908.0000000000        0.0000000000        0.0000000000
     2909.0000000000        0.0000000000        0.0000000000
     2910.0000000000        0.0000000000        0.0000000000
     2911.0000000000        0.0000000000        0.0000000000
     2912.0000000000        0.0000000000        0.0000000000
     2913.0000000000        0.0000000000        0.0000000000
     2914.0000000000        0.0000000000        0.0000000000
     2915.0000000000        0.0000000000        0.0000000000
     2916.0000000000        0.0000000000        0.0000000000
     2917.0000000000        0.0000000000        0.0000000000
     2918.0000000000        0.0000000000        0.0000000000
     2919.0000000000        0.0000000000        0.0000000000
     2920.0000000000        0.0000000000        0.0000000000
     2921.0000000000        0.0000000000        0.0000000000
     2922.0000000000        0.0000000000        0.0000000000
     2923.0000000000        0.0000000000        0.0000000000
     2924.0000000000        0.0000000000        0.0000000000
     2925.0000000000        0.0000000000        0.0000000000
     2926.0000000000        0.0000000000        0.0000000000
     2927.0000000000        0.0000000000        0.0000000000
     2928.0000000000        0.0000000000        0.0000000000
     2929.0000000000        0.0000000000        0.0000000000
     2930.0000000000        0.0000000000        0.0000000000
     2931.0000000000        0.0000000000        0.0000000000
     2932.0000000000        0.0000000000        0.0000000000
     2933.0000000000        0.0000000000        0.0000000000
     2934.0000000000        0.0000000000        0.0000000000
     2935.0000000000        0.0000000000        0.0000000000
     2936.0000000000        0.0000000000        0.0000000000
     2937.0000000000        0.0000000000        0.0000000000
     2938.0000000000        0.0000000000        0.0000000000
     2939.0000000000        0.0000000000        0.0000000000
     2940.0000000000        0.0000000000        0.0000000000
     2941.0000000000        0.0000000000        0.0000000000
     2942.0000000000        0.0000000000        0.0000000000
     2943.0000000000        0.0000000000        0.0000000000
     2944.0000000000        0.0000000000        0.0000000000
     2945.0000000000        0.0000000000        0.0000000000
     2946.0000000000        0.0000000000        0.0000000000
     2947.0000000000        0.0000000000        0.0000000000
     2948.0000000000        0.0000000000        0.0000000000
     2949.0000000000        0.0000000000        0.0000000000
     2950.0000000000        0.0000000000        0.0000000000
     2951.0000000000        0.0000000000        0.0000000000
     2952.0000000000        0.0000000000        0.0000000000
     2953.0000000000        0.0000000000        0.0000000000
     2954.0000000000        0.0000000000        0.0000000000
     2955.0000000000        0.0000000000        0.0000000000
     2956.0000000000        0.0000000000        0.0000000000
     2957.0000000000        0.0000000000        0.0000000000
     2958.0000000000        0.0000000000        0.0000000000
     2959.0000000000        0.0000000000        0.0000000000
     2960.0000000000        0.0000000000        0.0000000000
     2961.0000000000        0.0000000000        0.0000000000
     2962.0000000000        0.0000000000        0.0000000000
     2963.0000000000        0.0000000000        0.0000000000
     2964.0000000000        0.0000000000        0.0000000000
     2965.0000000000        0.0000000000        0.0000000000
     2966.0000000000        0.0000000000        0.0000000000
     2967.0000000000        0.0000000000        0.0000000000
     2968.0000000000        0.0000000000        0.0000000000
     2969.0000000000        0.0000000000        0.0000000000
     2970.0000000000        0.0000000000        0.0000000000
     2971.0000000000        0.0000000000        0.0000000000
     2972.0000000000        0.0000000000        0.0000000000
     2973.0000000000        0.0000000000        0.0000000000
     2974.0000000000        0.0000000000        0.0000000000
     2975.0000000000        0.0000000000        0.0000000000
     2976.0000000000        0.0000000000        0.0000000000
     2977.0000000000        0.0000000000        0.0000000000
     2978.0000000000        0.0000000000        0.0000000000
     2979.0000000000        0.0000000000        0.0000000000
     2980.0000000000        0.0000000000        0.0000000000
     2981.0000000000        0.0000000000        0.0000000000
     2982.0000000000        0.0000000000        0.0000000000
     2983.0000000000        0.0000000000        0.0000000000
     2984.0000000000        0.0000000000        0.0000000000
     2985.0000000000        0.0000000000        0.0000000000
     2986.0000000000        0.0000000000        0.0000000000
     2987.0000000000        0.0000000000        0.0000000000
     2988.0000000000        0.0000000000        0.0000000000
     2989.0000000000        0.0000000000        0.0000000000
     2990.0000000000        0.0000000000        0.0000000000
     2991.0000000000        0.0000000000        0.0000000000
     2992.0000000000        0.0000000000        0.0000000000
     2993.0000000000        0.0000000000        0.0000000000
     2994.0000000000        0.0000000000        0.0000000000
     2995.0000000000        0.0000000000        0.0000000000
     2996.0000000000        0.0000000000        0.0000000000
     2997.0000000000        0.0000000000        0.0000000000
     2998.0000000000        0.0000000000        0.0000000000
     2999.0000000000        0.0000000000        0.0000000000
     3000.0000000000        0.0000000000        0.0000000000
     3001.0000000000        0.0000000000        0.0000000000
     3002.0000000000        0.0000000000        0.0000000000
     3003.0000000000        0.0000000000        0.0000000000
     3004.0000000000        0.0000000000        0.0000000000
     3005.0000000000        0.0000000000        0.0000000000
     3006.0000000000        0.0000000000        0.0000000000
     3007.0000000000        0.0000000000        0.0000000000
     3008.0000000000        0.0000000000        0.0000000000
     3009.0000000000        0.0000000000        0.0000000000
     3010.0000000000        0.0000000000        0.0000000000
     3011.0000000000        0.0000000000        0.0000000000
     3012.0000000000        0.0000000000        0.0000000000
     3013.0000000000        0.0000000000        0.0000000000
     3014.0000000000        0.0000000000        0.0000000000
     3015.0000000000        0.0000000000        0.0000000000
     3016.0000000000        0.0000000000        0.0000000000
     3017.0000000000        0.0000000000        0.0000000000
     3018.0000000000        0.0000000000        0.0000000000
     3019.0000000000        0.0000000000        0.0000000000
     3020.0000000000        0.0000000000        0.0000000000
     3021.0000000000        0.0000000000        0.0000000000
     3022.0000000000        0.0000000000        0.0000000000
     3023.0000000000        0.0000000000        0.0000000000
     3024.0000000000        0.0000000000        0.0000000000
     3025.0000000000        0.0000000000        0.0000000000
     3026.0000000000        0.0000000000        0.0000000000
     3027.0000000000        0.0000000000        0.0000000000
     3028.0000000000        0.0000000000        0.0000000000
     3029.0000000000        0.0000000000        0.0000000000
     3030.0000000000        0.0000000000        0.0000000000
     3031.0000000000        0.0000000000        0.0000000000
     3032.0000000000        0.0000000000        0.0000000000
     3033.0000000000        0.0000000000        0.0000000000
     3034.0000000000        0.0000000000        0.0000000000
     3035.0000000000        0.0000000000        0.0000000000
     3036.0000000000        0.0000000000        0.0000000000
     3037.0000000000        0.0000000000        0.0000000000
     3038.0000000000        0.0070290908        0.0000881140
     3039.0000000000        0.0071180400        0.0000897915
     3040.0000000000        0.0072086881        0.0000915118
     3041.0000000000        0.0073010784        0.0000932763
     3042.0000000000        0.0073952560        0.0000950865
     3043.0000000000        0.0074912671        0.0000969438
     3044.0000000000        0.0075891599        0.0000988498
     3045.0000000000        0.0076889836        0.0001008061
     3046.0000000000        0.0077907894        0.0001028143
     3047.0000000000        0.0078946301        0.0001048762
     3048.0000000000        0.0080005604        0.0001069936
     3049.0000000000        0.0081086365        0.0001091684
     3050.0000000000        0.0082189170        0.0001114025
     3051.0000000000        0.0083314620        0.0001136980
     3052.0000000000        0.0084463341        0.0001160569
     3053.0000000000        0.0085635978        0.0001184816
     3054.0000000000        0.0086833200        0.0001209742
     3055.0000000000        0.0088055697        0.0001235372
     3056.0000000000        0.0089304187        0.0001261732
     3057.0000000000        0.0090579412        0.0001288846
     3058.0000000000        0.0091882140        0.0001316743
     3059.0000000000        0.0093213168        0.0001345450
     3060.0000000000        0.0094573321        0.0001374998
     3061.0000000000        0.0095963454        0.0001405417
     3062.0000000000        0.0097384456        0.0001436740
     3063.0000000000        0.0098837246        0.0001469000
     3064.0000000000        0.0100322779        0.0001502233
     3065.0000000000        0.0101842048        0.0001536475
     3066.0000000000        0.0103396080        0.0001571766
     3067.0000000000        0.0104985944        0.0001608146
     3068.0000000000        0.0106612749        0.0001645657
     3069.0000000000        0.0108277650        0.0001684343
     3070.0000000000        0.0109981843        0.0001724251
     3071.0000000000        0.0111726576        0.0001765430
     3072.0000000000        0.0113513143        0.0001807929
     3073.0000000000        0.0115342893        0.0001851804
     3074.0000000000        0.0117217227        0.0001897109
     3075.0000000000        0.0119137606        0.0001943903
     3076.0000000000        0.0121105550        0.0001992249
     3077.0000000000        0.0123122642        0.0002042210
     3078.0000000000        0.0125190531        0.0002093856
     3079.0000000000        0.0127310938        0.0002147257
     3080.0000000000        0.0129485655        0.0002202488
     3081.0000000000        0.0131716552        0.0002259630
     3082.0000000000        0.0134005579        0.0002318765
     3083.0000000000        0.0136354775        0.0002379980
     3084.0000000000        0.0138766264        0.0002443368
     3085.0000000000        0.0141242268        0.0002509027
     3086.0000000000        0.0143785108        0.0002577058
     3087.0000000000        0.0146397211        0.0002647570
     3088.0000000000        0.0149081113        0.0002720677
     3089.0000000000        0.0151839470        0.0002796499
     3090.0000000000        0.0154675059        0.0002875164
     3091.0000000000        0.0157590789        0.0002956805
     3092.0000000000        0.0160589709        0.0003041566
     3093.0000000000        0.0163675011        0.0003129595
     3094.0000000000        0.0166850042        0.0003221054
     3095.0000000000        0.0170118316        0.0003316108
     3096.0000000000        0.0173483517        0.0003414938
     3097.0000000000        0.0176949515        0.0003517733
     3098.0000000000        0.0180520372        0.0003624693
     3099.0000000000        0.0184200359        0.0003736030
     3100.0000000000        0.0187993967        0.0003851972
     3101.0000000000        0.0191905919        0.0003972759
     3102.0000000000        0.0195941185        0.0004098646
     3103.0000000000        0.0200105002        0.0004229905
     3104.0000000000        0.0204402883        0.0004366826
     3105.0000000000        0.0208840644        0.0004509717
     3106.0000000000        0.0213424416        0.0004658906
     3107.0000000000        0.0218160672        0.0004814745
     3108.0000000000        0.0223056247        0.0004977607
     3109.0000000000        0.0228118361        0.0005147894
     3110.0000000000        0.0233354650        0.0005326031
     3111.0000000000        0.0238773192        0.0005512477
     3112.0000000000        0.0244382537        0.0005707722
     3113.0000000000        0.0250191743        0.0005912289
     3114.0000000000        0.0256210411        0.0006126743
     3115.0000000000        0.0262448725        0.0006351686
     3116.0000000000        0.0268917496        0.0006587769
     3117.0000000000        0.0275628207        0.0006835687
     3118.0000000000        0.0282593065        0.0007096192
     3119.0000000000        0.0289825055        0.0007370092
     3120.0000000000        0.0297338004        0.0007658258
     3121.0000000000        0.0305146640        0.0007961631
     3122.0000000000        0.0313266673        0.0008281226
     3123.0000000000        0.0321714865        0.0008618141
     3124.0000000000        0.0330509122        0.0008973563
     3125.0000000000        0.0339668588        0.0009348781
     3126.0000000000        0.0349213746        0.0009745190
     3127.0000000000        0.0359166535        0.0010164305
     3128.0000000000        0.0369550473        0.0010607775
     3129.0000000000        0.0380390799        0.0011077392
     3130.0000000000        0.0391714622        0.0011575110
     3131.0000000000        0.0403551093        0.0012103059
     3132.0000000000        0.0415931591        0.0012663568
     3133.0000000000        0.0428889928        0.0013259181
     3134.0000000000        0.0442462582        0.0013892688
     3135.0000000000        0.0456688951        0.0014567146
     3136.0000000000        0.0471611640        0.0015285913
     3137.0000000000        0.0487276773        0.0016052682
     3138.0000000000        0.0503734356        0.0016871522
     3139.0000000000        0.0521038666        0.0017746923
     3140.0000000000        0.0539248702        0.0018683844
     3141.0000000000        0.0578728344        0.0019942516
     3142.0000000000        0.0599205433        0.0021024406
     3143.0000000000        0.0620803811        0.0022186284
     3144.0000000000        0.0643607165        0.0023435682
     3145.0000000000        0.0667707137        0.0024780998
     3146.0000000000        0.0693204248        0.0026231612
     3147.0000000000        0.0720208948        0.0027798028
     3148.0000000000        0.0748842817        0.0029492029
     3149.0000000000        0.0779239932        0.0031326863
     3150.0000000000        0.0811548444        0.0033317463
     3151.0000000000        0.0845932377        0.0035480695
     3152.0000000000        0.0882573718        0.0037835664
     3153.0000000000        0.0921674814        0.0040404059
     3154.0000000000        0.0963461171        0.0043210577
     3155.0000000000        0.1008184695        0.0046283412
     3156.0000000000        0.1056127477        0.0049654852
     3157.0000000000        0.1107606232        0.0053361979
     3158.0000000000        0.1162977501        0.0057447526
     3159.0000000000        0.1222643805        0.0061960898
     3160.0000000000        0.1287060908        0.0066959415
     3161.0000000000        0.1356746474        0.0072509826
     3162.0000000000        0.1432290386        0.0078690164
     3163.0000000000        0.1514367125        0.0085592015
     3164.0000000000        0.1603750688        0.0093323341
     3165.0000000000        0.1701332641        0.0102011973
     3166.0000000000        0.1808144099        0.0111809988
     3167.0000000000        0.1925382613        0.0122899210
     3168.0000000000        0.2054445263        0.0135498174
     3169.0000000000        0.2196969623        0.0149871010
     3170.0000000000        0.2354884820        0.0166338832
     3171.0000000000        0.2530475562        0.0185294486
     3172.0000000000        0.2726463053        0.0207221763
     3173.0000000000        0.2946107982        0.0232720665
     3174.0000000000        0.3193342687        0.0262540906
     3175.0000000000        0.3472942193        0.0297626768
     3176.0000000000        0.3790747545        0.0339177739
     3177.0000000000        0.4153960245        0.0388731334
     3178.0000000000        0.4571534343        0.0448277467
     3179.0000000000        0.5054704190        0.0520418187
     3180.0000000000        0.5617702844        0.0608593422
     3181.0000000000        0.6278751634        0.0717403898
     3182.0000000000        0.7061440159        0.0853078784
     3183.0000000000        0.7996675328        0.1024161091
     3184.0000000000        0.9125469486        0.1242523503
     3185.0000000000        1.0502978492        0.1524887703
     3186.0000000000        1.2204415153        0.1895108116
     3187.0000000000        1.4333779367        0.2387593619
     3188.0000000000        1.7036771879        0.3052332083
     3189.0000000000        2.0519692461        0.3961848226
     3190.0000000000        2.5076048364        0.5219337747
     3191.0000000000        3.1120107345        0.6962839007
     3192.0000000000        3.9215575355        0.9345783719
     3193.0000000000        5.0050549749        1.2433059095
     3194.0000000000        6.4209054445        1.5864430315
     3195.0000000000        8.1405416321        1.8102846419
     3196.0000000000        9.8903325901        1.5795546857
     3197.0000000000       11.0438852135        0.6066341660
     3198.0000000000       10.9695197914       -0.7462056872
     3199.0000000000        9.7134940662       -1.6392389844
     3200.0000000000        7.9423852978       -1.8002975364
     3201.0000000000        6.2490509994       -1.5500591166
     3202.0000000000        4.8711932151       -1.2061619110
     3203.0000000000        3.8214528070       -0.9046628132
     3204.0000000000        3.0378878986       -0.6740460737
     3205.0000000000        2.4525170252       -0.5058050032
     3206.0000000000        2.0106639927       -0.3844967874
     3207.0000000000        1.6724009670       -0.2966786236
     3208.0000000000        1.4094919968       -0.2324046133
     3209.0000000000        1.2020892196       -0.1847097115
     3210.0000000000        1.0361614999       -0.1487970106
     3211.0000000000        0.9016799953       -0.1213629975
     3212.0000000000        0.7913809538       -0.1001149905
     3213.0000000000        0.6999295251       -0.0834436685
     3214.0000000000        0.6233529836       -0.0702047174
     3215.0000000000        0.5586532677       -0.0595735281
     3216.0000000000        0.5035391006       -0.0509479652
     3217.0000000000        0.4562384685       -0.0438826860
     3218.0000000000        0.4153656612       -0.0380442698
     3219.0000000000        0.3798257989       -0.0331801916
     3220.0000000000        0.3487454292       -0.0290971025
     3221.0000000000        0.3214214777       -0.0256454421
     3222.0000000000        0.2972832762       -0.0227084052
     3223.0000000000        0.2758640167       -0.0201939437
     3224.0000000000        0.2567790756       -0.0180289024
     3225.0000000000        0.2397093974       -0.0161546783
     3226.0000000000        0.2243886438       -0.0145239727
     3227.0000000000        0.2105931709       -0.0130983416
     3228.0000000000        0.1981341490       -0.0118463291
     3229.0000000000        0.1868513223       -0.0107420348
     3230.0000000000        0.1766080306       -0.0097640053
     3231.0000000000        0.1672872126       -0.0088943693
     3232.0000000000        0.1587881762       -0.0081181592
     3233.0000000000        0.1510239741       -0.0074227737
     3234.0000000000        0.1439192588       -0.0067975512
     3235.0000000000        0.1374085202       -0.0062334274
     3236.0000000000        0.1314346308       -0.0057226600
     3237.0000000000        0.1259476395       -0.0052586053
     3238.0000000000        0.1209037668       -0.0048355364
     3239.0000000000        0.1162645649       -0.0044484943
     3240.0000000000        0.1119962133       -0.0040931651
     3241.0000000000        0.1080689256       -0.0037657785
     3242.0000000000        0.1044564502       -0.0034630232
     3243.0000000000        0.1011356468       -0.0031819761
     3244.0000000000        0.0980861299       -0.0029200424
     3245.0000000000        0.0952899656       -0.0026749056
     3246.0000000000        0.0927314159       -0.0024444836
     3247.0000000000        0.0903967235       -0.0022268918
     3248.0000000000        0.0882739302       -0.0020204110
     3249.0000000000        0.0863527267       -0.0018234583
     3250.0000000000        0.0846243290       -0.0016345625
     3251.0000000000        0.0830813779       -0.0014523406
     3252.0000000000        0.0817178623       -0.0012754769
     3253.0000000000        0.0805290610       -0.0011027033
     3254.0000000000        0.0795115057       -0.0009327797
     3255.0000000000        0.0786629619       -0.0007644752
     3256.0000000000        0.0779824288       -0.0005965493
     3257.0000000000        0.0774701599       -0.0004277317
     3258.0000000000        0.0771277025       -0.0002567005
     3259.0000000000        0.0769579609       -0.0000820599
     3260.0000000000        0.0769652834        0.0000976870
     3261.0000000000        0.0771555775        0.0002841672
     3262.0000000000        0.0775364571        0.0004791723
     3263.0000000000        0.0781174265        0.0006846992
     3264.0000000000        0.0789101095        0.0009029984
     3265.0000000000        0.0799285302        0.0011366312
     3266.0000000000        0.0811894589        0.0013885409
     3267.0000000000        0.0827128349        0.0016621385
     3268.0000000000        0.0845222860        0.0019614097
     3269.0000000000        0.0866457667        0.0022910469
     3270.0000000000        0.0891163452        0.0026566162
     3271.0000000000        0.0919731783        0.0030647677
     3272.0000000000        0.0952627232        0.0035235031
     3273.0000000000        0.0990402547        0.0040425199
     3274.0000000000        0.1033717730        0.0046336565
     3275.0000000000        0.1083364223        0.0053114722
     3276.0000000000        0.1140295759        0.0060940119
     3277.0000000000        0.1205668043        0.0070038196
     3278.0000000000        0.1280890208        0.0080692987
     3279.0000000000        0.1367692144        0.0093265531
     3280.0000000000        0.1468213427        0.0108219062
     3281.0000000000        0.1585121985        0.0126153860
     3282.0000000000        0.1721774140        0.0147856017
     3283.0000000000        0.1882432917        0.0174366490
     3284.0000000000        0.2072569387        0.0207080087
     3285.0000000000        0.2299283825        0.0247889109
     3286.0000000000        0.2571901840        0.0299394288
     3287.0000000000        0.2902828975        0.0365217957
     3288.0000000000        0.3308790940        0.0450473006
     3289.0000000000        0.3812652812        0.0562467924
     3290.0000000000        0.4446107155        0.0711761179
     3291.0000000000        0.5253647709        0.0913699862
     3292.0000000000        0.6298361806        0.1190514089
     3293.0000000000        0.7669992623        0.1573633291
     3294.0000000000        0.9494766616        0.2104328247
     3295.0000000000        1.1942517903        0.2825731852
     3296.0000000000        1.5213799056        0.3745424046
     3297.0000000000        1.9456207318        0.4720943510
     3298.0000000000        2.4505598610        0.5225357537
     3299.0000000000        2.9404542672        0.4228649756
     3300.0000000000        3.2223555798        0.1097705646
     3301.0000000000        3.1351642349       -0.2735586104
     3302.0000000000        2.7324880494       -0.4939258399
     3303.0000000000        2.2163348797       -0.5121321511
     3304.0000000000        1.7410317474       -0.4305201710
     3305.0000000000        1.3603431889       -0.3319149324
     3306.0000000000        1.0719052715       -0.2483660457
     3307.0000000000        0.8567297714       -0.1852230139
     3308.0000000000        0.6957019041       -0.1393275687
     3309.0000000000        0.5738163791       -0.1062371011
     3310.0000000000        0.4802066676       -0.0822444442
     3311.0000000000        0.4072057707       -0.0646443128
     3312.0000000000        0.3494222344       -0.0515509822
     3313.0000000000        0.3030384877       -0.0416668226
     3314.0000000000        0.2653199922       -0.0340973736
     3315.0000000000        0.2342814640       -0.0282207872
     3316.0000000000        0.2084613087       -0.0235996419
     3317.0000000000        0.1867685553       -0.0199222077
     3318.0000000000        0.1683780310       -0.0169633403
     3319.0000000000        0.1526577402       -0.0145582761
     3320.0000000000        0.1391179176       -0.0125848981
     3321.0000000000        0.1273748274       -0.0109515969
     3322.0000000000        0.1171247137       -0.0095888593
     3323.0000000000        0.1081248255       -0.0084433676
     3324.0000000000        0.1001794322       -0.0074738115
     3325.0000000000        0.0931294031       -0.0066478784
     3326.0000000000        0.0868443585       -0.0059400682
     3327.0000000000        0.0812167009       -0.0053300882
     3328.0000000000        0.0761570318       -0.0048016626
     3329.0000000000        0.0715906013       -0.0043416411
     3330.0000000000        0.0674545359       -0.0039393247
     3331.0000000000        0.0636956546       -0.0035859516
     3332.0000000000        0.0602687383       -0.0032743026
     3333.0000000000        0.0571351467       -0.0029983946
     3334.0000000000        0.0542617063       -0.0027532419
     3335.0000000000        0.0516198107       -0.0025346679
     3336.0000000000        0.0491846888       -0.0023391570
     3337.0000000000        0.0469348050       -0.0021637360
     3338.0000000000        0.0448513662       -0.0020058791
     3339.0000000000        0.0429179138       -0.0018634316
     3340.0000000000        0.0411199845       -0.0017345482
     3341.0000000000        0.0394448273       -0.0016176422
     3342.0000000000        0.0378811659       -0.0015113446
     3343.0000000000        0.0364189989       -0.0014144698
     3344.0000000000        0.0350494302       -0.0013259878
     3345.0000000000        0.0337645262       -0.0012450009
     3346.0000000000        0.0325571926       -0.0011707245
     3347.0000000000        0.0314210707       -0.0011024703
     3348.0000000000        0.0303504470       -0.0010396335
     3349.0000000000        0.0293401763       -0.0009816808
     3350.0000000000        0.0283856151       -0.0009281407
     3351.0000000000        0.0274825637       -0.0008785956
     3352.0000000000        0.0266272163       -0.0008326746
     3353.0000000000        0.0258161170       -0.0007900473
     3354.0000000000        0.0250461224       -0.0007504191
     3355.0000000000        0.0243143672       -0.0007135267
     3356.0000000000        0.0236182361       -0.0006791339
     3357.0000000000        0.0229553371       -0.0006470289
     3358.0000000000        0.0153911840       -0.0005307206
     3359.0000000000        0.0148738594       -0.0005042297
     3360.0000000000        0.0143821476       -0.0004794705
     3361.0000000000        0.0139143877       -0.0004563038
     3362.0000000000        0.0134690512       -0.0004346039
     3363.0000000000        0.0130447293       -0.0004142566
     3364.0000000000        0.0126401219       -0.0003951583
     3365.0000000000        0.0122540279       -0.0003772147
     3366.0000000000        0.0118853363       -0.0003603400
     3367.0000000000        0.0115330178       -0.0003444558
     3368.0000000000        0.0111961183       -0.0003294907
     3369.0000000000        0.0108737520       -0.0003153791
     3370.0000000000        0.0105650957       -0.0003020611
     3371.0000000000        0.0102693837       -0.0002894817
     3372.0000000000        0.0099859029       -0.0002775906
     3373.0000000000        0.0097139886       -0.0002663413
     3374.0000000000        0.0094530206       -0.0002556912
     3375.0000000000        0.0092024197       -0.0002456008
     3376.0000000000        0.0089616444       -0.0002360340
     3377.0000000000        0.0087301883       -0.0002269573
     3378.0000000000        0.0085075769       -0.0002183396
     3379.0000000000        0.0082933656       -0.0002101524
     3380.0000000000        0.0080871374       -0.0002023692
     3381.0000000000        0.0078885008       -0.0001949653
     3382.0000000000        0.0076970880       -0.0001879179
     3383.0000000000        0.0075125532       -0.0001812059
     3384.0000000000        0.0073345710       -0.0001748095
     3385.0000000000        0.0071628351       -0.0001687105
     3386.0000000000        0.0069970567       -0.0001628917
     3387.0000000000        0.0068369636       -0.0001573372
     3388.0000000000        0.0066822990       -0.0001520323
     3389.0000000000        0.0065328204       -0.0001469631
     3390.0000000000        0.0063882986       -0.0001421166
     3391.0000000000        0.0062485170       -0.0001374807
     3392.0000000000        0.0061132707       -0.0001330442
     3393.0000000000        0.0059823657       -0.0001287964
     3394.0000000000        0.0058556182       -0.0001247275
     3395.0000000000        0.0057328543       -0.0001208280
     3396.0000000000        0.0056139087       -0.0001170893
     3397.0000000000        0.0054986248       -0.0001135032
     3398.0000000000        0.0053868539       -0.0001100620
     3399.0000000000        0.0052784549       -0.0001067584
     3400.0000000000        0.0051732935       -0.0001035857
     3401.0000000000        0.0050712421       -0.0001005373
     3402.0000000000        0.0049721793       -0.0000976074
     3403.0000000000        0.0048759897       -0.0000947902
     3404.0000000000        0.0047825632       -0.0000920802
     3405.0000000000        0.0046917951       -0.0000894726
     3406.0000000000        0.0046035855       -0.0000869625
     3407.0000000000        0.0045178392       -0.0000845453
     3408.0000000000        0.0044344654       -0.0000822168
     3409.0000000000        0.0043533773       -0.0000799731
     3410.0000000000        0.0042744922       -0.0000778102
     3411.0000000000        0.0041977312       -0.0000757246
     3412.0000000000        0.0041230185       -0.0000737128
     3413.0000000000        0.0040502820       -0.0000717716
     3414.0000000000        0.0039794527       -0.0000698980
     3415.0000000000        0.0039104645       -0.0000680890
     3416.0000000000        0.0038432542       -0.0000663418
     3417.0000000000        0.0037777611       -0.0000646539
     3418.0000000000        0.0037139274       -0.0000630228
     3419.0000000000        0.0036516974       -0.0000614460
     3420.0000000000        0.0035910179       -0.0000599214
     3421.0000000000        0.0035318379       -0.0000584468
     3422.0000000000        0.0034741083       -0.0000570202
     3423.0000000000        0.0034177821       -0.0000556396
     3424.0000000000        0.0033628143       -0.0000543032
     3425.0000000000        0.0033091615       -0.0000530093
     3426.0000000000        0.0032567822       -0.0000517561
     3427.0000000000        0.0032056363       -0.0000505421
     3428.0000000000        0.0031556854       -0.0000493658
     3429.0000000000        0.0031068927       -0.0000482256
     3430.0000000000        0.0030592226       -0.0000471203
     3431.0000000000        0.0030126409       -0.0000460485
     3432.0000000000        0.0029671147       -0.0000450090
     3433.0000000000        0.0029226125       -0.0000440005
     3434.0000000000        0.0028791037       -0.0000430219
     3435.0000000000        0.0028365590       -0.0000420721
     3436.0000000000        0.0027949502       -0.0000411501
     3437.0000000000        0.0027542500       -0.0000402548
     3438.0000000000        0.0027144321       -0.0000393852
     3439.0000000000        0.0026754712       -0.0000385406
     3440.0000000000        0.0026373430       -0.0000377199
     3441.0000000000        0.0026000238       -0.0000369223
     3442.0000000000        0.0025634909       -0.0000361471
     3443.0000000000        0.0025277225       -0.0000353934
     3444.0000000000        0.0024926973       -0.0000346605
     3445.0000000000        0.0024583949       -0.0000339477
     3446.0000000000        0.0024247955       -0.0000332543
     3447.0000000000        0.0023918801       -0.0000325796
     3448.0000000000        0.0023596302       -0.0000319231
     3449.0000000000        0.0023280281       -0.0000312841
     3450.0000000000        0.0022970564       -0.0000306620
     3451.0000000000        0.0022666986       -0.0000300563
     3452.0000000000        0.0022369385       -0.0000294665
     3453.0000000000        0.0022077605       -0.0000288920
     3454.0000000000        0.0021791496       -0.0000283323
     3455.0000000000        0.0021510912       -0.0000277870
     3456.0000000000        0.0021235710       -0.0000272556
     3457.0000000000        0.0020965756       -0.0000267376
     3458.0000000000        0.0020700915       -0.0000262327
     3459.0000000000        0.0020441060       -0.0000257404
     3460.0000000000        0.0020186066       -0.0000252604
     3461.0000000000        0.0000000000        0.0000000000
     3462.0000000000        0.0000000000        0.0000000000
     3463.0000000000        0.0000000000        0.0000000000
     3464.0000000000        0.0000000000        0.0000000000
     3465.0000000000        0.0000000000        0.0000000000
     3466.0000000000        0.0000000000        0.0000000000
     3467.0000000000        0.0000000000        0.0000000000
     3468.0000000000        0.0000000000        0.0000000000
     3469.0000000000        0.0000000000        0.0000000000
     3470.0000000000        0.0000000000        0.0000000000
     3471.0000000000        0.0000000000        0.0000000000
     3472.0000000000        0.0000000000        0.0000000000
     3473.0000000000        0.0000000000        0.0000000000
     3474.0000000000        0.0000000000        0.0000000000
     3475.0000000000        0.0000000000        0.0000000000
     3476.0000000000        0.0000000000        0.0000000000
     3477.0000000000        0.0000000000        0.0000000000
     3478.0000000000        0.0000000000        0.0000000000
     3479.0000000000        0.0000000000        0.0000000000
     3480.0000000000        0.0000000000        0.0000000000
     3481.0000000000        0.0000000000        0.0000000000
     3482.0000000000        0.0000000000        0.0000000000
     3483.0000000000        0.0000000000        0.0000000000
     3484.0000000000        0.0000000000        0.0000000000
     3485.0000000000        0.0000000000        0.0000000000
     3486.0000000000        0.0000000000        0.0000000000
     3487.0000000000        0.0000000000        0.0000000000
     3488.0000000000        0.0000000000        0.0000000000
     3489.0000000000        0.0000000000        0.0000000000
     3490.0000000000        0.0000000000        0.0000000000
     3491.0000000000        0.0000000000        0.0000000000
     3492.0000000000        0.0000000000        0.0000000000
     3493.0000000000        0.0000000000        0.0000000000
     3494.0000000000        0.0000000000        0.0000000000
     3495.0000000000        0.0000000000        0.0000000000
     3496.0000000000        0.0000000000        0.0000000000
     3497.0000000000        0.0000000000        0.0000000000
     3498.0000000000        0.0000000000        0.0000000000
     3499.0000000000        0.0000000000        0.0000000000
     3500.0000000000        0.0000000000        0.0000000000
     3501.0000000000        0.0000000000        0.0000000000
     3502.0000000000        0.0000000000        0.0000000000
     3503.0000000000        0.0000000000        0.0000000000
     3504.0000000000        0.0000000000        0.0000000000
     3505.0000000000        0.0000000000        0.0000000000
     3506.0000000000        0.0000000000        0.0000000000
     3507.0000000000        0.0000000000        0.0000000000
     3508.0000000000        0.0000000000        0.0000000000
     3509.0000000000        0.0000000000        0.0000000000
     3510.0000000000        0.0000000000        0.0000000000
     3511.0000000000        0.0000000000        0.0000000000
     3512.0000000000        0.0000000000        0.0000000000
     3513.0000000000        0.0000000000        0.0000000000
     3514.0000000000        0.0000000000        0.0000000000
     3515.0000000000        0.0000000000        0.0000000000
     3516.0000000000        0.0000000000        0.0000000000
     3517.0000000000        0.0000000000        0.0000000000
     3518.0000000000        0.0000000000        0.0000000000
     3519.0000000000        0.0000000000        0.0000000000
     3520.0000000000        0.0000000000        0.0000000000
     3521.0000000000        0.0000000000        0.0000000000
     3522.0000000000        0.0000000000        0.0000000000
     3523.0000000000        0.0000000000        0.0000000000
     3524.0000000000        0.0000000000        0.0000000000
     3525.0000000000        0.0000000000        0.0000000000
     3526.0000000000        0.0000000000        0.0000000000
     3527.0000000000        0.0000000000        0.0000000000
     3528.0000000000        0.0000000000        0.0000000000
     3529.0000000000        0.0000000000        0.0000000000
     3530.0000000000        0.0000000000        0.0000000000
     3531.0000000000        0.0000000000        0.0000000000
     3532.0000000000        0.0000000000        0.0000000000
     3533.0000000000        0.0000000000        0.0000000000
     3534.0000000000        0.0000000000        0.0000000000
     3535.0000000000        0.0000000000        0.0000000000
     3536.0000000000        0.0000000000        0.0000000000
     3537.0000000000        0.0000000000        0.0000000000
     3538.0000000000        0.0000000000        0.0000000000
     3539.0000000000        0.0000000000        0.0000000000
     3540.0000000000        0.0000000000        0.0000000000
     3541.0000000000        0.0000000000        0.0000000000
     3542.0000000000        0.0000000000        0.0000000000
     3543.0000000000        0.0000000000        0.0000000000
     3544.0000000000        0.0000000000        0.0000000000
     3545.0000000000        0.0000000000        0.0000000000
     3546.0000000000        0.0000000000        0.0000000000
     3547.0000000000        0.0000000000        0.0000000000
     3548.0000000000        0.0000000000        0.0000000000
     3549.0000000000        0.0000000000        0.0000000000
     3550.0000000000        0.0000000000        0.0000000000
     3551.0000000000        0.0000000000        0.0000000000
     3552.0000000000        0.0000000000        0.0000000000
     3553.0000000000        0.0000000000        0.0000000000
     3554.0000000000        0.0000000000        0.0000000000
     3555.0000000000        0.0000000000        0.0000000000
     3556.0000000000        0.0000000000        0.0000000000
     3557.0000000000        0.0000000000        0.0000000000
     3558.0000000000        0.0000000000        0.0000000000
     3559.0000000000        0.0000000000        0.0000000000
     3560.0000000000        0.0000000000        0.0000000000
     3561.0000000000        0.0000000000        0.0000000000
     3562.0000000000        0.0000000000        0.0000000000
     3563.0000000000        0.0000000000        0.0000000000
     3564.0000000000        0.0000000000        0.0000000000
     3565.0000000000        0.0000000000        0.0000000000
     3566.0000000000        0.0000000000        0.0000000000
     3567.0000000000        0.0000000000        0.0000000000
     3568.0000000000        0.0000000000        0.0000000000
     3569.0000000000        0.0000000000        0.0000000000
     3570.0000000000        0.0000000000        0.0000000000
     3571.0000000000        0.0000000000        0.0000000000
     3572.0000000000        0.0000000000        0.0000000000
     3573.0000000000        0.0000000000        0.0000000000
     3574.0000000000        0.0000000000        0.0000000000
     3575.0000000000        0.0000000000        0.0000000000
     3576.0000000000        0.0000000000        0.0000000000
     3577.0000000000        0.0000000000        0.0000000000
     3578.0000000000        0.0000000000        0.0000000000
     3579.0000000000        0.0000000000        0.0000000000
     3580.0000000000        0.0000000000        0.0000000000
     3581.0000000000        0.0000000000        0.0000000000
     3582.0000000000        0.0000000000        0.0000000000
     3583.0000000000        0.0000000000        0.0000000000
     3584.0000000000        0.0000000000        0.0000000000
     3585.0000000000        0.0000000000        0.0000000000
     3586.0000000000        0.0000000000        0.0000000000
     3587.0000000000        0.0000000000        0.0000000000
     3588.0000000000        0.0000000000        0.0000000000
     3589.0000000000        0.0000000000        0.0000000000
     3590.0000000000        0.0000000000        0.0000000000
     3591.0000000000        0.0000000000        0.0000000000
     3592.0000000000        0.0000000000        0.0000000000
     3593.0000000000        0.0000000000        0.0000000000
     3594.0000000000        0.0000000000        0.0000000000
     3595.0000000000        0.0000000000        0.0000000000
     3596.0000000000        0.0000000000        0.0000000000
     3597.0000000000        0.0000000000        0.0000000000
     3598.0000000000        0.0000000000        0.0000000000
     3599.0000000000        0.0000000000        0.0000000000
     3600.0000000000        0.0000000000        0.0000000000
     3601.0000000000        0.0000000000        0.0000000000
     3602.0000000000        0.0000000000        0.0000000000
     3603.0000000000        0.0000000000        0.0000000000
     3604.0000000000        0.0000000000        0.0000000000
     3605.0000000000        0.0000000000        0.0000000000
     3606.0000000000        0.0000000000        0.0000000000
     3607.0000000000        0.0000000000        0.0000000000
     3608.0000000000        0.0000000000        0.0000000000
     3609.0000000000        0.0000000000        0.0000000000
     3610.0000000000        0.0000000000        0.0000000000
     3611.0000000000        0.0000000000        0.0000000000
     3612.0000000000        0.0000000000        0.0000000000
     3613.0000000000        0.0000000000        0.0000000000
     3614.0000000000        0.0000000000        0.0000000000
     3615.0000000000        0.0000000000        0.0000000000
     3616.0000000000        0.0000000000        0.0000000000
     3617.0000000000        0.0000000000        0.0000000000
     3618.0000000000        0.0000000000        0.0000000000
     3619.0000000000        0.0000000000        0.0000000000
     3620.0000000000        0.0000000000        0.0000000000
     3621.0000000000        0.0000000000        0.0000000000
     3622.0000000000        0.0000000000        0.0000000000
     3623.0000000000        0.0000000000        0.0000000000
     3624.0000000000        0.0000000000        0.0000000000
     3625.0000000000        0.0000000000        0.0000000000
     3626.0000000000        0.0000000000        0.0000000000
     3627.0000000000        0.0000000000        0.0000000000
     3628.0000000000        0.0000000000        0.0000000000
     3629.0000000000        0.0000000000        0.0000000000
     3630.0000000000        0.0000000000        0.0000000000
     3631.0000000000        0.0000000000        0.0000000000
     3632.0000000000        0.0000000000        0.0000000000
     3633.0000000000        0.0000000000        0.0000000000
     3634.0000000000        0.0000000000        0.0000000000
     3635.0000000000        0.0000000000        0.0000000000
     3636.0000000000        0.0000000000        0.0000000000
     3637.0000000000        0.0000000000        0.0000000000
     3638.0000000000        0.0000000000        0.0000000000
     3639.0000000000        0.0000000000        0.0000000000
     3640.0000000000        0.0000000000        0.0000000000
     3641.0000000000        0.0000000000        0.0000000000
     3642.0000000000        0.0000000000        0.0000000000
     3643.0000000000        0.0000000000        0.0000000000
     3644.0000000000        0.0000000000        0.0000000000
     3645.0000000000        0.0000000000        0.0000000000
     3646.0000000000        0.0000000000        0.0000000000
     3647.0000000000        0.0000000000        0.0000000000
     3648.0000000000        0.0000000000        0.0000000000
     3649.0000000000        0.0000000000        0.0000000000
     3650.0000000000        0.0000000000        0.0000000000
     3651.0000000000        0.0000000000        0.0000000000
     3652.0000000000        0.0000000000        0.0000000000
     3653.0000000000        0.0000000000        0.0000000000
     3654.0000000000        0.0000000000        0.0000000000
     3655.0000000000        0.0000000000        0.0000000000
     3656.0000000000        0.0000000000        0.0000000000
     3657.0000000000        0.0000000000        0.0000000000
     3658.0000000000        0.0000000000        0.0000000000
     3659.0000000000        0.0000000000        0.0000000000
     3660.0000000000        0.0000000000        0.0000000000
     3661.0000000000        0.0000000000        0.0000000000
     3662.0000000000        0.0000000000        0.0000000000
     3663.0000000000        0.0000000000        0.0000000000
     3664.0000000000        0.0000000000        0.0000000000
     3665.0000000000        0.0000000000        0.0000000000
     3666.0000000000        0.0000000000        0.0000000000
     3667.0000000000        0.0000000000        0.0000000000
     3668.0000000000        0.0000000000        0.0000000000
     3669.0000000000        0.0000000000        0.0000000000
     3670.0000000000        0.0000000000        0.0000000000
     3671.0000000000        0.0000000000        0.0000000000
     3672.0000000000        0.0000000000        0.0000000000
     3673.0000000000        0.0000000000        0.0000000000
     3674.0000000000        0.0000000000        0.0000000000
     3675.0000000000        0.0000000000        0.0000000000
     3676.0000000000        0.0000000000        0.0000000000
     3677.0000000000        0.0000000000        0.0000000000
     3678.0000000000        0.0000000000        0.0000000000
     3679.0000000000        0.0000000000        0.0000000000
     3680.0000000000        0.0000000000        0.0000000000
     3681.0000000000        0.0000000000        0.0000000000
     3682.0000000000        0.0000000000        0.0000000000
     3683.0000000000        0.0000000000        0.0000000000
     3684.0000000000        0.0000000000        0.0000000000
     3685.0000000000        0.0000000000        0.0000000000
     3686.0000000000        0.0000000000        0.0000000000
     3687.0000000000        0.0000000000        0.0000000000
     3688.0000000000        0.0000000000        0.0000000000
     3689.0000000000        0.0000000000        0.0000000000
     3690.0000000000        0.0000000000        0.0000000000
     3691.0000000000        0.0000000000        0.0000000000
     3692.0000000000        0.0000000000        0.0000000000
     3693.0000000000        0.0000000000        0.0000000000
     3694.0000000000        0.0000000000        0.0000000000
     3695.0000000000        0.0000000000        0.0000000000
     3696.0000000000        0.0000000000        0.0000000000
     3697.0000000000        0.0000000000        0.0000000000
     3698.0000000000        0.0000000000        0.0000000000
     3699.0000000000        0.0000000000        0.0000000000
     3700.0000000000        0.0000000000        0.0000000000
     3701.0000000000        0.0000000000        0.0000000000
     3702.0000000000        0.0000000000        0.0000000000
     3703.0000000000        0.0000000000        0.0000000000
     3704.0000000000        0.0000000000        0.0000000000
     3705.0000000000        0.0000000000        0.0000000000
     3706.0000000000        0.0000000000        0.0000000000
     3707.0000000000        0.0000000000        0.0000000000
     3708.0000000000        0.0000000000        0.0000000000
     3709.0000000000        0.0000000000        0.0000000000
     3710.0000000000        0.0000000000        0.0000000000
     3711.0000000000        0.0000000000        0.0000000000
     3712.0000000000        0.0000000000        0.0000000000
     3713.0000000000        0.0000000000        0.0000000000
     3714.0000000000        0.0000000000        0.0000000000
     3715.0000000000        0.0000000000        0.0000000000
     3716.0000000000        0.0000000000        0.0000000000
     3717.0000000000        0.0000000000        0.0000000000
     3718.0000000000        0.0000000000        0.0000000000
     3719.0000000000        0.0000000000        0.0000000000
     3720.0000000000        0.0000000000        0.0000000000
     3721.0000000000        0.0000000000        0.0000000000
     3722.0000000000        0.0000000000        0.0000000000
     3723.0000000000        0.0000000000        0.0000000000
     3724.0000000000        0.0000000000        0.0000000000
     3725.0000000000        0.0000000000        0.0000000000
     3726.0000000000        0.0000000000        0.0000000000
     3727.0000000000        0.0000000000        0.0000000000
     3728.0000000000        0.0000000000        0.0000000000
     3729.0000000000        0.0000000000        0.0000000000
     3730.0000000000        0.0000000000        0.0000000000
     3731.0000000000        0.0000000000        0.0000000000
     3732.0000000000        0.0000000000        0.0000000000
     3733.0000000000        0.0000000000        0.0000000000
     3734.0000000000        0.0000000000        0.0000000000
     3735.0000000000        0.0000000000        0.0000000000
     3736.0000000000        0.0000000000        0.0000000000
     3737.0000000000        0.0000000000        0.0000000000
     3738.0000000000        0.0000000000        0.0000000000
     3739.0000000000        0.0000000000        0.0000000000
     3740.0000000000        0.0000000000        0.0000000000
     3741.0000000000        0.0000000000        0.0000000000
     3742.0000000000        0.0000000000        0.0000000000
     3743.0000000000        0.0000000000        0.0000000000
     3744.0000000000        0.0000000000        0.0000000000
     3745.0000000000        0.0000000000        0.0000000000
     3746.0000000000        0.0000000000        0.0000000000
     3747.0000000000        0.0000000000        0.0000000000
     3748.0000000000        0.0000000000        0.0000000000
     3749.0000000000        0.0000000000        0.0000000000
     3750.0000000000        0.0000000000        0.0000000000
     3751.0000000000        0.0000000000        0.0000000000
     3752.0000000000        0.0000000000        0.0000000000
     3753.0000000000        0.0000000000        0.0000000000
     3754.0000000000        0.0000000000        0.0000000000
     3755.0000000000        0.0000000000        0.0000000000
     3756.0000000000        0.0000000000        0.0000000000
     3757.0000000000        0.0000000000        0.0000000000
     3758.0000000000        0.0000000000        0.0000000000
     3759.0000000000        0.0000000000        0.0000000000
     3760.0000000000        0.0000000000        0.0000000000
     3761.0000000000        0.0000000000        0.0000000000
     3762.0000000000        0.0000000000        0.0000000000
     3763.0000000000        0.0000000000        0.0000000000
     3764.0000000000        0.0000000000        0.0000000000
     3765.0000000000        0.0000000000        0.0000000000
     3766.0000000000        0.0000000000        0.0000000000
     3767.0000000000        0.0000000000        0.0000000000
     3768.0000000000        0.0000000000        0.0000000000
     3769.0000000000        0.0000000000        0.0000000000
     3770.0000000000        0.0000000000        0.0000000000
     3771.0000000000        0.0000000000        0.0000000000
     3772.0000000000        0.0000000000        0.0000000000
     3773.0000000000        0.0000000000        0.0000000000
     3774.0000000000        0.0000000000        0.0000000000
     3775.0000000000        0.0000000000        0.0000000000
     3776.0000000000        0.0000000000        0.0000000000
     3777.0000000000        0.0000000000        0.0000000000
     3778.0000000000        0.0000000000        0.0000000000
     3779.0000000000        0.0000000000        0.0000000000
     3780.0000000000        0.0000000000        0.0000000000
     3781.0000000000        0.0000000000        0.0000000000
     3782.0000000000        0.0000000000        0.0000000000
     3783.0000000000        0.0000000000        0.0000000000
     3784.0000000000        0.0000000000        0.0000000000
     3785.0000000000        0.0000000000        0.0000000000
     3786.0000000000        0.0000000000        0.0000000000
     3787.0000000000        0.0000000000        0.0000000000
     3788.0000000000        0.0000000000        0.0000000000
     3789.0000000000        0.0000000000        0.0000000000
     3790.0000000000        0.0000000000        0.0000000000
     3791.0000000000        0.0000000000        0.0000000000
     3792.0000000000        0.0000000000        0.0000000000
     3793.0000000000        0.0000000000        0.0000000000
     3794.0000000000        0.0000000000        0.0000000000
     3795.0000000000        0.0000000000        0.0000000000
     3796.0000000000        0.0000000000        0.0000000000
     3797.0000000000        0.0000000000        0.0000000000
     3798.0000000000        0.0000000000        0.0000000000
     3799.0000000000        0.0000000000        0.0000000000
     3800.0000000000        0.0000000000        0.0000000000
     3801.0000000000        0.0000000000        0.0000000000
     3802.0000000000        0.0000000000        0.0000000000
     3803.0000000000        0.0000000000        0.0000000000
     3804.0000000000        0.0000000000        0.0000000000
     3805.0000000000        0.0000000000        0.0000000000
     3806.0000000000        0.0000000000        0.0000000000
     3807.0000000000        0.0000000000        0.0000000000
     3808.0000000000        0.0000000000        0.0000000000
     3809.0000000000        0.0000000000        0.0000000000
     3810.0000000000        0.0000000000        0.0000000000
     3811.0000000000        0.0000000000        0.0000000000
     3812.0000000000        0.0000000000        0.0000000000
     3813.0000000000        0.0000000000        0.0000000000
     3814.0000000000        0.0000000000        0.0000000000
     3815.0000000000        0.0000000000        0.0000000000
     3816.0000000000        0.0000000000        0.0000000000
     3817.0000000000        0.0000000000        0.0000000000
     3818.0000000000        0.0000000000        0.0000000000
     3819.0000000000        0.0000000000        0.0000000000
     3820.0000000000        0.0000000000        0.0000000000
     3821.0000000000        0.0000000000        0.0000000000
     3822.0000000000        0.0000000000        0.0000000000
     3823.0000000000        0.0000000000        0.0000000000
     3824.0000000000        0.0000000000        0.0000000000
     3825.0000000000        0.0000000000        0.0000000000
     3826.0000000000        0.0000000000        0.0000000000
     3827.0000000000        0.0000000000        0.0000000000
     3828.0000000000        0.0000000000        0.0000000000
     3829.0000000000        0.0000000000        0.0000000000
     3830.0000000000        0.0000000000        0.0000000000
     3831.0000000000        0.0000000000        0.0000000000
     3832.0000000000        0.0000000000        0.0000000000
     3833.0000000000        0.0000000000        0.0000000000
     3834.0000000000        0.0000000000        0.0000000000
     3835.0000000000        0.0000000000        0.0000000000
     3836.0000000000        0.0000000000        0.0000000000
     3837.0000000000        0.0000000000        0.0000000000
     3838.0000000000        0.0000000000        0.0000000000
     3839.0000000000        0.0000000000        0.0000000000
     3840.0000000000        0.0000000000        0.0000000000
     3841.0000000000        0.0000000000        0.0000000000
     3842.0000000000        0.0000000000        0.0000000000
     3843.0000000000        0.0000000000        0.0000000000
     3844.0000000000        0.0000000000        0.0000000000
     3845.0000000000        0.0000000000        0.0000000000
     3846.0000000000        0.0000000000        0.0000000000
     3847.0000000000        0.0000000000        0.0000000000
     3848.0000000000        0.0000000000        0.0000000000
     3849.0000000000        0.0000000000        0.0000000000
     3850.0000000000        0.0000000000        0.0000000000
     3851.0000000000        0.0000000000        0.0000000000
     3852.0000000000        0.0000000000        0.0000000000
     3853.0000000000        0.0000000000        0.0000000000
     3854.0000000000        0.0000000000        0.0000000000
     3855.0000000000        0.0000000000        0.0000000000
     3856.0000000000        0.0000000000        0.0000000000
     3857.0000000000        0.0000000000        0.0000000000
     3858.0000000000        0.0000000000        0.0000000000
     3859.0000000000        0.0000000000        0.0000000000
     3860.0000000000        0.0000000000        0.0000000000
     3861.0000000000        0.0000000000        0.0000000000
     3862.0000000000        0.0000000000        0.0000000000
     3863.0000000000        0.0000000000        0.0000000000
     3864.0000000000        0.0000000000        0.0000000000
     3865.0000000000        0.0000000000        0.0000000000
     3866.0000000000        0.0000000000        0.0000000000
     3867.0000000000        0.0000000000        0.0000000000
     3868.0000000000        0.0000000000        0.0000000000
     3869.0000000000        0.0000000000        0.0000000000
     3870.0000000000        0.0000000000        0.0000000000
     3871.0000000000        0.0000000000        0.0000000000
     3872.0000000000        0.0000000000        0.0000000000
     3873.0000000000        0.0000000000        0.0000000000
     3874.0000000000        0.0000000000        0.0000000000
     3875.0000000000        0.0000000000        0.0000000000
     3876.0000000000        0.0000000000        0.0000000000
     3877.0000000000        0.0000000000        0.0000000000
     3878.0000000000        0.0000000000        0.0000000000
     3879.0000000000        0.0000000000        0.0000000000
     3880.0000000000        0.0000000000        0.0000000000
     3881.0000000000        0.0000000000        0.0000000000
     3882.0000000000        0.0000000000        0.0000000000
     3883.0000000000        0.0000000000        0.0000000000
     3884.0000000000        0.0000000000        0.0000000000
     3885.0000000000        0.0000000000        0.0000000000
     3886.0000000000        0.0000000000        0.0000000000
     3887.0000000000        0.0000000000        0.0000000000
     3888.0000000000        0.0000000000        0.0000000000
     3889.0000000000        0.0000000000        0.0000000000
     3890.0000000000        0.0000000000        0.0000000000
     3891.0000000000        0.0000000000        0.0000000000
     3892.0000000000        0.0000000000        0.0000000000
     3893.0000000000        0.0000000000        0.0000000000
     3894.0000000000        0.0000000000        0.0000000000
     3895.0000000000        0.0000000000        0.0000000000
     3896.0000000000        0.0000000000        0.0000000000
     3897.0000000000        0.0000000000        0.0000000000
     3898.0000000000        0.0000000000        0.0000000000
     3899.0000000000        0.0000000000        0.0000000000
     3900.0000000000        0.0000000000        0.0000000000
     3901.0000000000        0.0000000000        0.0000000000
     3902.0000000000        0.0000000000        0.0000000000
     3903.0000000000        0.0000000000        0.0000000000
     3904.0000000000        0.0000000000        0.0000000000
     3905.0000000000        0.0000000000        0.0000000000
     3906.0000000000        0.0000000000        0.0000000000
     3907.0000000000        0.0000000000        0.0000000000
     3908.0000000000        0.0000000000        0.0000000000
     3909.0000000000        0.0000000000        0.0000000000
     3910.0000000000        0.0000000000        0.0000000000
     3911.0000000000        0.0000000000        0.0000000000
     3912.0000000000        0.0000000000        0.0000000000
     3913.0000000000        0.0000000000        0.0000000000
     3914.0000000000        0.0000000000        0.0000000000
     3915.0000000000        0.0000000000        0.0000000000
     3916.0000000000        0.0000000000        0.0000000000
     3917.0000000000        0.0000000000        0.0000000000
     3918.0000000000        0.0000000000        0.0000000000
     3919.0000000000        0.0000000000        0.0000000000
     3920.0000000000        0.0000000000        0.0000000000
     3921.0000000000        0.0000000000        0.0000000000
     3922.0000000000        0.0000000000        0.0000000000
     3923.0000000000        0.0000000000        0.0000000000
     3924.0000000000        0.0000000000        0.0000000000
     3925.0000000000        0.0000000000        0.0000000000
     3926.0000000000        0.0000000000        0.0000000000
     3927.0000000000        0.0000000000        0.0000000000
     3928.0000000000        0.0000000000        0.0000000000
     3929.0000000000        0.0000000000        0.0000000000
     3930.0000000000        0.0000000000        0.0000000000
     3931.0000000000        0.0000000000        0.0000000000
     3932.0000000000        0.0000000000        0.0000000000
     3933.0000000000        0.0000000000        0.0000000000
     3934.0000000000        0.0000000000        0.0000000000
     3935.0000000000        0.0000000000        0.0000000000
     3936.0000000000        0.0000000000        0.0000000000
     3937.0000000000        0.0000000000        0.0000000000
     3938.0000000000        0.0000000000        0.0000000000
     3939.0000000000        0.0000000000        0.0000000000
     3940.0000000000        0.0000000000        0.0000000000
     3941.0000000000        0.0000000000        0.0000000000
     3942.0000000000        0.0000000000        0.0000000000
     3943.0000000000        0.0000000000        0.0000000000
     3944.0000000000        0.0000000000        0.0000000000
     3945.0000000000        0.0000000000        0.0000000000
     3946.0000000000        0.0000000000        0.0000000000
     3947.0000000000        0.0000000000        0.0000000000
     3948.0000000000        0.0000000000        0.0000000000
     3949.0000000000        0.0000000000        0.0000000000
     3950.0000000000        0.0000000000        0.0000000000
     3951.0000000000        0.0000000000        0.0000000000
     3952.0000000000        0.0000000000        0.0000000000
     3953.0000000000        0.0000000000        0.0000000000
     3954.0000000000        0.0000000000        0.0000000000
     3955.0000000000        0.0000000000        0.0000000000
     3956.0000000000        0.0000000000        0.0000000000
     3957.0000000000        0.0000000000        0.0000000000
     3958.0000000000        0.0000000000        0.0000000000
     3959.0000000000        0.0000000000        0.0000000000
     3960.0000000000        0.0000000000        0.0000000000
     3961.0000000000        0.0000000000        0.0000000000
     3962.0000000000        0.0000000000        0.0000000000
     3963.0000000000        0.0000000000        0.0000000000
     3964.0000000000        0.0000000000        0.0000000000
     3965.0000000000        0.0000000000        0.0000000000
     3966.0000000000        0.0000000000        0.0000000000
     3967.0000000000        0.0000000000        0.0000000000
     3968.0000000000        0.0000000000        0.0000000000
     3969.0000000000        0.0000000000        0.0000000000
     3970.0000000000        0.0000000000        0.0000000000
     3971.0000000000        0.0000000000        0.0000000000
     3972.0000000000        0.0000000000        0.0000000000
     3973.0000000000        0.0000000000        0.0000000000
     3974.0000000000        0.0000000000        0.0000000000
     3975.0000000000        0.0000000000        0.0000000000
     3976.0000000000        0.0000000000        0.0000000000
     3977.0000000000        0.0000000000        0.0000000000
     3978.0000000000        0.0000000000        0.0000000000
     3979.0000000000        0.0000000000        0.0000000000
     3980.0000000000        0.0000000000        0.0000000000
     3981.0000000000        0.0000000000        0.0000000000
     3982.0000000000        0.0000000000        0.0000000000
     3983.0000000000        0.0000000000        0.0000000000
     3984.0000000000        0.0000000000        0.0000000000
     3985.0000000000        0.0000000000        0.0000000000
     3986.0000000000        0.0000000000        0.0000000000
     3987.0000000000        0.0000000000        0.0000000000
     3988.0000000000        0.0000000000        0.0000000000
     3989.0000000000        0.0000000000        0.0000000000
     3990.0000000000        0.0000000000        0.0000000000
     3991.0000000000        0.0000000000        0.0000000000
     3992.0000000000        0.0000000000        0.0000000000
     3993.0000000000        0.0000000000        0.0000000000
     3994.0000000000        0.0000000000        0.0000000000
     3995.0000000000        0.0000000000        0.0000000000
     3996.0000000000        0.0000000000        0.0000000000
     3997.0000000000        0.0000000000        0.0000000000
     3998.0000000000        0.0000000000        0.0000000000
     3999.0000000000        0.0000000000        0.0000000000
