# Raman Activity Spectrum
# X-Axis:  Frequency (cm-1)
# Y-Axis:  Intensity

# Peak information
#                  X                   Y
#      60.8542000000        1.5913000000
#     234.9430000000        1.9619000000
#     236.1854000000        0.2217000000
#     370.0442000000        2.3608000000
#     417.3384000000        1.6858000000
#     494.8026000000        1.6267000000
#     575.4639000000        1.2755000000
#     616.8482000000        2.1033000000
#     681.1433000000        0.4632000000
#     759.3915000000        1.2107000000
#     799.1705000000        9.6769000000
#     950.8104000000        2.5423000000
#     974.8692000000        3.7531000000
#    1176.3556000000        0.1271000000
#    1198.3559000000        3.1215000000
#    1229.0730000000        1.9681000000
#    1397.0111000000        0.7656000000
#    1449.7798000000       12.5965000000
#    1794.4430000000       39.6920000000
#    3224.6459000000       90.0974000000
#    3324.1958000000       45.2955000000

# Spectra
#                  X                   Y               DY/DX
        0.0000000000        0.0005447644        0.0000178269
        1.0000000000        0.0005630379        0.0000187300
        2.0000000000        0.0005822450        0.0000196950
        3.0000000000        0.0006024504        0.0000207274
        4.0000000000        0.0006237243        0.0000218331
        5.0000000000        0.0006461433        0.0000230187
        6.0000000000        0.0006697908        0.0000242916
        7.0000000000        0.0006947583        0.0000256599
        8.0000000000        0.0007211455        0.0000271327
        9.0000000000        0.0007490619        0.0000287202
       10.0000000000        0.0007786278        0.0000304337
       11.0000000000        0.0008099755        0.0000322859
       12.0000000000        0.0008432507        0.0000342912
       13.0000000000        0.0008786143        0.0000364657
       14.0000000000        0.0009162445        0.0000388275
       15.0000000000        0.0009563385        0.0000413971
       16.0000000000        0.0009991157        0.0000441980
       17.0000000000        0.0010448204        0.0000472566
       18.0000000000        0.0010937248        0.0000506031
       19.0000000000        0.0011461341        0.0000542722
       20.0000000000        0.0012023900        0.0000583036
       21.0000000000        0.0012628771        0.0000627428
       22.0000000000        0.0013280291        0.0000676427
       23.0000000000        0.0013983363        0.0000730643
       24.0000000000        0.0014743551        0.0000790786
       25.0000000000        0.0015567186        0.0000857686
       26.0000000000        0.0016461496        0.0000932313
       27.0000000000        0.0017434766        0.0001015810
       28.0000000000        0.0018496521        0.0001109529
       29.0000000000        0.0019657763        0.0001215074
       30.0000000000        0.0020931245        0.0001334358
       31.0000000000        0.0022331818        0.0001469675
       32.0000000000        0.0023876856        0.0001623795
       33.0000000000        0.0025586785        0.0001800072
       34.0000000000        0.0027485741        0.0002002603
       35.0000000000        0.0029602406        0.0002236418
       36.0000000000        0.0031971061        0.0002507735
       37.0000000000        0.0034632939        0.0002824303
       38.0000000000        0.0037637965        0.0003195848
       39.0000000000        0.0041047026        0.0003634680
       40.0000000000        0.0044934944        0.0004156519
       41.0000000000        0.0049394421        0.0004781630
       42.0000000000        0.0054541332        0.0005536399
       43.0000000000        0.0060521887        0.0006455548
       44.0000000000        0.0067522452        0.0007585293
       45.0000000000        0.0075783176        0.0008987890
       46.0000000000        0.0085617138        0.0010748268
       47.0000000000        0.0097437589        0.0012983815
       48.0000000000        0.0111797217        0.0015858966
       49.0000000000        0.0129445403        0.0019607098
       50.0000000000        0.0151412503        0.0024563436
       51.0000000000        0.0179134563        0.0031213895
       52.0000000000        0.0214637027        0.0040264882
       53.0000000000        0.0260798856        0.0052732837
       54.0000000000        0.0321705975        0.0070023343
       55.0000000000        0.0403031486        0.0093867083
       56.0000000000        0.0512118114        0.0125668304
       57.0000000000        0.0656657085        0.0164051169
       58.0000000000        0.0839090403        0.0198367136
       59.0000000000        0.1042339788        0.0198857980
       60.0000000000        0.1211086402        0.0123673781
       61.0000000000        0.1264636106       -0.0023017412
       62.0000000000        0.1170289810       -0.0154904302
       63.0000000000        0.0983333861       -0.0204813719
       64.0000000000        0.0782399435       -0.0190088559
       65.0000000000        0.0610499876       -0.0152527208
       66.0000000000        0.0476963629       -0.0115555665
       67.0000000000        0.0376803751       -0.0086134408
       68.0000000000        0.0302122254       -0.0064384912
       69.0000000000        0.0246023832       -0.0048669391
       70.0000000000        0.0203331097       -0.0037324768
       71.0000000000        0.0170350833       -0.0029063147
       72.0000000000        0.0144485673       -0.0022968288
       73.0000000000        0.0123905358       -0.0018406623
       74.0000000000        0.0107308088       -0.0014942379
       75.0000000000        0.0094696302       -0.0012262516
       76.0000000000        0.0083516952       -0.0010179857
       77.0000000000        0.0074298654       -0.0008532686
       78.0000000000        0.0066447726       -0.0007217003
       79.0000000000        0.0059780640       -0.0006154014
       80.0000000000        0.0054074628       -0.0005286715
       81.0000000000        0.0049156251       -0.0004572638
       82.0000000000        0.0044889032       -0.0003979770
       83.0000000000        0.0041164505       -0.0003483705
       84.0000000000        0.0037895666       -0.0003065644
       85.0000000000        0.0035012124       -0.0002710962
       86.0000000000        0.0032456470       -0.0002408175
       87.0000000000        0.0030181527       -0.0002148189
       88.0000000000        0.0028148260       -0.0001923743
       89.0000000000        0.0026324154       -0.0001728994
       90.0000000000        0.0024681961       -0.0001559207
       91.0000000000        0.0023198713       -0.0001410522
       92.0000000000        0.0021854947       -0.0001279765
       93.0000000000        0.0020634085       -0.0001164318
       94.0000000000        0.0019521937       -0.0001062006
       95.0000000000        0.0018506305       -0.0000971010
       96.0000000000        0.0017576656       -0.0000889806
       97.0000000000        0.0016723860       -0.0000817107
       98.0000000000        0.0015939971       -0.0000751824
       99.0000000000        0.0015218050       -0.0000693029
      100.0000000000        0.0014552016       -0.0000639928
      101.0000000000        0.0013936523       -0.0000591843
      102.0000000000        0.0013366854       -0.0000548188
      103.0000000000        0.0012838840       -0.0000508456
      104.0000000000        0.0012348781       -0.0000472210
      105.0000000000        0.0011893387       -0.0000439066
      106.0000000000        0.0011469726       -0.0000408693
      107.0000000000        0.0011075176       -0.0000380798
      108.0000000000        0.0010707389       -0.0000355125
      109.0000000000        0.0010364259       -0.0000331450
      110.0000000000        0.0010043890       -0.0000309572
      111.0000000000        0.0009744575       -0.0000289316
      112.0000000000        0.0009464770       -0.0000270525
      113.0000000000        0.0009203083       -0.0000253061
      114.0000000000        0.0008958249       -0.0000236798
      115.0000000000        0.0008729123       -0.0000221627
      116.0000000000        0.0008514664       -0.0000207448
      117.0000000000        0.0008313926       -0.0000194172
      118.0000000000        0.0008126047       -0.0000181718
      119.0000000000        0.0007950240       -0.0000170014
      120.0000000000        0.0007785790       -0.0000158995
      121.0000000000        0.0007632042       -0.0000148602
      122.0000000000        0.0007488397       -0.0000138780
      123.0000000000        0.0007354308       -0.0000129480
      124.0000000000        0.0007229276       -0.0000120659
      125.0000000000        0.0007112844       -0.0000112275
      126.0000000000        0.0007004592       -0.0000104291
      127.0000000000        0.0006904140       -0.0000096673
      128.0000000000        0.0006811136       -0.0000089388
      129.0000000000        0.0006725262       -0.0000082408
      130.0000000000        0.0006646227       -0.0000075706
      131.0000000000        0.0006573765       -0.0000069257
      132.0000000000        0.0006507636       -0.0000063038
      133.0000000000        0.0006447621       -0.0000057026
      134.0000000000        0.0006393522       -0.0000051202
      135.0000000000        0.0006345161       -0.0000045546
      136.0000000000        0.0006302380       -0.0000040040
      137.0000000000        0.0006265036       -0.0000034668
      138.0000000000        0.0006233004       -0.0000029413
      139.0000000000        0.0006206175       -0.0000024260
      140.0000000000        0.0006184455       -0.0000019194
      141.0000000000        0.0006167764       -0.0000014200
      142.0000000000        0.0006156036       -0.0000009265
      143.0000000000        0.0006149220       -0.0000004375
      144.0000000000        0.0006147276        0.0000000483
      145.0000000000        0.0006150179        0.0000005321
      146.0000000000        0.0006157915        0.0000010153
      147.0000000000        0.0006170486        0.0000014990
      148.0000000000        0.0006187902        0.0000019847
      149.0000000000        0.0006210190        0.0000024735
      150.0000000000        0.0006237387        0.0000029667
      151.0000000000        0.0006269543        0.0000034656
      152.0000000000        0.0006306723        0.0000039716
      153.0000000000        0.0006349003        0.0000044860
      154.0000000000        0.0006396476        0.0000050102
      155.0000000000        0.0006449246        0.0000055457
      156.0000000000        0.0006507433        0.0000060940
      157.0000000000        0.0006571174        0.0000066567
      158.0000000000        0.0006640620        0.0000072353
      159.0000000000        0.0006715940        0.0000078318
      160.0000000000        0.0006797321        0.0000084478
      161.0000000000        0.0006884969        0.0000090855
      162.0000000000        0.0006979109        0.0000097467
      163.0000000000        0.0007079990        0.0000104339
      164.0000000000        0.0007187881        0.0000111493
      165.0000000000        0.0007303078        0.0000118954
      166.0000000000        0.0007425902        0.0000126751
      167.0000000000        0.0007556702        0.0000134914
      168.0000000000        0.0007695861        0.0000143473
      169.0000000000        0.0007843791        0.0000152463
      170.0000000000        0.0008000943        0.0000161923
      171.0000000000        0.0008167807        0.0000171893
      172.0000000000        0.0008344914        0.0000182417
      173.0000000000        0.0008532843        0.0000193546
      174.0000000000        0.0008732224        0.0000205331
      175.0000000000        0.0008943742        0.0000217831
      176.0000000000        0.0009168146        0.0000231112
      177.0000000000        0.0009406250        0.0000245243
      178.0000000000        0.0009658943        0.0000260304
      179.0000000000        0.0009927196        0.0000276380
      180.0000000000        0.0010212073        0.0000293568
      181.0000000000        0.0010514737        0.0000311973
      182.0000000000        0.0010836465        0.0000331715
      183.0000000000        0.0011178656        0.0000352925
      184.0000000000        0.0011542853        0.0000375750
      185.0000000000        0.0011930750        0.0000400356
      186.0000000000        0.0012344220        0.0000426928
      187.0000000000        0.0012785331        0.0000455674
      188.0000000000        0.0013256371        0.0000486829
      189.0000000000        0.0013759879        0.0000520658
      190.0000000000        0.0014298678        0.0000557463
      191.0000000000        0.0014875910        0.0000597585
      192.0000000000        0.0015495082        0.0000641413
      193.0000000000        0.0016160120        0.0000689394
      194.0000000000        0.0016875424        0.0000742038
      195.0000000000        0.0017645944        0.0000799930
      196.0000000000        0.0018477259        0.0000863749
      197.0000000000        0.0019375678        0.0000934279
      198.0000000000        0.0020348355        0.0001012429
      199.0000000000        0.0021403428        0.0001099262
      200.0000000000        0.0022550185        0.0001196021
      201.0000000000        0.0023799263        0.0001304168
      202.0000000000        0.0025162889        0.0001425429
      203.0000000000        0.0026655170        0.0001561851
      204.0000000000        0.0028292453        0.0001715876
      205.0000000000        0.0030093756        0.0001890426
      206.0000000000        0.0032081313        0.0002089025
      207.0000000000        0.0034281234        0.0002315939
      208.0000000000        0.0036724349        0.0002576368
      209.0000000000        0.0039447251        0.0002876691
      210.0000000000        0.0042493633        0.0003224785
      211.0000000000        0.0047027082        0.0003644413
      212.0000000000        0.0050902974        0.0004120196
      213.0000000000        0.0055295888        0.0004681363
      214.0000000000        0.0060300695        0.0005347702
      215.0000000000        0.0066034755        0.0006144680
      216.0000000000        0.0072644520        0.0007105394
      217.0000000000        0.0080314455        0.0008273313
      218.0000000000        0.0089279243        0.0009706175
      219.0000000000        0.0099840683        0.0011481590
      220.0000000000        0.0112391380        0.0013705191
      221.0000000000        0.0126658868        0.0016532498
      222.0000000000        0.0144921799        0.0020147190
      223.0000000000        0.0167313783        0.0024847574
      224.0000000000        0.0195114567        0.0031046876
      225.0000000000        0.0230103575        0.0039343219
      226.0000000000        0.0274785534        0.0050605923
      227.0000000000        0.0332716503        0.0066088754
      228.0000000000        0.0408946681        0.0087539804
      229.0000000000        0.0510521091        0.0117165654
      230.0000000000        0.0646693700        0.0156960801
      231.0000000000        0.0827637698        0.0206028115
      232.0000000000        0.1058371382        0.0253173028
      233.0000000000        0.1322351948        0.0264482974
      234.0000000000        0.1557190592        0.0186658469
      235.0000000000        0.1661438257        0.0010586653
      236.0000000000        0.1576952702       -0.0169678911
      237.0000000000        0.1354186773       -0.0257800943
      238.0000000000        0.1091977274       -0.0255518281
      239.0000000000        0.0856644664       -0.0212039774
      240.0000000000        0.0669483157       -0.0163015937
      241.0000000000        0.0527809172       -0.0122040609
      242.0000000000        0.0422002685       -0.0091158764
      243.0000000000        0.0342680033       -0.0068702660
      244.0000000000        0.0282522744       -0.0052485719
      245.0000000000        0.0236236257       -0.0040702750
      246.0000000000        0.0200081747       -0.0032039550
      247.0000000000        0.0171425757       -0.0025579938
      248.0000000000        0.0148399875       -0.0020692721
      249.0000000000        0.0129662894       -0.0016942093
      250.0000000000        0.0114238989       -0.0014024495
      251.0000000000        0.0101408216       -0.0011725964
      252.0000000000        0.0090632097       -0.0009893709
      253.0000000000        0.0081502552       -0.0008417158
      254.0000000000        0.0073706468       -0.0007215232
      255.0000000000        0.0067000780       -0.0006227725
      256.0000000000        0.0061194746       -0.0005409391
      257.0000000000        0.0056137158       -0.0004725839
      258.0000000000        0.0052489416       -0.0004140832
      259.0000000000        0.0048598939       -0.0003653308
      260.0000000000        0.0045158907       -0.0003237573
      261.0000000000        0.0042104121       -0.0002880935
      262.0000000000        0.0039380732       -0.0002573278
      263.0000000000        0.0036943963       -0.0002306480
      264.0000000000        0.0034756356       -0.0002073970
      265.0000000000        0.0032786389       -0.0001870395
      266.0000000000        0.0031007391       -0.0001691368
      267.0000000000        0.0029396684       -0.0001533268
      268.0000000000        0.0027934885       -0.0001393093
      269.0000000000        0.0026605362       -0.0001268337
      270.0000000000        0.0025393776       -0.0001156899
      271.0000000000        0.0024287719       -0.0001057008
      272.0000000000        0.0023276413       -0.0000967166
      273.0000000000        0.0022350464       -0.0000886097
      274.0000000000        0.0021501659       -0.0000812713
      275.0000000000        0.0020722790       -0.0000746078
      276.0000000000        0.0020007521       -0.0000685389
      277.0000000000        0.0019350262       -0.0000629950
      278.0000000000        0.0018746072       -0.0000579158
      279.0000000000        0.0018190573       -0.0000532487
      280.0000000000        0.0017679878       -0.0000489478
      281.0000000000        0.0017210532       -0.0000449728
      282.0000000000        0.0016779455       -0.0000412882
      283.0000000000        0.0016383904       -0.0000378629
      284.0000000000        0.0016021426       -0.0000346690
      285.0000000000        0.0015689835       -0.0000316819
      286.0000000000        0.0015387173       -0.0000288795
      287.0000000000        0.0015111694       -0.0000262423
      288.0000000000        0.0014861837       -0.0000237523
      289.0000000000        0.0014636210       -0.0000213938
      290.0000000000        0.0014433573       -0.0000191520
      291.0000000000        0.0014252824       -0.0000170139
      292.0000000000        0.0014092989       -0.0000149674
      293.0000000000        0.0013953207       -0.0000130014
      294.0000000000        0.0013832727       -0.0000111055
      295.0000000000        0.0013730895       -0.0000092703
      296.0000000000        0.0013647149       -0.0000074868
      297.0000000000        0.0013581015       -0.0000057466
      298.0000000000        0.0013532100       -0.0000040417
      299.0000000000        0.0013500089       -0.0000023645
      300.0000000000        0.0013484743       -0.0000007076
      301.0000000000        0.0013485894        0.0000009362
      302.0000000000        0.0013503446        0.0000025737
      303.0000000000        0.0013537371        0.0000042121
      304.0000000000        0.0013587713        0.0000058581
      305.0000000000        0.0013654582        0.0000075188
      306.0000000000        0.0013738161        0.0000092012
      307.0000000000        0.0013838702        0.0000109125
      308.0000000000        0.0013956533        0.0000126604
      309.0000000000        0.0014092057        0.0000144525
      310.0000000000        0.0014245758        0.0000162971
      311.0000000000        0.0014418202        0.0000182027
      312.0000000000        0.0014610047        0.0000201788
      313.0000000000        0.0014822044        0.0000222350
      314.0000000000        0.0015055049        0.0000243821
      315.0000000000        0.0015310027        0.0000266316
      316.0000000000        0.0015588064        0.0000289960
      317.0000000000        0.0015890376        0.0000314891
      318.0000000000        0.0016218325        0.0000341261
      319.0000000000        0.0016573432        0.0000369235
      320.0000000000        0.0016957391        0.0000398998
      321.0000000000        0.0017372093        0.0000430757
      322.0000000000        0.0017819646        0.0000464740
      323.0000000000        0.0018302400        0.0000501205
      324.0000000000        0.0018822979        0.0000540440
      325.0000000000        0.0019384312        0.0000582773
      326.0000000000        0.0019989679        0.0000628571
      327.0000000000        0.0020642748        0.0000678253
      328.0000000000        0.0021347639        0.0000732299
      329.0000000000        0.0022108981        0.0000791252
      330.0000000000        0.0022931987        0.0000855741
      331.0000000000        0.0023822547        0.0000926486
      332.0000000000        0.0024787322        0.0001004322
      333.0000000000        0.0025833875        0.0001090215
      334.0000000000        0.0026970812        0.0001185294
      335.0000000000        0.0028945984        0.0001300107
      336.0000000000        0.0030303919        0.0001417915
      337.0000000000        0.0031786439        0.0001549606
      338.0000000000        0.0033408477        0.0001697345
      339.0000000000        0.0035187333        0.0001863712
      340.0000000000        0.0037143133        0.0002051795
      341.0000000000        0.0039299394        0.0002265314
      342.0000000000        0.0041683730        0.0002508771
      343.0000000000        0.0044328729        0.0002787651
      344.0000000000        0.0047273065        0.0003108682
      345.0000000000        0.0050562889        0.0003480167
      346.0000000000        0.0054253629        0.0003912432
      347.0000000000        0.0058412288        0.0004418416
      348.0000000000        0.0063120435        0.0005014469
      349.0000000000        0.0068478130        0.0005721429
      350.0000000000        0.0074609109        0.0006566102
      351.0000000000        0.0081667728        0.0007583317
      352.0000000000        0.0089848339        0.0008818810
      353.0000000000        0.0099398123        0.0010333314
      354.0000000000        0.0110634852        0.0012208441
      355.0000000000        0.0123971771        0.0014555245
      356.0000000000        0.0139952939        0.0017526830
      357.0000000000        0.0159304025        0.0021337103
      358.0000000000        0.0183006223        0.0026288902
      359.0000000000        0.0212404903        0.0032816286
      360.0000000000        0.0249370293        0.0041547543
      361.0000000000        0.0296534633        0.0053396197
      362.0000000000        0.0357635535        0.0069681304
      363.0000000000        0.0437984672        0.0092247471
      364.0000000000        0.0545005899        0.0123441577
      365.0000000000        0.0688497854        0.0165448852
      366.0000000000        0.0879380768        0.0217567982
      367.0000000000        0.1123514362        0.0268499054
      368.0000000000        0.1404494897        0.0282698103
      369.0000000000        0.1656683002        0.0201426320
      370.0000000000        0.1768963296        0.0010075920
      371.0000000000        0.1674618948       -0.0187535139
      372.0000000000        0.1430826131       -0.0279468307
      373.0000000000        0.1149599481       -0.0271246209
      374.0000000000        0.0901781376       -0.0221657386
      375.0000000000        0.0707039938       -0.0168921324
      376.0000000000        0.0560586446       -0.0125888298
      377.0000000000        0.0451590161       -0.0093785096
      378.0000000000        0.0370068473       -0.0070523446
      379.0000000000        0.0308394233       -0.0053727241
      380.0000000000        0.0261096511       -0.0041501705
      381.0000000000        0.0224325861       -0.0032484920
      382.0000000000        0.0195375313       -0.0025731903
      383.0000000000        0.0172326445       -0.0020592293
      384.0000000000        0.0153804237       -0.0016616590
      385.0000000000        0.0138810924       -0.0013490910
      386.0000000000        0.0126613806       -0.0010993106
      387.0000000000        0.0116669102       -0.0008963543
      388.0000000000        0.0108569845       -0.0007285586
      389.0000000000        0.0102009884       -0.0005872448
      390.0000000000        0.0096758811       -0.0004658201
      391.0000000000        0.0092644400       -0.0003591534
      392.0000000000        0.0089540339       -0.0002631307
      393.0000000000        0.0087357765       -0.0001743290
      394.0000000000        0.0086039654       -0.0000897668
      395.0000000000        0.0084618703       -0.0000055274
      396.0000000000        0.0084982484        0.0000787101
      397.0000000000        0.0086101148        0.0001670784
      398.0000000000        0.0088241352        0.0002624337
      399.0000000000        0.0091385671        0.0003685711
      400.0000000000        0.0095663577        0.0004899898
      401.0000000000        0.0101255328        0.0006324257
      402.0000000000        0.0108406978        0.0008034130
      403.0000000000        0.0117452153        0.0010130940
      404.0000000000        0.0128843698        0.0012754096
      405.0000000000        0.0143199939        0.0016098729
      406.0000000000        0.0161372797        0.0020442280
      407.0000000000        0.0184548666        0.0026184245
      408.0000000000        0.0214397777        0.0033904268
      409.0000000000        0.0253292417        0.0044441725
      410.0000000000        0.0304612158        0.0058985686
      411.0000000000        0.0373120955        0.0079108405
      412.0000000000        0.0465259874        0.0106493636
      413.0000000000        0.0588736195        0.0141605437
      414.0000000000        0.0749562865        0.0179529175
      415.0000000000        0.0942632450        0.0201164585
      416.0000000000        0.1134032123        0.0167604208
      417.0000000000        0.1249816792        0.0051356402
      418.0000000000        0.1225133797       -0.0097751941
      419.0000000000        0.1074998459       -0.0188048826
      420.0000000000        0.0876215891       -0.0198907994
      421.0000000000        0.0690736954       -0.0168638624
      422.0000000000        0.0541328777       -0.0130465281
      423.0000000000        0.0427878599       -0.0097732651
      424.0000000000        0.0343201133       -0.0072886263
      425.0000000000        0.0279849007       -0.0054798965
      426.0000000000        0.0231926363       -0.0041753345
      427.0000000000        0.0195150963       -0.0032295279
      428.0000000000        0.0166498963       -0.0025358495
      429.0000000000        0.0143844250       -0.0020198527
      430.0000000000        0.0125682198       -0.0016302918
      431.0000000000        0.0110935848       -0.0013318532
      432.0000000000        0.0098823978       -0.0010999995
      433.0000000000        0.0088771948       -0.0009174813
      434.0000000000        0.0080351223       -0.0007720137
      435.0000000000        0.0073237991       -0.0006547289
      436.0000000000        0.0067184509       -0.0005591402
      437.0000000000        0.0061999020       -0.0004804413
      438.0000000000        0.0057531498       -0.0004150266
      439.0000000000        0.0053663398       -0.0003601598
      440.0000000000        0.0050300195       -0.0003137407
      441.0000000000        0.0047365893       -0.0002741404
      442.0000000000        0.0044798940       -0.0002400827
      443.0000000000        0.0042549153       -0.0002105577
      444.0000000000        0.0040575384       -0.0001847588
      445.0000000000        0.0038843737       -0.0001620359
      446.0000000000        0.0037326188       -0.0001418597
      447.0000000000        0.0035999510       -0.0001237958
      448.0000000000        0.0034844441       -0.0001074832
      449.0000000000        0.0033845021       -0.0000926196
      450.0000000000        0.0032988079       -0.0000789483
      451.0000000000        0.0032262820       -0.0000662487
      452.0000000000        0.0031660509       -0.0000543286
      453.0000000000        0.0031174221       -0.0000430173
      454.0000000000        0.0030798648       -0.0000321608
      455.0000000000        0.0030529963       -0.0000216170
      456.0000000000        0.0030365713       -0.0000112517
      457.0000000000        0.0031233291        0.0000002263
      458.0000000000        0.0031287530        0.0000106459
      459.0000000000        0.0031446919        0.0000212786
      460.0000000000        0.0031714272        0.0000322624
      461.0000000000        0.0032093828        0.0000437451
      462.0000000000        0.0032591377        0.0000558894
      463.0000000000        0.0033214423        0.0000688768
      464.0000000000        0.0033972410        0.0000829144
      465.0000000000        0.0034877008        0.0000982421
      466.0000000000        0.0035942484        0.0001151412
      467.0000000000        0.0037186176        0.0001339460
      468.0000000000        0.0038629087        0.0001550585
      469.0000000000        0.0040296654        0.0001789668
      470.0000000000        0.0042219723        0.0002062696
      471.0000000000        0.0044435812        0.0002377083
      472.0000000000        0.0046990737        0.0002742096
      473.0000000000        0.0049940743        0.0003169433
      474.0000000000        0.0053355300        0.0003674002
      475.0000000000        0.0057320826        0.0004274998
      476.0000000000        0.0061945675        0.0004997392
      477.0000000000        0.0067366909        0.0005874041
      478.0000000000        0.0073759584        0.0006948671
      479.0000000000        0.0081349650        0.0008280202
      480.0000000000        0.0090432087        0.0009949038
      481.0000000000        0.0101396736        0.0012066366
      482.0000000000        0.0114765547        0.0014788020
      483.0000000000        0.0131246930        0.0018335300
      484.0000000000        0.0151815801        0.0023026233
      485.0000000000        0.0177832030        0.0029321954
      486.0000000000        0.0211214807        0.0037892739
      487.0000000000        0.0254692797        0.0049701949
      488.0000000000        0.0312136854        0.0066077166
      489.0000000000        0.0388910474        0.0088636394
      490.0000000000        0.0491913966        0.0118631383
      491.0000000000        0.0628233394        0.0154526050
      492.0000000000        0.0799612239        0.0185710455
      493.0000000000        0.0988698029        0.0183442321
      494.0000000000        0.1142002324        0.0109235229
      495.0000000000        0.1184720817       -0.0028973856
      496.0000000000        0.1090622053       -0.0148617172
      497.0000000000        0.0914292035       -0.0191060740
      498.0000000000        0.0728009532       -0.0175383489
      499.0000000000        0.0569813058       -0.0140083841
      500.0000000000        0.0447286396       -0.0105955016
      501.0000000000        0.0355467036       -0.0078955791
      502.0000000000        0.0287002146       -0.0059035934
      503.0000000000        0.0235553065       -0.0044646855
      504.0000000000        0.0196380362       -0.0034254901
      505.0000000000        0.0166107914       -0.0026680592
      506.0000000000        0.0142361855       -0.0021086823
      507.0000000000        0.0123468886       -0.0016895133
      508.0000000000        0.0108238204       -0.0013707617
      509.0000000000        0.0095811578       -0.0011249035
      510.0000000000        0.0085561894       -0.0009327010
      511.0000000000        0.0077024511       -0.0007805385
      512.0000000000        0.0069850500       -0.0006586504
      513.0000000000        0.0063774455       -0.0005599381
      514.0000000000        0.0058592056       -0.0004791740
      515.0000000000        0.0054144244       -0.0004124603
      516.0000000000        0.0050305897       -0.0003568554
      517.0000000000        0.0046977646       -0.0003101145
      518.0000000000        0.0044079874       -0.0002705062
      519.0000000000        0.0041548275       -0.0002366814
      520.0000000000        0.0039330530       -0.0002075788
      521.0000000000        0.0037383786       -0.0001823557
      522.0000000000        0.0035876143       -0.0001600820
      523.0000000000        0.0034374159       -0.0001407183
      524.0000000000        0.0033054401       -0.0001235699
      525.0000000000        0.0031896599       -0.0001082718
      526.0000000000        0.0030883809       -0.0000945217
      527.0000000000        0.0030001852       -0.0000820668
      528.0000000000        0.0029238872       -0.0000706936
      529.0000000000        0.0028584984       -0.0000602202
      530.0000000000        0.0028031994       -0.0000504898
      531.0000000000        0.0026488292       -0.0000400181
      532.0000000000        0.0026131543       -0.0000314029
      533.0000000000        0.0025858986       -0.0000231624
      534.0000000000        0.0025667382       -0.0000151963
      535.0000000000        0.0025554458       -0.0000074110
      536.0000000000        0.0025518859        0.0000002833
      537.0000000000        0.0025560112        0.0000079742
      538.0000000000        0.0025678625        0.0000157499
      539.0000000000        0.0025875694        0.0000237008
      540.0000000000        0.0026153543        0.0000319223
      541.0000000000        0.0026515381        0.0000405166
      542.0000000000        0.0026965492        0.0000495965
      543.0000000000        0.0027509346        0.0000592877
      544.0000000000        0.0028153758        0.0000697335
      545.0000000000        0.0028907079        0.0000810991
      546.0000000000        0.0029779447        0.0000935780
      547.0000000000        0.0030783107        0.0001073988
      548.0000000000        0.0031932804        0.0001228353
      549.0000000000        0.0033246293        0.0001402181
      550.0000000000        0.0034744988        0.0001599506
      551.0000000000        0.0036454781        0.0001825295
      552.0000000000        0.0038407105        0.0002085718
      553.0000000000        0.0040640319        0.0002388517
      554.0000000000        0.0043201501        0.0002743491
      555.0000000000        0.0046148829        0.0003163169
      556.0000000000        0.0049554748        0.0003663736
      557.0000000000        0.0053510232        0.0004266319
      558.0000000000        0.0058130587        0.0004998815
      559.0000000000        0.0063563446        0.0005898496
      560.0000000000        0.0069999909        0.0007015780
      561.0000000000        0.0077690280        0.0008419764
      562.0000000000        0.0086966568        0.0010206417
      563.0000000000        0.0098275072        0.0012510827
      564.0000000000        0.0112224087        0.0015525619
      565.0000000000        0.0129654315        0.0019528549
      566.0000000000        0.0151743038        0.0024923046
      567.0000000000        0.0180156602        0.0032294458
      568.0000000000        0.0217265380        0.0042476162
      569.0000000000        0.0266415746        0.0056584955
      570.0000000000        0.0332166022        0.0075869670
      571.0000000000        0.0420098760        0.0100888039
      572.0000000000        0.0535015723        0.0128823967
      573.0000000000        0.0674832184        0.0147442246
      574.0000000000        0.0817831725        0.0129736483
      575.0000000000        0.0913570814        0.0051826659
      576.0000000000        0.0910185844       -0.0058107164
      577.0000000000        0.0810149155       -0.0131746294
      578.0000000000        0.0666424689       -0.0145708876
      579.0000000000        0.0529224065       -0.0125656503
      580.0000000000        0.0417577593       -0.0097643876
      581.0000000000        0.0332730836       -0.0072964296
      582.0000000000        0.0269704175       -0.0054031027
      583.0000000000        0.0222971025       -0.0040177685
      584.0000000000        0.0188076408       -0.0030148782
      585.0000000000        0.0161768377       -0.0022845097
      586.0000000000        0.0141752361       -0.0017451119
      587.0000000000        0.0126422364       -0.0013394298
      588.0000000000        0.0114651295       -0.0010278871
      589.0000000000        0.0105643126       -0.0007830610
      590.0000000000        0.0098832404       -0.0005857156
      591.0000000000        0.0093816784       -0.0004220990
      592.0000000000        0.0090311882       -0.0002821247
      593.0000000000        0.0088121156       -0.0001581429
      594.0000000000        0.0087116031       -0.0000440913
      595.0000000000        0.0087223230        0.0000651135
      596.0000000000        0.0088417387        0.0001740399
      597.0000000000        0.0090717877        0.0002871287
      598.0000000000        0.0094189351        0.0004090552
      599.0000000000        0.0098945977        0.0005451160
      600.0000000000        0.0105680743        0.0007023424
      601.0000000000        0.0113602201        0.0008874999
      602.0000000000        0.0123560801        0.0011117966
      603.0000000000        0.0136015537        0.0013894924
      604.0000000000        0.0151593414        0.0017402801
      605.0000000000        0.0171155871        0.0021918769
      606.0000000000        0.0195897127        0.0027839044
      607.0000000000        0.0227490140        0.0035736370
      608.0000000000        0.0268301947        0.0046442046
      609.0000000000        0.0321703433        0.0061151009
      610.0000000000        0.0392483763        0.0081514234
      611.0000000000        0.0487295204        0.0109561728
      612.0000000000        0.0614744955        0.0146931997
      613.0000000000        0.0783829727        0.0191977339
      614.0000000000        0.0997330995        0.0232121004
      615.0000000000        0.1235024308        0.0232342368
      616.0000000000        0.1431794712        0.0143664129
      617.0000000000        0.1493120427       -0.0028443972
      618.0000000000        0.1381292844       -0.0182503408
      619.0000000000        0.1161559359       -0.0240364730
      620.0000000000        0.0925927076       -0.0222791038
      621.0000000000        0.0724499335       -0.0178704529
      622.0000000000        0.0568040400       -0.0135404327
      623.0000000000        0.0450656876       -0.0100968131
      624.0000000000        0.0363092576       -0.0075513440
      625.0000000000        0.0297278631       -0.0057117323
      626.0000000000        0.0247159366       -0.0043833050
      627.0000000000        0.0208415614       -0.0034154287
      628.0000000000        0.0178009728       -0.0027009675
      629.0000000000        0.0153801014       -0.0021658411
      630.0000000000        0.0134266693       -0.0017590935
      631.0000000000        0.0118309823       -0.0014454894
      632.0000000000        0.0105129265       -0.0012004128
      633.0000000000        0.0094131725       -0.0010064502
      634.0000000000        0.0084871865       -0.0008511183
      635.0000000000        0.0077011086       -0.0007253471
      636.0000000000        0.0070288829       -0.0006224599
      637.0000000000        0.0064502334       -0.0005374791
      638.0000000000        0.0059492176       -0.0004666490
      639.0000000000        0.0055131811       -0.0004071033
      640.0000000000        0.0055458075       -0.0003514337
      641.0000000000        0.0052165368       -0.0003082090
      642.0000000000        0.0049273969       -0.0002709708
      643.0000000000        0.0046729623       -0.0002386379
      644.0000000000        0.0044487776       -0.0002103412
      645.0000000000        0.0042511712       -0.0001853750
      646.0000000000        0.0040771116       -0.0001631600
      647.0000000000        0.0039240953       -0.0001432149
      648.0000000000        0.0037900608       -0.0001251343
      649.0000000000        0.0036733212       -0.0001085715
      650.0000000000        0.0035725130       -0.0000932243
      651.0000000000        0.0034865575       -0.0000788233
      652.0000000000        0.0034146331       -0.0000651224
      653.0000000000        0.0033561569       -0.0000518890
      654.0000000000        0.0033107747       -0.0000388964
      655.0000000000        0.0032049211       -0.0000249982
      656.0000000000        0.0031864914       -0.0000118015
      657.0000000000        0.0031814836        0.0000018927
      658.0000000000        0.0031905423        0.0000163851
      659.0000000000        0.0032146367        0.0000320282
      660.0000000000        0.0032551227        0.0000492464
      661.0000000000        0.0033138276        0.0000685636
      662.0000000000        0.0033931679        0.0000906409
      663.0000000000        0.0034963100        0.0001163282
      664.0000000000        0.0036273943        0.0001467374
      665.0000000000        0.0037918458        0.0001833467
      666.0000000000        0.0039968119        0.0002281527
      667.0000000000        0.0042517843        0.0002838927
      668.0000000000        0.0045694945        0.0003543754
      669.0000000000        0.0049672160        0.0004449765
      670.0000000000        0.0054686787        0.0005633833
      671.0000000000        0.0061068996        0.0007207063
      672.0000000000        0.0069283658        0.0009330914
      673.0000000000        0.0079991100        0.0012238805
      674.0000000000        0.0094130784        0.0016258746
      675.0000000000        0.0113020093        0.0021814113
      676.0000000000        0.0138413533        0.0029321311
      677.0000000000        0.0172319662        0.0038747269
      678.0000000000        0.0216002162        0.0048314195
      679.0000000000        0.0267072352        0.0052048894
      680.0000000000        0.0314560232        0.0039312908
      681.0000000000        0.0338450002        0.0005734376
      682.0000000000        0.0324718804       -0.0031546970
      683.0000000000        0.0281740105       -0.0050604500
      684.0000000000        0.0230045481       -0.0050430616
      685.0000000000        0.0183681666       -0.0041677302
      686.0000000000        0.0146974445       -0.0031901371
      687.0000000000        0.0119295674       -0.0023802799
      688.0000000000        0.0098687702       -0.0017728295
      689.0000000000        0.0083283341       -0.0013319874
      690.0000000000        0.0071640418       -0.0010137299
      691.0000000000        0.0062720386       -0.0007823195
      692.0000000000        0.0055791549       -0.0006119156
      693.0000000000        0.0050339197       -0.0004845594
      694.0000000000        0.0045998470       -0.0003878961
      695.0000000000        0.0042507663       -0.0003134011
      696.0000000000        0.0039676533       -0.0002551380
      697.0000000000        0.0037364876       -0.0002089223
      698.0000000000        0.0035467980       -0.0001717656
      699.0000000000        0.0033906644       -0.0001415038
      700.0000000000        0.0032620258       -0.0001165491
      701.0000000000        0.0031561938       -0.0000957211
      702.0000000000        0.0030695066       -0.0000781310
      703.0000000000        0.0029990799       -0.0000631018
      704.0000000000        0.0029426247       -0.0000501114
      705.0000000000        0.0028983141       -0.0000387528
      706.0000000000        0.0028646830       -0.0000287049
      707.0000000000        0.0028405533       -0.0000197118
      708.0000000000        0.0028249771       -0.0000115669
      709.0000000000        0.0028171932       -0.0000041017
      710.0000000000        0.0028165938        0.0000028232
      711.0000000000        0.0028226988        0.0000093248
      712.0000000000        0.0028351357        0.0000155026
      713.0000000000        0.0028536248        0.0000214425
      714.0000000000        0.0028779669        0.0000272206
      715.0000000000        0.0029080348        0.0000329051
      716.0000000000        0.0029437670        0.0000385591
      717.0000000000        0.0029851626        0.0000442418
      718.0000000000        0.0030322792        0.0000500105
      719.0000000000        0.0030852311        0.0000559221
      720.0000000000        0.0031441901        0.0000620343
      721.0000000000        0.0032093865        0.0000684071
      722.0000000000        0.0032811125        0.0000751044
      723.0000000000        0.0033597265        0.0000821953
      724.0000000000        0.0034456596        0.0000897559
      725.0000000000        0.0035394231        0.0000978715
      726.0000000000        0.0036416196        0.0001066389
      727.0000000000        0.0037529550        0.0001161692
      728.0000000000        0.0038742551        0.0001265915
      729.0000000000        0.0040064853        0.0001380568
      730.0000000000        0.0041507755        0.0001507439
      731.0000000000        0.0043084509        0.0001648659
      732.0000000000        0.0044810704        0.0001806792
      733.0000000000        0.0046704758        0.0001984944
      734.0000000000        0.0048788522        0.0002186913
      735.0000000000        0.0051088070        0.0002417377
      736.0000000000        0.0053071325        0.0002689165
      737.0000000000        0.0055909794        0.0002995408
      738.0000000000        0.0059079055        0.0003352477
      739.0000000000        0.0062635580        0.0003772154
      740.0000000000        0.0066649251        0.0004269648
      741.0000000000        0.0071207358        0.0004864798
      742.0000000000        0.0076420030        0.0005583784
      743.0000000000        0.0082427723        0.0006461566
      744.0000000000        0.0089411662        0.0007545424
      745.0000000000        0.0097608583        0.0008900142
      746.0000000000        0.0107331828        0.0010615705
      747.0000000000        0.0119001912        0.0012818793
      748.0000000000        0.0133191277        0.0015690085
      749.0000000000        0.0150690381        0.0019490142
      750.0000000000        0.0172605407        0.0024597360
      751.0000000000        0.0200501073        0.0031560247
      752.0000000000        0.0236600995        0.0041157562
      753.0000000000        0.0284037809        0.0054425098
      754.0000000000        0.0347057489        0.0072493752
      755.0000000000        0.0430791321        0.0095762658
      756.0000000000        0.0539427203        0.0121269506
      757.0000000000        0.0670238117        0.0136968805
      758.0000000000        0.0801633775        0.0117459926
      759.0000000000        0.0886144440        0.0042871127
      760.0000000000        0.0878534846       -0.0056751707
      761.0000000000        0.0785571697       -0.0119644240
      762.0000000000        0.0657636834       -0.0128882748
      763.0000000000        0.0537368126       -0.0109172486
      764.0000000000        0.0441163876       -0.0083346535
      765.0000000000        0.0369478441       -0.0060869679
      766.0000000000        0.0317665768       -0.0043596509
      767.0000000000        0.0280781353       -0.0030825788
      768.0000000000        0.0254900373       -0.0021403576
      769.0000000000        0.0237192126       -0.0014336550
      770.0000000000        0.0225690198       -0.0008887938
      771.0000000000        0.0219052487       -0.0004535692
      772.0000000000        0.0216377186       -0.0000911734
      773.0000000000        0.0217075070        0.0002248168
      774.0000000000        0.0220784842        0.0005140651
      775.0000000000        0.0227318954        0.0007920088
      776.0000000000        0.0236630809        0.0010716543
      777.0000000000        0.0247872414        0.0013660695
      778.0000000000        0.0263100520        0.0016848369
      779.0000000000        0.0281697084        0.0020420519
      780.0000000000        0.0304119303        0.0024526996
      781.0000000000        0.0330989665        0.0029350864
      782.0000000000        0.0363136860        0.0035124567
      783.0000000000        0.0401655587        0.0042152001
      784.0000000000        0.0447992682        0.0050839746
      785.0000000000        0.0504071038        0.0061742406
      786.0000000000        0.0572468886        0.0075629543
      787.0000000000        0.0656681380        0.0093585658
      788.0000000000        0.0761505513        0.0117160263
      789.0000000000        0.0893609786        0.0148591824
      790.0000000000        0.1062376320        0.0191132960
      791.0000000000        0.1282167827        0.0249500628
      792.0000000000        0.1569860772        0.0330287599
      793.0000000000        0.1953071335        0.0442081420
      794.0000000000        0.2467284146        0.0593430195
      795.0000000000        0.3153396849        0.0784148811
      796.0000000000        0.4038097940        0.0979600107
      797.0000000000        0.5076044438        0.1061193651
      798.0000000000        0.6049851825        0.0813519962
      799.0000000000        0.6554698146        0.0138824735
      800.0000000000        0.6295854617       -0.0625320916
      801.0000000000        0.5431511702       -0.1025856200
      802.0000000000        0.4378818313       -0.1030483009
      803.0000000000        0.3429539647       -0.0854759787
      804.0000000000        0.2675941487       -0.0655553531
      805.0000000000        0.2106762364       -0.0489840462
      806.0000000000        0.1682361340       -0.0365413369
      807.0000000000        0.1364540088       -0.0275144528
      808.0000000000        0.1123701630       -0.0210052819
      809.0000000000        0.0938508358       -0.0162808948
      810.0000000000        0.0793922016       -0.0128104122
      811.0000000000        0.0679363566       -0.0102246866
      812.0000000000        0.0587334172       -0.0082697760
      813.0000000000        0.0512455007       -0.0067705194
      814.0000000000        0.0450815249       -0.0056050024
      815.0000000000        0.0401061154       -0.0046854396
      816.0000000000        0.0357997160       -0.0039543351
      817.0000000000        0.0321501561       -0.0033654865
      818.0000000000        0.0290322435       -0.0028864112
      819.0000000000        0.0263488440       -0.0024930023
      820.0000000000        0.0240237668       -0.0021671527
      821.0000000000        0.0219966393       -0.0018951060
      822.0000000000        0.0202191675       -0.0016662994
      823.0000000000        0.0186523777       -0.0014725400
      824.0000000000        0.0172645581       -0.0013074132
      825.0000000000        0.0160297076       -0.0011658518
      826.0000000000        0.0149263535       -0.0010438200
      827.0000000000        0.0139366444       -0.0009380782
      828.0000000000        0.0130456456       -0.0008460068
      829.0000000000        0.0122407892       -0.0007654728
      830.0000000000        0.0115114402       -0.0006947284
      831.0000000000        0.0108485522       -0.0006323325
      832.0000000000        0.0102443929       -0.0005770898
      833.0000000000        0.0096923221       -0.0005280039
      834.0000000000        0.0091866127       -0.0004842395
      835.0000000000        0.0087223049       -0.0004450931
      836.0000000000        0.0082950866       -0.0004099694
      837.0000000000        0.0079011947       -0.0003783624
      838.0000000000        0.0075373341       -0.0003498404
      839.0000000000        0.0072006095       -0.0003240333
      840.0000000000        0.0068884691       -0.0003006227
      841.0000000000        0.0065986572       -0.0002793339
      842.0000000000        0.0063092650       -0.0002596814
      843.0000000000        0.0060585774       -0.0002419575
      844.0000000000        0.0058248515       -0.0002257298
      845.0000000000        0.0056066719       -0.0002108404
      846.0000000000        0.0054027709       -0.0001971508
      847.0000000000        0.0052120111       -0.0001845392
      848.0000000000        0.0050333692       -0.0001728981
      849.0000000000        0.0048659232       -0.0001621324
      850.0000000000        0.0047088408       -0.0001521578
      851.0000000000        0.0045613691       -0.0001428993
      852.0000000000        0.0044228259       -0.0001342901
      853.0000000000        0.0042925923       -0.0001262706
      854.0000000000        0.0041701059       -0.0001187873
      855.0000000000        0.0040548549       -0.0001117923
      856.0000000000        0.0039463730       -0.0001052424
      857.0000000000        0.0038442348       -0.0000990987
      858.0000000000        0.0037480519       -0.0000933261
      859.0000000000        0.0036574694       -0.0000878929
      860.0000000000        0.0035721627       -0.0000827700
      861.0000000000        0.0034918347       -0.0000779314
      862.0000000000        0.0034162133       -0.0000733529
      863.0000000000        0.0033450494       -0.0000690129
      864.0000000000        0.0032781147       -0.0000648912
      865.0000000000        0.0032152003       -0.0000609695
      866.0000000000        0.0031561147       -0.0000572308
      867.0000000000        0.0031006829       -0.0000536595
      868.0000000000        0.0030487448       -0.0000502411
      869.0000000000        0.0030001541       -0.0000469623
      870.0000000000        0.0029547778       -0.0000438104
      871.0000000000        0.0029124948       -0.0000407739
      872.0000000000        0.0028731953       -0.0000378416
      873.0000000000        0.0028367803       -0.0000350034
      874.0000000000        0.0028031606       -0.0000322493
      875.0000000000        0.0027722567       -0.0000295701
      876.0000000000        0.0027439983       -0.0000269570
      877.0000000000        0.0027183236       -0.0000244014
      878.0000000000        0.0026951791       -0.0000218951
      879.0000000000        0.0026745197       -0.0000194301
      880.0000000000        0.0026563078       -0.0000169986
      881.0000000000        0.0026405138       -0.0000145930
      882.0000000000        0.0026271156       -0.0000122057
      883.0000000000        0.0026160987       -0.0000098292
      884.0000000000        0.0026074561       -0.0000074558
      885.0000000000        0.0026011885       -0.0000050780
      886.0000000000        0.0025973042       -0.0000026879
      887.0000000000        0.0025958195       -0.0000002776
      888.0000000000        0.0025967585        0.0000021611
      889.0000000000        0.0026001540        0.0000046368
      890.0000000000        0.0026060473        0.0000071583
      891.0000000000        0.0026144890        0.0000097351
      892.0000000000        0.0026255392        0.0000123769
      893.0000000000        0.0026392681        0.0000150945
      894.0000000000        0.0026557571        0.0000178990
      895.0000000000        0.0026750991        0.0000208025
      896.0000000000        0.0026973995        0.0000238182
      897.0000000000        0.0027227776        0.0000269603
      898.0000000000        0.0027513673        0.0000302442
      899.0000000000        0.0027833189        0.0000336870
      900.0000000000        0.0028188004        0.0000373072
      901.0000000000        0.0028579993        0.0000411255
      902.0000000000        0.0029011249        0.0000451646
      903.0000000000        0.0029484105        0.0000494499
      904.0000000000        0.0030001162        0.0000540097
      905.0000000000        0.0030565319        0.0000588756
      906.0000000000        0.0031179812        0.0000640831
      907.0000000000        0.0031848253        0.0000696724
      908.0000000000        0.0032574682        0.0000756887
      909.0000000000        0.0033363621        0.0000821835
      910.0000000000        0.0034220142        0.0000892155
      911.0000000000        0.0035149943        0.0000968515
      912.0000000000        0.0036159441        0.0001051686
      913.0000000000        0.0037255878        0.0001142552
      914.0000000000        0.0038447449        0.0001242137
      915.0000000000        0.0039743452        0.0001351630
      916.0000000000        0.0041154471        0.0001472417
      917.0000000000        0.0042692588        0.0001606121
      918.0000000000        0.0044371651        0.0001754651
      919.0000000000        0.0046207581        0.0001920266
      920.0000000000        0.0047705745        0.0002112032
      921.0000000000        0.0049919830        0.0002320266
      922.0000000000        0.0052355209        0.0002555323
      923.0000000000        0.0055040956        0.0002821853
      924.0000000000        0.0058011279        0.0003125514
      925.0000000000        0.0061306651        0.0003473228
      926.0000000000        0.0064975243        0.0003873532
      927.0000000000        0.0069074750        0.0004337027
      928.0000000000        0.0073674747        0.0004876987
      929.0000000000        0.0078859749        0.0005510171
      930.0000000000        0.0084733215        0.0006257931
      931.0000000000        0.0091422869        0.0007147734
      932.0000000000        0.0099087805        0.0008215273
      933.0000000000        0.0107928122        0.0009507442
      934.0000000000        0.0118198106        0.0011086568
      935.0000000000        0.0130224526        0.0013036499
      936.0000000000        0.0144432318        0.0015471500
      937.0000000000        0.0161381128        0.0018549371
      938.0000000000        0.0181817971        0.0022491000
      939.0000000000        0.0206754002        0.0027609720
      940.0000000000        0.0237577519        0.0034355383
      941.0000000000        0.0276221098        0.0043379750
      942.0000000000        0.0325407593        0.0055629625
      943.0000000000        0.0389003072        0.0072465413
      944.0000000000        0.0472486643        0.0095762298
      945.0000000000        0.0583447053        0.0127809241
      946.0000000000        0.0731653098        0.0170392380
      947.0000000000        0.0927172412        0.0221403964
      948.0000000000        0.1172631228        0.0266013570
      949.0000000000        0.1443884806        0.0263845169
      950.0000000000        0.1665854047        0.0160421796
      951.0000000000        0.1732849010       -0.0033905906
      952.0000000000        0.1606997272       -0.0202913106
      953.0000000000        0.1364887110       -0.0262890553
      954.0000000000        0.1108987695       -0.0240154102
      955.0000000000        0.0893643836       -0.0189152243
      956.0000000000        0.0730023020       -0.0139425958
      957.0000000000        0.0611461435       -0.0099435964
      958.0000000000        0.0527928838       -0.0069056282
      959.0000000000        0.0470914560       -0.0045984210
      960.0000000000        0.0430254362       -0.0027836281
      961.0000000000        0.0410116209       -0.0012818141
      962.0000000000        0.0404095150        0.0000623397
      963.0000000000        0.0411260755        0.0013756180
      964.0000000000        0.0431905827        0.0027787699
      965.0000000000        0.0467573346        0.0044040891
      966.0000000000        0.0521265388        0.0064144657
      967.0000000000        0.0597853237        0.0090244138
      968.0000000000        0.0704691289        0.0125179983
      969.0000000000        0.0852307374        0.0172389595
      970.0000000000        0.1054548822        0.0234689555
      971.0000000000        0.1326079557        0.0309626309
      972.0000000000        0.1671742479        0.0377090757
      973.0000000000        0.2059277366        0.0380287375
      974.0000000000        0.2382970572        0.0238213734
      975.0000000000        0.2486816860       -0.0043459182
      976.0000000000        0.2305114407       -0.0299526085
      977.0000000000        0.1942590383       -0.0397995926
      978.0000000000        0.1551509795       -0.0370498850
      979.0000000000        0.1216096029       -0.0297939987
      980.0000000000        0.0955008737       -0.0226161642
      981.0000000000        0.0758792750       -0.0168922032
      982.0000000000        0.0612176854       -0.0126554676
      983.0000000000        0.0501778053       -0.0095909838
      984.0000000000        0.0417532648       -0.0073765143
      985.0000000000        0.0352256137       -0.0057619788
      986.0000000000        0.0300892928       -0.0045693059
      987.0000000000        0.0259878657       -0.0036753045
      988.0000000000        0.0226676643       -0.0029952180
      989.0000000000        0.0199458559       -0.0024704305
      990.0000000000        0.0176888190       -0.0020599874
      991.0000000000        0.0157975139       -0.0017349143
      992.0000000000        0.0141975205       -0.0014744371
      993.0000000000        0.0128321831       -0.0012634603
      994.0000000000        0.0116578351       -0.0010908705
      995.0000000000        0.0106404306       -0.0009483821
      996.0000000000        0.0097531369       -0.0008297446
      997.0000000000        0.0089745929       -0.0007301887
      998.0000000000        0.0082876337       -0.0006460372
      999.0000000000        0.0076783451       -0.0005744262
     1000.0000000000        0.0071353565       -0.0005131049
     1001.0000000000        0.0066493045       -0.0004602881
     1002.0000000000        0.0062124242       -0.0004145488
     1003.0000000000        0.0058182333       -0.0003747374
     1004.0000000000        0.0054612864       -0.0003399207
     1005.0000000000        0.0051369826       -0.0003093365
     1006.0000000000        0.0048414128       -0.0002823578
     1007.0000000000        0.0045712390       -0.0002584660
     1008.0000000000        0.0043235964       -0.0002372296
     1009.0000000000        0.0040960157       -0.0002182874
     1010.0000000000        0.0038863586       -0.0002013359
     1011.0000000000        0.0036927663       -0.0001861186
     1012.0000000000        0.0035136163       -0.0001724177
     1013.0000000000        0.0033474876       -0.0001600476
     1014.0000000000        0.0031931308       -0.0001488493
     1015.0000000000        0.0030494442       -0.0001386862
     1016.0000000000        0.0029154529       -0.0001294404
     1017.0000000000        0.0027952739       -0.0001209474
     1018.0000000000        0.0026782362       -0.0001132424
     1019.0000000000        0.0025685728       -0.0001061867
     1020.0000000000        0.0024656690       -0.0000997127
     1021.0000000000        0.0023689734       -0.0000937611
     1022.0000000000        0.0022779901       -0.0000882798
     1023.0000000000        0.0021922724       -0.0000832229
     1024.0000000000        0.0021114166       -0.0000785496
     1025.0000000000        0.0020350574       -0.0000742239
     1026.0000000000        0.0019628637       -0.0000702138
     1027.0000000000        0.0018945342       -0.0000664907
     1028.0000000000        0.0018297951       -0.0000630292
     1029.0000000000        0.0017683962       -0.0000598065
     1030.0000000000        0.0017101094       -0.0000568020
     1031.0000000000        0.0016547255       -0.0000539976
     1032.0000000000        0.0016020531       -0.0000513765
     1033.0000000000        0.0015519164       -0.0000489240
     1034.0000000000        0.0015041535       -0.0000466265
     1035.0000000000        0.0014586158       -0.0000444719
     1036.0000000000        0.0014151659       -0.0000424490
     1037.0000000000        0.0013736771       -0.0000405480
     1038.0000000000        0.0013340324       -0.0000387596
     1039.0000000000        0.0014178705       -0.0000355485
     1040.0000000000        0.0013831379       -0.0000339321
     1041.0000000000        0.0013499766       -0.0000324048
     1042.0000000000        0.0013183007       -0.0000309602
     1043.0000000000        0.0012880306       -0.0000295924
     1044.0000000000        0.0012590921       -0.0000282962
     1045.0000000000        0.0012314160       -0.0000270666
     1046.0000000000        0.0012049382       -0.0000258991
     1047.0000000000        0.0011795985       -0.0000247895
     1048.0000000000        0.0011553412       -0.0000237339
     1049.0000000000        0.0011321138       -0.0000227289
     1050.0000000000        0.0011098676       -0.0000217711
     1051.0000000000        0.0010885569       -0.0000208574
     1052.0000000000        0.0010681390       -0.0000199851
     1053.0000000000        0.0010485738       -0.0000191516
     1054.0000000000        0.0010298238       -0.0000183543
     1055.0000000000        0.0010118538       -0.0000175910
     1056.0000000000        0.0009946311       -0.0000168597
     1057.0000000000        0.0009781245       -0.0000161583
     1058.0000000000        0.0009623051       -0.0000154850
     1059.0000000000        0.0009471457       -0.0000148381
     1060.0000000000        0.0009326206       -0.0000142160
     1061.0000000000        0.0009187059       -0.0000136171
     1062.0000000000        0.0009053791       -0.0000130401
     1063.0000000000        0.0008926188       -0.0000124837
     1064.0000000000        0.0008804053       -0.0000119464
     1065.0000000000        0.0008687199       -0.0000114273
     1066.0000000000        0.0008575450       -0.0000109252
     1067.0000000000        0.0008468642       -0.0000104390
     1068.0000000000        0.0008366620       -0.0000099677
     1069.0000000000        0.0008269241       -0.0000095105
     1070.0000000000        0.0008941349       -0.0000081051
     1071.0000000000        0.0008862559       -0.0000076548
     1072.0000000000        0.0008788216       -0.0000072155
     1073.0000000000        0.0008718214       -0.0000067864
     1074.0000000000        0.0008652456       -0.0000063667
     1075.0000000000        0.0008590851       -0.0000059557
     1076.0000000000        0.0008533314       -0.0000055528
     1077.0000000000        0.0008479771       -0.0000051571
     1078.0000000000        0.0008430149       -0.0000047682
     1079.0000000000        0.0008384387       -0.0000043853
     1080.0000000000        0.0008342425       -0.0000040079
     1081.0000000000        0.0008304213       -0.0000036353
     1082.0000000000        0.0008269705       -0.0000032670
     1083.0000000000        0.0008238861       -0.0000029024
     1084.0000000000        0.0008211647       -0.0000025410
     1085.0000000000        0.0008188033       -0.0000021821
     1086.0000000000        0.0008167997       -0.0000018253
     1087.0000000000        0.0008151521       -0.0000014701
     1088.0000000000        0.0008138592       -0.0000011158
     1089.0000000000        0.0008129203       -0.0000007620
     1090.0000000000        0.0008123352       -0.0000004081
     1091.0000000000        0.0008121043       -0.0000000536
     1092.0000000000        0.0008122284        0.0000003021
     1093.0000000000        0.0008127091        0.0000006595
     1094.0000000000        0.0008135482        0.0000010191
     1095.0000000000        0.0008147483        0.0000013816
     1096.0000000000        0.0008163126        0.0000017475
     1097.0000000000        0.0008182447        0.0000021174
     1098.0000000000        0.0008205489        0.0000024919
     1099.0000000000        0.0008232302        0.0000028716
     1100.0000000000        0.0008262941        0.0000032572
     1101.0000000000        0.0008297468        0.0000036493
     1102.0000000000        0.0008335952        0.0000040487
     1103.0000000000        0.0008378469        0.0000044560
     1104.0000000000        0.0008425102        0.0000048721
     1105.0000000000        0.0008475942        0.0000052976
     1106.0000000000        0.0008531088        0.0000057335
     1107.0000000000        0.0008590649        0.0000061806
     1108.0000000000        0.0008654740        0.0000066398
     1109.0000000000        0.0008723488        0.0000071121
     1110.0000000000        0.0008797029        0.0000075985
     1111.0000000000        0.0007837840        0.0000093948
     1112.0000000000        0.0007934244        0.0000098889
     1113.0000000000        0.0008035678        0.0000104011
     1114.0000000000        0.0008142331        0.0000109328
     1115.0000000000        0.0008254404        0.0000114854
     1116.0000000000        0.0008372113        0.0000120602
     1117.0000000000        0.0008495688        0.0000126590
     1118.0000000000        0.0008625378        0.0000132834
     1119.0000000000        0.0008761449        0.0000139353
     1120.0000000000        0.0008904183        0.0000146166
     1121.0000000000        0.0009053886        0.0000153295
     1122.0000000000        0.0009210886        0.0000160763
     1123.0000000000        0.0009375534        0.0000168595
     1124.0000000000        0.0009548206        0.0000176818
     1125.0000000000        0.0009729309        0.0000185461
     1126.0000000000        0.0009919279        0.0000194557
     1127.0000000000        0.0010118586        0.0000204141
     1128.0000000000        0.0010327736        0.0000214250
     1129.0000000000        0.0010547276        0.0000224928
     1130.0000000000        0.0010777796        0.0000236219
     1131.0000000000        0.0011019936        0.0000248175
     1132.0000000000        0.0011274385        0.0000260850
     1133.0000000000        0.0011541895        0.0000274306
     1134.0000000000        0.0011823280        0.0000288610
     1135.0000000000        0.0010594680        0.0000322871
     1136.0000000000        0.0010925404        0.0000338754
     1137.0000000000        0.0011272558        0.0000355747
     1138.0000000000        0.0011637301        0.0000373952
     1139.0000000000        0.0012020903        0.0000393485
     1140.0000000000        0.0012424756        0.0000414476
     1141.0000000000        0.0012850391        0.0000437074
     1142.0000000000        0.0013299494        0.0000461443
     1143.0000000000        0.0013773930        0.0000487774
     1144.0000000000        0.0014275767        0.0000516281
     1145.0000000000        0.0014807300        0.0000547212
     1146.0000000000        0.0015371092        0.0000580850
     1147.0000000000        0.0015970010        0.0000617522
     1148.0000000000        0.0016607275        0.0000657611
     1149.0000000000        0.0017286518        0.0000701560
     1150.0000000000        0.0018011856        0.0000749894
     1151.0000000000        0.0018787973        0.0000803231
     1152.0000000000        0.0019620230        0.0000862309
     1153.0000000000        0.0020514798        0.0000928015
     1154.0000000000        0.0021478823        0.0001001421
     1155.0000000000        0.0022520641        0.0001083841
     1156.0000000000        0.0023650046        0.0001176895
     1157.0000000000        0.0024878644        0.0001282604
     1158.0000000000        0.0026220316        0.0001403522
     1159.0000000000        0.0027691835        0.0001542913
     1160.0000000000        0.0029313696        0.0001705007
     1161.0000000000        0.0031111249        0.0001895361
     1162.0000000000        0.0033116282        0.0002121395
     1163.0000000000        0.0035369242        0.0002393163
     1164.0000000000        0.0037922410        0.0002724515
     1165.0000000000        0.0040844500        0.0003134817
     1166.0000000000        0.0044227385        0.0003651530
     1167.0000000000        0.0048195945        0.0004313958
     1168.0000000000        0.0052922378        0.0005178388
     1169.0000000000        0.0058646133        0.0006323954
     1170.0000000000        0.0065698629        0.0007855063
     1171.0000000000        0.0074523105        0.0009884902
     1172.0000000000        0.0085651033        0.0012452797
     1173.0000000000        0.0099519520        0.0015264085
     1174.0000000000        0.0115882394        0.0017134035
     1175.0000000000        0.0132656133        0.0015613065
     1176.0000000000        0.0145319142        0.0008917670
     1177.0000000000        0.0149755371        0.0000145371
     1178.0000000000        0.0146948795       -0.0004813689
     1179.0000000000        0.0141927148       -0.0004512427
     1180.0000000000        0.0138877807       -0.0001320854
     1181.0000000000        0.0139540645        0.0002684086
     1182.0000000000        0.0144247449        0.0006716598
     1183.0000000000        0.0152963110        0.0010724857
     1184.0000000000        0.0165762286        0.0014931258
     1185.0000000000        0.0182998064        0.0019657113
     1186.0000000000        0.0205379145        0.0025294187
     1187.0000000000        0.0234053294        0.0032337332
     1188.0000000000        0.0270740747        0.0041449956
     1189.0000000000        0.0317947870        0.0053559537
     1190.0000000000        0.0379292608        0.0069985530
     1191.0000000000        0.0459968969        0.0092582846
     1192.0000000000        0.0567327613        0.0123799742
     1193.0000000000        0.0711335132        0.0166271445
     1194.0000000000        0.0903968007        0.0220796252
     1195.0000000000        0.1154715537        0.0279972860
     1196.0000000000        0.1456146979        0.0314603004
     1197.0000000000        0.1755654156        0.0264511521
     1198.0000000000        0.1940682845        0.0085687643
     1199.0000000000        0.1908094295       -0.0146733102
     1200.0000000000        0.1678771386       -0.0289467619
     1201.0000000000        0.1371689666       -0.0307971963
     1202.0000000000        0.1084330555       -0.0261277864
     1203.0000000000        0.0853065306       -0.0201639220
     1204.0000000000        0.0678117520       -0.0150261513
     1205.0000000000        0.0548410274       -0.0111118839
     1206.0000000000        0.0452368225       -0.0082490859
     1207.0000000000        0.0380824321       -0.0061692614
     1208.0000000000        0.0327142669       -0.0046436258
     1209.0000000000        0.0286672663       -0.0035033981
     1210.0000000000        0.0256190578       -0.0026295828
     1211.0000000000        0.0233473581       -0.0019387801
     1212.0000000000        0.0217004812       -0.0013715323
     1213.0000000000        0.0205778755       -0.0008838462
     1214.0000000000        0.0199178480       -0.0004411430
     1215.0000000000        0.0196904971       -0.0000137566
     1216.0000000000        0.0198946890        0.0004267682
     1217.0000000000        0.0205586053        0.0009112144
     1218.0000000000        0.0217439969        0.0014766691
     1219.0000000000        0.0235548930        0.0021715661
     1220.0000000000        0.0261521502        0.0030624122
     1221.0000000000        0.0297756943        0.0042423904
     1222.0000000000        0.0347757008        0.0058399604
     1223.0000000000        0.0416490547        0.0080180220
     1224.0000000000        0.0510582386        0.0109305252
     1225.0000000000        0.0637499660        0.0145413192
     1226.0000000000        0.0801442213        0.0181061701
     1227.0000000000        0.0991762101        0.0192373848
     1228.0000000000        0.1164375377        0.0138994245
     1229.0000000000        0.1243036465        0.0008943492
     1230.0000000000        0.1179735030       -0.0128249824
     1231.0000000000        0.1011581340       -0.0193834082
     1232.0000000000        0.0815781438       -0.0189463255
     1233.0000000000        0.0642273329       -0.0155547820
     1234.0000000000        0.0505353047       -0.0119012032
     1235.0000000000        0.0401967295       -0.0089070461
     1236.0000000000        0.0324668807       -0.0066693990
     1237.0000000000        0.0266528353       -0.0050468329
     1238.0000000000        0.0222520299       -0.0038746898
     1239.0000000000        0.0188258059       -0.0030220183
     1240.0000000000        0.0161335398       -0.0023936718
     1241.0000000000        0.0139858452       -0.0019238523
     1242.0000000000        0.0122482354       -0.0015672914
     1243.0000000000        0.0108240317       -0.0012927325
     1244.0000000000        0.0096427690       -0.0010783877
     1245.0000000000        0.0086523572       -0.0009088833
     1246.0000000000        0.0078137528       -0.0007732267
     1247.0000000000        0.0070973000       -0.0006634511
     1248.0000000000        0.0064801900       -0.0005737065
     1249.0000000000        0.0059446720       -0.0004996422
     1250.0000000000        0.0054767792       -0.0004379829
     1251.0000000000        0.0050654086       -0.0003862352
     1252.0000000000        0.0047016492       -0.0003424801
     1253.0000000000        0.0043782850       -0.0003052257
     1254.0000000000        0.0040894240       -0.0002733011
     1255.0000000000        0.0038302174       -0.0002457792
     1256.0000000000        0.0035966463       -0.0002219198
     1257.0000000000        0.0033853568       -0.0002011272
     1258.0000000000        0.0031935316       -0.0001829184
     1259.0000000000        0.0030187909       -0.0001668991
     1260.0000000000        0.0028591123       -0.0001527452
     1261.0000000000        0.0027127684       -0.0001401890
     1262.0000000000        0.0025782765       -0.0001290075
     1263.0000000000        0.0024543576       -0.0001190144
     1264.0000000000        0.0023399039       -0.0001100532
     1265.0000000000        0.0022339517       -0.0001019914
     1266.0000000000        0.0021356590       -0.0000947166
     1267.0000000000        0.0020442881       -0.0000881332
     1268.0000000000        0.0019591896       -0.0000821591
     1269.0000000000        0.0018797904       -0.0000767238
     1270.0000000000        0.0018055828       -0.0000717664
     1271.0000000000        0.0017361160       -0.0000672342
     1272.0000000000        0.0016709881       -0.0000630813
     1273.0000000000        0.0016098403       -0.0000592679
     1274.0000000000        0.0015523510       -0.0000557589
     1275.0000000000        0.0014982314       -0.0000525236
     1276.0000000000        0.0014472217       -0.0000495350
     1277.0000000000        0.0013990872       -0.0000467692
     1278.0000000000        0.0013536161       -0.0000442051
     1279.0000000000        0.0013106160       -0.0000418241
     1280.0000000000        0.0012699125       -0.0000396093
     1281.0000000000        0.0012313470       -0.0000375459
     1282.0000000000        0.0011947748       -0.0000356206
     1283.0000000000        0.0011600639       -0.0000338214
     1284.0000000000        0.0011270934       -0.0000321378
     1285.0000000000        0.0010957530       -0.0000305600
     1286.0000000000        0.0010659410       -0.0000290794
     1287.0000000000        0.0010375644       -0.0000276880
     1288.0000000000        0.0010105376       -0.0000263789
     1289.0000000000        0.0009847815       -0.0000251455
     1290.0000000000        0.0014215862       -0.0000182105
     1291.0000000000        0.0014039849       -0.0000170019
     1292.0000000000        0.0013875635       -0.0000158501
     1293.0000000000        0.0013722672       -0.0000147507
     1294.0000000000        0.0013580461       -0.0000136994
     1295.0000000000        0.0013448537       -0.0000126924
     1296.0000000000        0.0013326476       -0.0000117263
     1297.0000000000        0.0013213887       -0.0000107976
     1298.0000000000        0.0013110409       -0.0000099035
     1299.0000000000        0.0013015712       -0.0000090410
     1300.0000000000        0.0012929491       -0.0000082077
     1301.0000000000        0.0012851469       -0.0000074010
     1302.0000000000        0.0012781391       -0.0000066186
     1303.0000000000        0.0012719023       -0.0000058585
     1304.0000000000        0.0012664152       -0.0000051187
     1305.0000000000        0.0012616588       -0.0000043972
     1306.0000000000        0.0012576153       -0.0000036923
     1307.0000000000        0.0012542693       -0.0000030022
     1308.0000000000        0.0012516065       -0.0000023254
     1309.0000000000        0.0012496146       -0.0000016603
     1310.0000000000        0.0012482825       -0.0000010054
     1311.0000000000        0.0012476008       -0.0000003594
     1312.0000000000        0.0012475612        0.0000002791
     1313.0000000000        0.0012481570        0.0000009116
     1314.0000000000        0.0012493827        0.0000015392
     1315.0000000000        0.0012512342        0.0000021632
     1316.0000000000        0.0012537083        0.0000027849
     1317.0000000000        0.0012568036        0.0000034055
     1318.0000000000        0.0012605193        0.0000040262
     1319.0000000000        0.0012648564        0.0000046482
     1320.0000000000        0.0012698166        0.0000052728
     1321.0000000000        0.0012754032        0.0000059011
     1322.0000000000        0.0012816205        0.0000065344
     1323.0000000000        0.0012884742        0.0000071740
     1324.0000000000        0.0012959710        0.0000078211
     1325.0000000000        0.0013041193        0.0000084770
     1326.0000000000        0.0013129283        0.0000091430
     1327.0000000000        0.0013224092        0.0000098207
     1328.0000000000        0.0013325740        0.0000105113
     1329.0000000000        0.0013434367        0.0000112165
     1330.0000000000        0.0013550124        0.0000119378
     1331.0000000000        0.0013673181        0.0000126768
     1332.0000000000        0.0013803725        0.0000134353
     1333.0000000000        0.0013941959        0.0000142152
     1334.0000000000        0.0014088108        0.0000150185
     1335.0000000000        0.0014242414        0.0000158471
     1336.0000000000        0.0014405142        0.0000167035
     1337.0000000000        0.0014527557        0.0000176509
     1338.0000000000        0.0014708627        0.0000185688
     1339.0000000000        0.0014899052        0.0000195222
     1340.0000000000        0.0015099200        0.0000205142
     1341.0000000000        0.0015309474        0.0000215479
     1342.0000000000        0.0015530310        0.0000226270
     1343.0000000000        0.0015762179        0.0000237554
     1344.0000000000        0.0016005596        0.0000249373
     1345.0000000000        0.0016261119        0.0000261774
     1346.0000000000        0.0016529355        0.0000274809
     1347.0000000000        0.0016810966        0.0000288534
     1348.0000000000        0.0017106674        0.0000303013
     1349.0000000000        0.0017417267        0.0000318316
     1350.0000000000        0.0017743606        0.0000334520
     1351.0000000000        0.0018086637        0.0000351713
     1352.0000000000        0.0018447394        0.0000369991
     1353.0000000000        0.0018827017        0.0000389465
     1354.0000000000        0.0019226763        0.0000410258
     1355.0000000000        0.0019648019        0.0000432509
     1356.0000000000        0.0020092320        0.0000456377
     1357.0000000000        0.0020561372        0.0000482043
     1358.0000000000        0.0021057073        0.0000509712
     1359.0000000000        0.0020383505        0.0000554528
     1360.0000000000        0.0020953885        0.0000586678
     1361.0000000000        0.0021557805        0.0000621663
     1362.0000000000        0.0022198279        0.0000659852
     1363.0000000000        0.0022878719        0.0000701673
     1364.0000000000        0.0023603003        0.0000747629
     1365.0000000000        0.0024375553        0.0000798312
     1366.0000000000        0.0025201436        0.0000854426
     1367.0000000000        0.0026086491        0.0000916806
     1368.0000000000        0.0027037470        0.0000986457
     1369.0000000000        0.0028062229        0.0001064589
     1370.0000000000        0.0029169960        0.0001152670
     1371.0000000000        0.0030371478        0.0001252494
     1372.0000000000        0.0031679593        0.0001366271
     1373.0000000000        0.0033109575        0.0001496737
     1374.0000000000        0.0034679761        0.0001647316
     1375.0000000000        0.0036412335        0.0001822320
     1376.0000000000        0.0038334356        0.0002027239
     1377.0000000000        0.0040479110        0.0002269117
     1378.0000000000        0.0042887927        0.0002557100
     1379.0000000000        0.0045612632        0.0002903177
     1380.0000000000        0.0048718889        0.0003323256
     1381.0000000000        0.0052290847        0.0003838696
     1382.0000000000        0.0056437632        0.0004478546
     1383.0000000000        0.0061302580        0.0005282837
     1384.0000000000        0.0067076504        0.0006307484
     1385.0000000000        0.0074017008        0.0007631637
     1386.0000000000        0.0082476873        0.0009368736
     1387.0000000000        0.0092946042        0.0011682965
     1388.0000000000        0.0106113561        0.0014812978
     1389.0000000000        0.0122957158        0.0019103121
     1390.0000000000        0.0144117650        0.0025043290
     1391.0000000000        0.0173036532        0.0033223010
     1392.0000000000        0.0211505319        0.0044206653
     1393.0000000000        0.0262336547        0.0057764789
     1394.0000000000        0.0326946320        0.0070838249
     1395.0000000000        0.0400802299        0.0074005788
     1396.0000000000        0.0466484304        0.0052101435
     1397.0000000000        0.0495238887        0.0002213704
     1398.0000000000        0.0470770358       -0.0048073003
     1399.0000000000        0.0408769630       -0.0070648010
     1400.0000000000        0.0338061887       -0.0067834145
     1401.0000000000        0.0276417946       -0.0054800419
     1402.0000000000        0.0228595550       -0.0041140878
     1403.0000000000        0.0193262549       -0.0030014403
     1404.0000000000        0.0167627568       -0.0021683596
     1405.0000000000        0.0149146651       -0.0015598790
     1406.0000000000        0.0135886710       -0.0011148585
     1407.0000000000        0.0126467949       -0.0007847639
     1408.0000000000        0.0119925811       -0.0005347082
     1409.0000000000        0.0115588728       -0.0003404155
     1410.0000000000        0.0112988191       -0.0001850820
     1411.0000000000        0.0111796689       -0.0000569794
     1412.0000000000        0.0111785818        0.0000522130
     1413.0000000000        0.0112798204        0.0001485320
     1414.0000000000        0.0114728680        0.0002364842
     1415.0000000000        0.0117511687        0.0003195539
     1416.0000000000        0.0121112903        0.0004005531
     1417.0000000000        0.0125523827        0.0004818678
     1418.0000000000        0.0130758463        0.0005656400
     1419.0000000000        0.0136851613        0.0006539085
     1420.0000000000        0.0143858452        0.0007487271
     1421.0000000000        0.0151855221        0.0008522729
     1422.0000000000        0.0160940988        0.0009669535
     1423.0000000000        0.0171240539        0.0010955247
     1424.0000000000        0.0182908515        0.0012412273
     1425.0000000000        0.0196135071        0.0014079542
     1426.0000000000        0.0211153412        0.0016004627
     1427.0000000000        0.0228249760        0.0018246514
     1428.0000000000        0.0247776511        0.0020879274
     1429.0000000000        0.0270169680        0.0023997033
     1430.0000000000        0.0295972170        0.0027720766
     1431.0000000000        0.0325865080        0.0032207731
     1432.0000000000        0.0360710228        0.0037664730
     1433.0000000000        0.0401608576        0.0044366980
     1434.0000000000        0.0449981407        0.0052685327
     1435.0000000000        0.0507684536        0.0063125948
     1436.0000000000        0.0577171040        0.0076388991
     1437.0000000000        0.0661726014        0.0093456024
     1438.0000000000        0.0765809199        0.0115721347
     1439.0000000000        0.0895559695        0.0145189203
     1440.0000000000        0.1059542824        0.0184766126
     1441.0000000000        0.1269849307        0.0238676631
     1442.0000000000        0.1543670552        0.0312989292
     1443.0000000000        0.1905388046        0.0416053829
     1444.0000000000        0.2388752536        0.0557998622
     1445.0000000000        0.3037064842        0.0746482074
     1446.0000000000        0.3894382858        0.0971166194
     1447.0000000000        0.4970068538        0.1163758970
     1448.0000000000        0.6151548806        0.1141771253
     1449.0000000000        0.7099079059        0.0666294071
     1450.0000000000        0.7346427043       -0.0201625360
     1451.0000000000        0.6741486690       -0.0940453195
     1452.0000000000        0.5633625041       -0.1194821488
     1453.0000000000        0.4471745080       -0.1091676263
     1454.0000000000        0.3488099521       -0.0870297258
     1455.0000000000        0.2727152005       -0.0657873234
     1456.0000000000        0.2157055467       -0.0490258218
     1457.0000000000        0.1731869589       -0.0366710508
     1458.0000000000        0.1412201334       -0.0277492790
     1459.0000000000        0.1168648767       -0.0213061606
     1460.0000000000        0.0980279310       -0.0166098932
     1461.0000000000        0.0832375255       -0.0131416330
     1462.0000000000        0.0714560301       -0.0105429518
     1463.0000000000        0.0619447773       -0.0085672921
     1464.0000000000        0.0541711912       -0.0070440756
     1465.0000000000        0.0477459419       -0.0058540512
     1466.0000000000        0.0423804255       -0.0049127978
     1467.0000000000        0.0378577908       -0.0041597526
     1468.0000000000        0.0340129876       -0.0035508860
     1469.0000000000        0.0307188586       -0.0030537708
     1470.0000000000        0.0278763206       -0.0026442268
     1471.0000000000        0.0254073433       -0.0023040100
     1472.0000000000        0.0232498661       -0.0020192017
     1473.0000000000        0.0213540732       -0.0017790719
     1474.0000000000        0.0196796337       -0.0015752669
     1475.0000000000        0.0181936337       -0.0014012237
     1476.0000000000        0.0168690109       -0.0012517411
     1477.0000000000        0.0156833587       -0.0011226638
     1478.0000000000        0.0146180035       -0.0010106468
     1479.0000000000        0.0136572879       -0.0009129779
     1480.0000000000        0.0127880072       -0.0008274436
     1481.0000000000        0.0119989654       -0.0007522256
     1482.0000000000        0.0112806210       -0.0006858212
     1483.0000000000        0.0106248036       -0.0006269820
     1484.0000000000        0.0100244850       -0.0005746647
     1485.0000000000        0.0094735937       -0.0005279935
     1486.0000000000        0.0089668636       -0.0004862294
     1487.0000000000        0.0084997091       -0.0004487461
     1488.0000000000        0.0080681231       -0.0004150105
     1489.0000000000        0.0076685915       -0.0003845670
     1490.0000000000        0.0072980226       -0.0003570247
     1491.0000000000        0.0069536878       -0.0003320468
     1492.0000000000        0.0066331716       -0.0003093424
     1493.0000000000        0.0063343296       -0.0002886592
     1494.0000000000        0.0060552530       -0.0002697775
     1495.0000000000        0.0057942381       -0.0002525058
     1496.0000000000        0.0055497608       -0.0002366764
     1497.0000000000        0.0053204538       -0.0002221420
     1498.0000000000        0.0051050884       -0.0002087731
     1499.0000000000        0.0049025573       -0.0001964553
     1500.0000000000        0.0047118612       -0.0001850875
     1501.0000000000        0.0045320958       -0.0001745798
     1502.0000000000        0.0043624416       -0.0001648525
     1503.0000000000        0.0042021544       -0.0001558347
     1504.0000000000        0.0040505570       -0.0001474627
     1505.0000000000        0.0039070325       -0.0001396800
     1506.0000000000        0.0037710177       -0.0001324355
     1507.0000000000        0.0036419974       -0.0001256836
     1508.0000000000        0.0035195001       -0.0001193830
     1509.0000000000        0.0034030932       -0.0001134969
     1510.0000000000        0.0032923795       -0.0001079916
     1511.0000000000        0.0031869933       -0.0001028368
     1512.0000000000        0.0030865982       -0.0000980051
     1513.0000000000        0.0029908837       -0.0000934716
     1514.0000000000        0.0028995631       -0.0000892137
     1515.0000000000        0.0028123714       -0.0000852106
     1516.0000000000        0.0027290631       -0.0000814437
     1517.0000000000        0.0026494110       -0.0000778958
     1518.0000000000        0.0025732038       -0.0000745511
     1519.0000000000        0.0025002457       -0.0000713954
     1520.0000000000        0.0024303544       -0.0000684155
     1521.0000000000        0.0023633602       -0.0000655993
     1522.0000000000        0.0022991050       -0.0000629357
     1523.0000000000        0.0022374414       -0.0000604145
     1524.0000000000        0.0021782317       -0.0000580263
     1525.0000000000        0.0021213473       -0.0000557625
     1526.0000000000        0.0020666679       -0.0000536151
     1527.0000000000        0.0020140809       -0.0000515766
     1528.0000000000        0.0019634807       -0.0000496403
     1529.0000000000        0.0019147683       -0.0000477999
     1530.0000000000        0.0018678509       -0.0000460494
     1531.0000000000        0.0018226414       -0.0000443834
     1532.0000000000        0.0017790576       -0.0000427970
     1533.0000000000        0.0017370225       -0.0000412853
     1534.0000000000        0.0016964634       -0.0000398441
     1535.0000000000        0.0016573121       -0.0000384693
     1536.0000000000        0.0016195039       -0.0000371572
     1537.0000000000        0.0015829781       -0.0000359040
     1538.0000000000        0.0015476772       -0.0000347067
     1539.0000000000        0.0015135470       -0.0000335621
     1540.0000000000        0.0014805363       -0.0000324674
     1541.0000000000        0.0014485966       -0.0000314198
     1542.0000000000        0.0014176819       -0.0000304169
     1543.0000000000        0.0013877488       -0.0000294562
     1544.0000000000        0.0013587561       -0.0000285356
     1545.0000000000        0.0013306648       -0.0000276531
     1546.0000000000        0.0013034379       -0.0000268066
     1547.0000000000        0.0012770401       -0.0000259944
     1548.0000000000        0.0012514382       -0.0000252147
     1549.0000000000        0.0012266004       -0.0000244659
     1550.0000000000        0.0012024966       -0.0000237465
     1551.0000000000        0.0011790980       -0.0000230551
     1552.0000000000        0.0011563775       -0.0000223903
     1553.0000000000        0.0011343089       -0.0000217509
     1554.0000000000        0.0011128676       -0.0000211356
     1555.0000000000        0.0010920300       -0.0000205433
     1556.0000000000        0.0010717736       -0.0000199730
     1557.0000000000        0.0010520770       -0.0000194237
     1558.0000000000        0.0010049603       -0.0000185472
     1559.0000000000        0.0009866666       -0.0000180433
     1560.0000000000        0.0009688677       -0.0000175575
     1561.0000000000        0.0009515459       -0.0000170889
     1562.0000000000        0.0009346843       -0.0000166369
     1563.0000000000        0.0009182668       -0.0000162007
     1564.0000000000        0.0009022779       -0.0000157796
     1565.0000000000        0.0008867029       -0.0000153729
     1566.0000000000        0.0008715275       -0.0000149801
     1567.0000000000        0.0008567382       -0.0000146006
     1568.0000000000        0.0008423221       -0.0000142338
     1569.0000000000        0.0008282666       -0.0000138791
     1570.0000000000        0.0008145600       -0.0000135361
     1571.0000000000        0.0008011906       -0.0000132044
     1572.0000000000        0.0007881476       -0.0000128834
     1573.0000000000        0.0007754204       -0.0000125727
     1574.0000000000        0.0007629989       -0.0000122719
     1575.0000000000        0.0007508735       -0.0000119806
     1576.0000000000        0.0007390347       -0.0000116985
     1577.0000000000        0.0007274735       -0.0000114252
     1578.0000000000        0.0007161815       -0.0000111603
     1579.0000000000        0.0007051503       -0.0000109035
     1580.0000000000        0.0006943720       -0.0000106545
     1581.0000000000        0.0006838388       -0.0000104131
     1582.0000000000        0.0006735434       -0.0000101789
     1583.0000000000        0.0006634787       -0.0000099517
     1584.0000000000        0.0006536378       -0.0000097311
     1585.0000000000        0.0006440142       -0.0000095171
     1586.0000000000        0.0006346016       -0.0000093093
     1587.0000000000        0.0006253937       -0.0000091074
     1588.0000000000        0.0006163847       -0.0000089114
     1589.0000000000        0.0006075690       -0.0000087210
     1590.0000000000        0.0005989410       -0.0000085359
     1591.0000000000        0.0005904954       -0.0000083561
     1592.0000000000        0.0005822272       -0.0000081812
     1593.0000000000        0.0005741314       -0.0000080112
     1594.0000000000        0.0005662032       -0.0000078459
     1595.0000000000        0.0005584381       -0.0000076851
     1596.0000000000        0.0005508316       -0.0000075286
     1597.0000000000        0.0005433794       -0.0000073764
     1598.0000000000        0.0005360774       -0.0000072283
     1599.0000000000        0.0005289216       -0.0000070841
     1600.0000000000        0.0005219080       -0.0000069437
     1601.0000000000        0.0005150330       -0.0000068069
     1602.0000000000        0.0005082930       -0.0000066738
     1603.0000000000        0.0005016843       -0.0000065441
     1604.0000000000        0.0004952037       -0.0000064177
     1605.0000000000        0.0004888478       -0.0000062946
     1606.0000000000        0.0004826135       -0.0000061746
     1607.0000000000        0.0004764976       -0.0000060576
     1608.0000000000        0.0004704973       -0.0000059436
     1609.0000000000        0.0004646095       -0.0000058324
     1610.0000000000        0.0000000000        0.0000000000
     1611.0000000000        0.0000000000        0.0000000000
     1612.0000000000        0.0000000000        0.0000000000
     1613.0000000000        0.0000000000        0.0000000000
     1614.0000000000        0.0000000000        0.0000000000
     1615.0000000000        0.0000000000        0.0000000000
     1616.0000000000        0.0000000000        0.0000000000
     1617.0000000000        0.0000000000        0.0000000000
     1618.0000000000        0.0000000000        0.0000000000
     1619.0000000000        0.0000000000        0.0000000000
     1620.0000000000        0.0000000000        0.0000000000
     1621.0000000000        0.0000000000        0.0000000000
     1622.0000000000        0.0000000000        0.0000000000
     1623.0000000000        0.0000000000        0.0000000000
     1624.0000000000        0.0000000000        0.0000000000
     1625.0000000000        0.0000000000        0.0000000000
     1626.0000000000        0.0000000000        0.0000000000
     1627.0000000000        0.0000000000        0.0000000000
     1628.0000000000        0.0000000000        0.0000000000
     1629.0000000000        0.0000000000        0.0000000000
     1630.0000000000        0.0000000000        0.0000000000
     1631.0000000000        0.0000000000        0.0000000000
     1632.0000000000        0.0000000000        0.0000000000
     1633.0000000000        0.0000000000        0.0000000000
     1634.0000000000        0.0000000000        0.0000000000
     1635.0000000000        0.0013473014        0.0000168895
     1636.0000000000        0.0013643510        0.0000172110
     1637.0000000000        0.0013817262        0.0000175408
     1638.0000000000        0.0013994353        0.0000178790
     1639.0000000000        0.0014174871        0.0000182260
     1640.0000000000        0.0014358903        0.0000185820
     1641.0000000000        0.0014546541        0.0000189473
     1642.0000000000        0.0014737881        0.0000193223
     1643.0000000000        0.0014933020        0.0000197072
     1644.0000000000        0.0015132060        0.0000201025
     1645.0000000000        0.0015335105        0.0000205083
     1646.0000000000        0.0015542263        0.0000209252
     1647.0000000000        0.0015753647        0.0000213534
     1648.0000000000        0.0015969371        0.0000217934
     1649.0000000000        0.0016189555        0.0000222456
     1650.0000000000        0.0016414324        0.0000227103
     1651.0000000000        0.0016643806        0.0000231881
     1652.0000000000        0.0016878132        0.0000236794
     1653.0000000000        0.0017117440        0.0000241847
     1654.0000000000        0.0017361874        0.0000247044
     1655.0000000000        0.0017611579        0.0000252391
     1656.0000000000        0.0017866708        0.0000257894
     1657.0000000000        0.0018127420        0.0000263558
     1658.0000000000        0.0018393879        0.0000269388
     1659.0000000000        0.0018666255        0.0000275392
     1660.0000000000        0.0018944724        0.0000281576
     1661.0000000000        0.0019229469        0.0000287946
     1662.0000000000        0.0019520681        0.0000294510
     1663.0000000000        0.0019818556        0.0000301275
     1664.0000000000        0.0020123300        0.0000308248
     1665.0000000000        0.0020435124        0.0000315438
     1666.0000000000        0.0020754251        0.0000322854
     1667.0000000000        0.0021080909        0.0000330503
     1668.0000000000        0.0021415339        0.0000338396
     1669.0000000000        0.0021757787        0.0000346543
     1670.0000000000        0.0022108512        0.0000354953
     1671.0000000000        0.0022467784        0.0000363637
     1672.0000000000        0.0022835881        0.0000372607
     1673.0000000000        0.0023213096        0.0000381874
     1674.0000000000        0.0023599732        0.0000391450
     1675.0000000000        0.0023996104        0.0000401350
     1676.0000000000        0.0024402544        0.0000411586
     1677.0000000000        0.0024819393        0.0000422173
     1678.0000000000        0.0025247012        0.0000433126
     1679.0000000000        0.0025685773        0.0000444461
     1680.0000000000        0.0026136067        0.0000456195
     1681.0000000000        0.0026598302        0.0000468346
     1682.0000000000        0.0027072904        0.0000480931
     1683.0000000000        0.0027560317        0.0000493972
     1684.0000000000        0.0028061006        0.0000507488
     1685.0000000000        0.0028575459        0.0000521501
     1686.0000000000        0.0029104183        0.0000536035
     1687.0000000000        0.0029647711        0.0000551114
     1688.0000000000        0.0030206601        0.0000566764
     1689.0000000000        0.0030781437        0.0000583011
     1690.0000000000        0.0031372832        0.0000599885
     1691.0000000000        0.0031981426        0.0000617416
     1692.0000000000        0.0032607893        0.0000635636
     1693.0000000000        0.0033252940        0.0000654581
     1694.0000000000        0.0033917308        0.0000674285
     1695.0000000000        0.0034601776        0.0000694788
     1696.0000000000        0.0035307163        0.0000716129
     1697.0000000000        0.0036034329        0.0000738354
     1698.0000000000        0.0036784180        0.0000761507
     1699.0000000000        0.0037557669        0.0000785638
     1700.0000000000        0.0038355799        0.0000810798
     1701.0000000000        0.0039179628        0.0000837044
     1702.0000000000        0.0040030269        0.0000864435
     1703.0000000000        0.0040908899        0.0000893032
     1704.0000000000        0.0041816758        0.0000922904
     1705.0000000000        0.0042755157        0.0000954123
     1706.0000000000        0.0043725479        0.0000986765
     1707.0000000000        0.0044729188        0.0001020912
     1708.0000000000        0.0045767833        0.0001056651
     1709.0000000000        0.0046843052        0.0001094077
     1710.0000000000        0.0047956583        0.0001133290
     1711.0000000000        0.0049110265        0.0001174399
     1712.0000000000        0.0050306050        0.0001217518
     1713.0000000000        0.0051546012        0.0001262772
     1714.0000000000        0.0052832350        0.0001310295
     1715.0000000000        0.0054167406        0.0001360231
     1716.0000000000        0.0055553669        0.0001412735
     1717.0000000000        0.0056993788        0.0001467974
     1718.0000000000        0.0058490588        0.0001526127
     1719.0000000000        0.0060047079        0.0001587391
     1720.0000000000        0.0061666475        0.0001651974
     1721.0000000000        0.0063352209        0.0001720105
     1722.0000000000        0.0065107950        0.0001792031
     1723.0000000000        0.0066937625        0.0001868019
     1724.0000000000        0.0068845440        0.0001948360
     1725.0000000000        0.0070835902        0.0002033370
     1726.0000000000        0.0072913850        0.0002123392
     1727.0000000000        0.0075084481        0.0002218801
     1728.0000000000        0.0077353383        0.0002320005
     1729.0000000000        0.0079726571        0.0002427451
     1730.0000000000        0.0082210527        0.0002541626
     1731.0000000000        0.0084812244        0.0002663066
     1732.0000000000        0.0087539274        0.0002792355
     1733.0000000000        0.0090399785        0.0002930139
     1734.0000000000        0.0093402620        0.0003077125
     1735.0000000000        0.0096557363        0.0003234093
     1736.0000000000        0.0099874420        0.0003401904
     1737.0000000000        0.0103365102        0.0003581509
     1738.0000000000        0.0107041719        0.0003773960
     1739.0000000000        0.0110917691        0.0003980425
     1740.0000000000        0.0115007670        0.0004202200
     1741.0000000000        0.0119327674        0.0004440729
     1742.0000000000        0.0123895246        0.0004697620
     1743.0000000000        0.0128729632        0.0004974671
     1744.0000000000        0.0133851977        0.0005273896
     1745.0000000000        0.0139285564        0.0005597551
     1746.0000000000        0.0145056067        0.0005948177
     1747.0000000000        0.0151191858        0.0006328634
     1748.0000000000        0.0157724352        0.0006742157
     1749.0000000000        0.0164688407        0.0007192405
     1750.0000000000        0.0172122783        0.0007683536
     1751.0000000000        0.0180070678        0.0008220285
     1752.0000000000        0.0188580351        0.0008808055
     1753.0000000000        0.0197705848        0.0009453035
     1754.0000000000        0.0207507849        0.0010162334
     1755.0000000000        0.0218054673        0.0010944144
     1756.0000000000        0.0229423447        0.0011807934
     1757.0000000000        0.0241701512        0.0012764695
     1758.0000000000        0.0254988068        0.0013827221
     1759.0000000000        0.0269396166        0.0015010472
     1760.0000000000        0.0285055073        0.0016332008
     1761.0000000000        0.0302113134        0.0017812526
     1762.0000000000        0.0320741236        0.0019476534
     1763.0000000000        0.0341137020        0.0021353189
     1764.0000000000        0.0363530038        0.0023477352
     1765.0000000000        0.0388188098        0.0025890924
     1766.0000000000        0.0415425116        0.0028644547
     1767.0000000000        0.0445610914        0.0031799792
     1768.0000000000        0.0479183491        0.0035431985
     1769.0000000000        0.0516664542        0.0039633889
     1770.0000000000        0.0558679208        0.0044520557
     1771.0000000000        0.0605981419        0.0050235747
     1772.0000000000        0.0659486696        0.0056960533
     1773.0000000000        0.0720314977        0.0064924931
     1774.0000000000        0.0789847089        0.0074423781
     1775.0000000000        0.0869799938        0.0085838690
     1776.0000000000        0.0962327728        0.0099668661
     1777.0000000000        0.1070159745        0.0116573400
     1778.0000000000        0.1196790147        0.0137435247
     1779.0000000000        0.1346742653        0.0163448885
     1780.0000000000        0.1525944373        0.0196252806
     1781.0000000000        0.1742260603        0.0238124177
     1782.0000000000        0.2006269385        0.0292270279
     1783.0000000000        0.2332395811        0.0363266596
     1784.0000000000        0.2740586647        0.0457713174
     1785.0000000000        0.3258787436        0.0585198382
     1786.0000000000        0.3926567393        0.0759633242
     1787.0000000000        0.4800222567        0.1000810442
     1788.0000000000        0.5959208552        0.1335200114
     1789.0000000000        0.7511629678        0.1792205199
     1790.0000000000        0.9589398386        0.2384185797
     1791.0000000000        1.2304316159        0.3041816747
     1792.0000000000        1.5601037938        0.3469856490
     1793.0000000000        1.8953808571        0.3025104429
     1794.0000000000        2.1160917326        0.1157587337
     1795.0000000000        2.1013013724       -0.1435201712
     1796.0000000000        1.8601978625       -0.3144039219
     1797.0000000000        1.5206482370       -0.3450398957
     1798.0000000000        1.1961625982       -0.2969924184
     1799.0000000000        0.9321796359       -0.2310783785
     1800.0000000000        0.7310701060       -0.1733163396
     1801.0000000000        0.5809506721       -0.1291411831
     1802.0000000000        0.4687945489       -0.0969160240
     1803.0000000000        0.3841278268       -0.0736807657
     1804.0000000000        0.3193026487       -0.0568601091
     1805.0000000000        0.2689108015       -0.0445490119
     1806.0000000000        0.2291506750       -0.0354134677
     1807.0000000000        0.1973347198       -0.0285347427
     1808.0000000000        0.1715419331       -0.0232801222
     1809.0000000000        0.1503809078       -0.0192104857
     1810.0000000000        0.1328296858       -0.0160175911
     1811.0000000000        0.1181272074       -0.0134822564
     1812.0000000000        0.1056991016       -0.0114465329
     1813.0000000000        0.0951063789       -0.0097950830
     1814.0000000000        0.0860095142       -0.0084426014
     1815.0000000000        0.0781429790       -0.0073252209
     1816.0000000000        0.0712969537       -0.0063945698
     1817.0000000000        0.0653040337       -0.0056136123
     1818.0000000000        0.0600294495       -0.0049537007
     1819.0000000000        0.0553637934       -0.0043924624
     1820.0000000000        0.0512175501       -0.0039122674
     1821.0000000000        0.0475169447       -0.0034991059
     1822.0000000000        0.0442007583       -0.0031417559
     1823.0000000000        0.0412178664       -0.0028311616
     1824.0000000000        0.0385253177       -0.0025599641
     1825.0000000000        0.0360868243       -0.0023221438
     1826.0000000000        0.0338715654       -0.0021127461
     1827.0000000000        0.0318532328       -0.0019276690
     1828.0000000000        0.0300092649       -0.0017634977
     1829.0000000000        0.0283202264       -0.0016173743
     1830.0000000000        0.0267693056       -0.0014868953
     1831.0000000000        0.0253419014       -0.0013700298
     1832.0000000000        0.0240252856       -0.0012650540
     1833.0000000000        0.0228083222       -0.0011704988
     1834.0000000000        0.0216812356       -0.0010851067
     1835.0000000000        0.0206354161       -0.0010077977
     1836.0000000000        0.0196632578       -0.0009376401
     1837.0000000000        0.0187580217       -0.0008738284
     1838.0000000000        0.0179137200       -0.0008156627
     1839.0000000000        0.0171250183       -0.0007625338
     1840.0000000000        0.0163871517       -0.0007139094
     1841.0000000000        0.0156958540       -0.0006693233
     1842.0000000000        0.0150472961       -0.0006283657
     1843.0000000000        0.0144380339       -0.0005906756
     1844.0000000000        0.0138649624       -0.0005559343
     1845.0000000000        0.0133252768       -0.0005238595
     1846.0000000000        0.0128164384       -0.0004942008
     1847.0000000000        0.0123361445       -0.0004667352
     1848.0000000000        0.0118823034       -0.0004412641
     1849.0000000000        0.0114530109       -0.0004176100
     1850.0000000000        0.0110465309       -0.0003956140
     1851.0000000000        0.0106612779       -0.0003751336
     1852.0000000000        0.0102958014       -0.0003560406
     1853.0000000000        0.0099487728       -0.0003382197
     1854.0000000000        0.0096189728       -0.0003215668
     1855.0000000000        0.0093052812       -0.0003059880
     1856.0000000000        0.0090066672       -0.0002913981
     1857.0000000000        0.0087221811       -0.0002777200
     1858.0000000000        0.0084509466       -0.0002648837
     1859.0000000000        0.0081921545       -0.0002528254
     1860.0000000000        0.0079450559       -0.0002414872
     1861.0000000000        0.0077089578       -0.0002308161
     1862.0000000000        0.0074832174       -0.0002207639
     1863.0000000000        0.0072672384       -0.0002112865
     1864.0000000000        0.0070604665       -0.0002023432
     1865.0000000000        0.0068623862       -0.0001938972
     1866.0000000000        0.0066725178       -0.0001859142
     1867.0000000000        0.0064904138       -0.0001783632
     1868.0000000000        0.0063156571       -0.0001712151
     1869.0000000000        0.0061478581       -0.0001644437
     1870.0000000000        0.0059866524       -0.0001580243
     1871.0000000000        0.0058316996       -0.0001519345
     1872.0000000000        0.0056826807       -0.0001461533
     1873.0000000000        0.0055392966       -0.0001406615
     1874.0000000000        0.0054012672       -0.0001354412
     1875.0000000000        0.0052683293       -0.0001304759
     1876.0000000000        0.0051402356       -0.0001257501
     1877.0000000000        0.0050167540       -0.0001212497
     1878.0000000000        0.0048976656       -0.0001169613
     1879.0000000000        0.0047827648       -0.0001128726
     1880.0000000000        0.0046718576       -0.0001089722
     1881.0000000000        0.0045647612       -0.0001052493
     1882.0000000000        0.0044613031       -0.0001016940
     1883.0000000000        0.0043613204       -0.0000982969
     1884.0000000000        0.0042646594       -0.0000950494
     1885.0000000000        0.0041711745       -0.0000919432
     1886.0000000000        0.0040807283       -0.0000889709
     1887.0000000000        0.0039931905       -0.0000861252
     1888.0000000000        0.0039084379       -0.0000833996
     1889.0000000000        0.0038263535       -0.0000807876
     1890.0000000000        0.0037468266       -0.0000782836
     1891.0000000000        0.0036697522       -0.0000758819
     1892.0000000000        0.0035950304       -0.0000735774
     1893.0000000000        0.0035225665       -0.0000713653
     1894.0000000000        0.0034522706       -0.0000692409
     1895.0000000000        0.0033840570       -0.0000671999
     1896.0000000000        0.0033178443       -0.0000652383
     1897.0000000000        0.0032535551       -0.0000633523
     1898.0000000000        0.0031911156       -0.0000615383
     1899.0000000000        0.0031304556       -0.0000597929
     1900.0000000000        0.0030715081       -0.0000581128
     1901.0000000000        0.0030142093       -0.0000564950
     1902.0000000000        0.0029584984       -0.0000549367
     1903.0000000000        0.0029043171       -0.0000534351
     1904.0000000000        0.0028516100       -0.0000519878
     1905.0000000000        0.0028003242       -0.0000505922
     1906.0000000000        0.0027504090       -0.0000492462
     1907.0000000000        0.0027018161       -0.0000479474
     1908.0000000000        0.0026544991       -0.0000466939
     1909.0000000000        0.0026084139       -0.0000454837
     1910.0000000000        0.0025635179       -0.0000443149
     1911.0000000000        0.0025197708       -0.0000431859
     1912.0000000000        0.0024771336       -0.0000420948
     1913.0000000000        0.0024355690       -0.0000410402
     1914.0000000000        0.0023950416       -0.0000400205
     1915.0000000000        0.0023555169       -0.0000390343
     1916.0000000000        0.0023169623       -0.0000380802
     1917.0000000000        0.0022793463       -0.0000371569
     1918.0000000000        0.0022426386       -0.0000362633
     1919.0000000000        0.0022068103       -0.0000353980
     1920.0000000000        0.0021718334       -0.0000345601
     1921.0000000000        0.0021376813       -0.0000337484
     1922.0000000000        0.0021043282       -0.0000329619
     1923.0000000000        0.0020717494       -0.0000321997
     1924.0000000000        0.0020399212       -0.0000314607
     1925.0000000000        0.0020088205       -0.0000307442
     1926.0000000000        0.0019784255       -0.0000300493
     1927.0000000000        0.0019487150       -0.0000293752
     1928.0000000000        0.0019196685       -0.0000287210
     1929.0000000000        0.0018912665       -0.0000280862
     1930.0000000000        0.0018634900       -0.0000274699
     1931.0000000000        0.0018363207       -0.0000268715
     1932.0000000000        0.0018097412       -0.0000262904
     1933.0000000000        0.0017837344       -0.0000257259
     1934.0000000000        0.0017582841       -0.0000251774
     1935.0000000000        0.0017333745       -0.0000246444
     1936.0000000000        0.0017089903       -0.0000241263
     1937.0000000000        0.0016851170       -0.0000236227
     1938.0000000000        0.0016617403       -0.0000231330
     1939.0000000000        0.0016388465       -0.0000226567
     1940.0000000000        0.0016164225       -0.0000221934
     1941.0000000000        0.0015944555       -0.0000217426
     1942.0000000000        0.0015729332       -0.0000213040
     1943.0000000000        0.0015518436       -0.0000208771
     1944.0000000000        0.0015311752       -0.0000204615
     1945.0000000000        0.0015109169       -0.0000200569
     1946.0000000000        0.0014910579       -0.0000196628
     1947.0000000000        0.0014715878       -0.0000192790
     1948.0000000000        0.0014524965       -0.0000189052
     1949.0000000000        0.0014337743       -0.0000185409
     1950.0000000000        0.0014154116       -0.0000181860
     1951.0000000000        0.0013973994       -0.0000178400
     1952.0000000000        0.0013797287       -0.0000175027
     1953.0000000000        0.0013623911       -0.0000171739
     1954.0000000000        0.0013453781       -0.0000168533
     1955.0000000000        0.0000000000        0.0000000000
     1956.0000000000        0.0000000000        0.0000000000
     1957.0000000000        0.0000000000        0.0000000000
     1958.0000000000        0.0000000000        0.0000000000
     1959.0000000000        0.0000000000        0.0000000000
     1960.0000000000        0.0000000000        0.0000000000
     1961.0000000000        0.0000000000        0.0000000000
     1962.0000000000        0.0000000000        0.0000000000
     1963.0000000000        0.0000000000        0.0000000000
     1964.0000000000        0.0000000000        0.0000000000
     1965.0000000000        0.0000000000        0.0000000000
     1966.0000000000        0.0000000000        0.0000000000
     1967.0000000000        0.0000000000        0.0000000000
     1968.0000000000        0.0000000000        0.0000000000
     1969.0000000000        0.0000000000        0.0000000000
     1970.0000000000        0.0000000000        0.0000000000
     1971.0000000000        0.0000000000        0.0000000000
     1972.0000000000        0.0000000000        0.0000000000
     1973.0000000000        0.0000000000        0.0000000000
     1974.0000000000        0.0000000000        0.0000000000
     1975.0000000000        0.0000000000        0.0000000000
     1976.0000000000        0.0000000000        0.0000000000
     1977.0000000000        0.0000000000        0.0000000000
     1978.0000000000        0.0000000000        0.0000000000
     1979.0000000000        0.0000000000        0.0000000000
     1980.0000000000        0.0000000000        0.0000000000
     1981.0000000000        0.0000000000        0.0000000000
     1982.0000000000        0.0000000000        0.0000000000
     1983.0000000000        0.0000000000        0.0000000000
     1984.0000000000        0.0000000000        0.0000000000
     1985.0000000000        0.0000000000        0.0000000000
     1986.0000000000        0.0000000000        0.0000000000
     1987.0000000000        0.0000000000        0.0000000000
     1988.0000000000        0.0000000000        0.0000000000
     1989.0000000000        0.0000000000        0.0000000000
     1990.0000000000        0.0000000000        0.0000000000
     1991.0000000000        0.0000000000        0.0000000000
     1992.0000000000        0.0000000000        0.0000000000
     1993.0000000000        0.0000000000        0.0000000000
     1994.0000000000        0.0000000000        0.0000000000
     1995.0000000000        0.0000000000        0.0000000000
     1996.0000000000        0.0000000000        0.0000000000
     1997.0000000000        0.0000000000        0.0000000000
     1998.0000000000        0.0000000000        0.0000000000
     1999.0000000000        0.0000000000        0.0000000000
     2000.0000000000        0.0000000000        0.0000000000
     2001.0000000000        0.0000000000        0.0000000000
     2002.0000000000        0.0000000000        0.0000000000
     2003.0000000000        0.0000000000        0.0000000000
     2004.0000000000        0.0000000000        0.0000000000
     2005.0000000000        0.0000000000        0.0000000000
     2006.0000000000        0.0000000000        0.0000000000
     2007.0000000000        0.0000000000        0.0000000000
     2008.0000000000        0.0000000000        0.0000000000
     2009.0000000000        0.0000000000        0.0000000000
     2010.0000000000        0.0000000000        0.0000000000
     2011.0000000000        0.0000000000        0.0000000000
     2012.0000000000        0.0000000000        0.0000000000
     2013.0000000000        0.0000000000        0.0000000000
     2014.0000000000        0.0000000000        0.0000000000
     2015.0000000000        0.0000000000        0.0000000000
     2016.0000000000        0.0000000000        0.0000000000
     2017.0000000000        0.0000000000        0.0000000000
     2018.0000000000        0.0000000000        0.0000000000
     2019.0000000000        0.0000000000        0.0000000000
     2020.0000000000        0.0000000000        0.0000000000
     2021.0000000000        0.0000000000        0.0000000000
     2022.0000000000        0.0000000000        0.0000000000
     2023.0000000000        0.0000000000        0.0000000000
     2024.0000000000        0.0000000000        0.0000000000
     2025.0000000000        0.0000000000        0.0000000000
     2026.0000000000        0.0000000000        0.0000000000
     2027.0000000000        0.0000000000        0.0000000000
     2028.0000000000        0.0000000000        0.0000000000
     2029.0000000000        0.0000000000        0.0000000000
     2030.0000000000        0.0000000000        0.0000000000
     2031.0000000000        0.0000000000        0.0000000000
     2032.0000000000        0.0000000000        0.0000000000
     2033.0000000000        0.0000000000        0.0000000000
     2034.0000000000        0.0000000000        0.0000000000
     2035.0000000000        0.0000000000        0.0000000000
     2036.0000000000        0.0000000000        0.0000000000
     2037.0000000000        0.0000000000        0.0000000000
     2038.0000000000        0.0000000000        0.0000000000
     2039.0000000000        0.0000000000        0.0000000000
     2040.0000000000        0.0000000000        0.0000000000
     2041.0000000000        0.0000000000        0.0000000000
     2042.0000000000        0.0000000000        0.0000000000
     2043.0000000000        0.0000000000        0.0000000000
     2044.0000000000        0.0000000000        0.0000000000
     2045.0000000000        0.0000000000        0.0000000000
     2046.0000000000        0.0000000000        0.0000000000
     2047.0000000000        0.0000000000        0.0000000000
     2048.0000000000        0.0000000000        0.0000000000
     2049.0000000000        0.0000000000        0.0000000000
     2050.0000000000        0.0000000000        0.0000000000
     2051.0000000000        0.0000000000        0.0000000000
     2052.0000000000        0.0000000000        0.0000000000
     2053.0000000000        0.0000000000        0.0000000000
     2054.0000000000        0.0000000000        0.0000000000
     2055.0000000000        0.0000000000        0.0000000000
     2056.0000000000        0.0000000000        0.0000000000
     2057.0000000000        0.0000000000        0.0000000000
     2058.0000000000        0.0000000000        0.0000000000
     2059.0000000000        0.0000000000        0.0000000000
     2060.0000000000        0.0000000000        0.0000000000
     2061.0000000000        0.0000000000        0.0000000000
     2062.0000000000        0.0000000000        0.0000000000
     2063.0000000000        0.0000000000        0.0000000000
     2064.0000000000        0.0000000000        0.0000000000
     2065.0000000000        0.0000000000        0.0000000000
     2066.0000000000        0.0000000000        0.0000000000
     2067.0000000000        0.0000000000        0.0000000000
     2068.0000000000        0.0000000000        0.0000000000
     2069.0000000000        0.0000000000        0.0000000000
     2070.0000000000        0.0000000000        0.0000000000
     2071.0000000000        0.0000000000        0.0000000000
     2072.0000000000        0.0000000000        0.0000000000
     2073.0000000000        0.0000000000        0.0000000000
     2074.0000000000        0.0000000000        0.0000000000
     2075.0000000000        0.0000000000        0.0000000000
     2076.0000000000        0.0000000000        0.0000000000
     2077.0000000000        0.0000000000        0.0000000000
     2078.0000000000        0.0000000000        0.0000000000
     2079.0000000000        0.0000000000        0.0000000000
     2080.0000000000        0.0000000000        0.0000000000
     2081.0000000000        0.0000000000        0.0000000000
     2082.0000000000        0.0000000000        0.0000000000
     2083.0000000000        0.0000000000        0.0000000000
     2084.0000000000        0.0000000000        0.0000000000
     2085.0000000000        0.0000000000        0.0000000000
     2086.0000000000        0.0000000000        0.0000000000
     2087.0000000000        0.0000000000        0.0000000000
     2088.0000000000        0.0000000000        0.0000000000
     2089.0000000000        0.0000000000        0.0000000000
     2090.0000000000        0.0000000000        0.0000000000
     2091.0000000000        0.0000000000        0.0000000000
     2092.0000000000        0.0000000000        0.0000000000
     2093.0000000000        0.0000000000        0.0000000000
     2094.0000000000        0.0000000000        0.0000000000
     2095.0000000000        0.0000000000        0.0000000000
     2096.0000000000        0.0000000000        0.0000000000
     2097.0000000000        0.0000000000        0.0000000000
     2098.0000000000        0.0000000000        0.0000000000
     2099.0000000000        0.0000000000        0.0000000000
     2100.0000000000        0.0000000000        0.0000000000
     2101.0000000000        0.0000000000        0.0000000000
     2102.0000000000        0.0000000000        0.0000000000
     2103.0000000000        0.0000000000        0.0000000000
     2104.0000000000        0.0000000000        0.0000000000
     2105.0000000000        0.0000000000        0.0000000000
     2106.0000000000        0.0000000000        0.0000000000
     2107.0000000000        0.0000000000        0.0000000000
     2108.0000000000        0.0000000000        0.0000000000
     2109.0000000000        0.0000000000        0.0000000000
     2110.0000000000        0.0000000000        0.0000000000
     2111.0000000000        0.0000000000        0.0000000000
     2112.0000000000        0.0000000000        0.0000000000
     2113.0000000000        0.0000000000        0.0000000000
     2114.0000000000        0.0000000000        0.0000000000
     2115.0000000000        0.0000000000        0.0000000000
     2116.0000000000        0.0000000000        0.0000000000
     2117.0000000000        0.0000000000        0.0000000000
     2118.0000000000        0.0000000000        0.0000000000
     2119.0000000000        0.0000000000        0.0000000000
     2120.0000000000        0.0000000000        0.0000000000
     2121.0000000000        0.0000000000        0.0000000000
     2122.0000000000        0.0000000000        0.0000000000
     2123.0000000000        0.0000000000        0.0000000000
     2124.0000000000        0.0000000000        0.0000000000
     2125.0000000000        0.0000000000        0.0000000000
     2126.0000000000        0.0000000000        0.0000000000
     2127.0000000000        0.0000000000        0.0000000000
     2128.0000000000        0.0000000000        0.0000000000
     2129.0000000000        0.0000000000        0.0000000000
     2130.0000000000        0.0000000000        0.0000000000
     2131.0000000000        0.0000000000        0.0000000000
     2132.0000000000        0.0000000000        0.0000000000
     2133.0000000000        0.0000000000        0.0000000000
     2134.0000000000        0.0000000000        0.0000000000
     2135.0000000000        0.0000000000        0.0000000000
     2136.0000000000        0.0000000000        0.0000000000
     2137.0000000000        0.0000000000        0.0000000000
     2138.0000000000        0.0000000000        0.0000000000
     2139.0000000000        0.0000000000        0.0000000000
     2140.0000000000        0.0000000000        0.0000000000
     2141.0000000000        0.0000000000        0.0000000000
     2142.0000000000        0.0000000000        0.0000000000
     2143.0000000000        0.0000000000        0.0000000000
     2144.0000000000        0.0000000000        0.0000000000
     2145.0000000000        0.0000000000        0.0000000000
     2146.0000000000        0.0000000000        0.0000000000
     2147.0000000000        0.0000000000        0.0000000000
     2148.0000000000        0.0000000000        0.0000000000
     2149.0000000000        0.0000000000        0.0000000000
     2150.0000000000        0.0000000000        0.0000000000
     2151.0000000000        0.0000000000        0.0000000000
     2152.0000000000        0.0000000000        0.0000000000
     2153.0000000000        0.0000000000        0.0000000000
     2154.0000000000        0.0000000000        0.0000000000
     2155.0000000000        0.0000000000        0.0000000000
     2156.0000000000        0.0000000000        0.0000000000
     2157.0000000000        0.0000000000        0.0000000000
     2158.0000000000        0.0000000000        0.0000000000
     2159.0000000000        0.0000000000        0.0000000000
     2160.0000000000        0.0000000000        0.0000000000
     2161.0000000000        0.0000000000        0.0000000000
     2162.0000000000        0.0000000000        0.0000000000
     2163.0000000000        0.0000000000        0.0000000000
     2164.0000000000        0.0000000000        0.0000000000
     2165.0000000000        0.0000000000        0.0000000000
     2166.0000000000        0.0000000000        0.0000000000
     2167.0000000000        0.0000000000        0.0000000000
     2168.0000000000        0.0000000000        0.0000000000
     2169.0000000000        0.0000000000        0.0000000000
     2170.0000000000        0.0000000000        0.0000000000
     2171.0000000000        0.0000000000        0.0000000000
     2172.0000000000        0.0000000000        0.0000000000
     2173.0000000000        0.0000000000        0.0000000000
     2174.0000000000        0.0000000000        0.0000000000
     2175.0000000000        0.0000000000        0.0000000000
     2176.0000000000        0.0000000000        0.0000000000
     2177.0000000000        0.0000000000        0.0000000000
     2178.0000000000        0.0000000000        0.0000000000
     2179.0000000000        0.0000000000        0.0000000000
     2180.0000000000        0.0000000000        0.0000000000
     2181.0000000000        0.0000000000        0.0000000000
     2182.0000000000        0.0000000000        0.0000000000
     2183.0000000000        0.0000000000        0.0000000000
     2184.0000000000        0.0000000000        0.0000000000
     2185.0000000000        0.0000000000        0.0000000000
     2186.0000000000        0.0000000000        0.0000000000
     2187.0000000000        0.0000000000        0.0000000000
     2188.0000000000        0.0000000000        0.0000000000
     2189.0000000000        0.0000000000        0.0000000000
     2190.0000000000        0.0000000000        0.0000000000
     2191.0000000000        0.0000000000        0.0000000000
     2192.0000000000        0.0000000000        0.0000000000
     2193.0000000000        0.0000000000        0.0000000000
     2194.0000000000        0.0000000000        0.0000000000
     2195.0000000000        0.0000000000        0.0000000000
     2196.0000000000        0.0000000000        0.0000000000
     2197.0000000000        0.0000000000        0.0000000000
     2198.0000000000        0.0000000000        0.0000000000
     2199.0000000000        0.0000000000        0.0000000000
     2200.0000000000        0.0000000000        0.0000000000
     2201.0000000000        0.0000000000        0.0000000000
     2202.0000000000        0.0000000000        0.0000000000
     2203.0000000000        0.0000000000        0.0000000000
     2204.0000000000        0.0000000000        0.0000000000
     2205.0000000000        0.0000000000        0.0000000000
     2206.0000000000        0.0000000000        0.0000000000
     2207.0000000000        0.0000000000        0.0000000000
     2208.0000000000        0.0000000000        0.0000000000
     2209.0000000000        0.0000000000        0.0000000000
     2210.0000000000        0.0000000000        0.0000000000
     2211.0000000000        0.0000000000        0.0000000000
     2212.0000000000        0.0000000000        0.0000000000
     2213.0000000000        0.0000000000        0.0000000000
     2214.0000000000        0.0000000000        0.0000000000
     2215.0000000000        0.0000000000        0.0000000000
     2216.0000000000        0.0000000000        0.0000000000
     2217.0000000000        0.0000000000        0.0000000000
     2218.0000000000        0.0000000000        0.0000000000
     2219.0000000000        0.0000000000        0.0000000000
     2220.0000000000        0.0000000000        0.0000000000
     2221.0000000000        0.0000000000        0.0000000000
     2222.0000000000        0.0000000000        0.0000000000
     2223.0000000000        0.0000000000        0.0000000000
     2224.0000000000        0.0000000000        0.0000000000
     2225.0000000000        0.0000000000        0.0000000000
     2226.0000000000        0.0000000000        0.0000000000
     2227.0000000000        0.0000000000        0.0000000000
     2228.0000000000        0.0000000000        0.0000000000
     2229.0000000000        0.0000000000        0.0000000000
     2230.0000000000        0.0000000000        0.0000000000
     2231.0000000000        0.0000000000        0.0000000000
     2232.0000000000        0.0000000000        0.0000000000
     2233.0000000000        0.0000000000        0.0000000000
     2234.0000000000        0.0000000000        0.0000000000
     2235.0000000000        0.0000000000        0.0000000000
     2236.0000000000        0.0000000000        0.0000000000
     2237.0000000000        0.0000000000        0.0000000000
     2238.0000000000        0.0000000000        0.0000000000
     2239.0000000000        0.0000000000        0.0000000000
     2240.0000000000        0.0000000000        0.0000000000
     2241.0000000000        0.0000000000        0.0000000000
     2242.0000000000        0.0000000000        0.0000000000
     2243.0000000000        0.0000000000        0.0000000000
     2244.0000000000        0.0000000000        0.0000000000
     2245.0000000000        0.0000000000        0.0000000000
     2246.0000000000        0.0000000000        0.0000000000
     2247.0000000000        0.0000000000        0.0000000000
     2248.0000000000        0.0000000000        0.0000000000
     2249.0000000000        0.0000000000        0.0000000000
     2250.0000000000        0.0000000000        0.0000000000
     2251.0000000000        0.0000000000        0.0000000000
     2252.0000000000        0.0000000000        0.0000000000
     2253.0000000000        0.0000000000        0.0000000000
     2254.0000000000        0.0000000000        0.0000000000
     2255.0000000000        0.0000000000        0.0000000000
     2256.0000000000        0.0000000000        0.0000000000
     2257.0000000000        0.0000000000        0.0000000000
     2258.0000000000        0.0000000000        0.0000000000
     2259.0000000000        0.0000000000        0.0000000000
     2260.0000000000        0.0000000000        0.0000000000
     2261.0000000000        0.0000000000        0.0000000000
     2262.0000000000        0.0000000000        0.0000000000
     2263.0000000000        0.0000000000        0.0000000000
     2264.0000000000        0.0000000000        0.0000000000
     2265.0000000000        0.0000000000        0.0000000000
     2266.0000000000        0.0000000000        0.0000000000
     2267.0000000000        0.0000000000        0.0000000000
     2268.0000000000        0.0000000000        0.0000000000
     2269.0000000000        0.0000000000        0.0000000000
     2270.0000000000        0.0000000000        0.0000000000
     2271.0000000000        0.0000000000        0.0000000000
     2272.0000000000        0.0000000000        0.0000000000
     2273.0000000000        0.0000000000        0.0000000000
     2274.0000000000        0.0000000000        0.0000000000
     2275.0000000000        0.0000000000        0.0000000000
     2276.0000000000        0.0000000000        0.0000000000
     2277.0000000000        0.0000000000        0.0000000000
     2278.0000000000        0.0000000000        0.0000000000
     2279.0000000000        0.0000000000        0.0000000000
     2280.0000000000        0.0000000000        0.0000000000
     2281.0000000000        0.0000000000        0.0000000000
     2282.0000000000        0.0000000000        0.0000000000
     2283.0000000000        0.0000000000        0.0000000000
     2284.0000000000        0.0000000000        0.0000000000
     2285.0000000000        0.0000000000        0.0000000000
     2286.0000000000        0.0000000000        0.0000000000
     2287.0000000000        0.0000000000        0.0000000000
     2288.0000000000        0.0000000000        0.0000000000
     2289.0000000000        0.0000000000        0.0000000000
     2290.0000000000        0.0000000000        0.0000000000
     2291.0000000000        0.0000000000        0.0000000000
     2292.0000000000        0.0000000000        0.0000000000
     2293.0000000000        0.0000000000        0.0000000000
     2294.0000000000        0.0000000000        0.0000000000
     2295.0000000000        0.0000000000        0.0000000000
     2296.0000000000        0.0000000000        0.0000000000
     2297.0000000000        0.0000000000        0.0000000000
     2298.0000000000        0.0000000000        0.0000000000
     2299.0000000000        0.0000000000        0.0000000000
     2300.0000000000        0.0000000000        0.0000000000
     2301.0000000000        0.0000000000        0.0000000000
     2302.0000000000        0.0000000000        0.0000000000
     2303.0000000000        0.0000000000        0.0000000000
     2304.0000000000        0.0000000000        0.0000000000
     2305.0000000000        0.0000000000        0.0000000000
     2306.0000000000        0.0000000000        0.0000000000
     2307.0000000000        0.0000000000        0.0000000000
     2308.0000000000        0.0000000000        0.0000000000
     2309.0000000000        0.0000000000        0.0000000000
     2310.0000000000        0.0000000000        0.0000000000
     2311.0000000000        0.0000000000        0.0000000000
     2312.0000000000        0.0000000000        0.0000000000
     2313.0000000000        0.0000000000        0.0000000000
     2314.0000000000        0.0000000000        0.0000000000
     2315.0000000000        0.0000000000        0.0000000000
     2316.0000000000        0.0000000000        0.0000000000
     2317.0000000000        0.0000000000        0.0000000000
     2318.0000000000        0.0000000000        0.0000000000
     2319.0000000000        0.0000000000        0.0000000000
     2320.0000000000        0.0000000000        0.0000000000
     2321.0000000000        0.0000000000        0.0000000000
     2322.0000000000        0.0000000000        0.0000000000
     2323.0000000000        0.0000000000        0.0000000000
     2324.0000000000        0.0000000000        0.0000000000
     2325.0000000000        0.0000000000        0.0000000000
     2326.0000000000        0.0000000000        0.0000000000
     2327.0000000000        0.0000000000        0.0000000000
     2328.0000000000        0.0000000000        0.0000000000
     2329.0000000000        0.0000000000        0.0000000000
     2330.0000000000        0.0000000000        0.0000000000
     2331.0000000000        0.0000000000        0.0000000000
     2332.0000000000        0.0000000000        0.0000000000
     2333.0000000000        0.0000000000        0.0000000000
     2334.0000000000        0.0000000000        0.0000000000
     2335.0000000000        0.0000000000        0.0000000000
     2336.0000000000        0.0000000000        0.0000000000
     2337.0000000000        0.0000000000        0.0000000000
     2338.0000000000        0.0000000000        0.0000000000
     2339.0000000000        0.0000000000        0.0000000000
     2340.0000000000        0.0000000000        0.0000000000
     2341.0000000000        0.0000000000        0.0000000000
     2342.0000000000        0.0000000000        0.0000000000
     2343.0000000000        0.0000000000        0.0000000000
     2344.0000000000        0.0000000000        0.0000000000
     2345.0000000000        0.0000000000        0.0000000000
     2346.0000000000        0.0000000000        0.0000000000
     2347.0000000000        0.0000000000        0.0000000000
     2348.0000000000        0.0000000000        0.0000000000
     2349.0000000000        0.0000000000        0.0000000000
     2350.0000000000        0.0000000000        0.0000000000
     2351.0000000000        0.0000000000        0.0000000000
     2352.0000000000        0.0000000000        0.0000000000
     2353.0000000000        0.0000000000        0.0000000000
     2354.0000000000        0.0000000000        0.0000000000
     2355.0000000000        0.0000000000        0.0000000000
     2356.0000000000        0.0000000000        0.0000000000
     2357.0000000000        0.0000000000        0.0000000000
     2358.0000000000        0.0000000000        0.0000000000
     2359.0000000000        0.0000000000        0.0000000000
     2360.0000000000        0.0000000000        0.0000000000
     2361.0000000000        0.0000000000        0.0000000000
     2362.0000000000        0.0000000000        0.0000000000
     2363.0000000000        0.0000000000        0.0000000000
     2364.0000000000        0.0000000000        0.0000000000
     2365.0000000000        0.0000000000        0.0000000000
     2366.0000000000        0.0000000000        0.0000000000
     2367.0000000000        0.0000000000        0.0000000000
     2368.0000000000        0.0000000000        0.0000000000
     2369.0000000000        0.0000000000        0.0000000000
     2370.0000000000        0.0000000000        0.0000000000
     2371.0000000000        0.0000000000        0.0000000000
     2372.0000000000        0.0000000000        0.0000000000
     2373.0000000000        0.0000000000        0.0000000000
     2374.0000000000        0.0000000000        0.0000000000
     2375.0000000000        0.0000000000        0.0000000000
     2376.0000000000        0.0000000000        0.0000000000
     2377.0000000000        0.0000000000        0.0000000000
     2378.0000000000        0.0000000000        0.0000000000
     2379.0000000000        0.0000000000        0.0000000000
     2380.0000000000        0.0000000000        0.0000000000
     2381.0000000000        0.0000000000        0.0000000000
     2382.0000000000        0.0000000000        0.0000000000
     2383.0000000000        0.0000000000        0.0000000000
     2384.0000000000        0.0000000000        0.0000000000
     2385.0000000000        0.0000000000        0.0000000000
     2386.0000000000        0.0000000000        0.0000000000
     2387.0000000000        0.0000000000        0.0000000000
     2388.0000000000        0.0000000000        0.0000000000
     2389.0000000000        0.0000000000        0.0000000000
     2390.0000000000        0.0000000000        0.0000000000
     2391.0000000000        0.0000000000        0.0000000000
     2392.0000000000        0.0000000000        0.0000000000
     2393.0000000000        0.0000000000        0.0000000000
     2394.0000000000        0.0000000000        0.0000000000
     2395.0000000000        0.0000000000        0.0000000000
     2396.0000000000        0.0000000000        0.0000000000
     2397.0000000000        0.0000000000        0.0000000000
     2398.0000000000        0.0000000000        0.0000000000
     2399.0000000000        0.0000000000        0.0000000000
     2400.0000000000        0.0000000000        0.0000000000
     2401.0000000000        0.0000000000        0.0000000000
     2402.0000000000        0.0000000000        0.0000000000
     2403.0000000000        0.0000000000        0.0000000000
     2404.0000000000        0.0000000000        0.0000000000
     2405.0000000000        0.0000000000        0.0000000000
     2406.0000000000        0.0000000000        0.0000000000
     2407.0000000000        0.0000000000        0.0000000000
     2408.0000000000        0.0000000000        0.0000000000
     2409.0000000000        0.0000000000        0.0000000000
     2410.0000000000        0.0000000000        0.0000000000
     2411.0000000000        0.0000000000        0.0000000000
     2412.0000000000        0.0000000000        0.0000000000
     2413.0000000000        0.0000000000        0.0000000000
     2414.0000000000        0.0000000000        0.0000000000
     2415.0000000000        0.0000000000        0.0000000000
     2416.0000000000        0.0000000000        0.0000000000
     2417.0000000000        0.0000000000        0.0000000000
     2418.0000000000        0.0000000000        0.0000000000
     2419.0000000000        0.0000000000        0.0000000000
     2420.0000000000        0.0000000000        0.0000000000
     2421.0000000000        0.0000000000        0.0000000000
     2422.0000000000        0.0000000000        0.0000000000
     2423.0000000000        0.0000000000        0.0000000000
     2424.0000000000        0.0000000000        0.0000000000
     2425.0000000000        0.0000000000        0.0000000000
     2426.0000000000        0.0000000000        0.0000000000
     2427.0000000000        0.0000000000        0.0000000000
     2428.0000000000        0.0000000000        0.0000000000
     2429.0000000000        0.0000000000        0.0000000000
     2430.0000000000        0.0000000000        0.0000000000
     2431.0000000000        0.0000000000        0.0000000000
     2432.0000000000        0.0000000000        0.0000000000
     2433.0000000000        0.0000000000        0.0000000000
     2434.0000000000        0.0000000000        0.0000000000
     2435.0000000000        0.0000000000        0.0000000000
     2436.0000000000        0.0000000000        0.0000000000
     2437.0000000000        0.0000000000        0.0000000000
     2438.0000000000        0.0000000000        0.0000000000
     2439.0000000000        0.0000000000        0.0000000000
     2440.0000000000        0.0000000000        0.0000000000
     2441.0000000000        0.0000000000        0.0000000000
     2442.0000000000        0.0000000000        0.0000000000
     2443.0000000000        0.0000000000        0.0000000000
     2444.0000000000        0.0000000000        0.0000000000
     2445.0000000000        0.0000000000        0.0000000000
     2446.0000000000        0.0000000000        0.0000000000
     2447.0000000000        0.0000000000        0.0000000000
     2448.0000000000        0.0000000000        0.0000000000
     2449.0000000000        0.0000000000        0.0000000000
     2450.0000000000        0.0000000000        0.0000000000
     2451.0000000000        0.0000000000        0.0000000000
     2452.0000000000        0.0000000000        0.0000000000
     2453.0000000000        0.0000000000        0.0000000000
     2454.0000000000        0.0000000000        0.0000000000
     2455.0000000000        0.0000000000        0.0000000000
     2456.0000000000        0.0000000000        0.0000000000
     2457.0000000000        0.0000000000        0.0000000000
     2458.0000000000        0.0000000000        0.0000000000
     2459.0000000000        0.0000000000        0.0000000000
     2460.0000000000        0.0000000000        0.0000000000
     2461.0000000000        0.0000000000        0.0000000000
     2462.0000000000        0.0000000000        0.0000000000
     2463.0000000000        0.0000000000        0.0000000000
     2464.0000000000        0.0000000000        0.0000000000
     2465.0000000000        0.0000000000        0.0000000000
     2466.0000000000        0.0000000000        0.0000000000
     2467.0000000000        0.0000000000        0.0000000000
     2468.0000000000        0.0000000000        0.0000000000
     2469.0000000000        0.0000000000        0.0000000000
     2470.0000000000        0.0000000000        0.0000000000
     2471.0000000000        0.0000000000        0.0000000000
     2472.0000000000        0.0000000000        0.0000000000
     2473.0000000000        0.0000000000        0.0000000000
     2474.0000000000        0.0000000000        0.0000000000
     2475.0000000000        0.0000000000        0.0000000000
     2476.0000000000        0.0000000000        0.0000000000
     2477.0000000000        0.0000000000        0.0000000000
     2478.0000000000        0.0000000000        0.0000000000
     2479.0000000000        0.0000000000        0.0000000000
     2480.0000000000        0.0000000000        0.0000000000
     2481.0000000000        0.0000000000        0.0000000000
     2482.0000000000        0.0000000000        0.0000000000
     2483.0000000000        0.0000000000        0.0000000000
     2484.0000000000        0.0000000000        0.0000000000
     2485.0000000000        0.0000000000        0.0000000000
     2486.0000000000        0.0000000000        0.0000000000
     2487.0000000000        0.0000000000        0.0000000000
     2488.0000000000        0.0000000000        0.0000000000
     2489.0000000000        0.0000000000        0.0000000000
     2490.0000000000        0.0000000000        0.0000000000
     2491.0000000000        0.0000000000        0.0000000000
     2492.0000000000        0.0000000000        0.0000000000
     2493.0000000000        0.0000000000        0.0000000000
     2494.0000000000        0.0000000000        0.0000000000
     2495.0000000000        0.0000000000        0.0000000000
     2496.0000000000        0.0000000000        0.0000000000
     2497.0000000000        0.0000000000        0.0000000000
     2498.0000000000        0.0000000000        0.0000000000
     2499.0000000000        0.0000000000        0.0000000000
     2500.0000000000        0.0000000000        0.0000000000
     2501.0000000000        0.0000000000        0.0000000000
     2502.0000000000        0.0000000000        0.0000000000
     2503.0000000000        0.0000000000        0.0000000000
     2504.0000000000        0.0000000000        0.0000000000
     2505.0000000000        0.0000000000        0.0000000000
     2506.0000000000        0.0000000000        0.0000000000
     2507.0000000000        0.0000000000        0.0000000000
     2508.0000000000        0.0000000000        0.0000000000
     2509.0000000000        0.0000000000        0.0000000000
     2510.0000000000        0.0000000000        0.0000000000
     2511.0000000000        0.0000000000        0.0000000000
     2512.0000000000        0.0000000000        0.0000000000
     2513.0000000000        0.0000000000        0.0000000000
     2514.0000000000        0.0000000000        0.0000000000
     2515.0000000000        0.0000000000        0.0000000000
     2516.0000000000        0.0000000000        0.0000000000
     2517.0000000000        0.0000000000        0.0000000000
     2518.0000000000        0.0000000000        0.0000000000
     2519.0000000000        0.0000000000        0.0000000000
     2520.0000000000        0.0000000000        0.0000000000
     2521.0000000000        0.0000000000        0.0000000000
     2522.0000000000        0.0000000000        0.0000000000
     2523.0000000000        0.0000000000        0.0000000000
     2524.0000000000        0.0000000000        0.0000000000
     2525.0000000000        0.0000000000        0.0000000000
     2526.0000000000        0.0000000000        0.0000000000
     2527.0000000000        0.0000000000        0.0000000000
     2528.0000000000        0.0000000000        0.0000000000
     2529.0000000000        0.0000000000        0.0000000000
     2530.0000000000        0.0000000000        0.0000000000
     2531.0000000000        0.0000000000        0.0000000000
     2532.0000000000        0.0000000000        0.0000000000
     2533.0000000000        0.0000000000        0.0000000000
     2534.0000000000        0.0000000000        0.0000000000
     2535.0000000000        0.0000000000        0.0000000000
     2536.0000000000        0.0000000000        0.0000000000
     2537.0000000000        0.0000000000        0.0000000000
     2538.0000000000        0.0000000000        0.0000000000
     2539.0000000000        0.0000000000        0.0000000000
     2540.0000000000        0.0000000000        0.0000000000
     2541.0000000000        0.0000000000        0.0000000000
     2542.0000000000        0.0000000000        0.0000000000
     2543.0000000000        0.0000000000        0.0000000000
     2544.0000000000        0.0000000000        0.0000000000
     2545.0000000000        0.0000000000        0.0000000000
     2546.0000000000        0.0000000000        0.0000000000
     2547.0000000000        0.0000000000        0.0000000000
     2548.0000000000        0.0000000000        0.0000000000
     2549.0000000000        0.0000000000        0.0000000000
     2550.0000000000        0.0000000000        0.0000000000
     2551.0000000000        0.0000000000        0.0000000000
     2552.0000000000        0.0000000000        0.0000000000
     2553.0000000000        0.0000000000        0.0000000000
     2554.0000000000        0.0000000000        0.0000000000
     2555.0000000000        0.0000000000        0.0000000000
     2556.0000000000        0.0000000000        0.0000000000
     2557.0000000000        0.0000000000        0.0000000000
     2558.0000000000        0.0000000000        0.0000000000
     2559.0000000000        0.0000000000        0.0000000000
     2560.0000000000        0.0000000000        0.0000000000
     2561.0000000000        0.0000000000        0.0000000000
     2562.0000000000        0.0000000000        0.0000000000
     2563.0000000000        0.0000000000        0.0000000000
     2564.0000000000        0.0000000000        0.0000000000
     2565.0000000000        0.0000000000        0.0000000000
     2566.0000000000        0.0000000000        0.0000000000
     2567.0000000000        0.0000000000        0.0000000000
     2568.0000000000        0.0000000000        0.0000000000
     2569.0000000000        0.0000000000        0.0000000000
     2570.0000000000        0.0000000000        0.0000000000
     2571.0000000000        0.0000000000        0.0000000000
     2572.0000000000        0.0000000000        0.0000000000
     2573.0000000000        0.0000000000        0.0000000000
     2574.0000000000        0.0000000000        0.0000000000
     2575.0000000000        0.0000000000        0.0000000000
     2576.0000000000        0.0000000000        0.0000000000
     2577.0000000000        0.0000000000        0.0000000000
     2578.0000000000        0.0000000000        0.0000000000
     2579.0000000000        0.0000000000        0.0000000000
     2580.0000000000        0.0000000000        0.0000000000
     2581.0000000000        0.0000000000        0.0000000000
     2582.0000000000        0.0000000000        0.0000000000
     2583.0000000000        0.0000000000        0.0000000000
     2584.0000000000        0.0000000000        0.0000000000
     2585.0000000000        0.0000000000        0.0000000000
     2586.0000000000        0.0000000000        0.0000000000
     2587.0000000000        0.0000000000        0.0000000000
     2588.0000000000        0.0000000000        0.0000000000
     2589.0000000000        0.0000000000        0.0000000000
     2590.0000000000        0.0000000000        0.0000000000
     2591.0000000000        0.0000000000        0.0000000000
     2592.0000000000        0.0000000000        0.0000000000
     2593.0000000000        0.0000000000        0.0000000000
     2594.0000000000        0.0000000000        0.0000000000
     2595.0000000000        0.0000000000        0.0000000000
     2596.0000000000        0.0000000000        0.0000000000
     2597.0000000000        0.0000000000        0.0000000000
     2598.0000000000        0.0000000000        0.0000000000
     2599.0000000000        0.0000000000        0.0000000000
     2600.0000000000        0.0000000000        0.0000000000
     2601.0000000000        0.0000000000        0.0000000000
     2602.0000000000        0.0000000000        0.0000000000
     2603.0000000000        0.0000000000        0.0000000000
     2604.0000000000        0.0000000000        0.0000000000
     2605.0000000000        0.0000000000        0.0000000000
     2606.0000000000        0.0000000000        0.0000000000
     2607.0000000000        0.0000000000        0.0000000000
     2608.0000000000        0.0000000000        0.0000000000
     2609.0000000000        0.0000000000        0.0000000000
     2610.0000000000        0.0000000000        0.0000000000
     2611.0000000000        0.0000000000        0.0000000000
     2612.0000000000        0.0000000000        0.0000000000
     2613.0000000000        0.0000000000        0.0000000000
     2614.0000000000        0.0000000000        0.0000000000
     2615.0000000000        0.0000000000        0.0000000000
     2616.0000000000        0.0000000000        0.0000000000
     2617.0000000000        0.0000000000        0.0000000000
     2618.0000000000        0.0000000000        0.0000000000
     2619.0000000000        0.0000000000        0.0000000000
     2620.0000000000        0.0000000000        0.0000000000
     2621.0000000000        0.0000000000        0.0000000000
     2622.0000000000        0.0000000000        0.0000000000
     2623.0000000000        0.0000000000        0.0000000000
     2624.0000000000        0.0000000000        0.0000000000
     2625.0000000000        0.0000000000        0.0000000000
     2626.0000000000        0.0000000000        0.0000000000
     2627.0000000000        0.0000000000        0.0000000000
     2628.0000000000        0.0000000000        0.0000000000
     2629.0000000000        0.0000000000        0.0000000000
     2630.0000000000        0.0000000000        0.0000000000
     2631.0000000000        0.0000000000        0.0000000000
     2632.0000000000        0.0000000000        0.0000000000
     2633.0000000000        0.0000000000        0.0000000000
     2634.0000000000        0.0000000000        0.0000000000
     2635.0000000000        0.0000000000        0.0000000000
     2636.0000000000        0.0000000000        0.0000000000
     2637.0000000000        0.0000000000        0.0000000000
     2638.0000000000        0.0000000000        0.0000000000
     2639.0000000000        0.0000000000        0.0000000000
     2640.0000000000        0.0000000000        0.0000000000
     2641.0000000000        0.0000000000        0.0000000000
     2642.0000000000        0.0000000000        0.0000000000
     2643.0000000000        0.0000000000        0.0000000000
     2644.0000000000        0.0000000000        0.0000000000
     2645.0000000000        0.0000000000        0.0000000000
     2646.0000000000        0.0000000000        0.0000000000
     2647.0000000000        0.0000000000        0.0000000000
     2648.0000000000        0.0000000000        0.0000000000
     2649.0000000000        0.0000000000        0.0000000000
     2650.0000000000        0.0000000000        0.0000000000
     2651.0000000000        0.0000000000        0.0000000000
     2652.0000000000        0.0000000000        0.0000000000
     2653.0000000000        0.0000000000        0.0000000000
     2654.0000000000        0.0000000000        0.0000000000
     2655.0000000000        0.0000000000        0.0000000000
     2656.0000000000        0.0000000000        0.0000000000
     2657.0000000000        0.0000000000        0.0000000000
     2658.0000000000        0.0000000000        0.0000000000
     2659.0000000000        0.0000000000        0.0000000000
     2660.0000000000        0.0000000000        0.0000000000
     2661.0000000000        0.0000000000        0.0000000000
     2662.0000000000        0.0000000000        0.0000000000
     2663.0000000000        0.0000000000        0.0000000000
     2664.0000000000        0.0000000000        0.0000000000
     2665.0000000000        0.0000000000        0.0000000000
     2666.0000000000        0.0000000000        0.0000000000
     2667.0000000000        0.0000000000        0.0000000000
     2668.0000000000        0.0000000000        0.0000000000
     2669.0000000000        0.0000000000        0.0000000000
     2670.0000000000        0.0000000000        0.0000000000
     2671.0000000000        0.0000000000        0.0000000000
     2672.0000000000        0.0000000000        0.0000000000
     2673.0000000000        0.0000000000        0.0000000000
     2674.0000000000        0.0000000000        0.0000000000
     2675.0000000000        0.0000000000        0.0000000000
     2676.0000000000        0.0000000000        0.0000000000
     2677.0000000000        0.0000000000        0.0000000000
     2678.0000000000        0.0000000000        0.0000000000
     2679.0000000000        0.0000000000        0.0000000000
     2680.0000000000        0.0000000000        0.0000000000
     2681.0000000000        0.0000000000        0.0000000000
     2682.0000000000        0.0000000000        0.0000000000
     2683.0000000000        0.0000000000        0.0000000000
     2684.0000000000        0.0000000000        0.0000000000
     2685.0000000000        0.0000000000        0.0000000000
     2686.0000000000        0.0000000000        0.0000000000
     2687.0000000000        0.0000000000        0.0000000000
     2688.0000000000        0.0000000000        0.0000000000
     2689.0000000000        0.0000000000        0.0000000000
     2690.0000000000        0.0000000000        0.0000000000
     2691.0000000000        0.0000000000        0.0000000000
     2692.0000000000        0.0000000000        0.0000000000
     2693.0000000000        0.0000000000        0.0000000000
     2694.0000000000        0.0000000000        0.0000000000
     2695.0000000000        0.0000000000        0.0000000000
     2696.0000000000        0.0000000000        0.0000000000
     2697.0000000000        0.0000000000        0.0000000000
     2698.0000000000        0.0000000000        0.0000000000
     2699.0000000000        0.0000000000        0.0000000000
     2700.0000000000        0.0000000000        0.0000000000
     2701.0000000000        0.0000000000        0.0000000000
     2702.0000000000        0.0000000000        0.0000000000
     2703.0000000000        0.0000000000        0.0000000000
     2704.0000000000        0.0000000000        0.0000000000
     2705.0000000000        0.0000000000        0.0000000000
     2706.0000000000        0.0000000000        0.0000000000
     2707.0000000000        0.0000000000        0.0000000000
     2708.0000000000        0.0000000000        0.0000000000
     2709.0000000000        0.0000000000        0.0000000000
     2710.0000000000        0.0000000000        0.0000000000
     2711.0000000000        0.0000000000        0.0000000000
     2712.0000000000        0.0000000000        0.0000000000
     2713.0000000000        0.0000000000        0.0000000000
     2714.0000000000        0.0000000000        0.0000000000
     2715.0000000000        0.0000000000        0.0000000000
     2716.0000000000        0.0000000000        0.0000000000
     2717.0000000000        0.0000000000        0.0000000000
     2718.0000000000        0.0000000000        0.0000000000
     2719.0000000000        0.0000000000        0.0000000000
     2720.0000000000        0.0000000000        0.0000000000
     2721.0000000000        0.0000000000        0.0000000000
     2722.0000000000        0.0000000000        0.0000000000
     2723.0000000000        0.0000000000        0.0000000000
     2724.0000000000        0.0000000000        0.0000000000
     2725.0000000000        0.0000000000        0.0000000000
     2726.0000000000        0.0000000000        0.0000000000
     2727.0000000000        0.0000000000        0.0000000000
     2728.0000000000        0.0000000000        0.0000000000
     2729.0000000000        0.0000000000        0.0000000000
     2730.0000000000        0.0000000000        0.0000000000
     2731.0000000000        0.0000000000        0.0000000000
     2732.0000000000        0.0000000000        0.0000000000
     2733.0000000000        0.0000000000        0.0000000000
     2734.0000000000        0.0000000000        0.0000000000
     2735.0000000000        0.0000000000        0.0000000000
     2736.0000000000        0.0000000000        0.0000000000
     2737.0000000000        0.0000000000        0.0000000000
     2738.0000000000        0.0000000000        0.0000000000
     2739.0000000000        0.0000000000        0.0000000000
     2740.0000000000        0.0000000000        0.0000000000
     2741.0000000000        0.0000000000        0.0000000000
     2742.0000000000        0.0000000000        0.0000000000
     2743.0000000000        0.0000000000        0.0000000000
     2744.0000000000        0.0000000000        0.0000000000
     2745.0000000000        0.0000000000        0.0000000000
     2746.0000000000        0.0000000000        0.0000000000
     2747.0000000000        0.0000000000        0.0000000000
     2748.0000000000        0.0000000000        0.0000000000
     2749.0000000000        0.0000000000        0.0000000000
     2750.0000000000        0.0000000000        0.0000000000
     2751.0000000000        0.0000000000        0.0000000000
     2752.0000000000        0.0000000000        0.0000000000
     2753.0000000000        0.0000000000        0.0000000000
     2754.0000000000        0.0000000000        0.0000000000
     2755.0000000000        0.0000000000        0.0000000000
     2756.0000000000        0.0000000000        0.0000000000
     2757.0000000000        0.0000000000        0.0000000000
     2758.0000000000        0.0000000000        0.0000000000
     2759.0000000000        0.0000000000        0.0000000000
     2760.0000000000        0.0000000000        0.0000000000
     2761.0000000000        0.0000000000        0.0000000000
     2762.0000000000        0.0000000000        0.0000000000
     2763.0000000000        0.0000000000        0.0000000000
     2764.0000000000        0.0000000000        0.0000000000
     2765.0000000000        0.0000000000        0.0000000000
     2766.0000000000        0.0000000000        0.0000000000
     2767.0000000000        0.0000000000        0.0000000000
     2768.0000000000        0.0000000000        0.0000000000
     2769.0000000000        0.0000000000        0.0000000000
     2770.0000000000        0.0000000000        0.0000000000
     2771.0000000000        0.0000000000        0.0000000000
     2772.0000000000        0.0000000000        0.0000000000
     2773.0000000000        0.0000000000        0.0000000000
     2774.0000000000        0.0000000000        0.0000000000
     2775.0000000000        0.0000000000        0.0000000000
     2776.0000000000        0.0000000000        0.0000000000
     2777.0000000000        0.0000000000        0.0000000000
     2778.0000000000        0.0000000000        0.0000000000
     2779.0000000000        0.0000000000        0.0000000000
     2780.0000000000        0.0000000000        0.0000000000
     2781.0000000000        0.0000000000        0.0000000000
     2782.0000000000        0.0000000000        0.0000000000
     2783.0000000000        0.0000000000        0.0000000000
     2784.0000000000        0.0000000000        0.0000000000
     2785.0000000000        0.0000000000        0.0000000000
     2786.0000000000        0.0000000000        0.0000000000
     2787.0000000000        0.0000000000        0.0000000000
     2788.0000000000        0.0000000000        0.0000000000
     2789.0000000000        0.0000000000        0.0000000000
     2790.0000000000        0.0000000000        0.0000000000
     2791.0000000000        0.0000000000        0.0000000000
     2792.0000000000        0.0000000000        0.0000000000
     2793.0000000000        0.0000000000        0.0000000000
     2794.0000000000        0.0000000000        0.0000000000
     2795.0000000000        0.0000000000        0.0000000000
     2796.0000000000        0.0000000000        0.0000000000
     2797.0000000000        0.0000000000        0.0000000000
     2798.0000000000        0.0000000000        0.0000000000
     2799.0000000000        0.0000000000        0.0000000000
     2800.0000000000        0.0000000000        0.0000000000
     2801.0000000000        0.0000000000        0.0000000000
     2802.0000000000        0.0000000000        0.0000000000
     2803.0000000000        0.0000000000        0.0000000000
     2804.0000000000        0.0000000000        0.0000000000
     2805.0000000000        0.0000000000        0.0000000000
     2806.0000000000        0.0000000000        0.0000000000
     2807.0000000000        0.0000000000        0.0000000000
     2808.0000000000        0.0000000000        0.0000000000
     2809.0000000000        0.0000000000        0.0000000000
     2810.0000000000        0.0000000000        0.0000000000
     2811.0000000000        0.0000000000        0.0000000000
     2812.0000000000        0.0000000000        0.0000000000
     2813.0000000000        0.0000000000        0.0000000000
     2814.0000000000        0.0000000000        0.0000000000
     2815.0000000000        0.0000000000        0.0000000000
     2816.0000000000        0.0000000000        0.0000000000
     2817.0000000000        0.0000000000        0.0000000000
     2818.0000000000        0.0000000000        0.0000000000
     2819.0000000000        0.0000000000        0.0000000000
     2820.0000000000        0.0000000000        0.0000000000
     2821.0000000000        0.0000000000        0.0000000000
     2822.0000000000        0.0000000000        0.0000000000
     2823.0000000000        0.0000000000        0.0000000000
     2824.0000000000        0.0000000000        0.0000000000
     2825.0000000000        0.0000000000        0.0000000000
     2826.0000000000        0.0000000000        0.0000000000
     2827.0000000000        0.0000000000        0.0000000000
     2828.0000000000        0.0000000000        0.0000000000
     2829.0000000000        0.0000000000        0.0000000000
     2830.0000000000        0.0000000000        0.0000000000
     2831.0000000000        0.0000000000        0.0000000000
     2832.0000000000        0.0000000000        0.0000000000
     2833.0000000000        0.0000000000        0.0000000000
     2834.0000000000        0.0000000000        0.0000000000
     2835.0000000000        0.0000000000        0.0000000000
     2836.0000000000        0.0000000000        0.0000000000
     2837.0000000000        0.0000000000        0.0000000000
     2838.0000000000        0.0000000000        0.0000000000
     2839.0000000000        0.0000000000        0.0000000000
     2840.0000000000        0.0000000000        0.0000000000
     2841.0000000000        0.0000000000        0.0000000000
     2842.0000000000        0.0000000000        0.0000000000
     2843.0000000000        0.0000000000        0.0000000000
     2844.0000000000        0.0000000000        0.0000000000
     2845.0000000000        0.0000000000        0.0000000000
     2846.0000000000        0.0000000000        0.0000000000
     2847.0000000000        0.0000000000        0.0000000000
     2848.0000000000        0.0000000000        0.0000000000
     2849.0000000000        0.0000000000        0.0000000000
     2850.0000000000        0.0000000000        0.0000000000
     2851.0000000000        0.0000000000        0.0000000000
     2852.0000000000        0.0000000000        0.0000000000
     2853.0000000000        0.0000000000        0.0000000000
     2854.0000000000        0.0000000000        0.0000000000
     2855.0000000000        0.0000000000        0.0000000000
     2856.0000000000        0.0000000000        0.0000000000
     2857.0000000000        0.0000000000        0.0000000000
     2858.0000000000        0.0000000000        0.0000000000
     2859.0000000000        0.0000000000        0.0000000000
     2860.0000000000        0.0000000000        0.0000000000
     2861.0000000000        0.0000000000        0.0000000000
     2862.0000000000        0.0000000000        0.0000000000
     2863.0000000000        0.0000000000        0.0000000000
     2864.0000000000        0.0000000000        0.0000000000
     2865.0000000000        0.0000000000        0.0000000000
     2866.0000000000        0.0000000000        0.0000000000
     2867.0000000000        0.0000000000        0.0000000000
     2868.0000000000        0.0000000000        0.0000000000
     2869.0000000000        0.0000000000        0.0000000000
     2870.0000000000        0.0000000000        0.0000000000
     2871.0000000000        0.0000000000        0.0000000000
     2872.0000000000        0.0000000000        0.0000000000
     2873.0000000000        0.0000000000        0.0000000000
     2874.0000000000        0.0000000000        0.0000000000
     2875.0000000000        0.0000000000        0.0000000000
     2876.0000000000        0.0000000000        0.0000000000
     2877.0000000000        0.0000000000        0.0000000000
     2878.0000000000        0.0000000000        0.0000000000
     2879.0000000000        0.0000000000        0.0000000000
     2880.0000000000        0.0000000000        0.0000000000
     2881.0000000000        0.0000000000        0.0000000000
     2882.0000000000        0.0000000000        0.0000000000
     2883.0000000000        0.0000000000        0.0000000000
     2884.0000000000        0.0000000000        0.0000000000
     2885.0000000000        0.0000000000        0.0000000000
     2886.0000000000        0.0000000000        0.0000000000
     2887.0000000000        0.0000000000        0.0000000000
     2888.0000000000        0.0000000000        0.0000000000
     2889.0000000000        0.0000000000        0.0000000000
     2890.0000000000        0.0000000000        0.0000000000
     2891.0000000000        0.0000000000        0.0000000000
     2892.0000000000        0.0000000000        0.0000000000
     2893.0000000000        0.0000000000        0.0000000000
     2894.0000000000        0.0000000000        0.0000000000
     2895.0000000000        0.0000000000        0.0000000000
     2896.0000000000        0.0000000000        0.0000000000
     2897.0000000000        0.0000000000        0.0000000000
     2898.0000000000        0.0000000000        0.0000000000
     2899.0000000000        0.0000000000        0.0000000000
     2900.0000000000        0.0000000000        0.0000000000
     2901.0000000000        0.0000000000        0.0000000000
     2902.0000000000        0.0000000000        0.0000000000
     2903.0000000000        0.0000000000        0.0000000000
     2904.0000000000        0.0000000000        0.0000000000
     2905.0000000000        0.0000000000        0.0000000000
     2906.0000000000        0.0000000000        0.0000000000
     2907.0000000000        0.0000000000        0.0000000000
     2908.0000000000        0.0000000000        0.0000000000
     2909.0000000000        0.0000000000        0.0000000000
     2910.0000000000        0.0000000000        0.0000000000
     2911.0000000000        0.0000000000        0.0000000000
     2912.0000000000        0.0000000000        0.0000000000
     2913.0000000000        0.0000000000        0.0000000000
     2914.0000000000        0.0000000000        0.0000000000
     2915.0000000000        0.0000000000        0.0000000000
     2916.0000000000        0.0000000000        0.0000000000
     2917.0000000000        0.0000000000        0.0000000000
     2918.0000000000        0.0000000000        0.0000000000
     2919.0000000000        0.0000000000        0.0000000000
     2920.0000000000        0.0000000000        0.0000000000
     2921.0000000000        0.0000000000        0.0000000000
     2922.0000000000        0.0000000000        0.0000000000
     2923.0000000000        0.0000000000        0.0000000000
     2924.0000000000        0.0000000000        0.0000000000
     2925.0000000000        0.0000000000        0.0000000000
     2926.0000000000        0.0000000000        0.0000000000
     2927.0000000000        0.0000000000        0.0000000000
     2928.0000000000        0.0000000000        0.0000000000
     2929.0000000000        0.0000000000        0.0000000000
     2930.0000000000        0.0000000000        0.0000000000
     2931.0000000000        0.0000000000        0.0000000000
     2932.0000000000        0.0000000000        0.0000000000
     2933.0000000000        0.0000000000        0.0000000000
     2934.0000000000        0.0000000000        0.0000000000
     2935.0000000000        0.0000000000        0.0000000000
     2936.0000000000        0.0000000000        0.0000000000
     2937.0000000000        0.0000000000        0.0000000000
     2938.0000000000        0.0000000000        0.0000000000
     2939.0000000000        0.0000000000        0.0000000000
     2940.0000000000        0.0000000000        0.0000000000
     2941.0000000000        0.0000000000        0.0000000000
     2942.0000000000        0.0000000000        0.0000000000
     2943.0000000000        0.0000000000        0.0000000000
     2944.0000000000        0.0000000000        0.0000000000
     2945.0000000000        0.0000000000        0.0000000000
     2946.0000000000        0.0000000000        0.0000000000
     2947.0000000000        0.0000000000        0.0000000000
     2948.0000000000        0.0000000000        0.0000000000
     2949.0000000000        0.0000000000        0.0000000000
     2950.0000000000        0.0000000000        0.0000000000
     2951.0000000000        0.0000000000        0.0000000000
     2952.0000000000        0.0000000000        0.0000000000
     2953.0000000000        0.0000000000        0.0000000000
     2954.0000000000        0.0000000000        0.0000000000
     2955.0000000000        0.0000000000        0.0000000000
     2956.0000000000        0.0000000000        0.0000000000
     2957.0000000000        0.0000000000        0.0000000000
     2958.0000000000        0.0000000000        0.0000000000
     2959.0000000000        0.0000000000        0.0000000000
     2960.0000000000        0.0000000000        0.0000000000
     2961.0000000000        0.0000000000        0.0000000000
     2962.0000000000        0.0000000000        0.0000000000
     2963.0000000000        0.0000000000        0.0000000000
     2964.0000000000        0.0000000000        0.0000000000
     2965.0000000000        0.0000000000        0.0000000000
     2966.0000000000        0.0000000000        0.0000000000
     2967.0000000000        0.0000000000        0.0000000000
     2968.0000000000        0.0000000000        0.0000000000
     2969.0000000000        0.0000000000        0.0000000000
     2970.0000000000        0.0000000000        0.0000000000
     2971.0000000000        0.0000000000        0.0000000000
     2972.0000000000        0.0000000000        0.0000000000
     2973.0000000000        0.0000000000        0.0000000000
     2974.0000000000        0.0000000000        0.0000000000
     2975.0000000000        0.0000000000        0.0000000000
     2976.0000000000        0.0000000000        0.0000000000
     2977.0000000000        0.0000000000        0.0000000000
     2978.0000000000        0.0000000000        0.0000000000
     2979.0000000000        0.0000000000        0.0000000000
     2980.0000000000        0.0000000000        0.0000000000
     2981.0000000000        0.0000000000        0.0000000000
     2982.0000000000        0.0000000000        0.0000000000
     2983.0000000000        0.0000000000        0.0000000000
     2984.0000000000        0.0000000000        0.0000000000
     2985.0000000000        0.0000000000        0.0000000000
     2986.0000000000        0.0000000000        0.0000000000
     2987.0000000000        0.0000000000        0.0000000000
     2988.0000000000        0.0000000000        0.0000000000
     2989.0000000000        0.0000000000        0.0000000000
     2990.0000000000        0.0000000000        0.0000000000
     2991.0000000000        0.0000000000        0.0000000000
     2992.0000000000        0.0000000000        0.0000000000
     2993.0000000000        0.0000000000        0.0000000000
     2994.0000000000        0.0000000000        0.0000000000
     2995.0000000000        0.0000000000        0.0000000000
     2996.0000000000        0.0000000000        0.0000000000
     2997.0000000000        0.0000000000        0.0000000000
     2998.0000000000        0.0000000000        0.0000000000
     2999.0000000000        0.0000000000        0.0000000000
     3000.0000000000        0.0000000000        0.0000000000
     3001.0000000000        0.0000000000        0.0000000000
     3002.0000000000        0.0000000000        0.0000000000
     3003.0000000000        0.0000000000        0.0000000000
     3004.0000000000        0.0000000000        0.0000000000
     3005.0000000000        0.0000000000        0.0000000000
     3006.0000000000        0.0000000000        0.0000000000
     3007.0000000000        0.0000000000        0.0000000000
     3008.0000000000        0.0000000000        0.0000000000
     3009.0000000000        0.0000000000        0.0000000000
     3010.0000000000        0.0000000000        0.0000000000
     3011.0000000000        0.0000000000        0.0000000000
     3012.0000000000        0.0000000000        0.0000000000
     3013.0000000000        0.0000000000        0.0000000000
     3014.0000000000        0.0000000000        0.0000000000
     3015.0000000000        0.0000000000        0.0000000000
     3016.0000000000        0.0000000000        0.0000000000
     3017.0000000000        0.0000000000        0.0000000000
     3018.0000000000        0.0000000000        0.0000000000
     3019.0000000000        0.0000000000        0.0000000000
     3020.0000000000        0.0000000000        0.0000000000
     3021.0000000000        0.0000000000        0.0000000000
     3022.0000000000        0.0000000000        0.0000000000
     3023.0000000000        0.0000000000        0.0000000000
     3024.0000000000        0.0000000000        0.0000000000
     3025.0000000000        0.0000000000        0.0000000000
     3026.0000000000        0.0000000000        0.0000000000
     3027.0000000000        0.0000000000        0.0000000000
     3028.0000000000        0.0000000000        0.0000000000
     3029.0000000000        0.0000000000        0.0000000000
     3030.0000000000        0.0000000000        0.0000000000
     3031.0000000000        0.0000000000        0.0000000000
     3032.0000000000        0.0000000000        0.0000000000
     3033.0000000000        0.0000000000        0.0000000000
     3034.0000000000        0.0000000000        0.0000000000
     3035.0000000000        0.0000000000        0.0000000000
     3036.0000000000        0.0000000000        0.0000000000
     3037.0000000000        0.0000000000        0.0000000000
     3038.0000000000        0.0000000000        0.0000000000
     3039.0000000000        0.0000000000        0.0000000000
     3040.0000000000        0.0000000000        0.0000000000
     3041.0000000000        0.0000000000        0.0000000000
     3042.0000000000        0.0000000000        0.0000000000
     3043.0000000000        0.0000000000        0.0000000000
     3044.0000000000        0.0000000000        0.0000000000
     3045.0000000000        0.0000000000        0.0000000000
     3046.0000000000        0.0000000000        0.0000000000
     3047.0000000000        0.0000000000        0.0000000000
     3048.0000000000        0.0000000000        0.0000000000
     3049.0000000000        0.0000000000        0.0000000000
     3050.0000000000        0.0000000000        0.0000000000
     3051.0000000000        0.0000000000        0.0000000000
     3052.0000000000        0.0000000000        0.0000000000
     3053.0000000000        0.0000000000        0.0000000000
     3054.0000000000        0.0000000000        0.0000000000
     3055.0000000000        0.0000000000        0.0000000000
     3056.0000000000        0.0000000000        0.0000000000
     3057.0000000000        0.0000000000        0.0000000000
     3058.0000000000        0.0000000000        0.0000000000
     3059.0000000000        0.0000000000        0.0000000000
     3060.0000000000        0.0000000000        0.0000000000
     3061.0000000000        0.0000000000        0.0000000000
     3062.0000000000        0.0000000000        0.0000000000
     3063.0000000000        0.0000000000        0.0000000000
     3064.0000000000        0.0000000000        0.0000000000
     3065.0000000000        0.0021464963        0.0000268738
     3066.0000000000        0.0021736246        0.0000273848
     3067.0000000000        0.0022012703        0.0000279088
     3068.0000000000        0.0022294467        0.0000284462
     3069.0000000000        0.0022581674        0.0000289976
     3070.0000000000        0.0022874466        0.0000295632
     3071.0000000000        0.0023172988        0.0000301437
     3072.0000000000        0.0023477391        0.0000307395
     3073.0000000000        0.0023787831        0.0000313511
     3074.0000000000        0.0024104467        0.0000319789
     3075.0000000000        0.0024427466        0.0000326237
     3076.0000000000        0.0024756999        0.0000332859
     3077.0000000000        0.0025093244        0.0000339662
     3078.0000000000        0.0025436385        0.0000346651
     3079.0000000000        0.0025786611        0.0000353833
     3080.0000000000        0.0026144118        0.0000361215
     3081.0000000000        0.0026509110        0.0000368804
     3082.0000000000        0.0026881797        0.0000376606
     3083.0000000000        0.0027262396        0.0000384631
     3084.0000000000        0.0027651134        0.0000392884
     3085.0000000000        0.0028048244        0.0000401376
     3086.0000000000        0.0028453968        0.0000410114
     3087.0000000000        0.0028868557        0.0000419107
     3088.0000000000        0.0029292271        0.0000428365
     3089.0000000000        0.0029725380        0.0000437898
     3090.0000000000        0.0030168163        0.0000447716
     3091.0000000000        0.0030620910        0.0000457829
     3092.0000000000        0.0031083924        0.0000468249
     3093.0000000000        0.0031557515        0.0000478988
     3094.0000000000        0.0032042010        0.0000490058
     3095.0000000000        0.0032537745        0.0000501471
     3096.0000000000        0.0033045070        0.0000513241
     3097.0000000000        0.0033564350        0.0000525382
     3098.0000000000        0.0034095963        0.0000537909
     3099.0000000000        0.0034640302        0.0000550837
     3100.0000000000        0.0035197776        0.0000564183
     3101.0000000000        0.0035768813        0.0000577964
     3102.0000000000        0.0036353855        0.0000592196
     3103.0000000000        0.0036953363        0.0000606900
     3104.0000000000        0.0037567818        0.0000622094
     3105.0000000000        0.0038197722        0.0000637800
     3106.0000000000        0.0038843596        0.0000654039
     3107.0000000000        0.0039505984        0.0000670833
     3108.0000000000        0.0040185455        0.0000688207
     3109.0000000000        0.0040882599        0.0000706186
     3110.0000000000        0.0041598037        0.0000724796
     3111.0000000000        0.0042332412        0.0000744066
     3112.0000000000        0.0043086399        0.0000764025
     3113.0000000000        0.0043860702        0.0000784704
     3114.0000000000        0.0044656057        0.0000806135
     3115.0000000000        0.0045473234        0.0000828354
     3116.0000000000        0.0046313039        0.0000851396
     3117.0000000000        0.0047176314        0.0000875301
     3118.0000000000        0.0048063941        0.0000900108
     3119.0000000000        0.0048976845        0.0000925861
     3120.0000000000        0.0049915995        0.0000952606
     3121.0000000000        0.0050882404        0.0000980391
     3122.0000000000        0.0051877139        0.0001009265
     3123.0000000000        0.0052901317        0.0001039285
     3124.0000000000        0.0053956109        0.0001070506
     3125.0000000000        0.0055042749        0.0001102990
     3126.0000000000        0.0056162531        0.0001136800
     3127.0000000000        0.0057316815        0.0001172006
     3128.0000000000        0.0058507032        0.0001208680
     3129.0000000000        0.0059734690        0.0001246899
     3130.0000000000        0.0061001373        0.0001286746
     3131.0000000000        0.0062308753        0.0001328308
     3132.0000000000        0.0063658591        0.0001371677
     3133.0000000000        0.0065052744        0.0001416955
     3134.0000000000        0.0066493172        0.0001464246
     3135.0000000000        0.0067981944        0.0001513664
     3136.0000000000        0.0069521248        0.0001565329
     3137.0000000000        0.0071113394        0.0001619370
     3138.0000000000        0.0072760827        0.0001675927
     3139.0000000000        0.0074466135        0.0001735146
     3140.0000000000        0.0076232058        0.0001797186
     3141.0000000000        0.0078061503        0.0001862217
     3142.0000000000        0.0079957549        0.0001930421
     3143.0000000000        0.0081923468        0.0002001994
     3144.0000000000        0.0083962731        0.0002077147
     3145.0000000000        0.0086079029        0.0002156105
     3146.0000000000        0.0088276290        0.0002239113
     3147.0000000000        0.0090558692        0.0002326433
     3148.0000000000        0.0092930688        0.0002418349
     3149.0000000000        0.0095397024        0.0002515167
     3150.0000000000        0.0097962766        0.0002617217
     3151.0000000000        0.0100633322        0.0002724858
     3152.0000000000        0.0103414475        0.0002838478
     3153.0000000000        0.0106312410        0.0002958496
     3154.0000000000        0.0109333752        0.0003085370
     3155.0000000000        0.0112485600        0.0003219594
     3156.0000000000        0.0115775571        0.0003361710
     3157.0000000000        0.0119211845        0.0003512304
     3158.0000000000        0.0122803217        0.0003672017
     3159.0000000000        0.0126559151        0.0003841550
     3160.0000000000        0.0130489844        0.0004021668
     3161.0000000000        0.0134606293        0.0004213208
     3162.0000000000        0.0138920373        0.0004417090
     3163.0000000000        0.0143444923        0.0004634323
     3164.0000000000        0.0148193838        0.0004866016
     3165.0000000000        0.0163759673        0.0005246192
     3166.0000000000        0.0169137848        0.0005513126
     3167.0000000000        0.0174792117        0.0005798642
     3168.0000000000        0.0180741872        0.0006104388
     3169.0000000000        0.0187008243        0.0006432192
     3170.0000000000        0.0193614282        0.0006784083
     3171.0000000000        0.0200585188        0.0007162320
     3172.0000000000        0.0207948538        0.0007569417
     3173.0000000000        0.0215734574        0.0008008184
     3174.0000000000        0.0223976507        0.0008481766
     3175.0000000000        0.0232710882        0.0008993688
     3176.0000000000        0.0241977979        0.0009547912
     3177.0000000000        0.0251822288        0.0010148902
     3178.0000000000        0.0262293044        0.0010801697
     3179.0000000000        0.0273444843        0.0011512001
     3180.0000000000        0.0285338363        0.0012286288
     3181.0000000000        0.0298041190        0.0013131923
     3182.0000000000        0.0311628780        0.0014057312
     3183.0000000000        0.0326185588        0.0015072073
     3184.0000000000        0.0341806378        0.0016187246
     3185.0000000000        0.0358597766        0.0017415544
     3186.0000000000        0.0376680045        0.0018771657
     3187.0000000000        0.0396189330        0.0020272613
     3188.0000000000        0.0417280120        0.0021938228
     3189.0000000000        0.0440128343        0.0023791647
     3190.0000000000        0.0464935011        0.0025860016
     3191.0000000000        0.0491930616        0.0028175303
     3192.0000000000        0.0521380449        0.0030775324
     3193.0000000000        0.0553591062        0.0033705027
     3194.0000000000        0.0588918172        0.0037018094
     3195.0000000000        0.0627776374        0.0040778976
     3196.0000000000        0.0670651147        0.0045065480
     3197.0000000000        0.0718113805        0.0049972089
     3198.0000000000        0.0770840213        0.0055614238
     3199.0000000000        0.0829634411        0.0062133894
     3200.0000000000        0.0895458628        0.0069706869
     3201.0000000000        0.0969471747        0.0078552504
     3202.0000000000        0.1053078981        0.0088946612
     3203.0000000000        0.1147996635        0.0101238934
     3204.0000000000        0.1256337307        0.0115876932
     3205.0000000000        0.1380723117        0.0133438584
     3206.0000000000        0.1524437778        0.0154678058
     3207.0000000000        0.1691633123        0.0180590129
     3208.0000000000        0.1887612906        0.0212502084
     3209.0000000000        0.2119227568        0.0252206491
     3210.0000000000        0.2395430369        0.0302155343
     3211.0000000000        0.2728070907        0.0365747166
     3212.0000000000        0.3133041610        0.0447755775
     3213.0000000000        0.3631953227        0.0554974402
     3214.0000000000        0.4254605280        0.0697182356
     3215.0000000000        0.5042641619        0.0888573218
     3216.0000000000        0.6054919881        0.1149766296
     3217.0000000000        0.7375157847        0.1510282479
     3218.0000000000        0.9121894483        0.2010331077
     3219.0000000000        1.1458217673        0.2697219611
     3220.0000000000        1.4589680136        0.3601307313
     3221.0000000000        1.8713050979        0.4652463484
     3222.0000000000        2.3825567047        0.5476158636
     3223.0000000000        2.9285724994        0.5148665508
     3224.0000000000        3.3370815080        0.2624242918
     3225.0000000000        3.3974739963       -0.1490370579
     3226.0000000000        3.0723613805       -0.4660891132
     3227.0000000000        2.5440209651       -0.5553466594
     3228.0000000000        2.0117642463       -0.4944688117
     3229.0000000000        1.5688739119       -0.3900136808
     3230.0000000000        1.2285857075       -0.2937504384
     3231.0000000000        0.9741176464       -0.2188288145
     3232.0000000000        0.7842502196       -0.1638605182
     3233.0000000000        0.6413012338       -0.1241990462
     3234.0000000000        0.5322001670       -0.0955312420
     3235.0000000000        0.4476700975       -0.0746017448
     3236.0000000000        0.3811902162       -0.0591151755
     3237.0000000000        0.3281586312       -0.0474881609
     3238.0000000000        0.2852942151       -0.0386311447
     3239.0000000000        0.2502270442       -0.0317894219
     3240.0000000000        0.2212214363       -0.0264345327
     3241.0000000000        0.1969884412       -0.0221917085
     3242.0000000000        0.1765579108       -0.0187916084
     3243.0000000000        0.1591902657       -0.0160380724
     3244.0000000000        0.1443148848       -0.0137863835
     3245.0000000000        0.1314865356       -0.0119284524
     3246.0000000000        0.1203541659       -0.0103825980
     3247.0000000000        0.1106382733       -0.0090864114
     3248.0000000000        0.1021142976       -0.0079917117
     3249.0000000000        0.0946002957       -0.0070609388
     3250.0000000000        0.0879476947       -0.0062645429
     3251.0000000000        0.0820342853       -0.0055790756
     3252.0000000000        0.0767588599       -0.0049857793
     3253.0000000000        0.0720370744       -0.0044695339
     3254.0000000000        0.0677982252       -0.0040180634
     3255.0000000000        0.0639827205       -0.0036213331
     3256.0000000000        0.0605400800       -0.0032710869
     3257.0000000000        0.0574273428       -0.0029604903
     3258.0000000000        0.0546077904       -0.0026838518
     3259.0000000000        0.0520499169       -0.0024364052
     3260.0000000000        0.0497265941       -0.0022141367
     3261.0000000000        0.0476143891       -0.0020136482
     3262.0000000000        0.0456930064       -0.0018320473
     3263.0000000000        0.0439448274       -0.0016668592
     3264.0000000000        0.0423545299       -0.0015159551
     3265.0000000000        0.0409087723       -0.0013774936
     3266.0000000000        0.0395959312       -0.0012498731
     3267.0000000000        0.0384058815       -0.0011316921
     3268.0000000000        0.0373298135       -0.0010217164
     3269.0000000000        0.0363600797       -0.0009188517
     3270.0000000000        0.0354900668       -0.0008221201
     3271.0000000000        0.0347140895       -0.0007306409
     3272.0000000000        0.0340273021       -0.0006436128
     3273.0000000000        0.0334256262       -0.0005602998
     3274.0000000000        0.0329056925       -0.0004800179
     3275.0000000000        0.0324647949       -0.0004021231
     3276.0000000000        0.0321008555       -0.0003260010
     3277.0000000000        0.0318124005       -0.0002510564
     3278.0000000000        0.0315985455       -0.0001767035
     3279.0000000000        0.0314589913       -0.0001023569
     3280.0000000000        0.0313940279       -0.0000274210
     3281.0000000000        0.0314045504        0.0000487195
     3282.0000000000        0.0314920834        0.0001267110
     3283.0000000000        0.0316588186        0.0002072429
     3284.0000000000        0.0319076637        0.0002910607
     3285.0000000000        0.0322423069        0.0003789821
     3286.0000000000        0.0326672971        0.0004719146
     3287.0000000000        0.0331881443        0.0005708763
     3288.0000000000        0.0338114426        0.0006770221
     3289.0000000000        0.0345450214        0.0007916732
     3290.0000000000        0.0353981297        0.0009163547
     3291.0000000000        0.0363816623        0.0010528410
     3292.0000000000        0.0375084358        0.0012032121
     3293.0000000000        0.0387935282        0.0013699237
     3294.0000000000        0.0402546970        0.0015558955
     3295.0000000000        0.0419128965        0.0017646226
     3296.0000000000        0.0437929216        0.0020003177
     3297.0000000000        0.0459242130        0.0022680937
     3298.0000000000        0.0483418701        0.0025742004
     3299.0000000000        0.0510879353        0.0029263327
     3300.0000000000        0.0542130334        0.0033340379
     3301.0000000000        0.0577784810        0.0038092556
     3302.0000000000        0.0618590226        0.0043670425
     3303.0000000000        0.0665464148        0.0050265554
     3304.0000000000        0.0719541623        0.0058123958
     3305.0000000000        0.0782238434        0.0067564734
     3306.0000000000        0.0855336478        0.0079006147
     3307.0000000000        0.0941100342        0.0093002618
     3308.0000000000        0.1042438367        0.0110297787
     3309.0000000000        0.1163127982        0.0131901595
     3310.0000000000        0.1308134970        0.0159203581
     3311.0000000000        0.1484071638        0.0194141228
     3312.0000000000        0.1699862337        0.0239452185
     3313.0000000000        0.1967720394        0.0299053459
     3314.0000000000        0.2304592174        0.0378607901
     3315.0000000000        0.2734290792        0.0486348081
     3316.0000000000        0.3290599705        0.0634187381
     3317.0000000000        0.4021565712        0.0838910636
     3318.0000000000        0.4994634712        0.1122338256
     3319.0000000000        0.6299999638        0.1506486810
     3320.0000000000        0.8042244271        0.1992001074
     3321.0000000000        1.0291816299        0.2493901514
     3322.0000000000        1.2940371592        0.2715990199
     3323.0000000000        1.5445986079        0.2110478824
     3324.0000000000        1.6780157778        0.0407248089
     3325.0000000000        1.6167808905       -0.1557962454
     3326.0000000000        1.3983922054       -0.2611655222
     3327.0000000000        1.1292662943       -0.2642753815
     3328.0000000000        0.8853952777       -0.2198915712
     3329.0000000000        0.6913949985       -0.1688502374
     3330.0000000000        0.5447611423       -0.1262111916
     3331.0000000000        0.4354109083       -0.0941477154
     3332.0000000000        0.3535320186       -0.0708768296
     3333.0000000000        0.2914988983       -0.0540974573
     3334.0000000000        0.2438083598       -0.0419221759
     3335.0000000000        0.2065809619       -0.0329815390
     3336.0000000000        0.1770879211       -0.0263227746
     3337.0000000000        0.1533954986       -0.0212904188
     3338.0000000000        0.1341171266       -0.0174324325
     3339.0000000000        0.1182450371       -0.0144342798
     3340.0000000000        0.1050364737       -0.0120744844
     3341.0000000000        0.0939364287       -0.0101950418
     3342.0000000000        0.0845246862       -0.0086817128
     3343.0000000000        0.0764790977       -0.0074508090
     3344.0000000000        0.0695497921       -0.0064402420
     3345.0000000000        0.0635408314       -0.0056033908
     3346.0000000000        0.0582969979       -0.0049048481
     3347.0000000000        0.0536941595       -0.0043174336
     3348.0000000000        0.0496321635       -0.0038200715
     3349.0000000000        0.0460295362       -0.0033962647
     3350.0000000000        0.0428194875       -0.0030329854
     3351.0000000000        0.0399468702       -0.0027198595
     3352.0000000000        0.0373658435       -0.0024485615
     3353.0000000000        0.0350380618       -0.0022123610
     3354.0000000000        0.0329312594       -0.0020057793
     3355.0000000000        0.0310181352       -0.0018243277
     3356.0000000000        0.0292754678       -0.0016643058
     3357.0000000000        0.0276834087       -0.0015226456
     3358.0000000000        0.0262249131       -0.0013967896
     3359.0000000000        0.0248852796       -0.0012845945
     3360.0000000000        0.0236517751       -0.0011842557
     3361.0000000000        0.0225133277       -0.0010942462
     3362.0000000000        0.0214602742       -0.0010132687
     3363.0000000000        0.0204841505       -0.0009402161
     3364.0000000000        0.0195775180       -0.0008741399
     3365.0000000000        0.0187338183       -0.0008142246
     3366.0000000000        0.0179472510       -0.0007597661
     3367.0000000000        0.0172126713       -0.0007101547
     3368.0000000000        0.0165255032       -0.0006648607
     3369.0000000000        0.0158816654       -0.0006234221
     3370.0000000000        0.0152775089       -0.0005854352
     3371.0000000000        0.0147097629       -0.0005505459
     3372.0000000000        0.0141754887       -0.0005184428
     3373.0000000000        0.0136720404       -0.0004888513
     3374.0000000000        0.0131970300       -0.0004615288
     3375.0000000000        0.0127482983       -0.0004362603
     3376.0000000000        0.0123238887       -0.0004128547
     3377.0000000000        0.0119220248       -0.0003911420
     3378.0000000000        0.0115410912       -0.0003709704
     3379.0000000000        0.0111796156       -0.0003522044
     3380.0000000000        0.0108362546       -0.0003347223
     3381.0000000000        0.0105097796       -0.0003184150
     3382.0000000000        0.0101990658       -0.0003031845
     3383.0000000000        0.0099030814       -0.0002889422
     3384.0000000000        0.0096208787       -0.0002756084
     3385.0000000000        0.0072239959       -0.0002365911
     3386.0000000000        0.0069930840       -0.0002253541
     3387.0000000000        0.0067730546       -0.0002148166
     3388.0000000000        0.0065632355       -0.0002049251
     3389.0000000000        0.0063630054       -0.0001956310
     3390.0000000000        0.0061717893       -0.0001868899
     3391.0000000000        0.0059890549       -0.0001786612
     3392.0000000000        0.0058143084       -0.0001709081
     3393.0000000000        0.0056470915       -0.0001635967
     3394.0000000000        0.0054869781       -0.0001566960
     3395.0000000000        0.0053335720       -0.0001501776
     3396.0000000000        0.0051865041       -0.0001440155
     3397.0000000000        0.0050454303       -0.0001381856
     3398.0000000000        0.0049100295       -0.0001326659
     3399.0000000000        0.0047800020       -0.0001274360
     3400.0000000000        0.0046550672       -0.0001224772
     3401.0000000000        0.0045349631       -0.0001177721
     3402.0000000000        0.0044194438       -0.0001133048
     3403.0000000000        0.0043082792       -0.0001090604
     3404.0000000000        0.0042012534       -0.0001050252
     3405.0000000000        0.0040981634       -0.0001011865
     3406.0000000000        0.0039988189       -0.0000975324
     3407.0000000000        0.0039030407       -0.0000940521
     3408.0000000000        0.0038106602       -0.0000907353
     3409.0000000000        0.0037215188       -0.0000875725
     3410.0000000000        0.0036354668       -0.0000845549
     3411.0000000000        0.0035523633       -0.0000816743
     3412.0000000000        0.0034720751       -0.0000789230
     3413.0000000000        0.0033944767       -0.0000762938
     3414.0000000000        0.0033194491       -0.0000737800
     3415.0000000000        0.0032468803       -0.0000713754
     3416.0000000000        0.0031766639       -0.0000690741
     3417.0000000000        0.0031086996       -0.0000668706
     3418.0000000000        0.0030428919       -0.0000647598
     3419.0000000000        0.0029791507       -0.0000627368
     3420.0000000000        0.0029173905       -0.0000607972
     3421.0000000000        0.0028575300       -0.0000589367
     3422.0000000000        0.0027994921       -0.0000571513
     3423.0000000000        0.0027432036       -0.0000554372
     3424.0000000000        0.0026885951       -0.0000537910
     3425.0000000000        0.0026356002       -0.0000522093
     3426.0000000000        0.0025841561       -0.0000506889
     3427.0000000000        0.0025342028       -0.0000492270
     3428.0000000000        0.0024856835       -0.0000478208
     3429.0000000000        0.0024385436       -0.0000464675
     3430.0000000000        0.0023927315       -0.0000451649
     3431.0000000000        0.0023481978       -0.0000439104
     3432.0000000000        0.0023048954       -0.0000427020
     3433.0000000000        0.0022627792       -0.0000415375
     3434.0000000000        0.0022218065       -0.0000404149
     3435.0000000000        0.0021819361       -0.0000393324
     3436.0000000000        0.0021431289       -0.0000382882
     3437.0000000000        0.0021053475       -0.0000372806
     3438.0000000000        0.0020685561       -0.0000363080
     3439.0000000000        0.0020327203       -0.0000353690
     3440.0000000000        0.0019978074       -0.0000344621
     3441.0000000000        0.0019637859       -0.0000335859
     3442.0000000000        0.0019306258       -0.0000327391
     3443.0000000000        0.0018982983       -0.0000319206
     3444.0000000000        0.0018667756       -0.0000311291
     3445.0000000000        0.0018360315       -0.0000303635
     3446.0000000000        0.0018060403       -0.0000296229
     3447.0000000000        0.0017767778       -0.0000289061
     3448.0000000000        0.0017482205       -0.0000282122
     3449.0000000000        0.0017203459       -0.0000275404
     3450.0000000000        0.0016931326       -0.0000268898
     3451.0000000000        0.0016665596       -0.0000262594
     3452.0000000000        0.0016406072       -0.0000256486
     3453.0000000000        0.0016152561       -0.0000250566
     3454.0000000000        0.0015904879       -0.0000244827
     3455.0000000000        0.0015662849       -0.0000239262
     3456.0000000000        0.0015426300       -0.0000233864
     3457.0000000000        0.0015195068       -0.0000228627
     3458.0000000000        0.0014968995       -0.0000223545
     3459.0000000000        0.0014747928       -0.0000218613
     3460.0000000000        0.0014531721       -0.0000213824
     3461.0000000000        0.0014320233       -0.0000209175
     3462.0000000000        0.0014113327       -0.0000204659
     3463.0000000000        0.0013910872       -0.0000200272
     3464.0000000000        0.0013712741       -0.0000196010
     3465.0000000000        0.0013518811       -0.0000191868
     3466.0000000000        0.0013328966       -0.0000187842
     3467.0000000000        0.0013143091       -0.0000183927
     3468.0000000000        0.0012961076       -0.0000180121
     3469.0000000000        0.0012782815       -0.0000176418
     3470.0000000000        0.0012608205       -0.0000172817
     3471.0000000000        0.0012437148       -0.0000169313
     3472.0000000000        0.0012269548       -0.0000165903
     3473.0000000000        0.0012105312       -0.0000162584
     3474.0000000000        0.0011944351       -0.0000159353
     3475.0000000000        0.0011786579       -0.0000156206
     3476.0000000000        0.0011631911       -0.0000153143
     3477.0000000000        0.0011480267       -0.0000150158
     3478.0000000000        0.0011331569       -0.0000147251
     3479.0000000000        0.0011185740       -0.0000144418
     3480.0000000000        0.0011042708       -0.0000141658
     3481.0000000000        0.0010902401       -0.0000138967
     3482.0000000000        0.0010764751       -0.0000136344
     3483.0000000000        0.0010629691       -0.0000133787
     3484.0000000000        0.0010497157       -0.0000131293
     3485.0000000000        0.0000000000        0.0000000000
     3486.0000000000        0.0000000000        0.0000000000
     3487.0000000000        0.0000000000        0.0000000000
     3488.0000000000        0.0000000000        0.0000000000
     3489.0000000000        0.0000000000        0.0000000000
     3490.0000000000        0.0000000000        0.0000000000
     3491.0000000000        0.0000000000        0.0000000000
     3492.0000000000        0.0000000000        0.0000000000
     3493.0000000000        0.0000000000        0.0000000000
     3494.0000000000        0.0000000000        0.0000000000
     3495.0000000000        0.0000000000        0.0000000000
     3496.0000000000        0.0000000000        0.0000000000
     3497.0000000000        0.0000000000        0.0000000000
     3498.0000000000        0.0000000000        0.0000000000
     3499.0000000000        0.0000000000        0.0000000000
     3500.0000000000        0.0000000000        0.0000000000
     3501.0000000000        0.0000000000        0.0000000000
     3502.0000000000        0.0000000000        0.0000000000
     3503.0000000000        0.0000000000        0.0000000000
     3504.0000000000        0.0000000000        0.0000000000
     3505.0000000000        0.0000000000        0.0000000000
     3506.0000000000        0.0000000000        0.0000000000
     3507.0000000000        0.0000000000        0.0000000000
     3508.0000000000        0.0000000000        0.0000000000
     3509.0000000000        0.0000000000        0.0000000000
     3510.0000000000        0.0000000000        0.0000000000
     3511.0000000000        0.0000000000        0.0000000000
     3512.0000000000        0.0000000000        0.0000000000
     3513.0000000000        0.0000000000        0.0000000000
     3514.0000000000        0.0000000000        0.0000000000
     3515.0000000000        0.0000000000        0.0000000000
     3516.0000000000        0.0000000000        0.0000000000
     3517.0000000000        0.0000000000        0.0000000000
     3518.0000000000        0.0000000000        0.0000000000
     3519.0000000000        0.0000000000        0.0000000000
     3520.0000000000        0.0000000000        0.0000000000
     3521.0000000000        0.0000000000        0.0000000000
     3522.0000000000        0.0000000000        0.0000000000
     3523.0000000000        0.0000000000        0.0000000000
     3524.0000000000        0.0000000000        0.0000000000
     3525.0000000000        0.0000000000        0.0000000000
     3526.0000000000        0.0000000000        0.0000000000
     3527.0000000000        0.0000000000        0.0000000000
     3528.0000000000        0.0000000000        0.0000000000
     3529.0000000000        0.0000000000        0.0000000000
     3530.0000000000        0.0000000000        0.0000000000
     3531.0000000000        0.0000000000        0.0000000000
     3532.0000000000        0.0000000000        0.0000000000
     3533.0000000000        0.0000000000        0.0000000000
     3534.0000000000        0.0000000000        0.0000000000
     3535.0000000000        0.0000000000        0.0000000000
     3536.0000000000        0.0000000000        0.0000000000
     3537.0000000000        0.0000000000        0.0000000000
     3538.0000000000        0.0000000000        0.0000000000
     3539.0000000000        0.0000000000        0.0000000000
     3540.0000000000        0.0000000000        0.0000000000
     3541.0000000000        0.0000000000        0.0000000000
     3542.0000000000        0.0000000000        0.0000000000
     3543.0000000000        0.0000000000        0.0000000000
     3544.0000000000        0.0000000000        0.0000000000
     3545.0000000000        0.0000000000        0.0000000000
     3546.0000000000        0.0000000000        0.0000000000
     3547.0000000000        0.0000000000        0.0000000000
     3548.0000000000        0.0000000000        0.0000000000
     3549.0000000000        0.0000000000        0.0000000000
     3550.0000000000        0.0000000000        0.0000000000
     3551.0000000000        0.0000000000        0.0000000000
     3552.0000000000        0.0000000000        0.0000000000
     3553.0000000000        0.0000000000        0.0000000000
     3554.0000000000        0.0000000000        0.0000000000
     3555.0000000000        0.0000000000        0.0000000000
     3556.0000000000        0.0000000000        0.0000000000
     3557.0000000000        0.0000000000        0.0000000000
     3558.0000000000        0.0000000000        0.0000000000
     3559.0000000000        0.0000000000        0.0000000000
     3560.0000000000        0.0000000000        0.0000000000
     3561.0000000000        0.0000000000        0.0000000000
     3562.0000000000        0.0000000000        0.0000000000
     3563.0000000000        0.0000000000        0.0000000000
     3564.0000000000        0.0000000000        0.0000000000
     3565.0000000000        0.0000000000        0.0000000000
     3566.0000000000        0.0000000000        0.0000000000
     3567.0000000000        0.0000000000        0.0000000000
     3568.0000000000        0.0000000000        0.0000000000
     3569.0000000000        0.0000000000        0.0000000000
     3570.0000000000        0.0000000000        0.0000000000
     3571.0000000000        0.0000000000        0.0000000000
     3572.0000000000        0.0000000000        0.0000000000
     3573.0000000000        0.0000000000        0.0000000000
     3574.0000000000        0.0000000000        0.0000000000
     3575.0000000000        0.0000000000        0.0000000000
     3576.0000000000        0.0000000000        0.0000000000
     3577.0000000000        0.0000000000        0.0000000000
     3578.0000000000        0.0000000000        0.0000000000
     3579.0000000000        0.0000000000        0.0000000000
     3580.0000000000        0.0000000000        0.0000000000
     3581.0000000000        0.0000000000        0.0000000000
     3582.0000000000        0.0000000000        0.0000000000
     3583.0000000000        0.0000000000        0.0000000000
     3584.0000000000        0.0000000000        0.0000000000
     3585.0000000000        0.0000000000        0.0000000000
     3586.0000000000        0.0000000000        0.0000000000
     3587.0000000000        0.0000000000        0.0000000000
     3588.0000000000        0.0000000000        0.0000000000
     3589.0000000000        0.0000000000        0.0000000000
     3590.0000000000        0.0000000000        0.0000000000
     3591.0000000000        0.0000000000        0.0000000000
     3592.0000000000        0.0000000000        0.0000000000
     3593.0000000000        0.0000000000        0.0000000000
     3594.0000000000        0.0000000000        0.0000000000
     3595.0000000000        0.0000000000        0.0000000000
     3596.0000000000        0.0000000000        0.0000000000
     3597.0000000000        0.0000000000        0.0000000000
     3598.0000000000        0.0000000000        0.0000000000
     3599.0000000000        0.0000000000        0.0000000000
     3600.0000000000        0.0000000000        0.0000000000
     3601.0000000000        0.0000000000        0.0000000000
     3602.0000000000        0.0000000000        0.0000000000
     3603.0000000000        0.0000000000        0.0000000000
     3604.0000000000        0.0000000000        0.0000000000
     3605.0000000000        0.0000000000        0.0000000000
     3606.0000000000        0.0000000000        0.0000000000
     3607.0000000000        0.0000000000        0.0000000000
     3608.0000000000        0.0000000000        0.0000000000
     3609.0000000000        0.0000000000        0.0000000000
     3610.0000000000        0.0000000000        0.0000000000
     3611.0000000000        0.0000000000        0.0000000000
     3612.0000000000        0.0000000000        0.0000000000
     3613.0000000000        0.0000000000        0.0000000000
     3614.0000000000        0.0000000000        0.0000000000
     3615.0000000000        0.0000000000        0.0000000000
     3616.0000000000        0.0000000000        0.0000000000
     3617.0000000000        0.0000000000        0.0000000000
     3618.0000000000        0.0000000000        0.0000000000
     3619.0000000000        0.0000000000        0.0000000000
     3620.0000000000        0.0000000000        0.0000000000
     3621.0000000000        0.0000000000        0.0000000000
     3622.0000000000        0.0000000000        0.0000000000
     3623.0000000000        0.0000000000        0.0000000000
     3624.0000000000        0.0000000000        0.0000000000
     3625.0000000000        0.0000000000        0.0000000000
     3626.0000000000        0.0000000000        0.0000000000
     3627.0000000000        0.0000000000        0.0000000000
     3628.0000000000        0.0000000000        0.0000000000
     3629.0000000000        0.0000000000        0.0000000000
     3630.0000000000        0.0000000000        0.0000000000
     3631.0000000000        0.0000000000        0.0000000000
     3632.0000000000        0.0000000000        0.0000000000
     3633.0000000000        0.0000000000        0.0000000000
     3634.0000000000        0.0000000000        0.0000000000
     3635.0000000000        0.0000000000        0.0000000000
     3636.0000000000        0.0000000000        0.0000000000
     3637.0000000000        0.0000000000        0.0000000000
     3638.0000000000        0.0000000000        0.0000000000
     3639.0000000000        0.0000000000        0.0000000000
     3640.0000000000        0.0000000000        0.0000000000
     3641.0000000000        0.0000000000        0.0000000000
     3642.0000000000        0.0000000000        0.0000000000
     3643.0000000000        0.0000000000        0.0000000000
     3644.0000000000        0.0000000000        0.0000000000
     3645.0000000000        0.0000000000        0.0000000000
     3646.0000000000        0.0000000000        0.0000000000
     3647.0000000000        0.0000000000        0.0000000000
     3648.0000000000        0.0000000000        0.0000000000
     3649.0000000000        0.0000000000        0.0000000000
     3650.0000000000        0.0000000000        0.0000000000
     3651.0000000000        0.0000000000        0.0000000000
     3652.0000000000        0.0000000000        0.0000000000
     3653.0000000000        0.0000000000        0.0000000000
     3654.0000000000        0.0000000000        0.0000000000
     3655.0000000000        0.0000000000        0.0000000000
     3656.0000000000        0.0000000000        0.0000000000
     3657.0000000000        0.0000000000        0.0000000000
     3658.0000000000        0.0000000000        0.0000000000
     3659.0000000000        0.0000000000        0.0000000000
     3660.0000000000        0.0000000000        0.0000000000
     3661.0000000000        0.0000000000        0.0000000000
     3662.0000000000        0.0000000000        0.0000000000
     3663.0000000000        0.0000000000        0.0000000000
     3664.0000000000        0.0000000000        0.0000000000
     3665.0000000000        0.0000000000        0.0000000000
     3666.0000000000        0.0000000000        0.0000000000
     3667.0000000000        0.0000000000        0.0000000000
     3668.0000000000        0.0000000000        0.0000000000
     3669.0000000000        0.0000000000        0.0000000000
     3670.0000000000        0.0000000000        0.0000000000
     3671.0000000000        0.0000000000        0.0000000000
     3672.0000000000        0.0000000000        0.0000000000
     3673.0000000000        0.0000000000        0.0000000000
     3674.0000000000        0.0000000000        0.0000000000
     3675.0000000000        0.0000000000        0.0000000000
     3676.0000000000        0.0000000000        0.0000000000
     3677.0000000000        0.0000000000        0.0000000000
     3678.0000000000        0.0000000000        0.0000000000
     3679.0000000000        0.0000000000        0.0000000000
     3680.0000000000        0.0000000000        0.0000000000
     3681.0000000000        0.0000000000        0.0000000000
     3682.0000000000        0.0000000000        0.0000000000
     3683.0000000000        0.0000000000        0.0000000000
     3684.0000000000        0.0000000000        0.0000000000
     3685.0000000000        0.0000000000        0.0000000000
     3686.0000000000        0.0000000000        0.0000000000
     3687.0000000000        0.0000000000        0.0000000000
     3688.0000000000        0.0000000000        0.0000000000
     3689.0000000000        0.0000000000        0.0000000000
     3690.0000000000        0.0000000000        0.0000000000
     3691.0000000000        0.0000000000        0.0000000000
     3692.0000000000        0.0000000000        0.0000000000
     3693.0000000000        0.0000000000        0.0000000000
     3694.0000000000        0.0000000000        0.0000000000
     3695.0000000000        0.0000000000        0.0000000000
     3696.0000000000        0.0000000000        0.0000000000
     3697.0000000000        0.0000000000        0.0000000000
     3698.0000000000        0.0000000000        0.0000000000
     3699.0000000000        0.0000000000        0.0000000000
     3700.0000000000        0.0000000000        0.0000000000
     3701.0000000000        0.0000000000        0.0000000000
     3702.0000000000        0.0000000000        0.0000000000
     3703.0000000000        0.0000000000        0.0000000000
     3704.0000000000        0.0000000000        0.0000000000
     3705.0000000000        0.0000000000        0.0000000000
     3706.0000000000        0.0000000000        0.0000000000
     3707.0000000000        0.0000000000        0.0000000000
     3708.0000000000        0.0000000000        0.0000000000
     3709.0000000000        0.0000000000        0.0000000000
     3710.0000000000        0.0000000000        0.0000000000
     3711.0000000000        0.0000000000        0.0000000000
     3712.0000000000        0.0000000000        0.0000000000
     3713.0000000000        0.0000000000        0.0000000000
     3714.0000000000        0.0000000000        0.0000000000
     3715.0000000000        0.0000000000        0.0000000000
     3716.0000000000        0.0000000000        0.0000000000
     3717.0000000000        0.0000000000        0.0000000000
     3718.0000000000        0.0000000000        0.0000000000
     3719.0000000000        0.0000000000        0.0000000000
     3720.0000000000        0.0000000000        0.0000000000
     3721.0000000000        0.0000000000        0.0000000000
     3722.0000000000        0.0000000000        0.0000000000
     3723.0000000000        0.0000000000        0.0000000000
     3724.0000000000        0.0000000000        0.0000000000
     3725.0000000000        0.0000000000        0.0000000000
     3726.0000000000        0.0000000000        0.0000000000
     3727.0000000000        0.0000000000        0.0000000000
     3728.0000000000        0.0000000000        0.0000000000
     3729.0000000000        0.0000000000        0.0000000000
     3730.0000000000        0.0000000000        0.0000000000
     3731.0000000000        0.0000000000        0.0000000000
     3732.0000000000        0.0000000000        0.0000000000
     3733.0000000000        0.0000000000        0.0000000000
     3734.0000000000        0.0000000000        0.0000000000
     3735.0000000000        0.0000000000        0.0000000000
     3736.0000000000        0.0000000000        0.0000000000
     3737.0000000000        0.0000000000        0.0000000000
     3738.0000000000        0.0000000000        0.0000000000
     3739.0000000000        0.0000000000        0.0000000000
     3740.0000000000        0.0000000000        0.0000000000
     3741.0000000000        0.0000000000        0.0000000000
     3742.0000000000        0.0000000000        0.0000000000
     3743.0000000000        0.0000000000        0.0000000000
     3744.0000000000        0.0000000000        0.0000000000
     3745.0000000000        0.0000000000        0.0000000000
     3746.0000000000        0.0000000000        0.0000000000
     3747.0000000000        0.0000000000        0.0000000000
     3748.0000000000        0.0000000000        0.0000000000
     3749.0000000000        0.0000000000        0.0000000000
     3750.0000000000        0.0000000000        0.0000000000
     3751.0000000000        0.0000000000        0.0000000000
     3752.0000000000        0.0000000000        0.0000000000
     3753.0000000000        0.0000000000        0.0000000000
     3754.0000000000        0.0000000000        0.0000000000
     3755.0000000000        0.0000000000        0.0000000000
     3756.0000000000        0.0000000000        0.0000000000
     3757.0000000000        0.0000000000        0.0000000000
     3758.0000000000        0.0000000000        0.0000000000
     3759.0000000000        0.0000000000        0.0000000000
     3760.0000000000        0.0000000000        0.0000000000
     3761.0000000000        0.0000000000        0.0000000000
     3762.0000000000        0.0000000000        0.0000000000
     3763.0000000000        0.0000000000        0.0000000000
     3764.0000000000        0.0000000000        0.0000000000
     3765.0000000000        0.0000000000        0.0000000000
     3766.0000000000        0.0000000000        0.0000000000
     3767.0000000000        0.0000000000        0.0000000000
     3768.0000000000        0.0000000000        0.0000000000
     3769.0000000000        0.0000000000        0.0000000000
     3770.0000000000        0.0000000000        0.0000000000
     3771.0000000000        0.0000000000        0.0000000000
     3772.0000000000        0.0000000000        0.0000000000
     3773.0000000000        0.0000000000        0.0000000000
     3774.0000000000        0.0000000000        0.0000000000
     3775.0000000000        0.0000000000        0.0000000000
     3776.0000000000        0.0000000000        0.0000000000
     3777.0000000000        0.0000000000        0.0000000000
     3778.0000000000        0.0000000000        0.0000000000
     3779.0000000000        0.0000000000        0.0000000000
     3780.0000000000        0.0000000000        0.0000000000
     3781.0000000000        0.0000000000        0.0000000000
     3782.0000000000        0.0000000000        0.0000000000
     3783.0000000000        0.0000000000        0.0000000000
     3784.0000000000        0.0000000000        0.0000000000
     3785.0000000000        0.0000000000        0.0000000000
     3786.0000000000        0.0000000000        0.0000000000
     3787.0000000000        0.0000000000        0.0000000000
     3788.0000000000        0.0000000000        0.0000000000
     3789.0000000000        0.0000000000        0.0000000000
     3790.0000000000        0.0000000000        0.0000000000
     3791.0000000000        0.0000000000        0.0000000000
     3792.0000000000        0.0000000000        0.0000000000
     3793.0000000000        0.0000000000        0.0000000000
     3794.0000000000        0.0000000000        0.0000000000
     3795.0000000000        0.0000000000        0.0000000000
     3796.0000000000        0.0000000000        0.0000000000
     3797.0000000000        0.0000000000        0.0000000000
     3798.0000000000        0.0000000000        0.0000000000
     3799.0000000000        0.0000000000        0.0000000000
     3800.0000000000        0.0000000000        0.0000000000
     3801.0000000000        0.0000000000        0.0000000000
     3802.0000000000        0.0000000000        0.0000000000
     3803.0000000000        0.0000000000        0.0000000000
     3804.0000000000        0.0000000000        0.0000000000
     3805.0000000000        0.0000000000        0.0000000000
     3806.0000000000        0.0000000000        0.0000000000
     3807.0000000000        0.0000000000        0.0000000000
     3808.0000000000        0.0000000000        0.0000000000
     3809.0000000000        0.0000000000        0.0000000000
     3810.0000000000        0.0000000000        0.0000000000
     3811.0000000000        0.0000000000        0.0000000000
     3812.0000000000        0.0000000000        0.0000000000
     3813.0000000000        0.0000000000        0.0000000000
     3814.0000000000        0.0000000000        0.0000000000
     3815.0000000000        0.0000000000        0.0000000000
     3816.0000000000        0.0000000000        0.0000000000
     3817.0000000000        0.0000000000        0.0000000000
     3818.0000000000        0.0000000000        0.0000000000
     3819.0000000000        0.0000000000        0.0000000000
     3820.0000000000        0.0000000000        0.0000000000
     3821.0000000000        0.0000000000        0.0000000000
     3822.0000000000        0.0000000000        0.0000000000
     3823.0000000000        0.0000000000        0.0000000000
     3824.0000000000        0.0000000000        0.0000000000
     3825.0000000000        0.0000000000        0.0000000000
     3826.0000000000        0.0000000000        0.0000000000
     3827.0000000000        0.0000000000        0.0000000000
     3828.0000000000        0.0000000000        0.0000000000
     3829.0000000000        0.0000000000        0.0000000000
     3830.0000000000        0.0000000000        0.0000000000
     3831.0000000000        0.0000000000        0.0000000000
     3832.0000000000        0.0000000000        0.0000000000
     3833.0000000000        0.0000000000        0.0000000000
     3834.0000000000        0.0000000000        0.0000000000
     3835.0000000000        0.0000000000        0.0000000000
     3836.0000000000        0.0000000000        0.0000000000
     3837.0000000000        0.0000000000        0.0000000000
     3838.0000000000        0.0000000000        0.0000000000
     3839.0000000000        0.0000000000        0.0000000000
     3840.0000000000        0.0000000000        0.0000000000
     3841.0000000000        0.0000000000        0.0000000000
     3842.0000000000        0.0000000000        0.0000000000
     3843.0000000000        0.0000000000        0.0000000000
     3844.0000000000        0.0000000000        0.0000000000
     3845.0000000000        0.0000000000        0.0000000000
     3846.0000000000        0.0000000000        0.0000000000
     3847.0000000000        0.0000000000        0.0000000000
     3848.0000000000        0.0000000000        0.0000000000
     3849.0000000000        0.0000000000        0.0000000000
     3850.0000000000        0.0000000000        0.0000000000
     3851.0000000000        0.0000000000        0.0000000000
     3852.0000000000        0.0000000000        0.0000000000
     3853.0000000000        0.0000000000        0.0000000000
     3854.0000000000        0.0000000000        0.0000000000
     3855.0000000000        0.0000000000        0.0000000000
     3856.0000000000        0.0000000000        0.0000000000
     3857.0000000000        0.0000000000        0.0000000000
     3858.0000000000        0.0000000000        0.0000000000
     3859.0000000000        0.0000000000        0.0000000000
     3860.0000000000        0.0000000000        0.0000000000
     3861.0000000000        0.0000000000        0.0000000000
     3862.0000000000        0.0000000000        0.0000000000
     3863.0000000000        0.0000000000        0.0000000000
     3864.0000000000        0.0000000000        0.0000000000
     3865.0000000000        0.0000000000        0.0000000000
     3866.0000000000        0.0000000000        0.0000000000
     3867.0000000000        0.0000000000        0.0000000000
     3868.0000000000        0.0000000000        0.0000000000
     3869.0000000000        0.0000000000        0.0000000000
     3870.0000000000        0.0000000000        0.0000000000
     3871.0000000000        0.0000000000        0.0000000000
     3872.0000000000        0.0000000000        0.0000000000
     3873.0000000000        0.0000000000        0.0000000000
     3874.0000000000        0.0000000000        0.0000000000
     3875.0000000000        0.0000000000        0.0000000000
     3876.0000000000        0.0000000000        0.0000000000
     3877.0000000000        0.0000000000        0.0000000000
     3878.0000000000        0.0000000000        0.0000000000
     3879.0000000000        0.0000000000        0.0000000000
     3880.0000000000        0.0000000000        0.0000000000
     3881.0000000000        0.0000000000        0.0000000000
     3882.0000000000        0.0000000000        0.0000000000
     3883.0000000000        0.0000000000        0.0000000000
     3884.0000000000        0.0000000000        0.0000000000
     3885.0000000000        0.0000000000        0.0000000000
     3886.0000000000        0.0000000000        0.0000000000
     3887.0000000000        0.0000000000        0.0000000000
     3888.0000000000        0.0000000000        0.0000000000
     3889.0000000000        0.0000000000        0.0000000000
     3890.0000000000        0.0000000000        0.0000000000
     3891.0000000000        0.0000000000        0.0000000000
     3892.0000000000        0.0000000000        0.0000000000
     3893.0000000000        0.0000000000        0.0000000000
     3894.0000000000        0.0000000000        0.0000000000
     3895.0000000000        0.0000000000        0.0000000000
     3896.0000000000        0.0000000000        0.0000000000
     3897.0000000000        0.0000000000        0.0000000000
     3898.0000000000        0.0000000000        0.0000000000
     3899.0000000000        0.0000000000        0.0000000000
     3900.0000000000        0.0000000000        0.0000000000
     3901.0000000000        0.0000000000        0.0000000000
     3902.0000000000        0.0000000000        0.0000000000
     3903.0000000000        0.0000000000        0.0000000000
     3904.0000000000        0.0000000000        0.0000000000
     3905.0000000000        0.0000000000        0.0000000000
     3906.0000000000        0.0000000000        0.0000000000
     3907.0000000000        0.0000000000        0.0000000000
     3908.0000000000        0.0000000000        0.0000000000
     3909.0000000000        0.0000000000        0.0000000000
     3910.0000000000        0.0000000000        0.0000000000
     3911.0000000000        0.0000000000        0.0000000000
     3912.0000000000        0.0000000000        0.0000000000
     3913.0000000000        0.0000000000        0.0000000000
     3914.0000000000        0.0000000000        0.0000000000
     3915.0000000000        0.0000000000        0.0000000000
     3916.0000000000        0.0000000000        0.0000000000
     3917.0000000000        0.0000000000        0.0000000000
     3918.0000000000        0.0000000000        0.0000000000
     3919.0000000000        0.0000000000        0.0000000000
     3920.0000000000        0.0000000000        0.0000000000
     3921.0000000000        0.0000000000        0.0000000000
     3922.0000000000        0.0000000000        0.0000000000
     3923.0000000000        0.0000000000        0.0000000000
     3924.0000000000        0.0000000000        0.0000000000
     3925.0000000000        0.0000000000        0.0000000000
     3926.0000000000        0.0000000000        0.0000000000
     3927.0000000000        0.0000000000        0.0000000000
     3928.0000000000        0.0000000000        0.0000000000
     3929.0000000000        0.0000000000        0.0000000000
     3930.0000000000        0.0000000000        0.0000000000
     3931.0000000000        0.0000000000        0.0000000000
     3932.0000000000        0.0000000000        0.0000000000
     3933.0000000000        0.0000000000        0.0000000000
     3934.0000000000        0.0000000000        0.0000000000
     3935.0000000000        0.0000000000        0.0000000000
     3936.0000000000        0.0000000000        0.0000000000
     3937.0000000000        0.0000000000        0.0000000000
     3938.0000000000        0.0000000000        0.0000000000
     3939.0000000000        0.0000000000        0.0000000000
     3940.0000000000        0.0000000000        0.0000000000
     3941.0000000000        0.0000000000        0.0000000000
     3942.0000000000        0.0000000000        0.0000000000
     3943.0000000000        0.0000000000        0.0000000000
     3944.0000000000        0.0000000000        0.0000000000
     3945.0000000000        0.0000000000        0.0000000000
     3946.0000000000        0.0000000000        0.0000000000
     3947.0000000000        0.0000000000        0.0000000000
     3948.0000000000        0.0000000000        0.0000000000
     3949.0000000000        0.0000000000        0.0000000000
     3950.0000000000        0.0000000000        0.0000000000
     3951.0000000000        0.0000000000        0.0000000000
     3952.0000000000        0.0000000000        0.0000000000
     3953.0000000000        0.0000000000        0.0000000000
     3954.0000000000        0.0000000000        0.0000000000
     3955.0000000000        0.0000000000        0.0000000000
     3956.0000000000        0.0000000000        0.0000000000
     3957.0000000000        0.0000000000        0.0000000000
     3958.0000000000        0.0000000000        0.0000000000
     3959.0000000000        0.0000000000        0.0000000000
     3960.0000000000        0.0000000000        0.0000000000
     3961.0000000000        0.0000000000        0.0000000000
     3962.0000000000        0.0000000000        0.0000000000
     3963.0000000000        0.0000000000        0.0000000000
     3964.0000000000        0.0000000000        0.0000000000
     3965.0000000000        0.0000000000        0.0000000000
     3966.0000000000        0.0000000000        0.0000000000
     3967.0000000000        0.0000000000        0.0000000000
     3968.0000000000        0.0000000000        0.0000000000
     3969.0000000000        0.0000000000        0.0000000000
     3970.0000000000        0.0000000000        0.0000000000
     3971.0000000000        0.0000000000        0.0000000000
     3972.0000000000        0.0000000000        0.0000000000
     3973.0000000000        0.0000000000        0.0000000000
     3974.0000000000        0.0000000000        0.0000000000
     3975.0000000000        0.0000000000        0.0000000000
     3976.0000000000        0.0000000000        0.0000000000
     3977.0000000000        0.0000000000        0.0000000000
     3978.0000000000        0.0000000000        0.0000000000
     3979.0000000000        0.0000000000        0.0000000000
     3980.0000000000        0.0000000000        0.0000000000
     3981.0000000000        0.0000000000        0.0000000000
     3982.0000000000        0.0000000000        0.0000000000
     3983.0000000000        0.0000000000        0.0000000000
     3984.0000000000        0.0000000000        0.0000000000
     3985.0000000000        0.0000000000        0.0000000000
     3986.0000000000        0.0000000000        0.0000000000
     3987.0000000000        0.0000000000        0.0000000000
     3988.0000000000        0.0000000000        0.0000000000
     3989.0000000000        0.0000000000        0.0000000000
     3990.0000000000        0.0000000000        0.0000000000
     3991.0000000000        0.0000000000        0.0000000000
     3992.0000000000        0.0000000000        0.0000000000
     3993.0000000000        0.0000000000        0.0000000000
     3994.0000000000        0.0000000000        0.0000000000
     3995.0000000000        0.0000000000        0.0000000000
     3996.0000000000        0.0000000000        0.0000000000
     3997.0000000000        0.0000000000        0.0000000000
     3998.0000000000        0.0000000000        0.0000000000
     3999.0000000000        0.0000000000        0.0000000000
