# IR Spectrum
# X-Axis:  Frequency (cm-1)
# Y-Axis:  &epsilon; (M-1 cm-1)

# Peak information
#                  X                   Y
#      74.1618000000       96.4403729521
#     250.5002000000       22.3708664567
#     257.6116000000        1.3441929398
#     391.6234000000        6.7446940495
#     455.6353000000       14.0870153602
#     542.3229000000       12.4782021967
#     624.9321000000       91.2445588797
#     667.1361000000      168.3995515412
#     744.6378000000       10.5521330106
#     826.1487000000        0.7769715560
#     865.8896000000       15.3003221323
#    1049.4995000000      130.3710601827
#    1083.6928000000      232.5200582659
#    1274.6941000000      714.8014821335
#    1345.1900000000     1061.2098384902
#    1375.2626000000     1010.6790791169
#    1519.3600000000      400.3644493219
#    1569.5748000000      244.3082545564
#    1926.8171000000       91.1569628971
#    3376.6454000000        2.1338487708
#    3474.2884000000        0.2357384278

# Spectra
#                  X                   Y               DY/DX
        0.0000000000        0.0179723233        0.0004832728
        1.0000000000        0.0184655102        0.0005032812
        2.0000000000        0.0189792585        0.0005244082
        3.0000000000        0.0195147259        0.0005467333
        4.0000000000        0.0200731530        0.0005703423
        5.0000000000        0.0206558696        0.0005953289
        6.0000000000        0.0212643037        0.0006217948
        7.0000000000        0.0218999891        0.0006498510
        8.0000000000        0.0225645761        0.0006796187
        9.0000000000        0.0232598411        0.0007112303
       10.0000000000        0.0239876993        0.0007448304
       11.0000000000        0.0247502175        0.0007805778
       12.0000000000        0.0255496286        0.0008186466
       13.0000000000        0.0263883479        0.0008592278
       14.0000000000        0.0272689917        0.0009025321
       15.0000000000        0.0281943968        0.0009487912
       16.0000000000        0.0291676441        0.0009982613
       17.0000000000        0.0301920836        0.0010512251
       18.0000000000        0.0312713632        0.0011079963
       19.0000000000        0.0324094608        0.0011689225
       20.0000000000        0.0336107215        0.0012343901
       21.0000000000        0.0348798978        0.0013048295
       22.0000000000        0.0362221971        0.0013807207
       23.0000000000        0.0376433345        0.0014626003
       24.0000000000        0.0391495935        0.0015510697
       25.0000000000        0.0407478944        0.0016468036
       26.0000000000        0.0424458741        0.0017505614
       27.0000000000        0.0442519761        0.0018631996
       28.0000000000        0.0461755548        0.0019856864
       29.0000000000        0.0482269958        0.0021191190
       30.0000000000        0.0504178550        0.0022647443
       31.0000000000        0.0527610199        0.0024239831
       32.0000000000        0.0552708976        0.0025984589
       33.0000000000        0.0579636339        0.0027900324
       34.0000000000        0.0608573710        0.0030008426
       35.0000000000        0.0639725495        0.0032333568
       36.0000000000        0.0673322660        0.0034904304
       37.0000000000        0.0709626962        0.0037753797
       38.0000000000        0.0748935986        0.0040920705
       39.0000000000        0.0791589172        0.0044450276
       40.0000000000        0.0837975043        0.0048395679
       41.0000000000        0.0888539931        0.0052819668
       42.0000000000        0.0943798552        0.0057796646
       43.0000000000        0.1004346904        0.0063415249
       44.0000000000        0.1070878063        0.0069781608
       45.0000000000        0.1144201662        0.0077023482
       46.0000000000        0.1225268049        0.0085295536
       47.0000000000        0.1315198446        0.0094786131
       48.0000000000        0.1415322850        0.0105726129
       49.0000000000        0.1527228032        0.0118400396
       50.0000000000        0.1652818756        0.0133162955
       51.0000000000        0.1794396540        0.0150457149
       52.0000000000        0.1954761820        0.0170842690
       53.0000000000        0.2137347725        0.0195032347
       54.0000000000        0.2346396916        0.0223942197
       55.0000000000        0.2587197790        0.0258761250
       56.0000000000        0.2866403406        0.0301048998
       57.0000000000        0.3192467045        0.0352873753
       58.0000000000        0.3576244261        0.0417011230
       59.0000000000        0.4031835457        0.0497233108
       60.0000000000        0.4577780219        0.0598731363
       61.0000000000        0.5238771956        0.0728748963
       62.0000000000        0.6048149468        0.0897525017
       63.0000000000        0.7051555500        0.1119715701
       64.0000000000        0.8312345381        0.1416515979
       65.0000000000        0.9919576927        0.1818740682
       66.0000000000        1.1999620818        0.2370962411
       67.0000000000        1.4732175740        0.3135881517
       68.0000000000        1.8369264749        0.4194641215
       69.0000000000        2.3246981005        0.5627791117
       70.0000000000        2.9751836474        0.7432115279
       71.0000000000        3.8133216002        0.9275662472
       72.0000000000        4.7952896973        1.0028798047
       73.0000000000        5.7138964770        0.7652437343
       74.0000000000        6.1858064229        0.1249035674
       75.0000000000        5.9353014317       -0.5957127446
       76.0000000000        5.1155863913       -0.9704815499
       77.0000000000        4.1211091078       -0.9724670522
       78.0000000000        3.2258087533       -0.8057652022
       79.0000000000        2.5155905294       -0.6176854823
       80.0000000000        1.9793486135       -0.4614527366
       81.0000000000        1.5795617544       -0.3442062033
       82.0000000000        1.2801936668       -0.2591620248
       83.0000000000        1.0533509894       -0.1978398230
       84.0000000000        0.8789315093       -0.1533307959
       85.0000000000        0.7427690366       -0.1206336360
       86.0000000000        0.6348978543       -0.0962713510
       87.0000000000        0.5482534167       -0.0778521312
       88.0000000000        0.4777679953       -0.0637261066
       89.0000000000        0.4197566487       -0.0527448502
       90.0000000000        0.3715022308       -0.0440993664
       91.0000000000        0.3340248226       -0.0371740098
       92.0000000000        0.2997219389       -0.0316268654
       93.0000000000        0.2704270935       -0.0271143070
       94.0000000000        0.2452248115       -0.0234091467
       95.0000000000        0.2233970029       -0.0203407269
       96.0000000000        0.2043746601       -0.0177793908
       97.0000000000        0.1877026268       -0.0156255740
       98.0000000000        0.1732018825       -0.0137996919
       99.0000000000        0.1601993893       -0.0122459477
      100.0000000000        0.1486360742       -0.0109142630
      101.0000000000        0.1383096076       -0.0097665935
      102.0000000000        0.1290517928       -0.0087724007
      103.0000000000        0.1207219290       -0.0079069913
      104.0000000000        0.1132016239       -0.0071502607
      105.0000000000        0.1063907050       -0.0064857339
      106.0000000000        0.1002039750       -0.0058998275
      107.0000000000        0.0945686185       -0.0053812777
      108.0000000000        0.0894221147       -0.0049206930
      109.0000000000        0.0847105481       -0.0045102027
      110.0000000000        0.0803872320       -0.0041431781
      111.0000000000        0.0764115820       -0.0038140107
      112.0000000000        0.0727481879       -0.0035179343
      113.0000000000        0.0693660454       -0.0032508814
      114.0000000000        0.0662379177       -0.0030093670
      115.0000000000        0.0633398021       -0.0027903939
      116.0000000000        0.0606504824       -0.0025913748
      117.0000000000        0.0581511515       -0.0024100687
      118.0000000000        0.0558250927       -0.0022445280
      119.0000000000        0.0536574087       -0.0020930548
      120.0000000000        0.0516347908       -0.0019541644
      121.0000000000        0.0497453215       -0.0018265545
      122.0000000000        0.0479783049       -0.0017090798
      123.0000000000        0.0463241214       -0.0016007303
      124.0000000000        0.0447741014       -0.0015006130
      125.0000000000        0.0433204163       -0.0014079361
      126.0000000000        0.0419559843       -0.0013219964
      127.0000000000        0.0406743873       -0.0012421674
      128.0000000000        0.0394697997       -0.0011678897
      129.0000000000        0.0383369249       -0.0010986630
      130.0000000000        0.0372709402       -0.0010340386
      131.0000000000        0.0362674485       -0.0009736134
      132.0000000000        0.0353224351       -0.0009170244
      133.0000000000        0.0344322304       -0.0008639443
      134.0000000000        0.0335934760       -0.0008140768
      135.0000000000        0.0328030955       -0.0007671540
      136.0000000000        0.0320582678       -0.0007229325
      137.0000000000        0.0313564041       -0.0006811909
      138.0000000000        0.0306951267       -0.0006417277
      139.0000000000        0.0300722507       -0.0006043588
      140.0000000000        0.0294857673       -0.0005689159
      141.0000000000        0.0289338286       -0.0005352447
      142.0000000000        0.0284147347       -0.0005032035
      143.0000000000        0.0279269217       -0.0004726621
      144.0000000000        0.0274689509       -0.0004435000
      145.0000000000        0.0270394990       -0.0004156064
      146.0000000000        0.0266373498       -0.0003888781
      147.0000000000        0.0262613862       -0.0003632197
      148.0000000000        0.0259105834       -0.0003385423
      149.0000000000        0.0255840023       -0.0003147628
      150.0000000000        0.0252807844       -0.0002918035
      151.0000000000        0.0250001462       -0.0002695916
      152.0000000000        0.0247413750       -0.0002480585
      153.0000000000        0.0245038247       -0.0002271393
      154.0000000000        0.0242869123       -0.0002067726
      155.0000000000        0.0240901149       -0.0001869000
      156.0000000000        0.0239129663       -0.0001674657
      157.0000000000        0.0237550551       -0.0001484164
      158.0000000000        0.0236160224       -0.0001297005
      159.0000000000        0.0234955596       -0.0001112682
      160.0000000000        0.0233934075       -0.0000930713
      161.0000000000        0.0233093543       -0.0000750625
      162.0000000000        0.0232432352       -0.0000571956
      163.0000000000        0.0231949311       -0.0000394248
      164.0000000000        0.0231643686       -0.0000217049
      165.0000000000        0.0231515193       -0.0000039909
      166.0000000000        0.0231564000        0.0000137626
      167.0000000000        0.0231790727        0.0000316009
      168.0000000000        0.0232196454        0.0000495701
      169.0000000000        0.0232782723        0.0000677172
      170.0000000000        0.0233551551        0.0000860902
      171.0000000000        0.0234505444        0.0001047384
      172.0000000000        0.0235647406        0.0001237127
      173.0000000000        0.0236980961        0.0001430661
      174.0000000000        0.0238510175        0.0001628538
      175.0000000000        0.0240239677        0.0001831335
      176.0000000000        0.0242174687        0.0002039659
      177.0000000000        0.0244321051        0.0002254152
      178.0000000000        0.0246685274        0.0002475493
      179.0000000000        0.0249274561        0.0002704404
      180.0000000000        0.0252096861        0.0002941654
      181.0000000000        0.0255160922        0.0003188067
      182.0000000000        0.0258476343        0.0003444526
      183.0000000000        0.0262053640        0.0003711983
      184.0000000000        0.0265904316        0.0003991463
      185.0000000000        0.0270040942        0.0004284074
      186.0000000000        0.0274477241        0.0004591020
      187.0000000000        0.0279228195        0.0004913608
      188.0000000000        0.0284310145        0.0005253262
      189.0000000000        0.0289740924        0.0005611535
      190.0000000000        0.0295539987        0.0005990129
      191.0000000000        0.0301728575        0.0006390908
      192.0000000000        0.0308329878        0.0006815919
      193.0000000000        0.0315369240        0.0007267420
      194.0000000000        0.0322874374        0.0007747898
      195.0000000000        0.0330875609        0.0008260105
      196.0000000000        0.0339406172        0.0008807089
      197.0000000000        0.0348502504        0.0009392236
      198.0000000000        0.0358204615        0.0010019311
      199.0000000000        0.0368556497        0.0010692516
      200.0000000000        0.0379606583        0.0011416546
      201.0000000000        0.0391408276        0.0012196658
      202.0000000000        0.0404020554        0.0013038759
      203.0000000000        0.0417508664        0.0013949496
      204.0000000000        0.0431944914        0.0014936369
      205.0000000000        0.0447409597        0.0016007863
      206.0000000000        0.0463992041        0.0017173603
      207.0000000000        0.0481791849        0.0018444535
      208.0000000000        0.0500920319        0.0019833148
      209.0000000000        0.0521502110        0.0021353726
      210.0000000000        0.0543677197        0.0023022666
      211.0000000000        0.0567603155        0.0024858843
      212.0000000000        0.0593457859        0.0026884062
      213.0000000000        0.0621442674        0.0029123601
      214.0000000000        0.0651786251        0.0031606873
      215.0000000000        0.0684749050        0.0034368231
      216.0000000000        0.0720628760        0.0037447966
      217.0000000000        0.0759766828        0.0040893528
      218.0000000000        0.0802556355        0.0044761056
      219.0000000000        0.0849451693        0.0049117274
      220.0000000000        0.0900980192        0.0054041890
      221.0000000000        0.0957756624        0.0059630616
      222.0000000000        0.1020501043        0.0065999023
      223.0000000000        0.1090061011        0.0073287485
      224.0000000000        0.1167439448        0.0081667557
      225.0000000000        0.1253829792        0.0091350297
      226.0000000000        0.1350660708        0.0102597181
      227.0000000000        0.1459653397        0.0115734575
      228.0000000000        0.1582895682        0.0131173081
      229.0000000000        0.1722938646        0.0149433663
      230.0000000000        0.1882923882        0.0171183297
      231.0000000000        0.2066752749        0.0197284140
      232.0000000000        0.2293673852        0.0229041932
      233.0000000000        0.2541334193        0.0267586999
      234.0000000000        0.2831823277        0.0315081290
      235.0000000000        0.3137065558        0.0374685269
      236.0000000000        0.3547503057        0.0449114856
      237.0000000000        0.4042076942        0.0543957337
      238.0000000000        0.4644580946        0.0666389170
      239.0000000000        0.5387410741        0.0826634909
      240.0000000000        0.6315293423        0.1039426939
      241.0000000000        0.7490803045        0.1326152635
      242.0000000000        0.9002439311        0.1717843012
      243.0000000000        1.0976040374        0.2258724534
      244.0000000000        1.3589322133        0.3008283114
      245.0000000000        1.7084875582        0.4033865171
      246.0000000000        2.1761836654        0.5368854594
      247.0000000000        2.7884710265        0.6874557253
      248.0000000000        3.5368867880        0.7923625427
      249.0000000000        4.3110270821        0.7098803687
      250.0000000000        4.8466463897        0.3076538745
      251.0000000000        4.8622526488       -0.2762154034
      252.0000000000        4.3592169132       -0.6756791383
      253.0000000000        3.6218387931       -0.7525964221
      254.0000000000        2.9168630579       -0.6402018640
      255.0000000000        2.3551334731       -0.4838522686
      256.0000000000        1.9396022215       -0.3546997327
      257.0000000000        1.6286728697       -0.2756874040
      258.0000000000        1.3743512482       -0.2374749502
      259.0000000000        1.1500031170       -0.2109955304
      260.0000000000        0.9543298769       -0.1793732243
      261.0000000000        0.7920608236       -0.1453786117
      262.0000000000        0.6622659593       -0.1151432591
      263.0000000000        0.5597414839       -0.0909207892
      264.0000000000        0.4785411018       -0.0723272545
      265.0000000000        0.4135979091       -0.0582043454
      266.0000000000        0.3610190882       -0.0474300947
      267.0000000000        0.3179180455       -0.0391228223
      268.0000000000        0.2821687464       -0.0326356832
      269.0000000000        0.2521963398       -0.0275038794
      270.0000000000        0.2268214484       -0.0233937227
      271.0000000000        0.2051495329       -0.0200637747
      272.0000000000        0.1864932320       -0.0173373288
      273.0000000000        0.1703177279       -0.0150833976
      274.0000000000        0.1562019743       -0.0132036291
      275.0000000000        0.1438108614       -0.0116232535
      276.0000000000        0.1328749809       -0.0102847585
      277.0000000000        0.1231757313       -0.0091434187
      278.0000000000        0.1145342178       -0.0081640959
      279.0000000000        0.1068028847       -0.0073189216
      280.0000000000        0.0998591384       -0.0065855982
      281.0000000000        0.0936004373       -0.0059461391
      282.0000000000        0.0879404747       -0.0053859245
      283.0000000000        0.0828061856       -0.0048929875
      284.0000000000        0.0781353793       -0.0044574672
      285.0000000000        0.0738748525       -0.0040711879
      286.0000000000        0.0699788745       -0.0037273319
      287.0000000000        0.0664079631       -0.0034201826
      288.0000000000        0.0631278879       -0.0031449221
      289.0000000000        0.0601088561       -0.0028974703
      290.0000000000        0.0573248405       -0.0026743558
      291.0000000000        0.0547530253       -0.0024726127
      292.0000000000        0.0523733436       -0.0022896959
      293.0000000000        0.0501680921       -0.0021234132
      294.0000000000        0.0481216070       -0.0019718694
      295.0000000000        0.0462199911       -0.0018334195
      296.0000000000        0.0479398192       -0.0016629478
      297.0000000000        0.0463362932       -0.0015457402
      298.0000000000        0.0448452424       -0.0014378261
      299.0000000000        0.0434578661       -0.0013382407
      300.0000000000        0.0421662693       -0.0012461336
      301.0000000000        0.0409633577       -0.0011607526
      302.0000000000        0.0398427454       -0.0010814302
      303.0000000000        0.0387986762       -0.0010075731
      304.0000000000        0.0378259545       -0.0009386518
      305.0000000000        0.0369198857       -0.0008741927
      306.0000000000        0.0360762239       -0.0008137709
      307.0000000000        0.0352911260       -0.0007570042
      308.0000000000        0.0345611123       -0.0007035480
      309.0000000000        0.0338830309       -0.0006530901
      310.0000000000        0.0332540272       -0.0006053475
      311.0000000000        0.0326715171       -0.0005600621
      312.0000000000        0.0321331626       -0.0005169986
      313.0000000000        0.0316368515       -0.0004759408
      314.0000000000        0.0311806787       -0.0004366901
      315.0000000000        0.0307629303       -0.0003990627
      316.0000000000        0.0303820692       -0.0003628882
      317.0000000000        0.0300367228       -0.0003280077
      318.0000000000        0.0297256722       -0.0002942723
      319.0000000000        0.0294478433       -0.0002615418
      320.0000000000        0.0292022980       -0.0002296833
      321.0000000000        0.0289882282       -0.0001985702
      322.0000000000        0.0288049497       -0.0001680808
      323.0000000000        0.0286518978       -0.0001380978
      324.0000000000        0.0285286235       -0.0001085067
      325.0000000000        0.0284347912       -0.0000791954
      326.0000000000        0.0283701765       -0.0000500528
      327.0000000000        0.0283346660       -0.0000209685
      328.0000000000        0.0283282571        0.0000081687
      329.0000000000        0.0283510588        0.0000374718
      330.0000000000        0.0284032942        0.0000670558
      331.0000000000        0.0284853035        0.0000970395
      332.0000000000        0.0285975474        0.0001275463
      333.0000000000        0.0287406133        0.0001587053
      334.0000000000        0.0289152207        0.0001906527
      335.0000000000        0.0291222297        0.0002235332
      336.0000000000        0.0293626496        0.0002575014
      337.0000000000        0.0296376503        0.0002927234
      338.0000000000        0.0299485743        0.0003293794
      339.0000000000        0.0302969522        0.0003676651
      340.0000000000        0.0306845189        0.0004077946
      341.0000000000        0.0311132342        0.0004500033
      342.0000000000        0.0315853048        0.0004945509
      343.0000000000        0.0321032114        0.0005417257
      344.0000000000        0.0326697385        0.0005918485
      345.0000000000        0.0332880101        0.0006452779
      346.0000000000        0.0339615302        0.0007024168
      347.0000000000        0.0346942307        0.0007637187
      348.0000000000        0.0354905255        0.0008296966
      349.0000000000        0.0363553758        0.0009009330
      350.0000000000        0.0372943644        0.0009780912
      351.0000000000        0.0383137837        0.0010619297
      352.0000000000        0.0394207394        0.0011533193
      353.0000000000        0.0406232721        0.0012532632
      354.0000000000        0.0419305018        0.0013629214
      355.0000000000        0.0433527997        0.0014836414
      356.0000000000        0.0449019925        0.0016169941
      357.0000000000        0.0465916084        0.0017648193
      358.0000000000        0.0484371722        0.0019292809
      359.0000000000        0.0504565628        0.0021129361
      360.0000000000        0.0526704479        0.0023188212
      361.0000000000        0.0551028152        0.0025505603
      362.0000000000        0.0577816258        0.0028125012
      363.0000000000        0.0607396214        0.0031098905
      364.0000000000        0.0640153299        0.0034490959
      365.0000000000        0.0676543248        0.0038378950
      366.0000000000        0.0717108135        0.0042858500
      367.0000000000        0.0762496577        0.0048048006
      368.0000000000        0.0813489609        0.0054095154
      369.0000000000        0.0871034117        0.0061185639
      370.0000000000        0.0936286428        0.0069554917
      371.0000000000        0.1010669666        0.0079504237
      372.0000000000        0.1095949991        0.0091422732
      373.0000000000        0.1194339012        0.0105818207
      374.0000000000        0.1308632910        0.0123360560
      375.0000000000        0.1442403646        0.0144943749
      376.0000000000        0.1600265021        0.0171775353
      377.0000000000        0.1788247575        0.0205507536
      378.0000000000        0.2014333667        0.0248430805
      379.0000000000        0.2289230764        0.0303763381
      380.0000000000        0.2627501794        0.0376085979
      381.0000000000        0.3049232040        0.0471994180
      382.0000000000        0.3582495629        0.0601061684
      383.0000000000        0.4303906018        0.0777657890
      384.0000000000        0.5196519101        0.1020762017
      385.0000000000        0.6376701459        0.1357879583
      386.0000000000        0.7954250139        0.1820657316
      387.0000000000        1.0067101105        0.2428727496
      388.0000000000        1.2845781610        0.3132469095
      389.0000000000        1.6282745151        0.3674596231
      390.0000000000        1.9934972306        0.3429069004
      391.0000000000        2.2634690813        0.1706013576
      392.0000000000        2.2982897681       -0.1051519297
      393.0000000000        2.0767784331       -0.3140513430
      394.0000000000        1.7228109456       -0.3705748159
      395.0000000000        1.3685007100       -0.3284973764
      396.0000000000        1.0746414400       -0.2584731037
      397.0000000000        0.8493177965       -0.1943317037
      398.0000000000        0.6811149604       -0.1445038149
      399.0000000000        0.5558663694       -0.1079563843
      400.0000000000        0.4618194825       -0.0815715549
      401.0000000000        0.3903010924       -0.0624785026
      402.0000000000        0.3351595800       -0.0485156469
      403.0000000000        0.2920726081       -0.0381599818
      404.0000000000        0.2579909791       -0.0303609736
      405.0000000000        0.2307419118       -0.0243954766
      406.0000000000        0.2087575655       -0.0197622649
      407.0000000000        0.1908914992       -0.0161100334
      408.0000000000        0.1762944266       -0.0131893047
      409.0000000000        0.1643294669       -0.0108204326
      410.0000000000        0.1545137157       -0.0088722136
      411.0000000000        0.1434640651       -0.0072099307
      412.0000000000        0.1369592709       -0.0058363098
      413.0000000000        0.1317266599       -0.0046574602
      414.0000000000        0.1275938782       -0.0036303312
      415.0000000000        0.1244267751       -0.0027210933
      416.0000000000        0.1221214640       -0.0019027030
      417.0000000000        0.1205984736       -0.0011531200
      418.0000000000        0.1196119736       -0.0004516562
      419.0000000000        0.1194947897        0.0002126964
      420.0000000000        0.1200304055        0.0008561255
      421.0000000000        0.1212042668        0.0014912096
      422.0000000000        0.1230140028        0.0021298204
      423.0000000000        0.1254689605        0.0027835973
      424.0000000000        0.1285901963        0.0034643931
      425.0000000000        0.1324109115        0.0041847210
      426.0000000000        0.1369773472        0.0049582308
      427.0000000000        0.1423501824        0.0058002447
      428.0000000000        0.1486065128        0.0067283890
      429.0000000000        0.1558425262        0.0077633646
      430.0000000000        0.1641770417        0.0089299141
      431.0000000000        0.1737561443        0.0102580614
      432.0000000000        0.1847592384        0.0117847290
      433.0000000000        0.1974069653        0.0135558788
      434.0000000000        0.2119716076        0.0156293847
      435.0000000000        0.2287908498        0.0180789337
      436.0000000000        0.2482861299        0.0209993907
      437.0000000000        0.2709873407        0.0245142645
      438.0000000000        0.2975664283        0.0287862264
      439.0000000000        0.3288836059        0.0340321147
      440.0000000000        0.3660516839        0.0405446073
      441.0000000000        0.4105267377        0.0487239090
      442.0000000000        0.4642375230        0.0591246170
      443.0000000000        0.5297725054        0.0725257049
      444.0000000000        0.6106532422        0.0900356659
      445.0000000000        0.7117375180        0.1132502870
      446.0000000000        0.8398158860        0.1444856836
      447.0000000000        1.0044877574        0.1871062362
      448.0000000000        1.2194083330        0.2459272700
      449.0000000000        1.5039105078        0.3275018316
      450.0000000000        1.8845795236        0.4395193998
      451.0000000000        2.3948725104        0.5868378215
      452.0000000000        3.0666448661        0.7577505413
      453.0000000000        3.8987973722        0.8906140135
      454.0000000000        4.7854761951        0.8343572650
      455.0000000000        5.4449110186        0.4200961889
      456.0000000000        5.5358873522       -0.2493028543
      457.0000000000        5.0020120180       -0.7610052139
      458.0000000000        4.1417961896       -0.9024462787
      459.0000000000        3.2778103280       -0.8019625088
      460.0000000000        2.5598246739       -0.6320380387
      461.0000000000        2.0084627296       -0.4758967006
      462.0000000000        1.5962261123       -0.3544903517
      463.0000000000        1.2886535357       -0.2654422123
      464.0000000000        1.0570881592       -0.2011890253
      465.0000000000        0.9112426682       -0.1543512372
      466.0000000000        0.7747250374       -0.1204210358
      467.0000000000        0.6674757373       -0.0953035322
      468.0000000000        0.5820435412       -0.0764355589
      469.0000000000        0.5131153100       -0.0620532531
      470.0000000000        0.4568531137       -0.0509346889
      471.0000000000        0.4104459831       -0.0422241114
      472.0000000000        0.3718064221       -0.0353145287
      473.0000000000        0.3393633315       -0.0297696123
      474.0000000000        0.3119191707       -0.0252715095
      475.0000000000        0.2885502107       -0.0215856602
      476.0000000000        0.2685359848       -0.0185368136
      477.0000000000        0.2513087538       -0.0159924835
      478.0000000000        0.2364168578       -0.0138513926
      479.0000000000        0.2234978236       -0.0120353036
      480.0000000000        0.2122584063       -0.0104831752
      481.0000000000        0.2024596199       -0.0091469326
      482.0000000000        0.1939053967       -0.0079883737
      483.0000000000        0.1864339150       -0.0069768814
      484.0000000000        0.1799109091       -0.0060877152
      485.0000000000        0.1742244664       -0.0053007228
      486.0000000000        0.1692809515       -0.0045993605
      487.0000000000        0.1650017900       -0.0039699397
      488.0000000000        0.1613209169       -0.0034010448
      489.0000000000        0.1581827408       -0.0028830773
      490.0000000000        0.1555405128       -0.0024078972
      491.0000000000        0.1533550165       -0.0019685379
      492.0000000000        0.1515935127       -0.0015589767
      493.0000000000        0.1502288918       -0.0011739496
      494.0000000000        0.1492389935       -0.0008087985
      495.0000000000        0.1486060666       -0.0004593444
      496.0000000000        0.1483163445       -0.0001217803
      497.0000000000        0.1483597207        0.0002074214
      498.0000000000        0.1487295114        0.0005315911
      499.0000000000        0.1494222951        0.0008539355
      500.0000000000        0.1504378248        0.0011776076
      501.0000000000        0.1517790074        0.0015057739
      502.0000000000        0.1534519516        0.0018416825
      503.0000000000        0.1554660840        0.0021887334
      504.0000000000        0.1578343386        0.0025505550
      505.0000000000        0.1605734268        0.0029310885
      506.0000000000        0.1637041974        0.0033346845
      507.0000000000        0.1672521001        0.0037662153
      508.0000000000        0.2326990380        0.0050030320
      509.0000000000        0.2379581940        0.0055225550
      510.0000000000        0.2437599812        0.0060896191
      511.0000000000        0.2501561371        0.0067128497
      512.0000000000        0.2572077763        0.0074024319
      513.0000000000        0.2649871333        0.0081704917
      514.0000000000        0.2735797359        0.0090315808
      515.0000000000        0.2830871284        0.0100032974
      516.0000000000        0.2936303014        0.0111070878
      517.0000000000        0.3053540394        0.0123692918
      518.0000000000        0.3184324694        0.0138225164
      519.0000000000        0.3330761956        0.0155074587
      520.0000000000        0.3495415503        0.0174753478
      521.0000000000        0.3681426935        0.0197912491
      522.0000000000        0.3892675893        0.0225385834
      523.0000000000        0.4133993132        0.0258253735
      524.0000000000        0.4411447744        0.0297929807
      525.0000000000        0.4732738742        0.0346284698
      526.0000000000        0.5107735269        0.0405823210
      527.0000000000        0.5549231129        0.0479941185
      528.0000000000        0.6074012150        0.0573302537
      529.0000000000        0.6704385420        0.0692398743
      530.0000000000        0.7470397324        0.0846386379
      531.0000000000        0.8413085546        0.1048346251
      532.0000000000        0.9589283243        0.1317167477
      533.0000000000        1.1078722286        0.1680301967
      534.0000000000        1.2994399672        0.2177532839
      535.0000000000        1.5497055177        0.2865212402
      536.0000000000        1.8812997851        0.3817743128
      537.0000000000        2.3247723612        0.5114344730
      538.0000000000        2.9165546637        0.6774949726
      539.0000000000        3.6846829288        0.8560962198
      540.0000000000        4.6036704739        0.9556784493
      541.0000000000        5.5079549438        0.7915914822
      542.0000000000        6.0519794812        0.2376161051
      543.0000000000        5.9307547527       -0.4647244583
      544.0000000000        5.2218478114       -0.8846122033
      545.0000000000        4.2891786266       -0.9312274294
      546.0000000000        3.4222969071       -0.7868460201
      547.0000000000        2.7262379460       -0.6067726774
      548.0000000000        2.1995175966       -0.4528093740
      549.0000000000        1.8080676501       -0.3360358679
      550.0000000000        1.5168414898       -0.2510215898
      551.0000000000        1.2981562709       -0.1896651702
      552.0000000000        1.1305018247       -0.1451149099
      553.0000000000        1.0025632732       -0.1124014563
      554.0000000000        0.9029357137       -0.0880134841
      555.0000000000        0.8245708344       -0.0695464204
      556.0000000000        0.7624271946       -0.0553429269
      557.0000000000        0.7128515112       -0.0442510213
      558.0000000000        0.6731605643       -0.0354604974
      559.0000000000        0.6413576096       -0.0283939427
      560.0000000000        0.6159382999       -0.0226341857
      561.0000000000        0.5957563451       -0.0178756933
      562.0000000000        0.5799293658       -0.0138916918
      563.0000000000        0.5677720819       -0.0105116669
      564.0000000000        0.5587483132       -0.0076057775
      565.0000000000        0.5524360904       -0.0050739215
      566.0000000000        0.5485020153       -0.0028379708
      567.0000000000        0.5466822284       -0.0008361880
      568.0000000000        0.5467681557        0.0009808359
      569.0000000000        0.5485957497        0.0026531734
      570.0000000000        0.5520373220        0.0042137903
      571.0000000000        0.5569953159        0.0056902274
      572.0000000000        0.5633975524        0.0071058871
      573.0000000000        0.5711936104        0.0084810296
      574.0000000000        0.5803520928        0.0098335589
      575.0000000000        0.5908585962        0.0111796526
      576.0000000000        0.6027142510        0.0125342798
      577.0000000000        0.6159347367        0.0139116366
      578.0000000000        0.6305497021        0.0153255253
      579.0000000000        0.6466025447        0.0167896953
      580.0000000000        0.6641505191        0.0183181638
      581.0000000000        0.6832651607        0.0199255273
      582.0000000000        0.7040330228        0.0216272792
      583.0000000000        0.7265567391        0.0234401444
      584.0000000000        0.7509564341        0.0253824439
      585.0000000000        0.7816425087        0.0275279783
      586.0000000000        0.8102878973        0.0297936129
      587.0000000000        0.8412958277        0.0322576488
      588.0000000000        0.8748791073        0.0349495694
      589.0000000000        0.9112821768        0.0379032994
      590.0000000000        0.9507860053        0.0411581436
      591.0000000000        0.9937140250        0.0447599343
      592.0000000000        1.0404393402        0.0487624451
      593.0000000000        1.0913935136        0.0532291450
      594.0000000000        1.1470773171        0.0582353913
      595.0000000000        1.2080739470        0.0638711914
      596.0000000000        1.2750653546        0.0702447045
      597.0000000000        1.3488525424        0.0774867162
      598.0000000000        1.4303809484        0.0857563987
      599.0000000000        1.5207724054        0.0952487870
      600.0000000000        1.6213656722        0.1062045599
      601.0000000000        1.7337682312        0.1189229529
      602.0000000000        1.8599230271        0.1337789574
      603.0000000000        2.0021952113        0.1512464564
      604.0000000000        2.1634859345        0.1719296572
      605.0000000000        2.3473830971        0.1966062591
      606.0000000000        2.5583631482        0.2262873980
      607.0000000000        2.8020642095        0.2623018629
      608.0000000000        3.0856600391        0.3064158444
      609.0000000000        3.4183783109        0.3610053017
      610.0000000000        3.8122279836        0.4293071230
      611.0000000000        4.2830332555        0.5157893967
      612.0000000000        4.8519220671        0.6267029330
      613.0000000000        5.5474945477        0.7709088257
      614.0000000000        6.4090132169        0.9611220591
      615.0000000000        7.4911222901        1.2157611512
      616.0000000000        8.8673481720        1.5616459471
      617.0000000000       10.6540046394        2.0372753051
      618.0000000000       13.0028632160        2.6963094295
      619.0000000000       16.1301069951        3.6057153521
      620.0000000000       20.3179107548        4.8233476949
      621.0000000000       25.8700382876        6.3104756381
      622.0000000000       32.9126188610        7.6937141478
      623.0000000000       40.8674690179        7.8787202416
      624.0000000000       47.7047955591        5.2157872296
      625.0000000000       50.2740282073       -0.3783352142
      626.0000000000       47.0438357507       -5.7020110219
      627.0000000000       39.9579164817       -7.9037865504
      628.0000000000       32.1288976730       -7.4589298121
      629.0000000000       25.3628081440       -6.0151401022
      630.0000000000       20.0976678231       -4.5512758652
      631.0000000000       16.1619056645       -3.3737264965
      632.0000000000       13.2487650803       -2.4984547469
      633.0000000000       11.0849715209       -1.8633275153
      634.0000000000        9.4641765751       -1.4025303013
      635.0000000000        8.2391615874       -1.0644810278
      636.0000000000        7.3067218646       -0.8122841938
      637.0000000000        6.5946000099       -0.6203269700
      638.0000000000        6.0519472549       -0.4709074638
      639.0000000000        5.6427571519       -0.3516894995
      640.0000000000        5.3414393310       -0.2539371094
      641.0000000000        5.1298541460       -0.1713237039
      642.0000000000        4.9953299608       -0.0991309607
      643.0000000000        4.9293448131       -0.0337027025
      644.0000000000        4.9266663766        0.0279379796
      645.0000000000        4.9848197983        0.0883699804
      646.0000000000        5.1038041943        0.1499961492
      647.0000000000        5.2860146798        0.2152369253
      648.0000000000        5.5363545260        0.2867209583
      649.0000000000        5.8625464667        0.3674969644
      650.0000000000        6.2756776797        0.4612943126
      651.0000000000        6.7910440869        0.5728680211
      652.0000000000        7.4294020574        0.7084786655
      653.0000000000        8.2187973559        0.8765821625
      654.0000000000        9.1972340858        1.0888431258
      655.0000000000       10.4165876352        1.3616445197
      656.0000000000       11.9483782437        1.7183502676
      657.0000000000       13.8923283281        2.1926772667
      658.0000000000       16.3890181629        2.8335825991
      659.0000000000       19.6382749455        3.7118033295
      660.0000000000       23.9244921662        4.9266829188
      661.0000000000       29.6464663936        6.6063056802
      662.0000000000       37.3350520917        8.8761790718
      663.0000000000       47.5968839285       11.7243595659
      664.0000000000       60.8097717655       14.6076170230
      665.0000000000       76.2390126890       15.7097032140
      666.0000000000       90.5473807155       11.8128026277
      667.0000000000       97.6790491724        1.6314244164
      668.0000000000       93.4344255117       -9.6130010853
      669.0000000000       80.3910280080      -15.3243782263
      670.0000000000       64.7534146305      -15.2441352090
      671.0000000000       50.7418646549      -12.5944748979
      672.0000000000       39.6467561703       -9.6462267966
      673.0000000000       31.2724358147       -7.2072060571
      674.0000000000       25.0267020121       -5.3793279216
      675.0000000000       20.3462030130       -4.0538532771
      676.0000000000       16.7961540455       -3.0978850358
      677.0000000000       14.0635176611       -2.4036892678
      678.0000000000       11.9277347993       -1.8934068005
      679.0000000000       10.2336184725       -1.5129369090
      680.0000000000        8.8711210215       -1.2250649647
      681.0000000000        7.7612662534       -1.0041150023
      682.0000000000        6.8466006180       -0.8322089372
      683.0000000000        6.0847393259       -0.6967479638
      684.0000000000        5.4439821111       -0.5887361789
      685.0000000000        4.9003061641       -0.5016637667
      686.0000000000        4.4352792477       -0.4307576922
      687.0000000000        4.0345930207       -0.3724738387
      688.0000000000        3.6870189833       -0.3241487664
      689.0000000000        3.3836558696       -0.2837579957
      690.0000000000        3.1173805063       -0.2497461610
      691.0000000000        2.8824424565       -0.2209062215
      692.0000000000        2.6741614866       -0.1962925531
      693.0000000000        2.4886994096       -0.1751577162
      694.0000000000        2.3228863197       -0.1569059538
      695.0000000000        2.1740870223       -0.1410586465
      696.0000000000        2.0400974633       -0.1272283980
      697.0000000000        1.9190637615       -0.1150994179
      698.0000000000        1.8094184248       -0.1044125390
      699.0000000000        1.7098297425       -0.0949536796
      700.0000000000        1.6191613652       -0.0865448859
      701.0000000000        1.5364398208       -0.0790373241
      702.0000000000        1.4608282645       -0.0723057567
      703.0000000000        1.3879742106       -0.0661989869
      704.0000000000        1.3245606880       -0.0607178500
      705.0000000000        1.2663712457       -0.0557388585
      706.0000000000        1.2201165600       -0.0511053684
      707.0000000000        1.1711246035       -0.0469369140
      708.0000000000        1.1261341907       -0.0430942754
      709.0000000000        1.0848426223       -0.0395320822
      710.0000000000        1.0469901617       -0.0362096040
      711.0000000000        1.0123559006       -0.0330897586
      712.0000000000        0.9807545628       -0.0301382225
      713.0000000000        0.9520341628       -0.0273226029
      714.0000000000        0.9260744756       -0.0246116387
      715.0000000000        0.9027863069       -0.0219743927
      716.0000000000        0.8821115905       -0.0193793969
      717.0000000000        0.8640243839       -0.0167937036
      718.0000000000        0.8485328811       -0.0141817881
      719.0000000000        0.8356826277       -0.0115042296
      720.0000000000        0.8255612035       -0.0087160749
      721.0000000000        0.8183047528       -0.0057647549
      722.0000000000        0.8141068942       -0.0025873739
      723.0000000000        0.8132307584        0.0008928860
      724.0000000000        0.8160252081        0.0047716077
      725.0000000000        0.8229467395        0.0091697644
      726.0000000000        0.8345892116        0.0142429070
      727.0000000000        0.8517245080        0.0201940779
      728.0000000000        0.8753586754        0.0272922069
      729.0000000000        0.9068102606        0.0358986549
      730.0000000000        0.9478208930        0.0465060024
      731.0000000000        1.0007132891        0.0597953940
      732.0000000000        1.0686197450        0.0767221530
      733.0000000000        1.1558162559        0.0986443882
      734.0000000000        1.2682153430        0.1275159673
      735.0000000000        1.4140954338        0.1661715480
      736.0000000000        1.6051721900        0.2187277536
      737.0000000000        1.8581236041        0.2910760585
      738.0000000000        2.1965745016        0.3912349257
      739.0000000000        2.6530259229        0.5286188964
      740.0000000000        3.2684013772        0.7091983479
      741.0000000000        4.0817153847        0.9187330525
      742.0000000000        5.0917935321        1.0819851195
      743.0000000000        6.1694964806        1.0142888226
      744.0000000000        6.9703858266        0.5085859884
      745.0000000000        7.0764225280       -0.3104255431
      746.0000000000        6.4172940397       -0.9376272615
      747.0000000000        5.3577701529       -1.1115809673
      748.0000000000        4.2931185924       -0.9887851467
      749.0000000000        3.4072034810       -0.7805943256
      750.0000000000        2.7255162361       -0.5891522892
      751.0000000000        2.2144477197       -0.4402280240
      752.0000000000        1.8317938831       -0.3309459749
      753.0000000000        1.5424409865       -0.2520501389
      754.0000000000        1.3204454722       -0.1949738898
      755.0000000000        1.1473947617       -0.1532572009
      756.0000000000        1.0103446939       -0.1223463500
      757.0000000000        0.9001578532       -0.0991002731
      758.0000000000        0.8103170021       -0.0813573707
      759.0000000000        0.7361127755       -0.0676201552
      760.0000000000        0.6740943746       -0.0568398661
      761.0000000000        0.6216976544       -0.0482725925
      762.0000000000        0.5769913601       -0.0413835664
      763.0000000000        0.5385020813       -0.0357832108
      764.0000000000        0.5050920106       -0.0311840267
      765.0000000000        0.4758724816       -0.0273712051
      766.0000000000        0.4501420298       -0.0241823545
      767.0000000000        0.4273414699       -0.0214933425
      768.0000000000        0.4070209244       -0.0192082870
      769.0000000000        0.3888153489       -0.0172523974
      770.0000000000        0.3724261678       -0.0155667934
      771.0000000000        0.3576073558       -0.0141047159
      772.0000000000        0.3441547864       -0.0128287258
      773.0000000000        0.3318980074       -0.0117086129
      774.0000000000        0.3206938363       -0.0107198201
      775.0000000000        0.3104213336       -0.0098422450
      776.0000000000        0.3009778269       -0.0090593215
      777.0000000000        0.2922757454       -0.0083573088
      778.0000000000        0.2842400821       -0.0077247385
      779.0000000000        0.2768063478       -0.0071519796
      780.0000000000        0.2699189117       -0.0066308950
      781.0000000000        0.2635296495       -0.0061545684
      782.0000000000        0.2575968365       -0.0057170841
      783.0000000000        0.2520842387       -0.0053133500
      784.0000000000        0.2469603636       -0.0049389534
      785.0000000000        0.2113696983       -0.0042050944
      786.0000000000        0.2073261475       -0.0038853994
      787.0000000000        0.2035925985       -0.0035846178
      788.0000000000        0.2001515075       -0.0033000576
      789.0000000000        0.1969878922       -0.0030292774
      790.0000000000        0.1940891085       -0.0027700348
      791.0000000000        0.1914446750       -0.0025202384
      792.0000000000        0.1890461448       -0.0022779047
      793.0000000000        0.1868870177       -0.0020411160
      794.0000000000        0.1849626953       -0.0018079794
      795.0000000000        0.1832704778       -0.0015765837
      796.0000000000        0.1818096050       -0.0013449529
      797.0000000000        0.1805813460       -0.0011109944
      798.0000000000        0.1795891458       -0.0008724385
      799.0000000000        0.1788388376       -0.0006267653
      800.0000000000        0.1783389357       -0.0003711155
      801.0000000000        0.1781010295       -0.0001021770
      802.0000000000        0.1781403059        0.0001839603
      803.0000000000        0.1784762375        0.0004919942
      804.0000000000        0.1791334905        0.0008276620
      805.0000000000        0.1801431242        0.0011980783
      806.0000000000        0.1815441870        0.0016121958
      807.0000000000        0.1833858546        0.0020814405
      808.0000000000        0.1857303218        0.0026205985
      809.0000000000        0.1886567534        0.0032490723
      810.0000000000        0.1922667454        0.0039926794
      811.0000000000        0.1966919645        0.0048862652
      812.0000000000        0.2021049698        0.0059775408
      813.0000000000        0.2087347399        0.0073327847
      814.0000000000        0.2168892217        0.0090453830
      815.0000000000        0.2269884221        0.0112486652
      816.0000000000        0.2396133045        0.0141350597
      817.0000000000        0.2555779817        0.0179838908
      818.0000000000        0.2760345467        0.0231986444
      819.0000000000        0.3026174842        0.0303460971
      820.0000000000        0.3376143817        0.0401581284
      821.0000000000        0.3840693049        0.0533568102
      822.0000000000        0.4454711879        0.0698957510
      823.0000000000        0.5240419809        0.0867353360
      824.0000000000        0.6157413283        0.0936188139
      825.0000000000        0.7017638228        0.0722046097
      826.0000000000        0.7476362605        0.0148008679
      827.0000000000        0.7290336291       -0.0491910935
      828.0000000000        0.6001090040       -0.0810539391
      829.0000000000        0.5173594660       -0.0803531798
      830.0000000000        0.4442933212       -0.0646869456
      831.0000000000        0.3885126288       -0.0471418115
      832.0000000000        0.3490327860       -0.0324016607
      833.0000000000        0.3225635341       -0.0210650325
      834.0000000000        0.3059774019       -0.0125022059
      835.0000000000        0.2968954953       -0.0059357282
      836.0000000000        0.2936552183       -0.0007271696
      837.0000000000        0.2951472163        0.0035952064
      838.0000000000        0.3006648162        0.0073721672
      839.0000000000        0.3097938715        0.0108541974
      840.0000000000        0.3223394815        0.0142339281
      841.0000000000        0.3382806566        0.0176699079
      842.0000000000        0.3577453976        0.0213040982
      843.0000000000        0.3810011713        0.0252755415
      844.0000000000        0.4084579963        0.0297322139
      845.0000000000        0.4406831741        0.0348427228
      846.0000000000        0.4784282790        0.0408093840
      847.0000000000        0.5226705944        0.0478843403
      848.0000000000        0.5746730282        0.0563907982
      849.0000000000        0.6360689696        0.0667522427
      850.0000000000        0.7089820169        0.0795338037
      851.0000000000        0.7961956481        0.0955020552
      852.0000000000        0.9013957256        0.1157128453
      853.0000000000        1.0295207142        0.1416419028
      854.0000000000        1.1872728419        0.1753806557
      855.0000000000        1.3838709528        0.2199303121
      856.0000000000        1.6321647678        0.2796387762
      857.0000000000        1.9502772903        0.3608261118
      858.0000000000        2.3639696280        0.4725918709
      859.0000000000        2.9098185461        0.6275471872
      860.0000000000        3.6386812087        0.8413234010
      861.0000000000        4.6166456539        1.1269864039
      862.0000000000        5.9138283237        1.4736847620
      863.0000000000        7.5556944703        1.7894168949
      864.0000000000        9.3968782647        1.8114853741
      865.0000000000       10.9494723609        1.1583605275
      866.0000000000       11.4812472362       -0.1585394444
      867.0000000000       10.6684360030       -1.3735897400
      868.0000000000        8.9901191087       -1.8530219063
      869.0000000000        7.1641557575       -1.7332992781
      870.0000000000        5.5938385558       -1.3953825209
      871.0000000000        4.3713498187       -1.0584270469
      872.0000000000        3.4537868085       -0.7891343317
      873.0000000000        2.7696255482       -0.5897634572
      874.0000000000        2.2558482471       -0.4456535251
      875.0000000000        1.8649943362       -0.3416402379
      876.0000000000        1.5631746141       -0.2659216635
      877.0000000000        1.3265516517       -0.2100871318
      878.0000000000        1.1383318552       -0.1683177926
      879.0000000000        0.9865751867       -0.1366115619
      880.0000000000        0.8626855477       -0.1122021910
      881.0000000000        0.7603884962       -0.0931582649
      882.0000000000        0.6750398778       -0.0781144384
      883.0000000000        0.6031551991       -0.0660926564
      884.0000000000        0.5420859464       -0.0563828921
      885.0000000000        0.4897942674       -0.0484629483
      886.0000000000        0.4446941185       -0.0419439490
      887.0000000000        0.4055378329       -0.0365328539
      888.0000000000        0.3713341075       -0.0320063594
      889.0000000000        0.3412879870       -0.0281925067
      890.0000000000        0.3892568920       -0.0240239729
      891.0000000000        0.3666580089       -0.0212452024
      892.0000000000        0.3466365471       -0.0188568065
      893.0000000000        0.3288365331       -0.0167924280
      894.0000000000        0.3129615899       -0.0149986880
      895.0000000000        0.2987634486       -0.0134323372
      896.0000000000        0.2860329488       -0.0120580955
      897.0000000000        0.2745929318       -0.0108469985
      898.0000000000        0.2642925894       -0.0097751232
      899.0000000000        0.2550029383       -0.0088225976
      900.0000000000        0.2466131725       -0.0079728249
      901.0000000000        0.2390277057       -0.0072118726
      902.0000000000        0.2321637579       -0.0065279879
      903.0000000000        0.2259493772       -0.0059112104
      904.0000000000        0.2203218078       -0.0053530615
      905.0000000000        0.2109936247       -0.0047935395
      906.0000000000        0.2064339282       -0.0043329056
      907.0000000000        0.2023145627       -0.0039120483
      908.0000000000        0.1985981244       -0.0035263329
      909.0000000000        0.1952515294       -0.0031717370
      910.0000000000        0.1922454499       -0.0028447572
      911.0000000000        0.1895538342       -0.0025423322
      912.0000000000        0.1871534989       -0.0022617778
      913.0000000000        0.1850237783       -0.0020007337
      914.0000000000        0.1831462250       -0.0017571171
      915.0000000000        0.1815043515       -0.0015290850
      916.0000000000        0.1800834073       -0.0013150017
      917.0000000000        0.1788701859       -0.0011134105
      918.0000000000        0.1778528573       -0.0009230111
      919.0000000000        0.1770208227       -0.0007426386
      920.0000000000        0.1763645877       -0.0005712468
      921.0000000000        0.1758756509       -0.0004078928
      922.0000000000        0.1755464077       -0.0002517247
      923.0000000000        0.1753700646       -0.0001019697
      924.0000000000        0.3122113395        0.0017551759
      925.0000000000        0.3140526132        0.0019267134
      926.0000000000        0.3160635496        0.0020945995
      927.0000000000        0.3182407844        0.0022594008
      928.0000000000        0.3205814986        0.0024216429
      929.0000000000        0.3230833808        0.0025818158
      930.0000000000        0.3257445936        0.0027403782
      931.0000000000        0.3285637444        0.0028977616
      932.0000000000        0.3315398601        0.0030543741
      933.0000000000        0.3346723649        0.0032106030
      934.0000000000        0.3379610616        0.0033668183
      935.0000000000        0.3414061153        0.0035233750
      936.0000000000        0.3450080398        0.0036806159
      937.0000000000        0.3487676861        0.0038388732
      938.0000000000        0.3526862330        0.0039984708
      939.0000000000        0.3567651804        0.0041597265
      940.0000000000        0.3610063430        0.0043229532
      941.0000000000        0.3654118471        0.0044884610
      942.0000000000        0.3699841281        0.0046565585
      943.0000000000        0.3747259302        0.0048275545
      944.0000000000        0.3796403067        0.0050017593
      945.0000000000        0.3847306227        0.0051794862
      946.0000000000        0.3900005588        0.0053610528
      947.0000000000        0.3954541160        0.0055467826
      948.0000000000        0.4010956219        0.0057370062
      949.0000000000        0.4069297391        0.0059320625
      950.0000000000        0.4129614740        0.0061323006
      951.0000000000        0.4191961875        0.0063380807
      952.0000000000        0.4256396071        0.0065497762
      953.0000000000        0.4322978407        0.0067677745
      954.0000000000        0.4391773914        0.0069924793
      955.0000000000        0.4462851748        0.0072243116
      956.0000000000        0.4536285372        0.0074637123
      957.0000000000        0.4612152760        0.0077111433
      958.0000000000        0.4690536620        0.0079670899
      959.0000000000        0.4771524642        0.0082320628
      960.0000000000        0.4855209755        0.0085066004
      961.0000000000        0.4941690425        0.0087912715
      962.0000000000        0.5031070963        0.0090866773
      963.0000000000        0.5123461873        0.0093934550
      964.0000000000        0.5218980218        0.0097122803
      965.0000000000        0.5317750027        0.0100438711
      966.0000000000        0.5419902731        0.0103889908
      967.0000000000        0.5525577643        0.0107484525
      968.0000000000        0.5634922472        0.0111231235
      969.0000000000        0.5748093889        0.0115139294
      970.0000000000        0.5865258134        0.0119218598
      971.0000000000        0.5986591688        0.0123479738
      972.0000000000        0.6112281994        0.0127934060
      973.0000000000        0.6242528250        0.0132593738
      974.0000000000        0.6377542268        0.0137471844
      975.0000000000        0.6517549421        0.0142582435
      976.0000000000        0.6662789663        0.0147940641
      977.0000000000        0.6813518664        0.0153562773
      978.0000000000        0.6970009034        0.0159466426
      979.0000000000        0.7132551678        0.0165670615
      980.0000000000        0.7301457278        0.0172195903
      981.0000000000        0.7477057921        0.0179064565
      982.0000000000        0.7659708894        0.0186300755
      983.0000000000        0.7849790659        0.0193930703
      984.0000000000        0.8047711030        0.0201982926
      985.0000000000        0.8253907589        0.0210488476
      986.0000000000        0.8468850341        0.0219481207
      987.0000000000        0.8689608049        0.0229040789
      988.0000000000        0.8923640338        0.0239121451
      989.0000000000        0.9168053856        0.0249810969
      990.0000000000        0.9423481361        0.0261157900
      991.0000000000        0.9690606515        0.0273215588
      992.0000000000        0.9970168957        0.0286042738
      993.0000000000        1.0262969973        0.0299704060
      994.0000000000        1.0569878871        0.0314271017
      995.0000000000        1.0891840143        0.0329822666
      996.0000000000        1.1229881537        0.0346446638
      997.0000000000        1.1585123178        0.0364240251
      998.0000000000        1.1958787881        0.0383311805
      999.0000000000        1.2352212870        0.0403782076
     1000.0000000000        1.2766863085        0.0425786041
     1001.0000000000        1.3204346376        0.0449474896
     1002.0000000000        1.3666430857        0.0475018399
     1003.0000000000        1.4155064807        0.0502607617
     1004.0000000000        1.4672399549        0.0532458150
     1005.0000000000        1.5220815823        0.0564813919
     1006.0000000000        1.5802954288        0.0599951656
     1007.0000000000        1.6421750916        0.0638186214
     1008.0000000000        1.7080478181        0.0679876897
     1009.0000000000        1.7782793180        0.0725435022
     1010.0000000000        1.8532794041        0.0775332987
     1011.0000000000        1.9335086294        0.0830115204
     1012.0000000000        2.0194861296        0.0890411327
     1013.0000000000        2.1117989239        0.0956952337
     1014.0000000000        2.2111129980        0.1030590192
     1015.0000000000        2.3181865661        0.1112321961
     1016.0000000000        2.4338860188        0.1203319617
     1017.0000000000        2.5592051958        0.1304967021
     1018.0000000000        2.6952887967        0.1418906112
     1019.0000000000        2.8434609789        0.1547094930
     1020.0000000000        3.0052604913        0.1691881001
     1021.0000000000        3.1824841038        0.1856094767
     1022.0000000000        3.3772406377        0.2043169390
     1023.0000000000        3.5920186423        0.2257295550
     1024.0000000000        3.8297717770        0.2503623050
     1025.0000000000        4.0940273525        0.2788525585
     1026.0000000000        4.3818666263        0.3120845244
     1027.0000000000        4.7128283186        0.3508770487
     1028.0000000000        5.0859230362        0.3965881916
     1029.0000000000        5.5088461241        0.4508392044
     1030.0000000000        5.9911393201        0.5157249126
     1031.0000000000        6.5447428880        0.5939802189
     1032.0000000000        7.1847463874        0.6892152069
     1033.0000000000        7.9304217241        0.8062511709
     1034.0000000000        8.8066622986        0.9516068386
     1035.0000000000        9.8460135680        1.1342104640
     1036.0000000000       11.0915750450        1.3664545017
     1037.0000000000       12.6011996758        1.6657722489
     1038.0000000000       14.4536390682        2.0570073234
     1039.0000000000       16.7576116669        2.5759654223
     1040.0000000000       19.6652169125        3.2746390016
     1041.0000000000       23.3915857823        4.2284779011
     1042.0000000000       28.2426388160        5.5450204258
     1043.0000000000       34.6504249204        7.3688651455
     1044.0000000000       43.2046039941        9.8634840009
     1045.0000000000       54.6316845683       13.1088713579
     1046.0000000000       69.5716509163       16.7638720728
     1047.0000000000       87.8087590636       19.2926170882
     1048.0000000000      106.6333366299       17.2292351869
     1049.0000000000      119.5744616439        7.3381619915
     1050.0000000000      119.7373983014       -7.0111253543
     1051.0000000000      107.1282906171      -16.8911230899
     1052.0000000000       88.6486409498      -18.9409688314
     1053.0000000000       70.7696599884      -16.3992453784
     1054.0000000000       56.2012945795      -12.7298595360
     1055.0000000000       45.1618057338       -9.4666119518
     1056.0000000000       37.0153466582       -6.9494417626
     1057.0000000000       31.0405277500       -5.0975237819
     1058.0000000000       26.6536146396       -3.7465602286
     1059.0000000000       23.4293891376       -2.7509470253
     1060.0000000000       21.0699007068       -2.0018581389
     1061.0000000000       19.3694540988       -1.4221841511
     1062.0000000000       18.1872750474       -0.9577925436
     1063.0000000000       17.4284096422       -0.5701104305
     1064.0000000000       17.0310333297       -0.2306965651
     1065.0000000000       16.9583475019        0.0825952446
     1066.0000000000       17.1937391396        0.3883883500
     1067.0000000000       17.7383698206        0.7039353325
     1068.0000000000       18.6107570896        1.0470042426
     1069.0000000000       19.8482378461        1.4378065080
     1070.0000000000       21.5105096492        1.9012808108
     1071.0000000000       23.6857877523        2.4701128147
     1072.0000000000       26.5005554393        3.1890017473
     1073.0000000000       30.1344890200        4.1208790179
     1074.0000000000       34.8429482962        5.3559805526
     1075.0000000000       40.9903297052        7.0245867323
     1076.0000000000       49.0978789827        9.3128212483
     1077.0000000000       59.9065171273       12.4746921484
     1078.0000000000       74.4397710085       16.8121967576
     1079.0000000000       93.9973251727       22.5320323976
     1080.0000000000      119.8523355468       29.2390347324
     1081.0000000000      152.0944056071       34.6759797115
     1082.0000000000      186.9016377300       33.1165998462
     1083.0000000000      213.5984804808       17.7207426294
     1084.0000000000      218.5821802515       -8.3742516845
     1085.0000000000      198.7124806885      -29.1998195699
     1086.0000000000      165.2020988083      -35.5220094087
     1087.0000000000      130.9902216473      -31.9069633719
     1088.0000000000      102.3494294771      -25.2669434401
     1089.0000000000       80.2822987626      -19.0652079366
     1090.0000000000       63.7587084578      -14.2156092560
     1091.0000000000       51.4207303463      -10.6513717406
     1092.0000000000       42.1259691383       -8.0783085432
     1093.0000000000       35.0271858677       -6.2184357295
     1094.0000000000       29.5223730341       -4.8608265613
     1095.0000000000       25.1882888727       -3.8564764158
     1096.0000000000       21.7262978710       -3.1025464171
     1097.0000000000       18.9235470583       -2.5282757945
     1098.0000000000       16.6263525174       -2.0846674468
     1099.0000000000       14.7221979624       -1.7374284264
     1100.0000000000       13.1275498072       -1.4622511708
     1101.0000000000       11.7795472605       -1.2416746896
     1102.0000000000       10.6302736714       -1.0629879840
     1103.0000000000        9.6427585945       -0.9168173846
     1104.0000000000        8.7881518469       -0.7961642280
     1105.0000000000        8.0437003848       -0.6957414240
     1106.0000000000        7.3912818449       -0.6115104349
     1107.0000000000        6.8163288309       -0.5403541664
     1108.0000000000        6.3070308085       -0.4798431146
     1109.0000000000        5.8537355481       -0.4280662596
     1110.0000000000        5.4484956216       -0.3835074346
     1111.0000000000        5.0847214782       -0.3449539919
     1112.0000000000        4.7569136302       -0.3114286590
     1113.0000000000        4.4604541302       -0.2821382158
     1114.0000000000        4.1914428956       -0.2564344942
     1115.0000000000        4.4414808005       -0.2275901213
     1116.0000000000        4.2241693407       -0.2074351759
     1117.0000000000        4.0258634518       -0.1895232100
     1118.0000000000        3.8444780979       -0.1735473336
     1119.0000000000        3.6782098620       -0.1592495534
     1120.0000000000        3.5254926343       -0.1464119379
     1121.0000000000        3.3849612112       -0.1348495540
     1122.0000000000        3.2554212382       -0.1244047886
     1123.0000000000        3.1358242665       -0.1149427560
     1124.0000000000        3.0252469555       -0.1063475648
     1125.0000000000        2.9228736541       -0.0985192683
     1126.0000000000        2.8279817490       -0.0913713594
     1127.0000000000        2.7399292905       -0.0848287059
     1128.0000000000        2.6581444998       -0.0788258385
     1129.0000000000        2.5821168396       -0.0733055272
     1130.0000000000        2.5113893871       -0.0682175918
     1131.0000000000        2.4455522979       -0.0635179039
     1132.0000000000        2.3842371854       -0.0591675473
     1133.0000000000        2.3271122739       -0.0551321084
     1134.0000000000        2.2738782045       -0.0513810745
     1135.0000000000        2.2242643972       -0.0478873219
     1136.0000000000        2.1780258858       -0.0446266796
     1137.0000000000        2.1349405571       -0.0415775550
     1138.0000000000        2.0948067369       -0.0387206132
     1139.0000000000        2.0574410736       -0.0360385006
     1140.0000000000        2.0226766799       -0.0335156061
     1141.0000000000        1.9903614956       -0.0311378543
     1142.0000000000        1.9603568435       -0.0288925262
     1143.0000000000        1.9325361532       -0.0267681033
     1144.0000000000        1.9067838305       -0.0247541307
     1145.0000000000        1.8829942543       -0.0228410984
     1146.0000000000        1.8610708854       -0.0210203361
     1147.0000000000        1.8409254734       -0.0192839222
     1148.0000000000        1.8224773499       -0.0176246017
     1149.0000000000        1.8056527978       -0.0160357156
     1150.0000000000        1.7903844882       -0.0145111369
     1151.0000000000        1.7766109766       -0.0130452147
     1152.0000000000        1.7642762524       -0.0116327242
     1153.0000000000        1.7533293360       -0.0102688218
     1154.0000000000        1.7437239170       -0.0089490054
     1155.0000000000        1.7354180315       -0.0076690790
     1156.0000000000        1.7283737727       -0.0064251197
     1157.0000000000        1.7225570314       -0.0052134497
     1158.0000000000        1.7179372655       -0.0040306093
     1159.0000000000        1.7144872931       -0.0028733338
     1160.0000000000        1.7121831086       -0.0017385314
     1161.0000000000        1.7110037202       -0.0006232636
     1162.0000000000        1.7109310056        0.0004752729
     1163.0000000000        1.7119495848        0.0015597626
     1164.0000000000        1.7140467101        0.0026327873
     1165.0000000000        1.7172121697        0.0036968399
     1166.0000000000        1.7214382058        0.0047543379
     1167.0000000000        1.7267194462        0.0058076362
     1168.0000000000        1.7330528469        0.0068590390
     1169.0000000000        1.7404376475        0.0079108108
     1170.0000000000        1.7488753371        0.0089651879
     1171.0000000000        1.7583696313        0.0100243887
     1172.0000000000        1.7689264591        0.0110906235
     1173.0000000000        1.7805539604        0.0121661052
     1174.0000000000        1.7932624932        0.0132530589
     1175.0000000000        1.8070646508        0.0143537317
     1176.0000000000        1.8219752890        0.0154704030
     1177.0000000000        1.8380115629        0.0166053942
     1178.0000000000        1.8551929746        0.0177610789
     1179.0000000000        1.8735414300        0.0189398938
     1180.0000000000        1.8930813079        0.0201443489
     1181.0000000000        1.9138395387        0.0213770397
     1182.0000000000        1.9358456954        0.0226406581
     1183.0000000000        1.9591320966        0.0239380054
     1184.0000000000        1.9837339221        0.0252720050
     1185.0000000000        2.0096893423        0.0266457168
     1186.0000000000        2.8173482608        0.0378596536
     1187.0000000000        2.8560283958        0.0395094082
     1188.0000000000        2.8963852890        0.0412138052
     1189.0000000000        2.9384755240        0.0429767633
     1190.0000000000        2.9823597156        0.0448024297
     1191.0000000000        3.0281027491        0.0466952022
     1192.0000000000        3.0757740426        0.0486597528
     1193.0000000000        3.1254478345        0.0507010540
     1194.0000000000        3.1772034971        0.0528244069
     1195.0000000000        3.2311258814        0.0550354724
     1196.0000000000        3.2873056928        0.0573403051
     1197.0000000000        3.3458399039        0.0597453907
     1198.0000000000        3.4068322054        0.0622576873
     1199.0000000000        3.4703935010        0.0648846705
     1200.0000000000        3.5366424496        0.0676343838
     1201.0000000000        3.6057060600        0.0705154937
     1202.0000000000        3.6777203446        0.0735373514
     1203.0000000000        3.7528310374        0.0767100606
     1204.0000000000        3.8311943836        0.0800445538
     1205.0000000000        3.9129780102        0.0835526763
     1206.0000000000        3.9983618846        0.0872472807
     1207.0000000000        4.0875393735        0.0911423317
     1208.0000000000        4.1807184133        0.0952530242
     1209.0000000000        4.2781228047        0.0995959153
     1210.0000000000        4.3064190032        0.1051053190
     1211.0000000000        4.4139240499        0.1099515870
     1212.0000000000        4.5264194994        0.1150898907
     1213.0000000000        4.6442090431        0.1205439068
     1214.0000000000        4.7676211870        0.1263396312
     1215.0000000000        4.8970117056        0.1325056525
     1216.0000000000        5.7918412592        0.1485998202
     1217.0000000000        5.9439957349        0.1557857301
     1218.0000000000        6.1035725335        0.1634512194
     1219.0000000000        6.2710722056        0.1716389594
     1220.0000000000        6.4470402522        0.1803962741
     1221.0000000000        6.6320720738        0.1897757469
     1222.0000000000        6.8268185710        0.1998359198
     1223.0000000000        7.0319924973        0.2106421004
     1224.0000000000        7.2483756797        0.2222672967
     1225.0000000000        7.4768272489        0.2347933020
     1226.0000000000        7.7182930395        0.2483119578
     1227.0000000000        7.9738163560        0.2629266284
     1228.0000000000        8.2445503365        0.2787539274
     1229.0000000000        8.5317721884        0.2959257465
     1230.0000000000        8.8368996291        0.3145916457
     1231.0000000000        9.1615099276        0.3349216807
     1232.0000000000        9.5073620294        0.3571097574
     1233.0000000000        9.8764223457        0.3813776277
     1234.0000000000       10.2708949166        0.4079796674
     1235.0000000000       10.6932568139        0.4372086107
     1236.0000000000       11.1462998476        0.4694024636
     1237.0000000000       11.6331798870        0.5049528725
     1238.0000000000       12.1574754227        0.5443153024
     1239.0000000000       12.7232573934        0.5880214741
     1240.0000000000       13.3351728139        0.6366946367
     1241.0000000000       13.9985453955        0.6910684218
     1242.0000000000       14.7194972021        0.7520102442
     1243.0000000000       15.5050964941        0.8205505152
     1244.0000000000       16.2277140807        0.8996128274
     1245.0000000000       17.1702201998        0.9872550676
     1246.0000000000       18.2062489068        1.0869839828
     1247.0000000000       19.3489323965        1.2009614182
     1248.0000000000       20.6137946086        1.3318274689
     1249.0000000000       22.0192901384        1.4828274473
     1250.0000000000       23.5874889128        1.6579784387
     1251.0000000000       25.3449529444        1.8622897005
     1252.0000000000       27.3238684759        2.1020570037
     1253.0000000000       29.5635209187        2.3852595545
     1254.0000000000       32.1122345214        2.7221007409
     1255.0000000000       35.0299487206        3.1257527714
     1256.0000000000       38.3916764150        3.6133936774
     1257.0000000000       42.2921979995        4.2076684745
     1258.0000000000       46.8525077277        4.9387729783
     1259.0000000000       52.2287754167        5.8474622736
     1260.0000000000       58.6249632078        6.9894471514
     1261.0000000000       66.3108167622        8.4418928025
     1262.0000000000       75.6478438414       10.3131192954
     1263.0000000000       87.1272603710       12.7571726905
     1264.0000000000      101.4259212011       15.9956988113
     1265.0000000000      119.4890830694       20.3503020382
     1266.0000000000      142.6520614402       26.2882824111
     1267.0000000000      172.8138901241       34.4795284856
     1268.0000000000      212.6650888818       45.8399448694
     1269.0000000000      265.9158127139       61.4596744568
     1270.0000000000      337.2735989897       82.0858596380
     1271.0000000000      431.3515497418      106.2934570860
     1272.0000000000      548.4907331439      125.9324447457
     1273.0000000000      674.9037545234      120.3129382938
     1274.0000000000      772.0251297904       64.6850551274
     1275.0000000000      790.6572217834      -29.6802368551
     1276.0000000000      719.3736094537     -105.0644669968
     1277.0000000000      598.6789629086     -128.0065687124
     1278.0000000000      475.3853524725     -114.9773215527
     1279.0000000000      372.2093649031      -90.9823313663
     1280.0000000000      292.7949556145      -68.5611027041
     1281.0000000000      233.4237123014      -51.0259785347
     1282.0000000000      189.1870992570      -38.1379229410
     1283.0000000000      155.9547324740      -28.8335458120
     1284.0000000000      130.6634683942      -22.1074932280
     1285.0000000000      111.1371401368      -17.1968164908
     1286.0000000000       95.8462164999      -13.5625214633
     1287.0000000000       83.7119080304      -10.8326034819
     1288.0000000000       73.9657331287       -8.7510916484
     1289.0000000000       66.0532526135       -7.1407357495
     1290.0000000000       59.5689598494       -5.8774666749
     1291.0000000000       54.2122137534       -4.8733246782
     1292.0000000000       49.7571911467       -4.0651034359
     1293.0000000000       46.0321779611       -3.4067645498
     1294.0000000000       42.9051224351       -2.8643261244
     1295.0000000000       40.2734291583       -2.4123803106
     1296.0000000000       38.0566586802       -2.0316918554
     1297.0000000000       36.1912424844       -1.7075213269
     1298.0000000000       34.6266134733       -1.4284396065
     1299.0000000000       33.3223431179       -1.1854792670
     1300.0000000000       32.2460034002       -0.9715196137
     1301.0000000000       31.3715570313       -0.7808355665
     1302.0000000000       30.6781374818       -0.6087625898
     1303.0000000000       30.1491203239       -0.4514445604
     1304.0000000000       29.7714152361       -0.3056413415
     1305.0000000000       29.5349276789       -0.1685795466
     1306.0000000000       29.4321533296       -0.0378345735
     1307.0000000000       29.4578785987        0.0887648485
     1308.0000000000       29.6089681546        0.2132161760
     1309.0000000000       29.8842261676        0.3374117266
     1310.0000000000       30.2843225492        0.4632006183
     1311.0000000000       30.8117792377        0.5924474703
     1312.0000000000       31.4710148991        0.7270910546
     1313.0000000000       32.2684495593        0.8692060382
     1314.0000000000       33.2126739048        1.0210711690
     1315.0000000000       34.3146915591        1.1852477346
     1316.0000000000       35.5882468444        1.3646729357
     1317.0000000000       37.0502557514        1.5627740363
     1318.0000000000       38.7213645431        1.7836109380
     1319.0000000000       40.6266692619        2.0320573813
     1320.0000000000       42.7966413397        2.3140346373
     1321.0000000000       45.2683208337        2.6368168021
     1322.0000000000       48.0868614861        3.0094343888
     1323.0000000000       51.3075436668        3.4432139556
     1324.0000000000       54.9984165955        3.9525077463
     1325.0000000000       59.2437964694        4.5556914485
     1326.0000000000       64.1489421099        5.2765444047
     1327.0000000000       69.8463696344        6.1461815933
     1328.0000000000       76.5044760958        7.2057909715
     1329.0000000000       84.3394560236        8.5105600861
     1330.0000000000       93.6319726100       10.1353786274
     1331.0000000000      104.7507783767       12.1832196740
     1332.0000000000      118.1866101125       14.7975917791
     1333.0000000000      134.6014208647       18.1811942568
     1334.0000000000      154.9006443518       22.6239617099
     1335.0000000000      180.3400052107       28.5449544891
     1336.0000000000      212.6833205194       36.5532649156
     1337.0000000000      254.4319784427       47.5300976445
     1338.0000000000      309.1422005926       62.7165143011
     1339.0000000000      381.8040439597       83.7245867544
     1340.0000000000      479.0863940754      112.1765854531
     1341.0000000000      608.7114433991      148.1024141939
     1342.0000000000      775.8476897729      185.1746579698
     1343.0000000000      972.3857826751      201.4271429263
     1344.0000000000     1158.1273369103      156.4009836249
     1345.0000000000     1257.1031986076       30.5094228214
     1346.0000000000     1212.5138619912     -114.1295560901
     1347.0000000000     1052.5394731757     -191.1972649175
     1348.0000000000      855.7459927576     -192.9810905881
     1349.0000000000      677.9800711374     -159.9376503893
     1350.0000000000      537.2555290284     -122.0617443638
     1351.0000000000      431.6971464204      -90.3718129517
     1352.0000000000      353.9019338213      -66.4316385985
     1353.0000000000      296.6927851910      -48.9085716314
     1354.0000000000      254.5198205390      -36.0924656510
     1355.0000000000      223.4123138842      -26.5759713168
     1356.0000000000      200.6148838152      -19.3284573430
     1357.0000000000      184.2449626664      -13.6191444608
     1358.0000000000      173.0391863615       -8.9265269517
     1359.0000000000      166.1822686103       -4.8655276153
     1360.0000000000      163.5306994839       -1.1294180069
     1361.0000000000      164.2284107254        2.5342495511
     1362.0000000000      168.6602741259        6.3819211690
     1363.0000000000      177.1449886318       10.6897613016
     1364.0000000000      190.3040929234       15.7939669330
     1365.0000000000      209.1440153490       22.1369861712
     1366.0000000000      235.1919125720       30.3298333250
     1367.0000000000      270.7035623404       41.2337803387
     1368.0000000000      318.9588631467       56.0490018257
     1369.0000000000      384.6243322716       76.3381968777
     1370.0000000000      474.0114827221      103.7214486849
     1371.0000000000      594.5729419318      138.4537690111
     1372.0000000000      751.7137311617      175.0901027856
     1373.0000000000      938.9956391810      193.6748120881
     1374.0000000000     1120.0740496050      155.5479006344
     1375.0000000000     1222.4724900307       37.7255393892
     1376.0000000000     1186.6707048988     -105.1398935185
     1377.0000000000     1033.8682829259     -186.2896668399
     1378.0000000000      839.7658413375     -192.2062424536
     1379.0000000000      661.5314292368     -161.3606890857
     1380.0000000000      518.8391534919     -124.4450446367
     1381.0000000000      410.6355331860      -93.2395530277
     1382.0000000000      329.7868833303      -69.6663335864
     1383.0000000000      269.1557773666      -52.5257849443
     1384.0000000000      223.1484449782      -40.1572370425
     1385.0000000000      187.7154932693      -31.1790750801
     1386.0000000000      159.9993328753      -24.5839899829
     1387.0000000000      137.9895624876      -19.6699683048
     1388.0000000000      120.2617294463      -15.9538638354
     1389.0000000000      105.7946823985      -13.1025353940
     1390.0000000000       93.8463843702      -10.8842749771
     1391.0000000000       83.8699781458       -9.1360088651
     1392.0000000000       75.4568153392       -7.7414529159
     1393.0000000000       68.2974283841       -6.6165663968
     1394.0000000000       62.1544822565       -5.6998025274
     1395.0000000000       56.8437911426       -4.9455090446
     1396.0000000000       52.2208233084       -4.3194093036
     1397.0000000000       48.1709853690       -3.7954701147
     1398.0000000000       44.6025413391       -3.3537039307
     1399.0000000000       41.4413910918       -2.9786079033
     1400.0000000000       38.6271767877       -2.6580421968
     1401.0000000000       36.1103487086       -2.3824148262
     1402.0000000000       33.8499319089       -2.1440828559
     1403.0000000000       31.8118102013       -1.9369080103
     1404.0000000000       29.9673958647       -1.7559236617
     1405.0000000000       28.2925896858       -1.5970829704
     1406.0000000000       26.7669615049       -1.4570667333
     1407.0000000000       25.3730996657       -1.3331355655
     1408.0000000000       24.0960908913       -1.2230152934
     1409.0000000000       22.9231016480       -1.1248074321
     1410.0000000000       22.0516350276       -1.0343060068
     1411.0000000000       21.0575080423       -0.9553431052
     1412.0000000000       20.1383388505       -0.8842157231
     1413.0000000000       19.2867894180       -0.8199545424
     1414.0000000000       18.4964185510       -0.7617309003
     1415.0000000000       17.7615532988       -0.7088334783
     1416.0000000000       17.0771814298       -0.6606492986
     1417.0000000000       16.4388611306       -0.6166481550
     1418.0000000000       15.8426448489       -0.5763697951
     1419.0000000000       15.2850148051       -0.5394133201
     1420.0000000000       14.7628281757       -0.5054283795
     1421.0000000000       14.2732703274       -0.4741078262
     1422.0000000000       13.8138147791       -0.4451815648
     1423.0000000000       13.3821888107       -0.4184113789
     1424.0000000000       12.9763438274       -0.3935865661
     1425.0000000000       12.5944297453       -0.3705202401
     1426.0000000000       12.2347727885       -0.3490461884
     1427.0000000000       11.8958561910       -0.3290161915
     1428.0000000000       11.5763033795       -0.3102977296
     1429.0000000000       11.2748632832       -0.2927720139
     1430.0000000000       10.9903974714       -0.2763322910
     1431.0000000000       10.7218688674       -0.2608823789
     1432.0000000000       10.4683318274       -0.2463353978
     1433.0000000000       10.2289234016       -0.2326126679
     1434.0000000000       10.0028556260       -0.2196427479
     1435.0000000000        9.2982642310       -0.2012368168
     1436.0000000000        9.1028475449       -0.1896961432
     1437.0000000000        8.9186815776       -0.1787267184
     1438.0000000000        8.7452203505       -0.1682786972
     1439.0000000000        8.5819657259       -0.1583061635
     1440.0000000000        8.4284637078       -0.1487666791
     1441.0000000000        8.2843011690       -0.1396208809
     1442.0000000000        8.1491029606       -0.1308321185
     1443.0000000000        8.0225293643       -0.1223661289
     1444.0000000000        7.9042738561       -0.1141907399
     1445.0000000000        7.7940611519       -0.1062756008
     1446.0000000000        7.6916455120       -0.0985919338
     1447.0000000000        7.5968092842       -0.0911123048
     1448.0000000000        7.5093616684       -0.0838104086
     1449.0000000000        7.4291376904       -0.0766608664
     1450.0000000000        7.3559973722       -0.0696390327
     1451.0000000000        7.2898250923       -0.0627208094
     1452.0000000000        7.2305291296       -0.0558824638
     1453.0000000000        7.1780413878       -0.0491004490
     1454.0000000000        7.1323172997       -0.0423512237
     1455.0000000000        7.0933359128       -0.0356110690
     1456.0000000000        7.0611001601       -0.0288559003
     1457.0000000000        7.0356373239       -0.0220610706
     1458.0000000000        7.0169997006       -0.0152011630
     1459.0000000000        7.0052654797       -0.0082497692
     1460.0000000000        7.0005398541       -0.0011792501
     1461.0000000000        7.0029563786        0.0060395253
     1462.0000000000        7.0126786035        0.0134374669
     1463.0000000000        7.0299020098        0.0210475825
     1464.0000000000        7.0548562820        0.0289053338
     1465.0000000000        7.0878079580        0.0370490369
     1466.0000000000        7.1290635056        0.0455203162
     1467.0000000000        7.1789728829        0.0543646198
     1468.0000000000        7.2379336509        0.0636318100
     1469.0000000000        7.3063957181        0.0733768412
     1470.0000000000        7.3848668149        0.0836605426
     1471.0000000000        7.4739188101        0.0945505249
     1472.0000000000        7.5741950069        0.1061222354
     1473.0000000000        7.6864185795        0.1184601912
     1474.0000000000        7.8114023462        0.1316594239
     1475.0000000000        7.9500601117        0.1458271824
     1476.0000000000        8.1034198612        0.1610849434
     1477.0000000000        8.2726391476        0.1775707981
     1478.0000000000        8.4590230850        0.1954422949
     1479.0000000000        8.6640454550        0.2148798396
     1480.0000000000        8.8893735433        0.2360907800
     1481.0000000000        9.1368974673        0.2593143336
     1482.0000000000        9.4087649357        0.2848275601
     1483.0000000000        9.7074226053        0.3129526324
     1484.0000000000       10.0356654925        0.3440657356
     1485.0000000000       10.3966962655        0.3786080091
     1486.0000000000       10.7941967224        0.4170990781
     1487.0000000000       11.2324143794        0.4601538773
     1488.0000000000       11.7162679044        0.5085036922
     1489.0000000000       12.2514761934        0.5630226384
     1490.0000000000       12.8447173004        0.6247611991
     1491.0000000000       13.5038253120        0.6949889934
     1492.0000000000       14.2380357874        0.7752497087
     1493.0000000000       15.0582938240        0.8674321901
     1494.0000000000       15.9776435006        0.9738631779
     1495.0000000000       17.0117239442        1.0974293049
     1496.0000000000       18.1794063074        1.2417390159
     1497.0000000000       19.5036186807        1.4113394968
     1498.0000000000       21.0124240841        1.6120101821
     1499.0000000000       22.7404427370        1.8511640249
     1500.0000000000       24.7307477024        2.1384021102
     1501.0000000000       27.0374187241        2.4862890070
     1502.0000000000       29.7290219672        2.9114496276
     1503.0000000000       32.8934080315        3.4361398961
     1504.0000000000       36.6444100177        4.0905236536
     1505.0000000000       41.1313137085        4.9160131335
     1506.0000000000       45.7877433759        5.9797285643
     1507.0000000000       52.4194425884        7.3437213420
     1508.0000000000       60.6166126248        9.1336781110
     1509.0000000000       70.8837762907       11.5170582268
     1510.0000000000       83.9284467670       14.7372101964
     1511.0000000000      100.7530599260       19.1469268057
     1512.0000000000      122.7836975218       25.2466554189
     1513.0000000000      152.0297956098       33.6998850149
     1514.0000000000      191.2108022160       45.2229255562
     1515.0000000000      243.5939550636       60.0360023265
     1516.0000000000      311.7761972103       76.1359305494
     1517.0000000000      393.7660965293       85.5972114075
     1518.0000000000      475.2930124743       72.0439067910
     1519.0000000000      525.7296533292       23.4021728015
     1520.0000000000      516.8809530270      -40.0056096693
     1521.0000000000      454.2755503800      -79.0939452429
     1522.0000000000      370.2967929561      -84.2930719050
     1523.0000000000      291.5736940893      -71.6537872621
     1524.0000000000      228.0714957228      -55.4535910304
     1525.0000000000      179.8675063926      -41.5018646765
     1526.0000000000      143.9381152684      -30.8949690739
     1527.0000000000      117.1153328056      -23.1692258475
     1528.0000000000       96.8837608294      -17.5958424197
     1529.0000000000       81.4148995398      -13.5544400822
     1530.0000000000       69.4176623966      -10.5892856364
     1531.0000000000       59.9848094876       -8.3819570910
     1532.0000000000       52.4749721456       -6.7131901366
     1533.0000000000       46.4297933237       -5.4318381938
     1534.0000000000       41.5175236511       -4.4328210293
     1535.0000000000       37.4949189335       -3.6421940777
     1536.0000000000       33.4362003177       -2.9979285431
     1537.0000000000       30.7054621722       -2.4805194957
     1538.0000000000       28.4454677978       -2.0524238863
     1539.0000000000       26.5779004449       -1.6926352330
     1540.0000000000       25.0427946692       -1.3851723215
     1541.0000000000       23.7942752883       -1.1176350083
     1542.0000000000       22.7975179327       -0.8801773587
     1543.0000000000       22.0265874118       -0.6647602373
     1544.0000000000       21.4629239605       -0.4645901879
     1545.0000000000       21.0943253312       -0.2736797978
     1546.0000000000       20.9143279596       -0.0864823616
     1547.0000000000       20.9219319746        0.1024360679
     1548.0000000000       21.1216489050        0.2987193173
     1549.0000000000       21.5238825187        0.5085702351
     1550.0000000000       22.1456868075        0.7391624926
     1551.0000000000       23.0119856669        0.9991610044
     1552.0000000000       24.1573926795        1.2994141972
     1553.0000000000       25.6288456313        1.6539095673
     1554.0000000000       27.4893825935        2.0811289234
     1555.0000000000       29.8235555844        2.6060106007
     1556.0000000000       32.7452364457        3.2628367049
     1557.0000000000       36.4089667606        4.0995333981
     1558.0000000000       41.0266091849        5.1841218260
     1559.0000000000       46.8919543966        6.6143854771
     1560.0000000000       54.4171662457        8.5321176176
     1561.0000000000       64.1862793469       11.1430704230
     1562.0000000000       77.0311199748       14.7410995561
     1563.0000000000       94.1291729387       19.7239764339
     1564.0000000000      117.0952688973       26.5510973080
     1565.0000000000      147.9438561576       35.4851390768
     1566.0000000000      188.5314750307       45.7170941117
     1567.0000000000      238.5606278084       53.2936983852
     1568.0000000000      291.1508796748       48.8738126492
     1569.0000000000      328.8693703151       22.7757922121
     1570.0000000000      331.7463944591      -17.3918282354
     1571.0000000000      297.9126072621      -46.7186597378
     1572.0000000000      245.9257911816      -53.9569972721
     1573.0000000000      194.5718652491      -47.4516302597
     1574.0000000000      152.1820772901      -37.2557852343
     1575.0000000000      119.6965818702      -28.0361067662
     1576.0000000000       95.4006458775      -20.9065538469
     1577.0000000000       77.2448881829      -15.6861861958
     1578.0000000000       63.5443825993      -11.9197788646
     1579.0000000000       53.0593045645       -9.1951170181
     1580.0000000000       44.9108562205       -7.2034133942
     1581.0000000000       38.4812900517       -5.7275017607
     1582.0000000000       33.3343362030       -4.6176707743
     1583.0000000000       29.1586163229       -3.7708711943
     1584.0000000000       25.7289598034       -3.1156725790
     1585.0000000000       22.8802502939       -2.6020118295
     1586.0000000000       20.4897121109       -2.1943497238
     1587.0000000000       18.4648163429       -1.8671182281
     1588.0000000000       16.7349322283       -1.6016769763
     1589.0000000000       15.2454922966       -1.3842601299
     1590.0000000000       13.9538619257       -1.2045758560
     1591.0000000000       12.8263780611       -1.0548394315
     1592.0000000000       11.8361997678       -0.9290974733
     1593.0000000000       10.9617294424       -0.8227498655
     1594.0000000000       10.1854400083       -0.7322075260
     1595.0000000000        9.4929943193       -0.6546446110
     1596.0000000000        8.8725772371       -0.5878171351
     1597.0000000000        8.3143841570       -0.5299288232
     1598.0000000000        7.8102257881       -0.4795309141
     1599.0000000000        7.3532201565       -0.4354466201
     1600.0000000000        6.9375506472       -0.3967136708
     1601.0000000000        6.5582744800       -0.3625402425
     1602.0000000000        6.2111700177       -0.3322708864
     1603.0000000000        5.8926142050       -0.3053599870
     1604.0000000000        5.5994835619       -0.2813509387
     1605.0000000000        5.3290737159       -0.2598596980
     1606.0000000000        5.0790336251       -0.2405617059
     1607.0000000000        4.8473115146       -0.2231814295
     1608.0000000000        4.6321102091       -0.2074839456
     1609.0000000000        4.4318500458       -0.1932681325
     1610.0000000000        4.2451379357       -0.1803611327
     1611.0000000000        4.0707414377       -0.1686138260
     1612.0000000000        3.9075669406       -0.1578971116
     1613.0000000000        3.7546412264       -0.1480988400
     1614.0000000000        3.6110958297       -0.1391212696
     1615.0000000000        3.4761537199       -0.1308789507
     1616.0000000000        3.3491179203       -0.1232969562
     1617.0000000000        3.2293617484       -0.1163093979
     1618.0000000000        3.1163204200       -0.1098581768
     1619.0000000000        3.0094838023       -0.1038919271
     1620.0000000000        2.9083901410       -0.0983651206
     1621.0000000000        2.8126206133       -0.0932373049
     1622.0000000000        2.7217945860       -0.0884724534
     1623.0000000000        2.6355654753       -0.0840384081
     1624.0000000000        2.5536171232       -0.0799064017
     1625.0000000000        2.4756606172       -0.0760506466
     1626.0000000000        2.4014314933       -0.0724479785
     1627.0000000000        2.3306872698       -0.0690775496
     1628.0000000000        2.2632052674       -0.0659205610
     1629.0000000000        2.1987806796       -0.0629600306
     1630.0000000000        2.1372248589       -0.0601805902
     1631.0000000000        2.0783637938       -0.0575683086
     1632.0000000000        2.0220367514       -0.0551105361
     1633.0000000000        1.9680950648       -0.0527957684
     1634.0000000000        1.9164010496       -0.0506135265
     1635.0000000000        1.8668270321       -0.0485542512
     1636.0000000000        1.8192544778       -0.0466092091
     1637.0000000000        1.7735732068       -0.0447704106
     1638.0000000000        1.7296806885       -0.0430305363
     1639.0000000000        1.6874814039       -0.0413828713
     1640.0000000000        1.6468862707       -0.0398212484
     1641.0000000000        1.6078121223       -0.0383399950
     1642.0000000000        1.5701812363       -0.0369338882
     1643.0000000000        1.5339209062       -0.0355981127
     1644.0000000000        1.4989630524       -0.0343282240
     1645.0000000000        1.4652438683       -0.0331201154
     1646.0000000000        1.4327034977       -0.0319699880
     1647.0000000000        1.4012857407       -0.0308743241
     1648.0000000000        1.3709377847       -0.0298298626
     1649.0000000000        1.3416099591       -0.0288335776
     1650.0000000000        1.3132555097       -0.0278826585
     1651.0000000000        1.2858303931       -0.0269744922
     1652.0000000000        1.2592930869       -0.0261066468
     1653.0000000000        1.2336044160       -0.0252768572
     1654.0000000000        1.2087273927       -0.0244830118
     1655.0000000000        1.1846270694       -0.0237231399
     1656.0000000000        1.1612704030       -0.0229954015
     1657.0000000000        1.1386261299       -0.0222980764
     1658.0000000000        1.1166646499       -0.0216295557
     1659.0000000000        1.0953579202       -0.0209883331
     1660.0000000000        1.0746793557       -0.0203729975
     1661.0000000000        1.0546037382       -0.0197822256
     1662.0000000000        1.0351071313       -0.0192147759
     1663.0000000000        1.0161668016       -0.0186694827
     1664.0000000000        0.9977611463       -0.0181452505
     1665.0000000000        0.9798696244       -0.0176410493
     1666.0000000000        0.9624726944       -0.0171559098
     1667.0000000000        0.9455517555       -0.0166889197
     1668.0000000000        0.9290890924       -0.0162392191
     1669.0000000000        0.9130678249       -0.0158059974
     1670.0000000000        0.8974718601       -0.0153884899
     1671.0000000000        0.8822858480       -0.0149859750
     1672.0000000000        0.8674951401       -0.0145977710
     1673.0000000000        0.8530857509       -0.0142232334
     1674.0000000000        0.8390443212       -0.0138617533
     1675.0000000000        0.8253580844       -0.0135127541
     1676.0000000000        0.8120148349       -0.0131756903
     1677.0000000000        0.7990028979       -0.0128500451
     1678.0000000000        0.7863111019       -0.0125353289
     1679.0000000000        0.7739287522       -0.0122310771
     1680.0000000000        0.4353128233       -0.0078739704
     1681.0000000000        0.4275443529       -0.0076642283
     1682.0000000000        0.4199819068       -0.0074618668
     1683.0000000000        0.4126182666       -0.0072665642
     1684.0000000000        0.4054465273       -0.0070780155
     1685.0000000000        0.3984600809       -0.0068959314
     1686.0000000000        0.3916526013       -0.0067200373
     1687.0000000000        0.3850180300       -0.0065500724
     1688.0000000000        0.3785505626       -0.0063857892
     1689.0000000000        0.3722446363       -0.0062269522
     1690.0000000000        0.3660949175       -0.0060733378
     1691.0000000000        0.3600962910       -0.0059247330
     1692.0000000000        0.3542438492       -0.0057809354
     1693.0000000000        0.3485328821       -0.0056417523
     1694.0000000000        0.3429588677       -0.0055070001
     1695.0000000000        0.3375174634       -0.0053765038
     1696.0000000000        0.3322044970       -0.0052500970
     1697.0000000000        0.3270159594       -0.0051276206
     1698.0000000000        0.3219479963       -0.0050089231
     1699.0000000000        0.3169969018       -0.0048938600
     1700.0000000000        0.3121591110       -0.0047822932
     1701.0000000000        0.3074311939       -0.0046740911
     1702.0000000000        0.3028098493       -0.0045691277
     1703.0000000000        0.2982918991       -0.0044672827
     1704.0000000000        0.2938742827       -0.0043684414
     1705.0000000000        0.2895540518       -0.0042724938
     1706.0000000000        0.2853283657       -0.0041793347
     1707.0000000000        0.2811944864       -0.0040888638
     1708.0000000000        0.2771497743       -0.0040009846
     1709.0000000000        0.2731916840       -0.0039156051
     1710.0000000000        0.2693177603       -0.0038326371
     1711.0000000000        0.2655256342       -0.0037519960
     1712.0000000000        0.2618130196       -0.0036736009
     1713.0000000000        0.2581777096       -0.0035973742
     1714.0000000000        0.2546175733       -0.0035232413
     1715.0000000000        0.2511305529       -0.0034511309
     1716.0000000000        0.2477146602       -0.0033809746
     1717.0000000000        0.2443679743       -0.0033127065
     1718.0000000000        0.2410886388       -0.0032462637
     1719.0000000000        0.2378748588       -0.0031815855
     1720.0000000000        0.2347248991       -0.0031186137
     1721.0000000000        0.2316370813       -0.0030572924
     1722.0000000000        0.2286097819       -0.0029975681
     1723.0000000000        0.2256414301       -0.0029393889
     1724.0000000000        0.2227305057       -0.0028827052
     1725.0000000000        0.2198755370       -0.0028274694
     1726.0000000000        0.2170750995       -0.0027736356
     1727.0000000000        0.2143278134       -0.0027211594
     1728.0000000000        0.2116323423       -0.0026699984
     1729.0000000000        0.2089873918       -0.0026201117
     1730.0000000000        0.0000000000        0.0000000000
     1731.0000000000        0.0000000000        0.0000000000
     1732.0000000000        0.0000000000        0.0000000000
     1733.0000000000        0.0000000000        0.0000000000
     1734.0000000000        0.0000000000        0.0000000000
     1735.0000000000        0.0000000000        0.0000000000
     1736.0000000000        0.0000000000        0.0000000000
     1737.0000000000        0.0000000000        0.0000000000
     1738.0000000000        0.0000000000        0.0000000000
     1739.0000000000        0.0000000000        0.0000000000
     1740.0000000000        0.0000000000        0.0000000000
     1741.0000000000        0.0000000000        0.0000000000
     1742.0000000000        0.0000000000        0.0000000000
     1743.0000000000        0.0000000000        0.0000000000
     1744.0000000000        0.0000000000        0.0000000000
     1745.0000000000        0.0000000000        0.0000000000
     1746.0000000000        0.0000000000        0.0000000000
     1747.0000000000        0.0000000000        0.0000000000
     1748.0000000000        0.0000000000        0.0000000000
     1749.0000000000        0.0000000000        0.0000000000
     1750.0000000000        0.0000000000        0.0000000000
     1751.0000000000        0.0000000000        0.0000000000
     1752.0000000000        0.0000000000        0.0000000000
     1753.0000000000        0.0000000000        0.0000000000
     1754.0000000000        0.0000000000        0.0000000000
     1755.0000000000        0.0000000000        0.0000000000
     1756.0000000000        0.0000000000        0.0000000000
     1757.0000000000        0.0000000000        0.0000000000
     1758.0000000000        0.0000000000        0.0000000000
     1759.0000000000        0.0000000000        0.0000000000
     1760.0000000000        0.0000000000        0.0000000000
     1761.0000000000        0.0000000000        0.0000000000
     1762.0000000000        0.0000000000        0.0000000000
     1763.0000000000        0.0000000000        0.0000000000
     1764.0000000000        0.0000000000        0.0000000000
     1765.0000000000        0.0000000000        0.0000000000
     1766.0000000000        0.0000000000        0.0000000000
     1767.0000000000        0.0952574726        0.0011913348
     1768.0000000000        0.0964600735        0.0012139615
     1769.0000000000        0.0976855878        0.0012371647
     1770.0000000000        0.0989346012        0.0012609629
     1771.0000000000        0.1002077183        0.0012853753
     1772.0000000000        0.1015055632        0.0013104218
     1773.0000000000        0.1028287801        0.0013361231
     1774.0000000000        0.1041780348        0.0013625008
     1775.0000000000        0.1055540146        0.0013895772
     1776.0000000000        0.1069574298        0.0014173757
     1777.0000000000        0.1083890147        0.0014459205
     1778.0000000000        0.1098495279        0.0014752367
     1779.0000000000        0.1113397540        0.0015053506
     1780.0000000000        0.1128605042        0.0015362896
     1781.0000000000        0.1144126177        0.0015680820
     1782.0000000000        0.1159969626        0.0016007576
     1783.0000000000        0.1176144374        0.0016343470
     1784.0000000000        0.1192659720        0.0016688826
     1785.0000000000        0.1209525292        0.0017043979
     1786.0000000000        0.1226751060        0.0017409278
     1787.0000000000        0.1244347351        0.0017785088
     1788.0000000000        0.1262324867        0.0018171791
     1789.0000000000        0.1280694695        0.0018569782
     1790.0000000000        0.1299468332        0.0018979478
     1791.0000000000        0.1318657697        0.0019401311
     1792.0000000000        0.1338275151        0.0019835735
     1793.0000000000        0.1358333520        0.0020283221
     1794.0000000000        0.1378846113        0.0020744266
     1795.0000000000        0.1399826743        0.0021219386
     1796.0000000000        0.1421289756        0.0021709121
     1797.0000000000        0.1443250047        0.0022214040
     1798.0000000000        0.1465723093        0.0022734733
     1799.0000000000        0.1488724977        0.0023271822
     1800.0000000000        0.1512272419        0.0023825957
     1801.0000000000        0.1536382801        0.0024397820
     1802.0000000000        0.1561074206        0.0024988125
     1803.0000000000        0.1586365447        0.0025597620
     1804.0000000000        0.1612276105        0.0026227093
     1805.0000000000        0.1638826566        0.0026877367
     1806.0000000000        0.1666038061        0.0027549310
     1807.0000000000        0.1693932711        0.0028243830
     1808.0000000000        0.1722533566        0.0028961884
     1809.0000000000        0.1751864658        0.0029704477
     1810.0000000000        0.1781951051        0.0030472665
     1811.0000000000        0.1812818891        0.0031267561
     1812.0000000000        0.1844495464        0.0032090334
     1813.0000000000        0.1877009261        0.0032942217
     1814.0000000000        0.1910390034        0.0033824509
     1815.0000000000        0.1944668870        0.0034738577
     1816.0000000000        0.1979878261        0.0035685865
     1817.0000000000        0.2016052181        0.0036667896
     1818.0000000000        0.2053226167        0.0037686275
     1819.0000000000        0.2091437411        0.0038742699
     1820.0000000000        0.2130724843        0.0039838961
     1821.0000000000        0.2171129242        0.0040976955
     1822.0000000000        0.2212693332        0.0042158687
     1823.0000000000        0.2255461899        0.0043386275
     1824.0000000000        0.2299481914        0.0044661965
     1825.0000000000        0.2344802654        0.0045988135
     1826.0000000000        0.2391475848        0.0047367305
     1827.0000000000        0.2439555821        0.0048802149
     1828.0000000000        0.2489099648        0.0050295502
     1829.0000000000        0.2540167330        0.0051850377
     1830.0000000000        0.2592821972        0.0053469971
     1831.0000000000        0.2647129976        0.0055157685
     1832.0000000000        0.2703161253        0.0056917138
     1833.0000000000        0.2760989445        0.0058752179
     1834.0000000000        0.2820692170        0.0060666908
     1835.0000000000        0.2882351277        0.0062665696
     1836.0000000000        0.2946053131        0.0064753203
     1837.0000000000        0.3011888912        0.0066934405
     1838.0000000000        0.3079954939        0.0069214613
     1839.0000000000        0.3150353027        0.0071599505
     1840.0000000000        0.3223190862        0.0074095153
     1841.0000000000        0.3298582414        0.0076708059
     1842.0000000000        0.3376648381        0.0079445184
     1843.0000000000        0.3457516671        0.0082313994
     1844.0000000000        0.3541322927        0.0085322498
     1845.0000000000        0.3628211091        0.0088479295
     1846.0000000000        0.3718334022        0.0091793629
     1847.0000000000        0.3811854168        0.0095275443
     1848.0000000000        0.3908944294        0.0098935441
     1849.0000000000        0.4009788279        0.0102785157
     1850.0000000000        0.4114581984        0.0106837035
     1851.0000000000        0.4223534202        0.0111104507
     1852.0000000000        0.4336867690        0.0115602092
     1853.0000000000        0.4454820312        0.0120345496
     1854.0000000000        0.4577646275        0.0125351726
     1855.0000000000        0.4705617502        0.0130639223
     1856.0000000000        0.4839025128        0.0136227997
     1857.0000000000        0.4978181149        0.0142139792
     1858.0000000000        0.5123420246        0.0148398259
     1859.0000000000        0.5275101785        0.0155029156
     1860.0000000000        0.5433612034        0.0162060567
     1861.0000000000        0.5599366613        0.0169523156
     1862.0000000000        0.5772813209        0.0177450442
     1863.0000000000        0.5954434588        0.0185879117
     1864.0000000000        0.6144751936        0.0194849400
     1865.0000000000        0.6344328590        0.0204405437
     1866.0000000000        0.6553774183        0.0214595758
     1867.0000000000        0.6773749283        0.0225473792
     1868.0000000000        0.7004970574        0.0237098451
     1869.0000000000        0.7248216671        0.0249534798
     1870.0000000000        0.7504334639        0.0262854809
     1871.0000000000        0.7774247332        0.0277138240
     1872.0000000000        0.8058961662        0.0292473630
     1873.0000000000        0.8359577941        0.0308959443
     1874.0000000000        0.8677300451        0.0326705391
     1875.0000000000        0.9013449435        0.0345833959
     1876.0000000000        0.9369474731        0.0366482165
     1877.0000000000        0.9746971304        0.0388803617
     1878.0000000000        1.0147696997        0.0412970888
     1879.0000000000        1.0573592852        0.0439178306
     1880.0000000000        1.1026806452        0.0467645211
     1881.0000000000        1.1509718792        0.0498619779
     1882.0000000000        1.2024975311        0.0532383536
     1883.0000000000        1.2575521830        0.0569256687
     1884.0000000000        1.3164646302        0.0609604436
     1885.0000000000        1.3796027468        0.0653844524
     1886.0000000000        1.4473791754        0.0702456223
     1887.0000000000        1.5202580039        0.0755991134
     1888.0000000000        1.5987626288        0.0815086202
     1889.0000000000        1.6834850510        0.0880479461
     1890.0000000000        1.7750969104        0.0953029167
     1891.0000000000        1.8743626374        0.1033737178
     1892.0000000000        1.9821551980        0.1123777636
     1893.0000000000        2.0994750289        0.1224532364
     1894.0000000000        2.2274729211        0.1337634759
     1895.0000000000        2.3674778135        0.1465024567
     1896.0000000000        2.5210307321        0.1609016606
     1897.0000000000        2.6899264673        0.1772387576
     1898.0000000000        2.8762650554        0.1958486411
     1899.0000000000        3.0825157719        0.2171375561
     1900.0000000000        3.3115972021        0.2416013210
     1901.0000000000        3.5669781317        0.2698490103
     1902.0000000000        3.8528056119        0.3026339911
     1903.0000000000        4.1740687967        0.3408949477
     1904.0000000000        4.5368102899        0.3858106070
     1905.0000000000        4.9484011860        0.4388734472
     1906.0000000000        5.4179023544        0.5019899871
     1907.0000000000        5.9565437228        0.5776187041
     1908.0000000000        6.5783667855        0.6689618340
     1909.0000000000        7.3010954985        0.7802352273
     1910.0000000000        8.1473305490        0.9170526262
     1911.0000000000        9.1462071097        1.0869796220
     1912.0000000000       10.3357250794        1.3003419963
     1913.0000000000       11.7660667611        1.5714189870
     1914.0000000000       13.5043802781        1.9202225690
     1915.0000000000       15.6417573701        2.3751687992
     1916.0000000000       18.3035090419        2.9770905204
     1917.0000000000       21.6643699610        3.7851911923
     1918.0000000000       25.9708859542        4.8855310263
     1919.0000000000       31.5735500119        6.4018423759
     1920.0000000000       38.9696209093        8.5048078470
     1921.0000000000       48.8484992634       11.4030613319
     1922.0000000000       62.0986450743       15.2602760553
     1923.0000000000       79.6376602617       19.8876285945
     1924.0000000000      101.7103127049       23.9411342366
     1925.0000000000      126.1300378755       23.7480721493
     1926.0000000000      146.0639636378       14.3210167518
     1927.0000000000      151.8414944758       -3.4642332331
     1928.0000000000      139.9222977041      -19.0254250072
     1929.0000000000      117.2423419634      -24.6499072787
     1930.0000000000       93.1673922206      -22.6967331985
     1931.0000000000       72.6801993746      -18.1519037928
     1932.0000000000       56.7989752955      -13.7361906521
     1933.0000000000       44.8943727180      -10.2373727621
     1934.0000000000       36.0171241217       -7.6547385940
     1935.0000000000       29.3460427522       -5.7892034824
     1936.0000000000       24.2664096077       -4.4422539487
     1937.0000000000       20.3401606925       -3.4609292167
     1938.0000000000       17.2592570318       -2.7365986812
     1939.0000000000       14.8065818014       -2.1941826622
     1940.0000000000       12.8276415850       -1.7820384507
     1941.0000000000       11.2111039230       -1.4644490833
     1942.0000000000        9.8756243214       -1.2164557954
     1943.0000000000        8.7609349308       -1.0203983296
     1944.0000000000        7.8217745287       -0.8636137080
     1945.0000000000        7.0237102867       -0.7369004273
     1946.0000000000        6.3402266223       -0.6334849544
     1947.0000000000        5.7506708977       -0.5483187235
     1948.0000000000        5.2387851763       -0.4775942340
     1949.0000000000        4.7916437033       -0.4184078607
     1950.0000000000        4.3988747338       -0.3685220094
     1951.0000000000        4.0520840661       -0.3261953402
     1952.0000000000        3.7444233449       -0.2900601775
     1953.0000000000        3.4702634469       -0.2590330132
     1954.0000000000        3.2249449690       -0.2322484813
     1955.0000000000        3.0045858683       -0.2090101607
     1956.0000000000        2.8059318830       -0.1887535697
     1957.0000000000        2.6262392705       -0.1710180799
     1958.0000000000        2.4631821729       -0.1554254189
     1959.0000000000        2.3147789083       -0.1416630826
     1960.0000000000        2.1793329161       -0.1294714387
     1961.0000000000        2.0553851382       -0.1186336268
     1962.0000000000        1.9416753843       -0.1089675942
     1963.0000000000        1.8371108041       -0.1003197759
     1964.0000000000        1.7407400172       -0.0925600465
     1965.0000000000        1.6517317731       -0.0855776655
     1966.0000000000        1.5693572623       -0.0792780023
     1967.0000000000        1.4929753813       -0.0735798755
     1968.0000000000        1.4220204054       -0.0684133821
     1969.0000000000        1.3559916300       -0.0637181166
     1970.0000000000        1.2944446305       -0.0594417026
     1971.0000000000        1.2369838590       -0.0555385788
     1972.0000000000        1.1832563498       -0.0519689890
     1973.0000000000        1.1329463481       -0.0486981392
     1974.0000000000        1.0857707112       -0.0456954916
     1975.0000000000        1.0414749577       -0.0429341706
     1976.0000000000        0.9998298628       -0.0403904619
     1977.0000000000        0.9606285154       -0.0380433876
     1978.0000000000        0.9236837663       -0.0358743458
     1979.0000000000        0.8888260108       -0.0338668029
     1980.0000000000        0.8559012544       -0.0320060309
     1981.0000000000        0.8247694235       -0.0302788815
     1982.0000000000        0.7953028846       -0.0286735929
     1983.0000000000        0.7673851439       -0.0271796216
     1984.0000000000        0.7409097024       -0.0257874987
     1985.0000000000        0.7157790463       -0.0244887041
     1986.0000000000        0.6919037531       -0.0232755576
     1987.0000000000        0.6692017008       -0.0221411239
     1988.0000000000        0.6475973652       -0.0210791301
     1989.0000000000        0.6270211944       -0.0200838927
     1990.0000000000        0.6074090519       -0.0191502547
     1991.0000000000        0.5887017190       -0.0182735288
     1992.0000000000        0.5708444496       -0.0174494492
     1993.0000000000        0.5537865717       -0.0166741273
     1994.0000000000        0.5374811289       -0.0159440140
     1995.0000000000        0.5218845586       -0.0152558652
     1996.0000000000        0.5069564027       -0.0146067120
     1997.0000000000        0.4926590454       -0.0139938338
     1998.0000000000        0.4789574778       -0.0134147342
     1999.0000000000        0.4658190839       -0.0128671202
     2000.0000000000        0.4532134471       -0.0123488828
     2001.0000000000        0.4411121751       -0.0118580800
     2002.0000000000        0.4294887404       -0.0113929218
     2003.0000000000        0.4183183352       -0.0109517565
     2004.0000000000        0.4075777396       -0.0105330582
     2005.0000000000        0.3972452013       -0.0101354159
     2006.0000000000        0.3873003256       -0.0097575235
     2007.0000000000        0.3777239753       -0.0093981710
     2008.0000000000        0.3684981787       -0.0090562360
     2009.0000000000        0.3596060455       -0.0087306768
     2010.0000000000        0.3510316900       -0.0084205253
     2011.0000000000        0.3427601597       -0.0081248815
     2012.0000000000        0.3347773710       -0.0078429074
     2013.0000000000        0.3270700490       -0.0075738227
     2014.0000000000        0.3196256723       -0.0073168997
     2015.0000000000        0.3124324226       -0.0070714593
     2016.0000000000        0.3054791378       -0.0068368678
     2017.0000000000        0.2987552687       -0.0066125325
     2018.0000000000        0.2922508390       -0.0063978995
     2019.0000000000        0.2859564088       -0.0061924501
     2020.0000000000        0.2798630399       -0.0059956986
     2021.0000000000        0.2739622643       -0.0058071899
     2022.0000000000        0.2682460550       -0.0056264971
     2023.0000000000        0.2627067987       -0.0054532194
     2024.0000000000        0.2573372702       -0.0052869806
     2025.0000000000        0.2521306094       -0.0051274269
     2026.0000000000        0.2470802989       -0.0049742261
     2027.0000000000        0.2421801442       -0.0048270650
     2028.0000000000        0.2374242541       -0.0046856491
     2029.0000000000        0.2328070235       -0.0045497010
     2030.0000000000        0.2283231168       -0.0044189591
     2031.0000000000        0.2239674524       -0.0042931765
     2032.0000000000        0.2197351885       -0.0041721205
     2033.0000000000        0.2156217094       -0.0040555712
     2034.0000000000        0.2116226132       -0.0039433210
     2035.0000000000        0.2077337000       -0.0038351735
     2036.0000000000        0.2039509607       -0.0037309430
     2037.0000000000        0.2002705669       -0.0036304539
     2038.0000000000        0.1966888612       -0.0035335400
     2039.0000000000        0.1932023479       -0.0034400436
     2040.0000000000        0.1898076847       -0.0033498154
     2041.0000000000        0.1865016748       -0.0032627141
     2042.0000000000        0.1832812591       -0.0031786053
     2043.0000000000        0.1801435092       -0.0030973617
     2044.0000000000        0.1770856209       -0.0030188624
     2045.0000000000        0.1741049080       -0.0029429925
     2046.0000000000        0.1711987960       -0.0028696428
     2047.0000000000        0.1683648170       -0.0027987096
     2048.0000000000        0.1656006041       -0.0027300943
     2049.0000000000        0.1629038870       -0.0026637030
     2050.0000000000        0.1602724866       -0.0025994463
     2051.0000000000        0.1577043112       -0.0025372392
     2052.0000000000        0.1551973521       -0.0024770005
     2053.0000000000        0.1527496798       -0.0024186532
     2054.0000000000        0.1503594399       -0.0023621235
     2055.0000000000        0.1480248503       -0.0023073413
     2056.0000000000        0.1457441973       -0.0022542395
     2057.0000000000        0.1435158325       -0.0022027543
     2058.0000000000        0.1413381703       -0.0021528245
     2059.0000000000        0.1392096844       -0.0021043920
     2060.0000000000        0.1371289057       -0.0020574011
     2061.0000000000        0.1350944194       -0.0020117985
     2062.0000000000        0.1331048630       -0.0019675333
     2063.0000000000        0.1311589233       -0.0019245568
     2064.0000000000        0.1292553352       -0.0018828227
     2065.0000000000        0.1273928788       -0.0018422861
     2066.0000000000        0.1255703779       -0.0018029047
     2067.0000000000        0.1237866981       -0.0017646374
     2068.0000000000        0.1220407448       -0.0017274452
     2069.0000000000        0.1203314619       -0.0016912906
     2070.0000000000        0.1186578298       -0.0016561377
     2071.0000000000        0.1170188642       -0.0016219520
     2072.0000000000        0.1154136144       -0.0015887005
     2073.0000000000        0.1138411623       -0.0015563515
     2074.0000000000        0.1123006207       -0.0015248747
     2075.0000000000        0.1107911321       -0.0014942407
     2076.0000000000        0.1093118676       -0.0014644217
     2077.0000000000        0.1078620260       -0.0014353906
     2078.0000000000        0.1064408323       -0.0014071217
     2079.0000000000        0.1050475368       -0.0013795901
     2080.0000000000        0.1036814142       -0.0013527720
     2081.0000000000        0.1023417627       -0.0013266442
     2082.0000000000        0.1010279030       -0.0013011849
     2083.0000000000        0.0997391772       -0.0012763728
     2084.0000000000        0.0984749485       -0.0012521873
     2085.0000000000        0.0972346002       -0.0012286090
     2086.0000000000        0.0960175346       -0.0012056187
     2087.0000000000        0.0000000000        0.0000000000
     2088.0000000000        0.0000000000        0.0000000000
     2089.0000000000        0.0000000000        0.0000000000
     2090.0000000000        0.0000000000        0.0000000000
     2091.0000000000        0.0000000000        0.0000000000
     2092.0000000000        0.0000000000        0.0000000000
     2093.0000000000        0.0000000000        0.0000000000
     2094.0000000000        0.0000000000        0.0000000000
     2095.0000000000        0.0000000000        0.0000000000
     2096.0000000000        0.0000000000        0.0000000000
     2097.0000000000        0.0000000000        0.0000000000
     2098.0000000000        0.0000000000        0.0000000000
     2099.0000000000        0.0000000000        0.0000000000
     2100.0000000000        0.0000000000        0.0000000000
     2101.0000000000        0.0000000000        0.0000000000
     2102.0000000000        0.0000000000        0.0000000000
     2103.0000000000        0.0000000000        0.0000000000
     2104.0000000000        0.0000000000        0.0000000000
     2105.0000000000        0.0000000000        0.0000000000
     2106.0000000000        0.0000000000        0.0000000000
     2107.0000000000        0.0000000000        0.0000000000
     2108.0000000000        0.0000000000        0.0000000000
     2109.0000000000        0.0000000000        0.0000000000
     2110.0000000000        0.0000000000        0.0000000000
     2111.0000000000        0.0000000000        0.0000000000
     2112.0000000000        0.0000000000        0.0000000000
     2113.0000000000        0.0000000000        0.0000000000
     2114.0000000000        0.0000000000        0.0000000000
     2115.0000000000        0.0000000000        0.0000000000
     2116.0000000000        0.0000000000        0.0000000000
     2117.0000000000        0.0000000000        0.0000000000
     2118.0000000000        0.0000000000        0.0000000000
     2119.0000000000        0.0000000000        0.0000000000
     2120.0000000000        0.0000000000        0.0000000000
     2121.0000000000        0.0000000000        0.0000000000
     2122.0000000000        0.0000000000        0.0000000000
     2123.0000000000        0.0000000000        0.0000000000
     2124.0000000000        0.0000000000        0.0000000000
     2125.0000000000        0.0000000000        0.0000000000
     2126.0000000000        0.0000000000        0.0000000000
     2127.0000000000        0.0000000000        0.0000000000
     2128.0000000000        0.0000000000        0.0000000000
     2129.0000000000        0.0000000000        0.0000000000
     2130.0000000000        0.0000000000        0.0000000000
     2131.0000000000        0.0000000000        0.0000000000
     2132.0000000000        0.0000000000        0.0000000000
     2133.0000000000        0.0000000000        0.0000000000
     2134.0000000000        0.0000000000        0.0000000000
     2135.0000000000        0.0000000000        0.0000000000
     2136.0000000000        0.0000000000        0.0000000000
     2137.0000000000        0.0000000000        0.0000000000
     2138.0000000000        0.0000000000        0.0000000000
     2139.0000000000        0.0000000000        0.0000000000
     2140.0000000000        0.0000000000        0.0000000000
     2141.0000000000        0.0000000000        0.0000000000
     2142.0000000000        0.0000000000        0.0000000000
     2143.0000000000        0.0000000000        0.0000000000
     2144.0000000000        0.0000000000        0.0000000000
     2145.0000000000        0.0000000000        0.0000000000
     2146.0000000000        0.0000000000        0.0000000000
     2147.0000000000        0.0000000000        0.0000000000
     2148.0000000000        0.0000000000        0.0000000000
     2149.0000000000        0.0000000000        0.0000000000
     2150.0000000000        0.0000000000        0.0000000000
     2151.0000000000        0.0000000000        0.0000000000
     2152.0000000000        0.0000000000        0.0000000000
     2153.0000000000        0.0000000000        0.0000000000
     2154.0000000000        0.0000000000        0.0000000000
     2155.0000000000        0.0000000000        0.0000000000
     2156.0000000000        0.0000000000        0.0000000000
     2157.0000000000        0.0000000000        0.0000000000
     2158.0000000000        0.0000000000        0.0000000000
     2159.0000000000        0.0000000000        0.0000000000
     2160.0000000000        0.0000000000        0.0000000000
     2161.0000000000        0.0000000000        0.0000000000
     2162.0000000000        0.0000000000        0.0000000000
     2163.0000000000        0.0000000000        0.0000000000
     2164.0000000000        0.0000000000        0.0000000000
     2165.0000000000        0.0000000000        0.0000000000
     2166.0000000000        0.0000000000        0.0000000000
     2167.0000000000        0.0000000000        0.0000000000
     2168.0000000000        0.0000000000        0.0000000000
     2169.0000000000        0.0000000000        0.0000000000
     2170.0000000000        0.0000000000        0.0000000000
     2171.0000000000        0.0000000000        0.0000000000
     2172.0000000000        0.0000000000        0.0000000000
     2173.0000000000        0.0000000000        0.0000000000
     2174.0000000000        0.0000000000        0.0000000000
     2175.0000000000        0.0000000000        0.0000000000
     2176.0000000000        0.0000000000        0.0000000000
     2177.0000000000        0.0000000000        0.0000000000
     2178.0000000000        0.0000000000        0.0000000000
     2179.0000000000        0.0000000000        0.0000000000
     2180.0000000000        0.0000000000        0.0000000000
     2181.0000000000        0.0000000000        0.0000000000
     2182.0000000000        0.0000000000        0.0000000000
     2183.0000000000        0.0000000000        0.0000000000
     2184.0000000000        0.0000000000        0.0000000000
     2185.0000000000        0.0000000000        0.0000000000
     2186.0000000000        0.0000000000        0.0000000000
     2187.0000000000        0.0000000000        0.0000000000
     2188.0000000000        0.0000000000        0.0000000000
     2189.0000000000        0.0000000000        0.0000000000
     2190.0000000000        0.0000000000        0.0000000000
     2191.0000000000        0.0000000000        0.0000000000
     2192.0000000000        0.0000000000        0.0000000000
     2193.0000000000        0.0000000000        0.0000000000
     2194.0000000000        0.0000000000        0.0000000000
     2195.0000000000        0.0000000000        0.0000000000
     2196.0000000000        0.0000000000        0.0000000000
     2197.0000000000        0.0000000000        0.0000000000
     2198.0000000000        0.0000000000        0.0000000000
     2199.0000000000        0.0000000000        0.0000000000
     2200.0000000000        0.0000000000        0.0000000000
     2201.0000000000        0.0000000000        0.0000000000
     2202.0000000000        0.0000000000        0.0000000000
     2203.0000000000        0.0000000000        0.0000000000
     2204.0000000000        0.0000000000        0.0000000000
     2205.0000000000        0.0000000000        0.0000000000
     2206.0000000000        0.0000000000        0.0000000000
     2207.0000000000        0.0000000000        0.0000000000
     2208.0000000000        0.0000000000        0.0000000000
     2209.0000000000        0.0000000000        0.0000000000
     2210.0000000000        0.0000000000        0.0000000000
     2211.0000000000        0.0000000000        0.0000000000
     2212.0000000000        0.0000000000        0.0000000000
     2213.0000000000        0.0000000000        0.0000000000
     2214.0000000000        0.0000000000        0.0000000000
     2215.0000000000        0.0000000000        0.0000000000
     2216.0000000000        0.0000000000        0.0000000000
     2217.0000000000        0.0000000000        0.0000000000
     2218.0000000000        0.0000000000        0.0000000000
     2219.0000000000        0.0000000000        0.0000000000
     2220.0000000000        0.0000000000        0.0000000000
     2221.0000000000        0.0000000000        0.0000000000
     2222.0000000000        0.0000000000        0.0000000000
     2223.0000000000        0.0000000000        0.0000000000
     2224.0000000000        0.0000000000        0.0000000000
     2225.0000000000        0.0000000000        0.0000000000
     2226.0000000000        0.0000000000        0.0000000000
     2227.0000000000        0.0000000000        0.0000000000
     2228.0000000000        0.0000000000        0.0000000000
     2229.0000000000        0.0000000000        0.0000000000
     2230.0000000000        0.0000000000        0.0000000000
     2231.0000000000        0.0000000000        0.0000000000
     2232.0000000000        0.0000000000        0.0000000000
     2233.0000000000        0.0000000000        0.0000000000
     2234.0000000000        0.0000000000        0.0000000000
     2235.0000000000        0.0000000000        0.0000000000
     2236.0000000000        0.0000000000        0.0000000000
     2237.0000000000        0.0000000000        0.0000000000
     2238.0000000000        0.0000000000        0.0000000000
     2239.0000000000        0.0000000000        0.0000000000
     2240.0000000000        0.0000000000        0.0000000000
     2241.0000000000        0.0000000000        0.0000000000
     2242.0000000000        0.0000000000        0.0000000000
     2243.0000000000        0.0000000000        0.0000000000
     2244.0000000000        0.0000000000        0.0000000000
     2245.0000000000        0.0000000000        0.0000000000
     2246.0000000000        0.0000000000        0.0000000000
     2247.0000000000        0.0000000000        0.0000000000
     2248.0000000000        0.0000000000        0.0000000000
     2249.0000000000        0.0000000000        0.0000000000
     2250.0000000000        0.0000000000        0.0000000000
     2251.0000000000        0.0000000000        0.0000000000
     2252.0000000000        0.0000000000        0.0000000000
     2253.0000000000        0.0000000000        0.0000000000
     2254.0000000000        0.0000000000        0.0000000000
     2255.0000000000        0.0000000000        0.0000000000
     2256.0000000000        0.0000000000        0.0000000000
     2257.0000000000        0.0000000000        0.0000000000
     2258.0000000000        0.0000000000        0.0000000000
     2259.0000000000        0.0000000000        0.0000000000
     2260.0000000000        0.0000000000        0.0000000000
     2261.0000000000        0.0000000000        0.0000000000
     2262.0000000000        0.0000000000        0.0000000000
     2263.0000000000        0.0000000000        0.0000000000
     2264.0000000000        0.0000000000        0.0000000000
     2265.0000000000        0.0000000000        0.0000000000
     2266.0000000000        0.0000000000        0.0000000000
     2267.0000000000        0.0000000000        0.0000000000
     2268.0000000000        0.0000000000        0.0000000000
     2269.0000000000        0.0000000000        0.0000000000
     2270.0000000000        0.0000000000        0.0000000000
     2271.0000000000        0.0000000000        0.0000000000
     2272.0000000000        0.0000000000        0.0000000000
     2273.0000000000        0.0000000000        0.0000000000
     2274.0000000000        0.0000000000        0.0000000000
     2275.0000000000        0.0000000000        0.0000000000
     2276.0000000000        0.0000000000        0.0000000000
     2277.0000000000        0.0000000000        0.0000000000
     2278.0000000000        0.0000000000        0.0000000000
     2279.0000000000        0.0000000000        0.0000000000
     2280.0000000000        0.0000000000        0.0000000000
     2281.0000000000        0.0000000000        0.0000000000
     2282.0000000000        0.0000000000        0.0000000000
     2283.0000000000        0.0000000000        0.0000000000
     2284.0000000000        0.0000000000        0.0000000000
     2285.0000000000        0.0000000000        0.0000000000
     2286.0000000000        0.0000000000        0.0000000000
     2287.0000000000        0.0000000000        0.0000000000
     2288.0000000000        0.0000000000        0.0000000000
     2289.0000000000        0.0000000000        0.0000000000
     2290.0000000000        0.0000000000        0.0000000000
     2291.0000000000        0.0000000000        0.0000000000
     2292.0000000000        0.0000000000        0.0000000000
     2293.0000000000        0.0000000000        0.0000000000
     2294.0000000000        0.0000000000        0.0000000000
     2295.0000000000        0.0000000000        0.0000000000
     2296.0000000000        0.0000000000        0.0000000000
     2297.0000000000        0.0000000000        0.0000000000
     2298.0000000000        0.0000000000        0.0000000000
     2299.0000000000        0.0000000000        0.0000000000
     2300.0000000000        0.0000000000        0.0000000000
     2301.0000000000        0.0000000000        0.0000000000
     2302.0000000000        0.0000000000        0.0000000000
     2303.0000000000        0.0000000000        0.0000000000
     2304.0000000000        0.0000000000        0.0000000000
     2305.0000000000        0.0000000000        0.0000000000
     2306.0000000000        0.0000000000        0.0000000000
     2307.0000000000        0.0000000000        0.0000000000
     2308.0000000000        0.0000000000        0.0000000000
     2309.0000000000        0.0000000000        0.0000000000
     2310.0000000000        0.0000000000        0.0000000000
     2311.0000000000        0.0000000000        0.0000000000
     2312.0000000000        0.0000000000        0.0000000000
     2313.0000000000        0.0000000000        0.0000000000
     2314.0000000000        0.0000000000        0.0000000000
     2315.0000000000        0.0000000000        0.0000000000
     2316.0000000000        0.0000000000        0.0000000000
     2317.0000000000        0.0000000000        0.0000000000
     2318.0000000000        0.0000000000        0.0000000000
     2319.0000000000        0.0000000000        0.0000000000
     2320.0000000000        0.0000000000        0.0000000000
     2321.0000000000        0.0000000000        0.0000000000
     2322.0000000000        0.0000000000        0.0000000000
     2323.0000000000        0.0000000000        0.0000000000
     2324.0000000000        0.0000000000        0.0000000000
     2325.0000000000        0.0000000000        0.0000000000
     2326.0000000000        0.0000000000        0.0000000000
     2327.0000000000        0.0000000000        0.0000000000
     2328.0000000000        0.0000000000        0.0000000000
     2329.0000000000        0.0000000000        0.0000000000
     2330.0000000000        0.0000000000        0.0000000000
     2331.0000000000        0.0000000000        0.0000000000
     2332.0000000000        0.0000000000        0.0000000000
     2333.0000000000        0.0000000000        0.0000000000
     2334.0000000000        0.0000000000        0.0000000000
     2335.0000000000        0.0000000000        0.0000000000
     2336.0000000000        0.0000000000        0.0000000000
     2337.0000000000        0.0000000000        0.0000000000
     2338.0000000000        0.0000000000        0.0000000000
     2339.0000000000        0.0000000000        0.0000000000
     2340.0000000000        0.0000000000        0.0000000000
     2341.0000000000        0.0000000000        0.0000000000
     2342.0000000000        0.0000000000        0.0000000000
     2343.0000000000        0.0000000000        0.0000000000
     2344.0000000000        0.0000000000        0.0000000000
     2345.0000000000        0.0000000000        0.0000000000
     2346.0000000000        0.0000000000        0.0000000000
     2347.0000000000        0.0000000000        0.0000000000
     2348.0000000000        0.0000000000        0.0000000000
     2349.0000000000        0.0000000000        0.0000000000
     2350.0000000000        0.0000000000        0.0000000000
     2351.0000000000        0.0000000000        0.0000000000
     2352.0000000000        0.0000000000        0.0000000000
     2353.0000000000        0.0000000000        0.0000000000
     2354.0000000000        0.0000000000        0.0000000000
     2355.0000000000        0.0000000000        0.0000000000
     2356.0000000000        0.0000000000        0.0000000000
     2357.0000000000        0.0000000000        0.0000000000
     2358.0000000000        0.0000000000        0.0000000000
     2359.0000000000        0.0000000000        0.0000000000
     2360.0000000000        0.0000000000        0.0000000000
     2361.0000000000        0.0000000000        0.0000000000
     2362.0000000000        0.0000000000        0.0000000000
     2363.0000000000        0.0000000000        0.0000000000
     2364.0000000000        0.0000000000        0.0000000000
     2365.0000000000        0.0000000000        0.0000000000
     2366.0000000000        0.0000000000        0.0000000000
     2367.0000000000        0.0000000000        0.0000000000
     2368.0000000000        0.0000000000        0.0000000000
     2369.0000000000        0.0000000000        0.0000000000
     2370.0000000000        0.0000000000        0.0000000000
     2371.0000000000        0.0000000000        0.0000000000
     2372.0000000000        0.0000000000        0.0000000000
     2373.0000000000        0.0000000000        0.0000000000
     2374.0000000000        0.0000000000        0.0000000000
     2375.0000000000        0.0000000000        0.0000000000
     2376.0000000000        0.0000000000        0.0000000000
     2377.0000000000        0.0000000000        0.0000000000
     2378.0000000000        0.0000000000        0.0000000000
     2379.0000000000        0.0000000000        0.0000000000
     2380.0000000000        0.0000000000        0.0000000000
     2381.0000000000        0.0000000000        0.0000000000
     2382.0000000000        0.0000000000        0.0000000000
     2383.0000000000        0.0000000000        0.0000000000
     2384.0000000000        0.0000000000        0.0000000000
     2385.0000000000        0.0000000000        0.0000000000
     2386.0000000000        0.0000000000        0.0000000000
     2387.0000000000        0.0000000000        0.0000000000
     2388.0000000000        0.0000000000        0.0000000000
     2389.0000000000        0.0000000000        0.0000000000
     2390.0000000000        0.0000000000        0.0000000000
     2391.0000000000        0.0000000000        0.0000000000
     2392.0000000000        0.0000000000        0.0000000000
     2393.0000000000        0.0000000000        0.0000000000
     2394.0000000000        0.0000000000        0.0000000000
     2395.0000000000        0.0000000000        0.0000000000
     2396.0000000000        0.0000000000        0.0000000000
     2397.0000000000        0.0000000000        0.0000000000
     2398.0000000000        0.0000000000        0.0000000000
     2399.0000000000        0.0000000000        0.0000000000
     2400.0000000000        0.0000000000        0.0000000000
     2401.0000000000        0.0000000000        0.0000000000
     2402.0000000000        0.0000000000        0.0000000000
     2403.0000000000        0.0000000000        0.0000000000
     2404.0000000000        0.0000000000        0.0000000000
     2405.0000000000        0.0000000000        0.0000000000
     2406.0000000000        0.0000000000        0.0000000000
     2407.0000000000        0.0000000000        0.0000000000
     2408.0000000000        0.0000000000        0.0000000000
     2409.0000000000        0.0000000000        0.0000000000
     2410.0000000000        0.0000000000        0.0000000000
     2411.0000000000        0.0000000000        0.0000000000
     2412.0000000000        0.0000000000        0.0000000000
     2413.0000000000        0.0000000000        0.0000000000
     2414.0000000000        0.0000000000        0.0000000000
     2415.0000000000        0.0000000000        0.0000000000
     2416.0000000000        0.0000000000        0.0000000000
     2417.0000000000        0.0000000000        0.0000000000
     2418.0000000000        0.0000000000        0.0000000000
     2419.0000000000        0.0000000000        0.0000000000
     2420.0000000000        0.0000000000        0.0000000000
     2421.0000000000        0.0000000000        0.0000000000
     2422.0000000000        0.0000000000        0.0000000000
     2423.0000000000        0.0000000000        0.0000000000
     2424.0000000000        0.0000000000        0.0000000000
     2425.0000000000        0.0000000000        0.0000000000
     2426.0000000000        0.0000000000        0.0000000000
     2427.0000000000        0.0000000000        0.0000000000
     2428.0000000000        0.0000000000        0.0000000000
     2429.0000000000        0.0000000000        0.0000000000
     2430.0000000000        0.0000000000        0.0000000000
     2431.0000000000        0.0000000000        0.0000000000
     2432.0000000000        0.0000000000        0.0000000000
     2433.0000000000        0.0000000000        0.0000000000
     2434.0000000000        0.0000000000        0.0000000000
     2435.0000000000        0.0000000000        0.0000000000
     2436.0000000000        0.0000000000        0.0000000000
     2437.0000000000        0.0000000000        0.0000000000
     2438.0000000000        0.0000000000        0.0000000000
     2439.0000000000        0.0000000000        0.0000000000
     2440.0000000000        0.0000000000        0.0000000000
     2441.0000000000        0.0000000000        0.0000000000
     2442.0000000000        0.0000000000        0.0000000000
     2443.0000000000        0.0000000000        0.0000000000
     2444.0000000000        0.0000000000        0.0000000000
     2445.0000000000        0.0000000000        0.0000000000
     2446.0000000000        0.0000000000        0.0000000000
     2447.0000000000        0.0000000000        0.0000000000
     2448.0000000000        0.0000000000        0.0000000000
     2449.0000000000        0.0000000000        0.0000000000
     2450.0000000000        0.0000000000        0.0000000000
     2451.0000000000        0.0000000000        0.0000000000
     2452.0000000000        0.0000000000        0.0000000000
     2453.0000000000        0.0000000000        0.0000000000
     2454.0000000000        0.0000000000        0.0000000000
     2455.0000000000        0.0000000000        0.0000000000
     2456.0000000000        0.0000000000        0.0000000000
     2457.0000000000        0.0000000000        0.0000000000
     2458.0000000000        0.0000000000        0.0000000000
     2459.0000000000        0.0000000000        0.0000000000
     2460.0000000000        0.0000000000        0.0000000000
     2461.0000000000        0.0000000000        0.0000000000
     2462.0000000000        0.0000000000        0.0000000000
     2463.0000000000        0.0000000000        0.0000000000
     2464.0000000000        0.0000000000        0.0000000000
     2465.0000000000        0.0000000000        0.0000000000
     2466.0000000000        0.0000000000        0.0000000000
     2467.0000000000        0.0000000000        0.0000000000
     2468.0000000000        0.0000000000        0.0000000000
     2469.0000000000        0.0000000000        0.0000000000
     2470.0000000000        0.0000000000        0.0000000000
     2471.0000000000        0.0000000000        0.0000000000
     2472.0000000000        0.0000000000        0.0000000000
     2473.0000000000        0.0000000000        0.0000000000
     2474.0000000000        0.0000000000        0.0000000000
     2475.0000000000        0.0000000000        0.0000000000
     2476.0000000000        0.0000000000        0.0000000000
     2477.0000000000        0.0000000000        0.0000000000
     2478.0000000000        0.0000000000        0.0000000000
     2479.0000000000        0.0000000000        0.0000000000
     2480.0000000000        0.0000000000        0.0000000000
     2481.0000000000        0.0000000000        0.0000000000
     2482.0000000000        0.0000000000        0.0000000000
     2483.0000000000        0.0000000000        0.0000000000
     2484.0000000000        0.0000000000        0.0000000000
     2485.0000000000        0.0000000000        0.0000000000
     2486.0000000000        0.0000000000        0.0000000000
     2487.0000000000        0.0000000000        0.0000000000
     2488.0000000000        0.0000000000        0.0000000000
     2489.0000000000        0.0000000000        0.0000000000
     2490.0000000000        0.0000000000        0.0000000000
     2491.0000000000        0.0000000000        0.0000000000
     2492.0000000000        0.0000000000        0.0000000000
     2493.0000000000        0.0000000000        0.0000000000
     2494.0000000000        0.0000000000        0.0000000000
     2495.0000000000        0.0000000000        0.0000000000
     2496.0000000000        0.0000000000        0.0000000000
     2497.0000000000        0.0000000000        0.0000000000
     2498.0000000000        0.0000000000        0.0000000000
     2499.0000000000        0.0000000000        0.0000000000
     2500.0000000000        0.0000000000        0.0000000000
     2501.0000000000        0.0000000000        0.0000000000
     2502.0000000000        0.0000000000        0.0000000000
     2503.0000000000        0.0000000000        0.0000000000
     2504.0000000000        0.0000000000        0.0000000000
     2505.0000000000        0.0000000000        0.0000000000
     2506.0000000000        0.0000000000        0.0000000000
     2507.0000000000        0.0000000000        0.0000000000
     2508.0000000000        0.0000000000        0.0000000000
     2509.0000000000        0.0000000000        0.0000000000
     2510.0000000000        0.0000000000        0.0000000000
     2511.0000000000        0.0000000000        0.0000000000
     2512.0000000000        0.0000000000        0.0000000000
     2513.0000000000        0.0000000000        0.0000000000
     2514.0000000000        0.0000000000        0.0000000000
     2515.0000000000        0.0000000000        0.0000000000
     2516.0000000000        0.0000000000        0.0000000000
     2517.0000000000        0.0000000000        0.0000000000
     2518.0000000000        0.0000000000        0.0000000000
     2519.0000000000        0.0000000000        0.0000000000
     2520.0000000000        0.0000000000        0.0000000000
     2521.0000000000        0.0000000000        0.0000000000
     2522.0000000000        0.0000000000        0.0000000000
     2523.0000000000        0.0000000000        0.0000000000
     2524.0000000000        0.0000000000        0.0000000000
     2525.0000000000        0.0000000000        0.0000000000
     2526.0000000000        0.0000000000        0.0000000000
     2527.0000000000        0.0000000000        0.0000000000
     2528.0000000000        0.0000000000        0.0000000000
     2529.0000000000        0.0000000000        0.0000000000
     2530.0000000000        0.0000000000        0.0000000000
     2531.0000000000        0.0000000000        0.0000000000
     2532.0000000000        0.0000000000        0.0000000000
     2533.0000000000        0.0000000000        0.0000000000
     2534.0000000000        0.0000000000        0.0000000000
     2535.0000000000        0.0000000000        0.0000000000
     2536.0000000000        0.0000000000        0.0000000000
     2537.0000000000        0.0000000000        0.0000000000
     2538.0000000000        0.0000000000        0.0000000000
     2539.0000000000        0.0000000000        0.0000000000
     2540.0000000000        0.0000000000        0.0000000000
     2541.0000000000        0.0000000000        0.0000000000
     2542.0000000000        0.0000000000        0.0000000000
     2543.0000000000        0.0000000000        0.0000000000
     2544.0000000000        0.0000000000        0.0000000000
     2545.0000000000        0.0000000000        0.0000000000
     2546.0000000000        0.0000000000        0.0000000000
     2547.0000000000        0.0000000000        0.0000000000
     2548.0000000000        0.0000000000        0.0000000000
     2549.0000000000        0.0000000000        0.0000000000
     2550.0000000000        0.0000000000        0.0000000000
     2551.0000000000        0.0000000000        0.0000000000
     2552.0000000000        0.0000000000        0.0000000000
     2553.0000000000        0.0000000000        0.0000000000
     2554.0000000000        0.0000000000        0.0000000000
     2555.0000000000        0.0000000000        0.0000000000
     2556.0000000000        0.0000000000        0.0000000000
     2557.0000000000        0.0000000000        0.0000000000
     2558.0000000000        0.0000000000        0.0000000000
     2559.0000000000        0.0000000000        0.0000000000
     2560.0000000000        0.0000000000        0.0000000000
     2561.0000000000        0.0000000000        0.0000000000
     2562.0000000000        0.0000000000        0.0000000000
     2563.0000000000        0.0000000000        0.0000000000
     2564.0000000000        0.0000000000        0.0000000000
     2565.0000000000        0.0000000000        0.0000000000
     2566.0000000000        0.0000000000        0.0000000000
     2567.0000000000        0.0000000000        0.0000000000
     2568.0000000000        0.0000000000        0.0000000000
     2569.0000000000        0.0000000000        0.0000000000
     2570.0000000000        0.0000000000        0.0000000000
     2571.0000000000        0.0000000000        0.0000000000
     2572.0000000000        0.0000000000        0.0000000000
     2573.0000000000        0.0000000000        0.0000000000
     2574.0000000000        0.0000000000        0.0000000000
     2575.0000000000        0.0000000000        0.0000000000
     2576.0000000000        0.0000000000        0.0000000000
     2577.0000000000        0.0000000000        0.0000000000
     2578.0000000000        0.0000000000        0.0000000000
     2579.0000000000        0.0000000000        0.0000000000
     2580.0000000000        0.0000000000        0.0000000000
     2581.0000000000        0.0000000000        0.0000000000
     2582.0000000000        0.0000000000        0.0000000000
     2583.0000000000        0.0000000000        0.0000000000
     2584.0000000000        0.0000000000        0.0000000000
     2585.0000000000        0.0000000000        0.0000000000
     2586.0000000000        0.0000000000        0.0000000000
     2587.0000000000        0.0000000000        0.0000000000
     2588.0000000000        0.0000000000        0.0000000000
     2589.0000000000        0.0000000000        0.0000000000
     2590.0000000000        0.0000000000        0.0000000000
     2591.0000000000        0.0000000000        0.0000000000
     2592.0000000000        0.0000000000        0.0000000000
     2593.0000000000        0.0000000000        0.0000000000
     2594.0000000000        0.0000000000        0.0000000000
     2595.0000000000        0.0000000000        0.0000000000
     2596.0000000000        0.0000000000        0.0000000000
     2597.0000000000        0.0000000000        0.0000000000
     2598.0000000000        0.0000000000        0.0000000000
     2599.0000000000        0.0000000000        0.0000000000
     2600.0000000000        0.0000000000        0.0000000000
     2601.0000000000        0.0000000000        0.0000000000
     2602.0000000000        0.0000000000        0.0000000000
     2603.0000000000        0.0000000000        0.0000000000
     2604.0000000000        0.0000000000        0.0000000000
     2605.0000000000        0.0000000000        0.0000000000
     2606.0000000000        0.0000000000        0.0000000000
     2607.0000000000        0.0000000000        0.0000000000
     2608.0000000000        0.0000000000        0.0000000000
     2609.0000000000        0.0000000000        0.0000000000
     2610.0000000000        0.0000000000        0.0000000000
     2611.0000000000        0.0000000000        0.0000000000
     2612.0000000000        0.0000000000        0.0000000000
     2613.0000000000        0.0000000000        0.0000000000
     2614.0000000000        0.0000000000        0.0000000000
     2615.0000000000        0.0000000000        0.0000000000
     2616.0000000000        0.0000000000        0.0000000000
     2617.0000000000        0.0000000000        0.0000000000
     2618.0000000000        0.0000000000        0.0000000000
     2619.0000000000        0.0000000000        0.0000000000
     2620.0000000000        0.0000000000        0.0000000000
     2621.0000000000        0.0000000000        0.0000000000
     2622.0000000000        0.0000000000        0.0000000000
     2623.0000000000        0.0000000000        0.0000000000
     2624.0000000000        0.0000000000        0.0000000000
     2625.0000000000        0.0000000000        0.0000000000
     2626.0000000000        0.0000000000        0.0000000000
     2627.0000000000        0.0000000000        0.0000000000
     2628.0000000000        0.0000000000        0.0000000000
     2629.0000000000        0.0000000000        0.0000000000
     2630.0000000000        0.0000000000        0.0000000000
     2631.0000000000        0.0000000000        0.0000000000
     2632.0000000000        0.0000000000        0.0000000000
     2633.0000000000        0.0000000000        0.0000000000
     2634.0000000000        0.0000000000        0.0000000000
     2635.0000000000        0.0000000000        0.0000000000
     2636.0000000000        0.0000000000        0.0000000000
     2637.0000000000        0.0000000000        0.0000000000
     2638.0000000000        0.0000000000        0.0000000000
     2639.0000000000        0.0000000000        0.0000000000
     2640.0000000000        0.0000000000        0.0000000000
     2641.0000000000        0.0000000000        0.0000000000
     2642.0000000000        0.0000000000        0.0000000000
     2643.0000000000        0.0000000000        0.0000000000
     2644.0000000000        0.0000000000        0.0000000000
     2645.0000000000        0.0000000000        0.0000000000
     2646.0000000000        0.0000000000        0.0000000000
     2647.0000000000        0.0000000000        0.0000000000
     2648.0000000000        0.0000000000        0.0000000000
     2649.0000000000        0.0000000000        0.0000000000
     2650.0000000000        0.0000000000        0.0000000000
     2651.0000000000        0.0000000000        0.0000000000
     2652.0000000000        0.0000000000        0.0000000000
     2653.0000000000        0.0000000000        0.0000000000
     2654.0000000000        0.0000000000        0.0000000000
     2655.0000000000        0.0000000000        0.0000000000
     2656.0000000000        0.0000000000        0.0000000000
     2657.0000000000        0.0000000000        0.0000000000
     2658.0000000000        0.0000000000        0.0000000000
     2659.0000000000        0.0000000000        0.0000000000
     2660.0000000000        0.0000000000        0.0000000000
     2661.0000000000        0.0000000000        0.0000000000
     2662.0000000000        0.0000000000        0.0000000000
     2663.0000000000        0.0000000000        0.0000000000
     2664.0000000000        0.0000000000        0.0000000000
     2665.0000000000        0.0000000000        0.0000000000
     2666.0000000000        0.0000000000        0.0000000000
     2667.0000000000        0.0000000000        0.0000000000
     2668.0000000000        0.0000000000        0.0000000000
     2669.0000000000        0.0000000000        0.0000000000
     2670.0000000000        0.0000000000        0.0000000000
     2671.0000000000        0.0000000000        0.0000000000
     2672.0000000000        0.0000000000        0.0000000000
     2673.0000000000        0.0000000000        0.0000000000
     2674.0000000000        0.0000000000        0.0000000000
     2675.0000000000        0.0000000000        0.0000000000
     2676.0000000000        0.0000000000        0.0000000000
     2677.0000000000        0.0000000000        0.0000000000
     2678.0000000000        0.0000000000        0.0000000000
     2679.0000000000        0.0000000000        0.0000000000
     2680.0000000000        0.0000000000        0.0000000000
     2681.0000000000        0.0000000000        0.0000000000
     2682.0000000000        0.0000000000        0.0000000000
     2683.0000000000        0.0000000000        0.0000000000
     2684.0000000000        0.0000000000        0.0000000000
     2685.0000000000        0.0000000000        0.0000000000
     2686.0000000000        0.0000000000        0.0000000000
     2687.0000000000        0.0000000000        0.0000000000
     2688.0000000000        0.0000000000        0.0000000000
     2689.0000000000        0.0000000000        0.0000000000
     2690.0000000000        0.0000000000        0.0000000000
     2691.0000000000        0.0000000000        0.0000000000
     2692.0000000000        0.0000000000        0.0000000000
     2693.0000000000        0.0000000000        0.0000000000
     2694.0000000000        0.0000000000        0.0000000000
     2695.0000000000        0.0000000000        0.0000000000
     2696.0000000000        0.0000000000        0.0000000000
     2697.0000000000        0.0000000000        0.0000000000
     2698.0000000000        0.0000000000        0.0000000000
     2699.0000000000        0.0000000000        0.0000000000
     2700.0000000000        0.0000000000        0.0000000000
     2701.0000000000        0.0000000000        0.0000000000
     2702.0000000000        0.0000000000        0.0000000000
     2703.0000000000        0.0000000000        0.0000000000
     2704.0000000000        0.0000000000        0.0000000000
     2705.0000000000        0.0000000000        0.0000000000
     2706.0000000000        0.0000000000        0.0000000000
     2707.0000000000        0.0000000000        0.0000000000
     2708.0000000000        0.0000000000        0.0000000000
     2709.0000000000        0.0000000000        0.0000000000
     2710.0000000000        0.0000000000        0.0000000000
     2711.0000000000        0.0000000000        0.0000000000
     2712.0000000000        0.0000000000        0.0000000000
     2713.0000000000        0.0000000000        0.0000000000
     2714.0000000000        0.0000000000        0.0000000000
     2715.0000000000        0.0000000000        0.0000000000
     2716.0000000000        0.0000000000        0.0000000000
     2717.0000000000        0.0000000000        0.0000000000
     2718.0000000000        0.0000000000        0.0000000000
     2719.0000000000        0.0000000000        0.0000000000
     2720.0000000000        0.0000000000        0.0000000000
     2721.0000000000        0.0000000000        0.0000000000
     2722.0000000000        0.0000000000        0.0000000000
     2723.0000000000        0.0000000000        0.0000000000
     2724.0000000000        0.0000000000        0.0000000000
     2725.0000000000        0.0000000000        0.0000000000
     2726.0000000000        0.0000000000        0.0000000000
     2727.0000000000        0.0000000000        0.0000000000
     2728.0000000000        0.0000000000        0.0000000000
     2729.0000000000        0.0000000000        0.0000000000
     2730.0000000000        0.0000000000        0.0000000000
     2731.0000000000        0.0000000000        0.0000000000
     2732.0000000000        0.0000000000        0.0000000000
     2733.0000000000        0.0000000000        0.0000000000
     2734.0000000000        0.0000000000        0.0000000000
     2735.0000000000        0.0000000000        0.0000000000
     2736.0000000000        0.0000000000        0.0000000000
     2737.0000000000        0.0000000000        0.0000000000
     2738.0000000000        0.0000000000        0.0000000000
     2739.0000000000        0.0000000000        0.0000000000
     2740.0000000000        0.0000000000        0.0000000000
     2741.0000000000        0.0000000000        0.0000000000
     2742.0000000000        0.0000000000        0.0000000000
     2743.0000000000        0.0000000000        0.0000000000
     2744.0000000000        0.0000000000        0.0000000000
     2745.0000000000        0.0000000000        0.0000000000
     2746.0000000000        0.0000000000        0.0000000000
     2747.0000000000        0.0000000000        0.0000000000
     2748.0000000000        0.0000000000        0.0000000000
     2749.0000000000        0.0000000000        0.0000000000
     2750.0000000000        0.0000000000        0.0000000000
     2751.0000000000        0.0000000000        0.0000000000
     2752.0000000000        0.0000000000        0.0000000000
     2753.0000000000        0.0000000000        0.0000000000
     2754.0000000000        0.0000000000        0.0000000000
     2755.0000000000        0.0000000000        0.0000000000
     2756.0000000000        0.0000000000        0.0000000000
     2757.0000000000        0.0000000000        0.0000000000
     2758.0000000000        0.0000000000        0.0000000000
     2759.0000000000        0.0000000000        0.0000000000
     2760.0000000000        0.0000000000        0.0000000000
     2761.0000000000        0.0000000000        0.0000000000
     2762.0000000000        0.0000000000        0.0000000000
     2763.0000000000        0.0000000000        0.0000000000
     2764.0000000000        0.0000000000        0.0000000000
     2765.0000000000        0.0000000000        0.0000000000
     2766.0000000000        0.0000000000        0.0000000000
     2767.0000000000        0.0000000000        0.0000000000
     2768.0000000000        0.0000000000        0.0000000000
     2769.0000000000        0.0000000000        0.0000000000
     2770.0000000000        0.0000000000        0.0000000000
     2771.0000000000        0.0000000000        0.0000000000
     2772.0000000000        0.0000000000        0.0000000000
     2773.0000000000        0.0000000000        0.0000000000
     2774.0000000000        0.0000000000        0.0000000000
     2775.0000000000        0.0000000000        0.0000000000
     2776.0000000000        0.0000000000        0.0000000000
     2777.0000000000        0.0000000000        0.0000000000
     2778.0000000000        0.0000000000        0.0000000000
     2779.0000000000        0.0000000000        0.0000000000
     2780.0000000000        0.0000000000        0.0000000000
     2781.0000000000        0.0000000000        0.0000000000
     2782.0000000000        0.0000000000        0.0000000000
     2783.0000000000        0.0000000000        0.0000000000
     2784.0000000000        0.0000000000        0.0000000000
     2785.0000000000        0.0000000000        0.0000000000
     2786.0000000000        0.0000000000        0.0000000000
     2787.0000000000        0.0000000000        0.0000000000
     2788.0000000000        0.0000000000        0.0000000000
     2789.0000000000        0.0000000000        0.0000000000
     2790.0000000000        0.0000000000        0.0000000000
     2791.0000000000        0.0000000000        0.0000000000
     2792.0000000000        0.0000000000        0.0000000000
     2793.0000000000        0.0000000000        0.0000000000
     2794.0000000000        0.0000000000        0.0000000000
     2795.0000000000        0.0000000000        0.0000000000
     2796.0000000000        0.0000000000        0.0000000000
     2797.0000000000        0.0000000000        0.0000000000
     2798.0000000000        0.0000000000        0.0000000000
     2799.0000000000        0.0000000000        0.0000000000
     2800.0000000000        0.0000000000        0.0000000000
     2801.0000000000        0.0000000000        0.0000000000
     2802.0000000000        0.0000000000        0.0000000000
     2803.0000000000        0.0000000000        0.0000000000
     2804.0000000000        0.0000000000        0.0000000000
     2805.0000000000        0.0000000000        0.0000000000
     2806.0000000000        0.0000000000        0.0000000000
     2807.0000000000        0.0000000000        0.0000000000
     2808.0000000000        0.0000000000        0.0000000000
     2809.0000000000        0.0000000000        0.0000000000
     2810.0000000000        0.0000000000        0.0000000000
     2811.0000000000        0.0000000000        0.0000000000
     2812.0000000000        0.0000000000        0.0000000000
     2813.0000000000        0.0000000000        0.0000000000
     2814.0000000000        0.0000000000        0.0000000000
     2815.0000000000        0.0000000000        0.0000000000
     2816.0000000000        0.0000000000        0.0000000000
     2817.0000000000        0.0000000000        0.0000000000
     2818.0000000000        0.0000000000        0.0000000000
     2819.0000000000        0.0000000000        0.0000000000
     2820.0000000000        0.0000000000        0.0000000000
     2821.0000000000        0.0000000000        0.0000000000
     2822.0000000000        0.0000000000        0.0000000000
     2823.0000000000        0.0000000000        0.0000000000
     2824.0000000000        0.0000000000        0.0000000000
     2825.0000000000        0.0000000000        0.0000000000
     2826.0000000000        0.0000000000        0.0000000000
     2827.0000000000        0.0000000000        0.0000000000
     2828.0000000000        0.0000000000        0.0000000000
     2829.0000000000        0.0000000000        0.0000000000
     2830.0000000000        0.0000000000        0.0000000000
     2831.0000000000        0.0000000000        0.0000000000
     2832.0000000000        0.0000000000        0.0000000000
     2833.0000000000        0.0000000000        0.0000000000
     2834.0000000000        0.0000000000        0.0000000000
     2835.0000000000        0.0000000000        0.0000000000
     2836.0000000000        0.0000000000        0.0000000000
     2837.0000000000        0.0000000000        0.0000000000
     2838.0000000000        0.0000000000        0.0000000000
     2839.0000000000        0.0000000000        0.0000000000
     2840.0000000000        0.0000000000        0.0000000000
     2841.0000000000        0.0000000000        0.0000000000
     2842.0000000000        0.0000000000        0.0000000000
     2843.0000000000        0.0000000000        0.0000000000
     2844.0000000000        0.0000000000        0.0000000000
     2845.0000000000        0.0000000000        0.0000000000
     2846.0000000000        0.0000000000        0.0000000000
     2847.0000000000        0.0000000000        0.0000000000
     2848.0000000000        0.0000000000        0.0000000000
     2849.0000000000        0.0000000000        0.0000000000
     2850.0000000000        0.0000000000        0.0000000000
     2851.0000000000        0.0000000000        0.0000000000
     2852.0000000000        0.0000000000        0.0000000000
     2853.0000000000        0.0000000000        0.0000000000
     2854.0000000000        0.0000000000        0.0000000000
     2855.0000000000        0.0000000000        0.0000000000
     2856.0000000000        0.0000000000        0.0000000000
     2857.0000000000        0.0000000000        0.0000000000
     2858.0000000000        0.0000000000        0.0000000000
     2859.0000000000        0.0000000000        0.0000000000
     2860.0000000000        0.0000000000        0.0000000000
     2861.0000000000        0.0000000000        0.0000000000
     2862.0000000000        0.0000000000        0.0000000000
     2863.0000000000        0.0000000000        0.0000000000
     2864.0000000000        0.0000000000        0.0000000000
     2865.0000000000        0.0000000000        0.0000000000
     2866.0000000000        0.0000000000        0.0000000000
     2867.0000000000        0.0000000000        0.0000000000
     2868.0000000000        0.0000000000        0.0000000000
     2869.0000000000        0.0000000000        0.0000000000
     2870.0000000000        0.0000000000        0.0000000000
     2871.0000000000        0.0000000000        0.0000000000
     2872.0000000000        0.0000000000        0.0000000000
     2873.0000000000        0.0000000000        0.0000000000
     2874.0000000000        0.0000000000        0.0000000000
     2875.0000000000        0.0000000000        0.0000000000
     2876.0000000000        0.0000000000        0.0000000000
     2877.0000000000        0.0000000000        0.0000000000
     2878.0000000000        0.0000000000        0.0000000000
     2879.0000000000        0.0000000000        0.0000000000
     2880.0000000000        0.0000000000        0.0000000000
     2881.0000000000        0.0000000000        0.0000000000
     2882.0000000000        0.0000000000        0.0000000000
     2883.0000000000        0.0000000000        0.0000000000
     2884.0000000000        0.0000000000        0.0000000000
     2885.0000000000        0.0000000000        0.0000000000
     2886.0000000000        0.0000000000        0.0000000000
     2887.0000000000        0.0000000000        0.0000000000
     2888.0000000000        0.0000000000        0.0000000000
     2889.0000000000        0.0000000000        0.0000000000
     2890.0000000000        0.0000000000        0.0000000000
     2891.0000000000        0.0000000000        0.0000000000
     2892.0000000000        0.0000000000        0.0000000000
     2893.0000000000        0.0000000000        0.0000000000
     2894.0000000000        0.0000000000        0.0000000000
     2895.0000000000        0.0000000000        0.0000000000
     2896.0000000000        0.0000000000        0.0000000000
     2897.0000000000        0.0000000000        0.0000000000
     2898.0000000000        0.0000000000        0.0000000000
     2899.0000000000        0.0000000000        0.0000000000
     2900.0000000000        0.0000000000        0.0000000000
     2901.0000000000        0.0000000000        0.0000000000
     2902.0000000000        0.0000000000        0.0000000000
     2903.0000000000        0.0000000000        0.0000000000
     2904.0000000000        0.0000000000        0.0000000000
     2905.0000000000        0.0000000000        0.0000000000
     2906.0000000000        0.0000000000        0.0000000000
     2907.0000000000        0.0000000000        0.0000000000
     2908.0000000000        0.0000000000        0.0000000000
     2909.0000000000        0.0000000000        0.0000000000
     2910.0000000000        0.0000000000        0.0000000000
     2911.0000000000        0.0000000000        0.0000000000
     2912.0000000000        0.0000000000        0.0000000000
     2913.0000000000        0.0000000000        0.0000000000
     2914.0000000000        0.0000000000        0.0000000000
     2915.0000000000        0.0000000000        0.0000000000
     2916.0000000000        0.0000000000        0.0000000000
     2917.0000000000        0.0000000000        0.0000000000
     2918.0000000000        0.0000000000        0.0000000000
     2919.0000000000        0.0000000000        0.0000000000
     2920.0000000000        0.0000000000        0.0000000000
     2921.0000000000        0.0000000000        0.0000000000
     2922.0000000000        0.0000000000        0.0000000000
     2923.0000000000        0.0000000000        0.0000000000
     2924.0000000000        0.0000000000        0.0000000000
     2925.0000000000        0.0000000000        0.0000000000
     2926.0000000000        0.0000000000        0.0000000000
     2927.0000000000        0.0000000000        0.0000000000
     2928.0000000000        0.0000000000        0.0000000000
     2929.0000000000        0.0000000000        0.0000000000
     2930.0000000000        0.0000000000        0.0000000000
     2931.0000000000        0.0000000000        0.0000000000
     2932.0000000000        0.0000000000        0.0000000000
     2933.0000000000        0.0000000000        0.0000000000
     2934.0000000000        0.0000000000        0.0000000000
     2935.0000000000        0.0000000000        0.0000000000
     2936.0000000000        0.0000000000        0.0000000000
     2937.0000000000        0.0000000000        0.0000000000
     2938.0000000000        0.0000000000        0.0000000000
     2939.0000000000        0.0000000000        0.0000000000
     2940.0000000000        0.0000000000        0.0000000000
     2941.0000000000        0.0000000000        0.0000000000
     2942.0000000000        0.0000000000        0.0000000000
     2943.0000000000        0.0000000000        0.0000000000
     2944.0000000000        0.0000000000        0.0000000000
     2945.0000000000        0.0000000000        0.0000000000
     2946.0000000000        0.0000000000        0.0000000000
     2947.0000000000        0.0000000000        0.0000000000
     2948.0000000000        0.0000000000        0.0000000000
     2949.0000000000        0.0000000000        0.0000000000
     2950.0000000000        0.0000000000        0.0000000000
     2951.0000000000        0.0000000000        0.0000000000
     2952.0000000000        0.0000000000        0.0000000000
     2953.0000000000        0.0000000000        0.0000000000
     2954.0000000000        0.0000000000        0.0000000000
     2955.0000000000        0.0000000000        0.0000000000
     2956.0000000000        0.0000000000        0.0000000000
     2957.0000000000        0.0000000000        0.0000000000
     2958.0000000000        0.0000000000        0.0000000000
     2959.0000000000        0.0000000000        0.0000000000
     2960.0000000000        0.0000000000        0.0000000000
     2961.0000000000        0.0000000000        0.0000000000
     2962.0000000000        0.0000000000        0.0000000000
     2963.0000000000        0.0000000000        0.0000000000
     2964.0000000000        0.0000000000        0.0000000000
     2965.0000000000        0.0000000000        0.0000000000
     2966.0000000000        0.0000000000        0.0000000000
     2967.0000000000        0.0000000000        0.0000000000
     2968.0000000000        0.0000000000        0.0000000000
     2969.0000000000        0.0000000000        0.0000000000
     2970.0000000000        0.0000000000        0.0000000000
     2971.0000000000        0.0000000000        0.0000000000
     2972.0000000000        0.0000000000        0.0000000000
     2973.0000000000        0.0000000000        0.0000000000
     2974.0000000000        0.0000000000        0.0000000000
     2975.0000000000        0.0000000000        0.0000000000
     2976.0000000000        0.0000000000        0.0000000000
     2977.0000000000        0.0000000000        0.0000000000
     2978.0000000000        0.0000000000        0.0000000000
     2979.0000000000        0.0000000000        0.0000000000
     2980.0000000000        0.0000000000        0.0000000000
     2981.0000000000        0.0000000000        0.0000000000
     2982.0000000000        0.0000000000        0.0000000000
     2983.0000000000        0.0000000000        0.0000000000
     2984.0000000000        0.0000000000        0.0000000000
     2985.0000000000        0.0000000000        0.0000000000
     2986.0000000000        0.0000000000        0.0000000000
     2987.0000000000        0.0000000000        0.0000000000
     2988.0000000000        0.0000000000        0.0000000000
     2989.0000000000        0.0000000000        0.0000000000
     2990.0000000000        0.0000000000        0.0000000000
     2991.0000000000        0.0000000000        0.0000000000
     2992.0000000000        0.0000000000        0.0000000000
     2993.0000000000        0.0000000000        0.0000000000
     2994.0000000000        0.0000000000        0.0000000000
     2995.0000000000        0.0000000000        0.0000000000
     2996.0000000000        0.0000000000        0.0000000000
     2997.0000000000        0.0000000000        0.0000000000
     2998.0000000000        0.0000000000        0.0000000000
     2999.0000000000        0.0000000000        0.0000000000
     3000.0000000000        0.0000000000        0.0000000000
     3001.0000000000        0.0000000000        0.0000000000
     3002.0000000000        0.0000000000        0.0000000000
     3003.0000000000        0.0000000000        0.0000000000
     3004.0000000000        0.0000000000        0.0000000000
     3005.0000000000        0.0000000000        0.0000000000
     3006.0000000000        0.0000000000        0.0000000000
     3007.0000000000        0.0000000000        0.0000000000
     3008.0000000000        0.0000000000        0.0000000000
     3009.0000000000        0.0000000000        0.0000000000
     3010.0000000000        0.0000000000        0.0000000000
     3011.0000000000        0.0000000000        0.0000000000
     3012.0000000000        0.0000000000        0.0000000000
     3013.0000000000        0.0000000000        0.0000000000
     3014.0000000000        0.0000000000        0.0000000000
     3015.0000000000        0.0000000000        0.0000000000
     3016.0000000000        0.0000000000        0.0000000000
     3017.0000000000        0.0000000000        0.0000000000
     3018.0000000000        0.0000000000        0.0000000000
     3019.0000000000        0.0000000000        0.0000000000
     3020.0000000000        0.0000000000        0.0000000000
     3021.0000000000        0.0000000000        0.0000000000
     3022.0000000000        0.0000000000        0.0000000000
     3023.0000000000        0.0000000000        0.0000000000
     3024.0000000000        0.0000000000        0.0000000000
     3025.0000000000        0.0000000000        0.0000000000
     3026.0000000000        0.0000000000        0.0000000000
     3027.0000000000        0.0000000000        0.0000000000
     3028.0000000000        0.0000000000        0.0000000000
     3029.0000000000        0.0000000000        0.0000000000
     3030.0000000000        0.0000000000        0.0000000000
     3031.0000000000        0.0000000000        0.0000000000
     3032.0000000000        0.0000000000        0.0000000000
     3033.0000000000        0.0000000000        0.0000000000
     3034.0000000000        0.0000000000        0.0000000000
     3035.0000000000        0.0000000000        0.0000000000
     3036.0000000000        0.0000000000        0.0000000000
     3037.0000000000        0.0000000000        0.0000000000
     3038.0000000000        0.0000000000        0.0000000000
     3039.0000000000        0.0000000000        0.0000000000
     3040.0000000000        0.0000000000        0.0000000000
     3041.0000000000        0.0000000000        0.0000000000
     3042.0000000000        0.0000000000        0.0000000000
     3043.0000000000        0.0000000000        0.0000000000
     3044.0000000000        0.0000000000        0.0000000000
     3045.0000000000        0.0000000000        0.0000000000
     3046.0000000000        0.0000000000        0.0000000000
     3047.0000000000        0.0000000000        0.0000000000
     3048.0000000000        0.0000000000        0.0000000000
     3049.0000000000        0.0000000000        0.0000000000
     3050.0000000000        0.0000000000        0.0000000000
     3051.0000000000        0.0000000000        0.0000000000
     3052.0000000000        0.0000000000        0.0000000000
     3053.0000000000        0.0000000000        0.0000000000
     3054.0000000000        0.0000000000        0.0000000000
     3055.0000000000        0.0000000000        0.0000000000
     3056.0000000000        0.0000000000        0.0000000000
     3057.0000000000        0.0000000000        0.0000000000
     3058.0000000000        0.0000000000        0.0000000000
     3059.0000000000        0.0000000000        0.0000000000
     3060.0000000000        0.0000000000        0.0000000000
     3061.0000000000        0.0000000000        0.0000000000
     3062.0000000000        0.0000000000        0.0000000000
     3063.0000000000        0.0000000000        0.0000000000
     3064.0000000000        0.0000000000        0.0000000000
     3065.0000000000        0.0000000000        0.0000000000
     3066.0000000000        0.0000000000        0.0000000000
     3067.0000000000        0.0000000000        0.0000000000
     3068.0000000000        0.0000000000        0.0000000000
     3069.0000000000        0.0000000000        0.0000000000
     3070.0000000000        0.0000000000        0.0000000000
     3071.0000000000        0.0000000000        0.0000000000
     3072.0000000000        0.0000000000        0.0000000000
     3073.0000000000        0.0000000000        0.0000000000
     3074.0000000000        0.0000000000        0.0000000000
     3075.0000000000        0.0000000000        0.0000000000
     3076.0000000000        0.0000000000        0.0000000000
     3077.0000000000        0.0000000000        0.0000000000
     3078.0000000000        0.0000000000        0.0000000000
     3079.0000000000        0.0000000000        0.0000000000
     3080.0000000000        0.0000000000        0.0000000000
     3081.0000000000        0.0000000000        0.0000000000
     3082.0000000000        0.0000000000        0.0000000000
     3083.0000000000        0.0000000000        0.0000000000
     3084.0000000000        0.0000000000        0.0000000000
     3085.0000000000        0.0000000000        0.0000000000
     3086.0000000000        0.0000000000        0.0000000000
     3087.0000000000        0.0000000000        0.0000000000
     3088.0000000000        0.0000000000        0.0000000000
     3089.0000000000        0.0000000000        0.0000000000
     3090.0000000000        0.0000000000        0.0000000000
     3091.0000000000        0.0000000000        0.0000000000
     3092.0000000000        0.0000000000        0.0000000000
     3093.0000000000        0.0000000000        0.0000000000
     3094.0000000000        0.0000000000        0.0000000000
     3095.0000000000        0.0000000000        0.0000000000
     3096.0000000000        0.0000000000        0.0000000000
     3097.0000000000        0.0000000000        0.0000000000
     3098.0000000000        0.0000000000        0.0000000000
     3099.0000000000        0.0000000000        0.0000000000
     3100.0000000000        0.0000000000        0.0000000000
     3101.0000000000        0.0000000000        0.0000000000
     3102.0000000000        0.0000000000        0.0000000000
     3103.0000000000        0.0000000000        0.0000000000
     3104.0000000000        0.0000000000        0.0000000000
     3105.0000000000        0.0000000000        0.0000000000
     3106.0000000000        0.0000000000        0.0000000000
     3107.0000000000        0.0000000000        0.0000000000
     3108.0000000000        0.0000000000        0.0000000000
     3109.0000000000        0.0000000000        0.0000000000
     3110.0000000000        0.0000000000        0.0000000000
     3111.0000000000        0.0000000000        0.0000000000
     3112.0000000000        0.0000000000        0.0000000000
     3113.0000000000        0.0000000000        0.0000000000
     3114.0000000000        0.0000000000        0.0000000000
     3115.0000000000        0.0000000000        0.0000000000
     3116.0000000000        0.0000000000        0.0000000000
     3117.0000000000        0.0000000000        0.0000000000
     3118.0000000000        0.0000000000        0.0000000000
     3119.0000000000        0.0000000000        0.0000000000
     3120.0000000000        0.0000000000        0.0000000000
     3121.0000000000        0.0000000000        0.0000000000
     3122.0000000000        0.0000000000        0.0000000000
     3123.0000000000        0.0000000000        0.0000000000
     3124.0000000000        0.0000000000        0.0000000000
     3125.0000000000        0.0000000000        0.0000000000
     3126.0000000000        0.0000000000        0.0000000000
     3127.0000000000        0.0000000000        0.0000000000
     3128.0000000000        0.0000000000        0.0000000000
     3129.0000000000        0.0000000000        0.0000000000
     3130.0000000000        0.0000000000        0.0000000000
     3131.0000000000        0.0000000000        0.0000000000
     3132.0000000000        0.0000000000        0.0000000000
     3133.0000000000        0.0000000000        0.0000000000
     3134.0000000000        0.0000000000        0.0000000000
     3135.0000000000        0.0000000000        0.0000000000
     3136.0000000000        0.0000000000        0.0000000000
     3137.0000000000        0.0000000000        0.0000000000
     3138.0000000000        0.0000000000        0.0000000000
     3139.0000000000        0.0000000000        0.0000000000
     3140.0000000000        0.0000000000        0.0000000000
     3141.0000000000        0.0000000000        0.0000000000
     3142.0000000000        0.0000000000        0.0000000000
     3143.0000000000        0.0000000000        0.0000000000
     3144.0000000000        0.0000000000        0.0000000000
     3145.0000000000        0.0000000000        0.0000000000
     3146.0000000000        0.0000000000        0.0000000000
     3147.0000000000        0.0000000000        0.0000000000
     3148.0000000000        0.0000000000        0.0000000000
     3149.0000000000        0.0000000000        0.0000000000
     3150.0000000000        0.0000000000        0.0000000000
     3151.0000000000        0.0000000000        0.0000000000
     3152.0000000000        0.0000000000        0.0000000000
     3153.0000000000        0.0000000000        0.0000000000
     3154.0000000000        0.0000000000        0.0000000000
     3155.0000000000        0.0000000000        0.0000000000
     3156.0000000000        0.0000000000        0.0000000000
     3157.0000000000        0.0000000000        0.0000000000
     3158.0000000000        0.0000000000        0.0000000000
     3159.0000000000        0.0000000000        0.0000000000
     3160.0000000000        0.0000000000        0.0000000000
     3161.0000000000        0.0000000000        0.0000000000
     3162.0000000000        0.0000000000        0.0000000000
     3163.0000000000        0.0000000000        0.0000000000
     3164.0000000000        0.0000000000        0.0000000000
     3165.0000000000        0.0000000000        0.0000000000
     3166.0000000000        0.0000000000        0.0000000000
     3167.0000000000        0.0000000000        0.0000000000
     3168.0000000000        0.0000000000        0.0000000000
     3169.0000000000        0.0000000000        0.0000000000
     3170.0000000000        0.0000000000        0.0000000000
     3171.0000000000        0.0000000000        0.0000000000
     3172.0000000000        0.0000000000        0.0000000000
     3173.0000000000        0.0000000000        0.0000000000
     3174.0000000000        0.0000000000        0.0000000000
     3175.0000000000        0.0000000000        0.0000000000
     3176.0000000000        0.0000000000        0.0000000000
     3177.0000000000        0.0000000000        0.0000000000
     3178.0000000000        0.0000000000        0.0000000000
     3179.0000000000        0.0000000000        0.0000000000
     3180.0000000000        0.0000000000        0.0000000000
     3181.0000000000        0.0000000000        0.0000000000
     3182.0000000000        0.0000000000        0.0000000000
     3183.0000000000        0.0000000000        0.0000000000
     3184.0000000000        0.0000000000        0.0000000000
     3185.0000000000        0.0000000000        0.0000000000
     3186.0000000000        0.0000000000        0.0000000000
     3187.0000000000        0.0000000000        0.0000000000
     3188.0000000000        0.0000000000        0.0000000000
     3189.0000000000        0.0000000000        0.0000000000
     3190.0000000000        0.0000000000        0.0000000000
     3191.0000000000        0.0000000000        0.0000000000
     3192.0000000000        0.0000000000        0.0000000000
     3193.0000000000        0.0000000000        0.0000000000
     3194.0000000000        0.0000000000        0.0000000000
     3195.0000000000        0.0000000000        0.0000000000
     3196.0000000000        0.0000000000        0.0000000000
     3197.0000000000        0.0000000000        0.0000000000
     3198.0000000000        0.0000000000        0.0000000000
     3199.0000000000        0.0000000000        0.0000000000
     3200.0000000000        0.0000000000        0.0000000000
     3201.0000000000        0.0000000000        0.0000000000
     3202.0000000000        0.0000000000        0.0000000000
     3203.0000000000        0.0000000000        0.0000000000
     3204.0000000000        0.0000000000        0.0000000000
     3205.0000000000        0.0000000000        0.0000000000
     3206.0000000000        0.0000000000        0.0000000000
     3207.0000000000        0.0000000000        0.0000000000
     3208.0000000000        0.0000000000        0.0000000000
     3209.0000000000        0.0000000000        0.0000000000
     3210.0000000000        0.0000000000        0.0000000000
     3211.0000000000        0.0000000000        0.0000000000
     3212.0000000000        0.0000000000        0.0000000000
     3213.0000000000        0.0000000000        0.0000000000
     3214.0000000000        0.0000000000        0.0000000000
     3215.0000000000        0.0000000000        0.0000000000
     3216.0000000000        0.0000000000        0.0000000000
     3217.0000000000        0.0039160741        0.0000490289
     3218.0000000000        0.0039655671        0.0000499611
     3219.0000000000        0.0040160041        0.0000509171
     3220.0000000000        0.0040674094        0.0000518976
     3221.0000000000        0.0041198077        0.0000529034
     3222.0000000000        0.0041732250        0.0000539355
     3223.0000000000        0.0042276877        0.0000549945
     3224.0000000000        0.0042832232        0.0000560814
     3225.0000000000        0.0043398601        0.0000571972
     3226.0000000000        0.0043976275        0.0000583427
     3227.0000000000        0.0044565557        0.0000595190
     3228.0000000000        0.0045166761        0.0000607272
     3229.0000000000        0.0045780210        0.0000619682
     3230.0000000000        0.0046406240        0.0000632434
     3231.0000000000        0.0047045195        0.0000645537
     3232.0000000000        0.0047697435        0.0000659005
     3233.0000000000        0.0048363330        0.0000672849
     3234.0000000000        0.0049043264        0.0000687085
     3235.0000000000        0.0049737634        0.0000701724
     3236.0000000000        0.0050446852        0.0000716782
     3237.0000000000        0.0051171343        0.0000732275
     3238.0000000000        0.0051911551        0.0000748216
     3239.0000000000        0.0052667931        0.0000764624
     3240.0000000000        0.0053440960        0.0000781515
     3241.0000000000        0.0054231128        0.0000798907
     3242.0000000000        0.0055038947        0.0000816818
     3243.0000000000        0.0055864945        0.0000835269
     3244.0000000000        0.0056709672        0.0000854280
     3245.0000000000        0.0057573698        0.0000873872
     3246.0000000000        0.0058457616        0.0000894067
     3247.0000000000        0.0059362041        0.0000914889
     3248.0000000000        0.0060287612        0.0000936363
     3249.0000000000        0.0061234992        0.0000958513
     3250.0000000000        0.0062204873        0.0000981368
     3251.0000000000        0.0063197973        0.0001004955
     3252.0000000000        0.0064215037        0.0001029304
     3253.0000000000        0.0065256844        0.0001054445
     3254.0000000000        0.0066324202        0.0001080411
     3255.0000000000        0.0067417952        0.0001107237
     3256.0000000000        0.0068538974        0.0001134958
     3257.0000000000        0.0069688179        0.0001163611
     3258.0000000000        0.0070866520        0.0001193237
     3259.0000000000        0.0072074992        0.0001223877
     3260.0000000000        0.0073314628        0.0001255575
     3261.0000000000        0.0074586509        0.0001288376
     3262.0000000000        0.0075891764        0.0001322329
     3263.0000000000        0.0077231569        0.0001357486
     3264.0000000000        0.0078607154        0.0001393899
     3265.0000000000        0.0080019805        0.0001431626
     3266.0000000000        0.0081470864        0.0001470726
     3267.0000000000        0.0082961735        0.0001511262
     3268.0000000000        0.0084493889        0.0001553301
     3269.0000000000        0.0086068862        0.0001596913
     3270.0000000000        0.0087688264        0.0001642173
     3271.0000000000        0.0089353782        0.0001689158
     3272.0000000000        0.0091067183        0.0001737952
     3273.0000000000        0.0092830318        0.0001788642
     3274.0000000000        0.0094645130        0.0001841322
     3275.0000000000        0.0096513658        0.0001896090
     3276.0000000000        0.0098438041        0.0001953051
     3277.0000000000        0.0100420527        0.0002012315
     3278.0000000000        0.0102463478        0.0002074000
     3279.0000000000        0.0104569376        0.0002138231
     3280.0000000000        0.0106740832        0.0002205140
     3281.0000000000        0.0108980595        0.0002274868
     3282.0000000000        0.0111291557        0.0002347565
     3283.0000000000        0.0113676768        0.0002423392
     3284.0000000000        0.0116139440        0.0002502517
     3285.0000000000        0.0118682962        0.0002585123
     3286.0000000000        0.0121310910        0.0002671402
     3287.0000000000        0.0124027059        0.0002761561
     3288.0000000000        0.0126835398        0.0002855820
     3289.0000000000        0.0129740145        0.0002954416
     3290.0000000000        0.0132745759        0.0003057599
     3291.0000000000        0.0135856962        0.0003165640
     3292.0000000000        0.0139078755        0.0003278828
     3293.0000000000        0.0142416437        0.0003397473
     3294.0000000000        0.0145875630        0.0003521907
     3295.0000000000        0.0149462300        0.0003652488
     3296.0000000000        0.0153182782        0.0003789599
     3297.0000000000        0.0157043812        0.0003933653
     3298.0000000000        0.0161052551        0.0004085096
     3299.0000000000        0.0165216626        0.0004244406
     3300.0000000000        0.0169544158        0.0004412101
     3301.0000000000        0.0174043809        0.0004588740
     3302.0000000000        0.0178724819        0.0004774924
     3303.0000000000        0.0183597058        0.0004971309
     3304.0000000000        0.0188671073        0.0005178601
     3305.0000000000        0.0193958151        0.0005397568
     3306.0000000000        0.0199470377        0.0005629041
     3307.0000000000        0.0205220703        0.0005873926
     3308.0000000000        0.0211223028        0.0006133208
     3309.0000000000        0.0217492274        0.0006407958
     3310.0000000000        0.0224044489        0.0006699346
     3311.0000000000        0.0230896938        0.0007008650
     3312.0000000000        0.0238068224        0.0007337265
     3313.0000000000        0.0245578413        0.0007686721
     3314.0000000000        0.0253449170        0.0008058694
     3315.0000000000        0.0266175296        0.0008511131
     3316.0000000000        0.0274896027        0.0008934911
     3317.0000000000        0.0284054661        0.0009387329
     3318.0000000000        0.0293681047        0.0009870842
     3319.0000000000        0.0303807614        0.0010388168
     3320.0000000000        0.0314469652        0.0010942312
     3321.0000000000        0.0325705616        0.0011536605
     3322.0000000000        0.0337557472        0.0012174747
     3323.0000000000        0.0350071092        0.0012860853
     3324.0000000000        0.0363296689        0.0013599510
     3325.0000000000        0.0377289330        0.0014395842
     3326.0000000000        0.0392109501        0.0015255580
     3327.0000000000        0.0407823760        0.0016185154
     3328.0000000000        0.0424505485        0.0017191788
     3329.0000000000        0.0442235724        0.0018283621
     3330.0000000000        0.0461104178        0.0019469845
     3331.0000000000        0.0481210330        0.0020760862
     3332.0000000000        0.0502664751        0.0022168479
     3333.0000000000        0.0525590611        0.0023706129
     3334.0000000000        0.0550125440        0.0025389143
     3335.0000000000        0.0576423172        0.0027235064
     3336.0000000000        0.0604656549        0.0029264031
     3337.0000000000        0.0635019938        0.0031499233
     3338.0000000000        0.0667732644        0.0033967464
     3339.0000000000        0.0703042841        0.0036699788
     3340.0000000000        0.0741232233        0.0039732354
     3341.0000000000        0.0782621622        0.0043107384
     3342.0000000000        0.0827577565        0.0046874398
     3343.0000000000        0.0876520401        0.0051091716
     3344.0000000000        0.0929933952        0.0055828331
     3345.0000000000        0.0988377318        0.0061166241
     3346.0000000000        0.1052499294        0.0067203384
     3347.0000000000        0.1123056091        0.0074057347
     3348.0000000000        0.1200933245        0.0081870087
     3349.0000000000        0.1287172894        0.0090813981
     3350.0000000000        0.1383007929        0.0101099641
     3351.0000000000        0.1489905092        0.0112986088
     3352.0000000000        0.1609619749        0.0126794093
     3353.0000000000        0.1744266064        0.0142923858
     3354.0000000000        0.1896407646        0.0161878617
     3355.0000000000        0.2069175711        0.0184296497
     3356.0000000000        0.2266424545        0.0210993939
     3357.0000000000        0.2492938106        0.0243025518
     3358.0000000000        0.2754707505        0.0281767309
     3359.0000000000        0.3059307849        0.0329034409
     3360.0000000000        0.3416416081        0.0387248649
     3361.0000000000        0.3838531320        0.0459680862
     3362.0000000000        0.4341989634        0.0550805136
     3363.0000000000        0.4948411989        0.0666822730
     3364.0000000000        0.5686796287        0.0816444440
     3365.0000000000        0.6596574714        0.1012065981
     3366.0000000000        0.7732121682        0.1271531915
     3367.0000000000        0.9169424300        0.1620741716
     3368.0000000000        1.1015880196        0.2097320005
     3369.0000000000        1.3424249733        0.2755133639
     3370.0000000000        1.6610830469        0.3667549708
     3371.0000000000        2.0873201066        0.4920876219
     3372.0000000000        2.6586397173        0.6570460248
     3373.0000000000        3.4109337960        0.8488193202
     3374.0000000000        4.3436639880        0.9990377486
     3375.0000000000        5.3397106206        0.9391269814
     3376.0000000000        6.0846885439        0.4783585542
     3377.0000000000        6.1944184783       -0.2723494136
     3378.0000000000        5.6009201130       -0.8505914925
     3379.0000000000        4.6368601286       -1.0132434975
     3380.0000000000        3.6657897486       -0.9020996409
     3381.0000000000        2.8577958156       -0.7115272640
     3382.0000000000        2.2369781912       -0.5359252508
     3383.0000000000        1.7727078594       -0.3992615641
     3384.0000000000        1.4262732775       -0.2989969963
     3385.0000000000        1.1654193155       -0.2266538784
     3386.0000000000        0.9663040258       -0.1743641845
     3387.0000000000        0.8120055003       -0.1361898407
     3388.0000000000        0.6906291756       -0.1079439494
     3389.0000000000        0.5937806868       -0.0867383679
     3390.0000000000        0.5154748002       -0.0705856975
     3391.0000000000        0.4513883603       -0.0581093202
     3392.0000000000        0.3983550991       -0.0483452982
     3393.0000000000        0.3540236108       -0.0406100332
     3394.0000000000        0.3166240025       -0.0344122342
     3395.0000000000        0.2848069482       -0.0293940970
     3396.0000000000        0.2575313082       -0.0252916552
     3397.0000000000        0.2339846520       -0.0219077548
     3398.0000000000        0.2135263309       -0.0190934146
     3399.0000000000        0.1956461963       -0.0167348089
     3400.0000000000        0.1799343046       -0.0147440675
     3401.0000000000        0.1660584324       -0.0130526949
     3402.0000000000        0.1537472082       -0.0116068095
     3403.0000000000        0.1427773286       -0.0103636613
     3404.0000000000        0.1329637768       -0.0092890590
     3405.0000000000        0.1241522704       -0.0083554489
     3406.0000000000        0.1162133810       -0.0075404681
     3407.0000000000        0.1090379177       -0.0068258444
     3408.0000000000        0.1025332765       -0.0061965535
     3409.0000000000        0.0966205322       -0.0056401673
     3410.0000000000        0.0912321055       -0.0051463465
     3411.0000000000        0.0863098818       -0.0047064435
     3412.0000000000        0.0818036819       -0.0043131879
     3413.0000000000        0.0776700148       -0.0039604369
     3414.0000000000        0.0738710531       -0.0036429763
     3415.0000000000        0.0703737881       -0.0033563590
     3416.0000000000        0.0671493294       -0.0030967763
     3417.0000000000        0.0641723214       -0.0028609509
     3418.0000000000        0.0614204563       -0.0026460518
     3419.0000000000        0.0588740648       -0.0024496221
     3420.0000000000        0.0565157722       -0.0022695209
     3421.0000000000        0.0543302074       -0.0021038741
     3422.0000000000        0.0523037572       -0.0019510340
     3423.0000000000        0.0504243578       -0.0018095444
     3424.0000000000        0.0486813175       -0.0016781123
     3425.0000000000        0.0470651671       -0.0015555825
     3426.0000000000        0.0455675321       -0.0014409172
     3427.0000000000        0.0441810253       -0.0013331768
     3428.0000000000        0.0428991566       -0.0012315045
     3429.0000000000        0.0417162570       -0.0011351119
     3430.0000000000        0.0406274177       -0.0010432661
     3431.0000000000        0.0396284394       -0.0009552779
     3432.0000000000        0.0387157949       -0.0008704912
     3433.0000000000        0.0378866013       -0.0007882720
     3434.0000000000        0.0371386024       -0.0007079983
     3435.0000000000        0.0364701629       -0.0006290494
     3436.0000000000        0.0358802719       -0.0005507948
     3437.0000000000        0.0353685589       -0.0004725823
     3438.0000000000        0.0349353218       -0.0003937248
     3439.0000000000        0.0345815693       -0.0003134853
     3440.0000000000        0.0343090790       -0.0002310594
     3441.0000000000        0.0341204757       -0.0001455542
     3442.0000000000        0.0340193308       -0.0000559639
     3443.0000000000        0.0340102907        0.0000388609
     3444.0000000000        0.0340992386        0.0001402512
     3445.0000000000        0.0342934984        0.0002497668
     3446.0000000000        0.0346020926        0.0003692557
     3447.0000000000        0.0350360668        0.0005009311
     3448.0000000000        0.0356089025        0.0006474693
     3449.0000000000        0.0363370408        0.0008121384
     3450.0000000000        0.0372405547        0.0009989661
     3451.0000000000        0.0383440152        0.0012129629
     3452.0000000000        0.0396776159        0.0014604215
     3453.0000000000        0.0412786472        0.0017493211
     3454.0000000000        0.0431934449        0.0020898802
     3455.0000000000        0.0454799905        0.0024953221
     3456.0000000000        0.0482114215        0.0029829449
     3457.0000000000        0.0514808182        0.0035756362
     3458.0000000000        0.0554078135        0.0043040444
     3459.0000000000        0.0601478293        0.0052097288
     3460.0000000000        0.0659051502        0.0063497844
     3461.0000000000        0.0729516642        0.0078037077
     3462.0000000000        0.0816540558        0.0096836761
     3463.0000000000        0.0925136917        0.0121500032
     3464.0000000000        0.1062255542        0.0154342542
     3465.0000000000        0.1237653646        0.0198729957
     3466.0000000000        0.1465166240        0.0259537969
     3467.0000000000        0.1764475971        0.0343663347
     3468.0000000000        0.2163276318        0.0460175602
     3469.0000000000        0.2698862466        0.0618601108
     3470.0000000000        0.3415392352        0.0820809934
     3471.0000000000        0.4345761527        0.1036087990
     3472.0000000000        0.5455225597        0.1149746133
     3473.0000000000        0.6535643786        0.0935734175
     3474.0000000000        0.7163681474        0.0250985131
     3475.0000000000        0.6980587192       -0.0595080499
     3476.0000000000        0.6098125987       -0.1086541078
     3477.0000000000        0.4960224692       -0.1130887201
     3478.0000000000        0.3909634038       -0.0952391627
     3479.0000000000        0.3067050405       -0.0734975022
     3480.0000000000        0.2428139624       -0.0550331849
     3481.0000000000        0.1951216239       -0.0410665680
     3482.0000000000        0.1594083542       -0.0309116929
     3483.0000000000        0.1323562775       -0.0235893023
     3484.0000000000        0.1115612836       -0.0182799681
     3485.0000000000        0.0953268488       -0.0143851633
     3486.0000000000        0.0824599879       -0.0114875543
     3487.0000000000        0.0721160487       -0.0092999449
     3488.0000000000        0.0636900738       -0.0076243829
     3489.0000000000        0.0567429136       -0.0063232644
     3490.0000000000        0.0509512940       -0.0052998096
     3491.0000000000        0.0460739356       -0.0044850586
     3492.0000000000        0.0419283544       -0.0038292128
     3493.0000000000        0.0383747910       -0.0032958338
     3494.0000000000        0.0353049396       -0.0028579182
     3495.0000000000        0.0326339387       -0.0024952110
     3496.0000000000        0.0302946101       -0.0021923441
     3497.0000000000        0.0282332618       -0.0019375309
     3498.0000000000        0.0264065962       -0.0017216397
     3499.0000000000        0.0247794057       -0.0015375283
     3500.0000000000        0.0233228378       -0.0013795602
     3501.0000000000        0.0220130757       -0.0012432502
     3502.0000000000        0.0208303248       -0.0011250009
     3503.0000000000        0.0197580286       -0.0010219054
     3504.0000000000        0.0187822556       -0.0009315989
     3505.0000000000        0.0178912171       -0.0008521445
     3506.0000000000        0.0170748844       -0.0007819461
     3507.0000000000        0.0163246831       -0.0007196808
     3508.0000000000        0.0156332479       -0.0006642461
     3509.0000000000        0.0149942235       -0.0006147184
     3510.0000000000        0.0144021027       -0.0005703199
     3511.0000000000        0.0138520943       -0.0005303928
     3512.0000000000        0.0133400138       -0.0004943782
     3513.0000000000        0.0128621934       -0.0004617991
     3514.0000000000        0.0124154072       -0.0004322469
     3515.0000000000        0.0119968084       -0.0004053701
     3516.0000000000        0.0116038768       -0.0003808655
     3517.0000000000        0.0112343747       -0.0003584702
     3518.0000000000        0.0108863097       -0.0003379559
     3519.0000000000        0.0105579026       -0.0003191234
     3520.0000000000        0.0102475605       -0.0003017987
     3521.0000000000        0.0099538538       -0.0002858288
     3522.0000000000        0.0096754963       -0.0002710794
     3523.0000000000        0.0094113279       -0.0002574320
     3524.0000000000        0.0091603001       -0.0002447816
     3525.0000000000        0.0089214634       -0.0002330354
     3526.0000000000        0.0086939555       -0.0002221108
     3527.0000000000        0.0084769926       -0.0002119340
     3528.0000000000        0.0082698602       -0.0002024395
     3529.0000000000        0.0080719060       -0.0001935683
     3530.0000000000        0.0078825334       -0.0001852679
     3531.0000000000        0.0077011959       -0.0001774907
     3532.0000000000        0.0075273918       -0.0001701942
     3533.0000000000        0.0073606600       -0.0001633400
     3534.0000000000        0.0072005761       -0.0001568931
     3535.0000000000        0.0070467485       -0.0001508223
     3536.0000000000        0.0068988158       -0.0001450989
     3537.0000000000        0.0028749107       -0.0000913152
     3538.0000000000        0.0027857229       -0.0000871046
     3539.0000000000        0.0027006167       -0.0000831485
     3540.0000000000        0.0026193473       -0.0000794282
     3541.0000000000        0.0025416875       -0.0000759263
     3542.0000000000        0.0024674271       -0.0000726270
     3543.0000000000        0.0023963707       -0.0000695160
     3544.0000000000        0.0023283369       -0.0000665799
     3545.0000000000        0.0022631566       -0.0000638067
     3546.0000000000        0.0022006728       -0.0000611853
     3547.0000000000        0.0021407389       -0.0000587053
     3548.0000000000        0.0020832181       -0.0000563575
     3549.0000000000        0.0020279827       -0.0000541331
     3550.0000000000        0.0019749134       -0.0000520242
     3551.0000000000        0.0019238984       -0.0000500232
     3552.0000000000        0.0018748332       -0.0000481236
     3553.0000000000        0.0018276197       -0.0000463188
     3554.0000000000        0.0017821659       -0.0000446030
     3555.0000000000        0.0017383857       -0.0000429709
     3556.0000000000        0.0016961979       -0.0000414174
     3557.0000000000        0.0016555262       -0.0000399379
     3558.0000000000        0.0016162989       -0.0000385279
     3559.0000000000        0.0015784485       -0.0000371835
     3560.0000000000        0.0015419113       -0.0000359009
     3561.0000000000        0.0015066273       -0.0000346765
     3562.0000000000        0.0014725399       -0.0000335072
     3563.0000000000        0.0014395957       -0.0000323898
     3564.0000000000        0.0014077440       -0.0000313215
     3565.0000000000        0.0013769372       -0.0000302997
     3566.0000000000        0.0013471301       -0.0000293218
     3567.0000000000        0.0013182798       -0.0000283855
     3568.0000000000        0.0012903460       -0.0000274886
     3569.0000000000        0.0012632902       -0.0000266291
     3570.0000000000        0.0012370761       -0.0000258050
     3571.0000000000        0.0012116690       -0.0000250146
     3572.0000000000        0.0011870363       -0.0000242561
     3573.0000000000        0.0011631467       -0.0000235279
     3574.0000000000        0.0011399708       -0.0000228286
     3575.0000000000        0.0011174803       -0.0000221567
     3576.0000000000        0.0010956486       -0.0000215110
     3577.0000000000        0.0010744501       -0.0000208900
     3578.0000000000        0.0010538607       -0.0000202927
     3579.0000000000        0.0010338572       -0.0000197180
     3580.0000000000        0.0010144176       -0.0000191647
     3581.0000000000        0.0009955209       -0.0000186320
     3582.0000000000        0.0009771471       -0.0000181188
     3583.0000000000        0.0009592771       -0.0000176242
     3584.0000000000        0.0009418927       -0.0000171475
     3585.0000000000        0.0009249763       -0.0000166879
     3586.0000000000        0.0009085115       -0.0000162445
     3587.0000000000        0.0008924822       -0.0000158166
     3588.0000000000        0.0008768733       -0.0000154037
     3589.0000000000        0.0008616701       -0.0000150050
     3590.0000000000        0.0008468587       -0.0000146199
     3591.0000000000        0.0008324258       -0.0000142479
     3592.0000000000        0.0008183587       -0.0000138884
     3593.0000000000        0.0008046450       -0.0000135409
     3594.0000000000        0.0007912730       -0.0000132049
     3595.0000000000        0.0007782315       -0.0000128799
     3596.0000000000        0.0007655096       -0.0000125655
     3597.0000000000        0.0007530971       -0.0000122612
     3598.0000000000        0.0007409839       -0.0000119667
     3599.0000000000        0.0007291606       -0.0000116815
     3600.0000000000        0.0007176179       -0.0000114053
     3601.0000000000        0.0007063470       -0.0000111378
     3602.0000000000        0.0006953395       -0.0000108785
     3603.0000000000        0.0006845873       -0.0000106273
     3604.0000000000        0.0006740824       -0.0000103837
     3605.0000000000        0.0006638174       -0.0000101475
     3606.0000000000        0.0006537851       -0.0000099184
     3607.0000000000        0.0006439784       -0.0000096961
     3608.0000000000        0.0006343906       -0.0000094805
     3609.0000000000        0.0006250154       -0.0000092711
     3610.0000000000        0.0006158463       -0.0000090679
     3611.0000000000        0.0006068775       -0.0000088706
     3612.0000000000        0.0005981032       -0.0000086790
     3613.0000000000        0.0005895177       -0.0000084928
     3614.0000000000        0.0005811158       -0.0000083120
     3615.0000000000        0.0005728921       -0.0000081362
     3616.0000000000        0.0005648417       -0.0000079654
     3617.0000000000        0.0005569598       -0.0000077993
     3618.0000000000        0.0005492416       -0.0000076377
     3619.0000000000        0.0005416828       -0.0000074807
     3620.0000000000        0.0005342789       -0.0000073279
     3621.0000000000        0.0005270257       -0.0000071792
     3622.0000000000        0.0005199192       -0.0000070345
     3623.0000000000        0.0005129554       -0.0000068937
     3624.0000000000        0.0005061306       -0.0000067566
     3625.0000000000        0.0004994411       -0.0000066231
     3626.0000000000        0.0004928832       -0.0000064931
     3627.0000000000        0.0004864537       -0.0000063665
     3628.0000000000        0.0004801491       -0.0000062432
     3629.0000000000        0.0004739663       -0.0000061230
     3630.0000000000        0.0004679021       -0.0000060059
     3631.0000000000        0.0004619535       -0.0000058917
     3632.0000000000        0.0004561176       -0.0000057805
     3633.0000000000        0.0004503916       -0.0000056720
     3634.0000000000        0.0004447728       -0.0000055662
     3635.0000000000        0.0000000000        0.0000000000
     3636.0000000000        0.0000000000        0.0000000000
     3637.0000000000        0.0000000000        0.0000000000
     3638.0000000000        0.0000000000        0.0000000000
     3639.0000000000        0.0000000000        0.0000000000
     3640.0000000000        0.0000000000        0.0000000000
     3641.0000000000        0.0000000000        0.0000000000
     3642.0000000000        0.0000000000        0.0000000000
     3643.0000000000        0.0000000000        0.0000000000
     3644.0000000000        0.0000000000        0.0000000000
     3645.0000000000        0.0000000000        0.0000000000
     3646.0000000000        0.0000000000        0.0000000000
     3647.0000000000        0.0000000000        0.0000000000
     3648.0000000000        0.0000000000        0.0000000000
     3649.0000000000        0.0000000000        0.0000000000
     3650.0000000000        0.0000000000        0.0000000000
     3651.0000000000        0.0000000000        0.0000000000
     3652.0000000000        0.0000000000        0.0000000000
     3653.0000000000        0.0000000000        0.0000000000
     3654.0000000000        0.0000000000        0.0000000000
     3655.0000000000        0.0000000000        0.0000000000
     3656.0000000000        0.0000000000        0.0000000000
     3657.0000000000        0.0000000000        0.0000000000
     3658.0000000000        0.0000000000        0.0000000000
     3659.0000000000        0.0000000000        0.0000000000
     3660.0000000000        0.0000000000        0.0000000000
     3661.0000000000        0.0000000000        0.0000000000
     3662.0000000000        0.0000000000        0.0000000000
     3663.0000000000        0.0000000000        0.0000000000
     3664.0000000000        0.0000000000        0.0000000000
     3665.0000000000        0.0000000000        0.0000000000
     3666.0000000000        0.0000000000        0.0000000000
     3667.0000000000        0.0000000000        0.0000000000
     3668.0000000000        0.0000000000        0.0000000000
     3669.0000000000        0.0000000000        0.0000000000
     3670.0000000000        0.0000000000        0.0000000000
     3671.0000000000        0.0000000000        0.0000000000
     3672.0000000000        0.0000000000        0.0000000000
     3673.0000000000        0.0000000000        0.0000000000
     3674.0000000000        0.0000000000        0.0000000000
     3675.0000000000        0.0000000000        0.0000000000
     3676.0000000000        0.0000000000        0.0000000000
     3677.0000000000        0.0000000000        0.0000000000
     3678.0000000000        0.0000000000        0.0000000000
     3679.0000000000        0.0000000000        0.0000000000
     3680.0000000000        0.0000000000        0.0000000000
     3681.0000000000        0.0000000000        0.0000000000
     3682.0000000000        0.0000000000        0.0000000000
     3683.0000000000        0.0000000000        0.0000000000
     3684.0000000000        0.0000000000        0.0000000000
     3685.0000000000        0.0000000000        0.0000000000
     3686.0000000000        0.0000000000        0.0000000000
     3687.0000000000        0.0000000000        0.0000000000
     3688.0000000000        0.0000000000        0.0000000000
     3689.0000000000        0.0000000000        0.0000000000
     3690.0000000000        0.0000000000        0.0000000000
     3691.0000000000        0.0000000000        0.0000000000
     3692.0000000000        0.0000000000        0.0000000000
     3693.0000000000        0.0000000000        0.0000000000
     3694.0000000000        0.0000000000        0.0000000000
     3695.0000000000        0.0000000000        0.0000000000
     3696.0000000000        0.0000000000        0.0000000000
     3697.0000000000        0.0000000000        0.0000000000
     3698.0000000000        0.0000000000        0.0000000000
     3699.0000000000        0.0000000000        0.0000000000
     3700.0000000000        0.0000000000        0.0000000000
     3701.0000000000        0.0000000000        0.0000000000
     3702.0000000000        0.0000000000        0.0000000000
     3703.0000000000        0.0000000000        0.0000000000
     3704.0000000000        0.0000000000        0.0000000000
     3705.0000000000        0.0000000000        0.0000000000
     3706.0000000000        0.0000000000        0.0000000000
     3707.0000000000        0.0000000000        0.0000000000
     3708.0000000000        0.0000000000        0.0000000000
     3709.0000000000        0.0000000000        0.0000000000
     3710.0000000000        0.0000000000        0.0000000000
     3711.0000000000        0.0000000000        0.0000000000
     3712.0000000000        0.0000000000        0.0000000000
     3713.0000000000        0.0000000000        0.0000000000
     3714.0000000000        0.0000000000        0.0000000000
     3715.0000000000        0.0000000000        0.0000000000
     3716.0000000000        0.0000000000        0.0000000000
     3717.0000000000        0.0000000000        0.0000000000
     3718.0000000000        0.0000000000        0.0000000000
     3719.0000000000        0.0000000000        0.0000000000
     3720.0000000000        0.0000000000        0.0000000000
     3721.0000000000        0.0000000000        0.0000000000
     3722.0000000000        0.0000000000        0.0000000000
     3723.0000000000        0.0000000000        0.0000000000
     3724.0000000000        0.0000000000        0.0000000000
     3725.0000000000        0.0000000000        0.0000000000
     3726.0000000000        0.0000000000        0.0000000000
     3727.0000000000        0.0000000000        0.0000000000
     3728.0000000000        0.0000000000        0.0000000000
     3729.0000000000        0.0000000000        0.0000000000
     3730.0000000000        0.0000000000        0.0000000000
     3731.0000000000        0.0000000000        0.0000000000
     3732.0000000000        0.0000000000        0.0000000000
     3733.0000000000        0.0000000000        0.0000000000
     3734.0000000000        0.0000000000        0.0000000000
     3735.0000000000        0.0000000000        0.0000000000
     3736.0000000000        0.0000000000        0.0000000000
     3737.0000000000        0.0000000000        0.0000000000
     3738.0000000000        0.0000000000        0.0000000000
     3739.0000000000        0.0000000000        0.0000000000
     3740.0000000000        0.0000000000        0.0000000000
     3741.0000000000        0.0000000000        0.0000000000
     3742.0000000000        0.0000000000        0.0000000000
     3743.0000000000        0.0000000000        0.0000000000
     3744.0000000000        0.0000000000        0.0000000000
     3745.0000000000        0.0000000000        0.0000000000
     3746.0000000000        0.0000000000        0.0000000000
     3747.0000000000        0.0000000000        0.0000000000
     3748.0000000000        0.0000000000        0.0000000000
     3749.0000000000        0.0000000000        0.0000000000
     3750.0000000000        0.0000000000        0.0000000000
     3751.0000000000        0.0000000000        0.0000000000
     3752.0000000000        0.0000000000        0.0000000000
     3753.0000000000        0.0000000000        0.0000000000
     3754.0000000000        0.0000000000        0.0000000000
     3755.0000000000        0.0000000000        0.0000000000
     3756.0000000000        0.0000000000        0.0000000000
     3757.0000000000        0.0000000000        0.0000000000
     3758.0000000000        0.0000000000        0.0000000000
     3759.0000000000        0.0000000000        0.0000000000
     3760.0000000000        0.0000000000        0.0000000000
     3761.0000000000        0.0000000000        0.0000000000
     3762.0000000000        0.0000000000        0.0000000000
     3763.0000000000        0.0000000000        0.0000000000
     3764.0000000000        0.0000000000        0.0000000000
     3765.0000000000        0.0000000000        0.0000000000
     3766.0000000000        0.0000000000        0.0000000000
     3767.0000000000        0.0000000000        0.0000000000
     3768.0000000000        0.0000000000        0.0000000000
     3769.0000000000        0.0000000000        0.0000000000
     3770.0000000000        0.0000000000        0.0000000000
     3771.0000000000        0.0000000000        0.0000000000
     3772.0000000000        0.0000000000        0.0000000000
     3773.0000000000        0.0000000000        0.0000000000
     3774.0000000000        0.0000000000        0.0000000000
     3775.0000000000        0.0000000000        0.0000000000
     3776.0000000000        0.0000000000        0.0000000000
     3777.0000000000        0.0000000000        0.0000000000
     3778.0000000000        0.0000000000        0.0000000000
     3779.0000000000        0.0000000000        0.0000000000
     3780.0000000000        0.0000000000        0.0000000000
     3781.0000000000        0.0000000000        0.0000000000
     3782.0000000000        0.0000000000        0.0000000000
     3783.0000000000        0.0000000000        0.0000000000
     3784.0000000000        0.0000000000        0.0000000000
     3785.0000000000        0.0000000000        0.0000000000
     3786.0000000000        0.0000000000        0.0000000000
     3787.0000000000        0.0000000000        0.0000000000
     3788.0000000000        0.0000000000        0.0000000000
     3789.0000000000        0.0000000000        0.0000000000
     3790.0000000000        0.0000000000        0.0000000000
     3791.0000000000        0.0000000000        0.0000000000
     3792.0000000000        0.0000000000        0.0000000000
     3793.0000000000        0.0000000000        0.0000000000
     3794.0000000000        0.0000000000        0.0000000000
     3795.0000000000        0.0000000000        0.0000000000
     3796.0000000000        0.0000000000        0.0000000000
     3797.0000000000        0.0000000000        0.0000000000
     3798.0000000000        0.0000000000        0.0000000000
     3799.0000000000        0.0000000000        0.0000000000
     3800.0000000000        0.0000000000        0.0000000000
     3801.0000000000        0.0000000000        0.0000000000
     3802.0000000000        0.0000000000        0.0000000000
     3803.0000000000        0.0000000000        0.0000000000
     3804.0000000000        0.0000000000        0.0000000000
     3805.0000000000        0.0000000000        0.0000000000
     3806.0000000000        0.0000000000        0.0000000000
     3807.0000000000        0.0000000000        0.0000000000
     3808.0000000000        0.0000000000        0.0000000000
     3809.0000000000        0.0000000000        0.0000000000
     3810.0000000000        0.0000000000        0.0000000000
     3811.0000000000        0.0000000000        0.0000000000
     3812.0000000000        0.0000000000        0.0000000000
     3813.0000000000        0.0000000000        0.0000000000
     3814.0000000000        0.0000000000        0.0000000000
     3815.0000000000        0.0000000000        0.0000000000
     3816.0000000000        0.0000000000        0.0000000000
     3817.0000000000        0.0000000000        0.0000000000
     3818.0000000000        0.0000000000        0.0000000000
     3819.0000000000        0.0000000000        0.0000000000
     3820.0000000000        0.0000000000        0.0000000000
     3821.0000000000        0.0000000000        0.0000000000
     3822.0000000000        0.0000000000        0.0000000000
     3823.0000000000        0.0000000000        0.0000000000
     3824.0000000000        0.0000000000        0.0000000000
     3825.0000000000        0.0000000000        0.0000000000
     3826.0000000000        0.0000000000        0.0000000000
     3827.0000000000        0.0000000000        0.0000000000
     3828.0000000000        0.0000000000        0.0000000000
     3829.0000000000        0.0000000000        0.0000000000
     3830.0000000000        0.0000000000        0.0000000000
     3831.0000000000        0.0000000000        0.0000000000
     3832.0000000000        0.0000000000        0.0000000000
     3833.0000000000        0.0000000000        0.0000000000
     3834.0000000000        0.0000000000        0.0000000000
     3835.0000000000        0.0000000000        0.0000000000
     3836.0000000000        0.0000000000        0.0000000000
     3837.0000000000        0.0000000000        0.0000000000
     3838.0000000000        0.0000000000        0.0000000000
     3839.0000000000        0.0000000000        0.0000000000
     3840.0000000000        0.0000000000        0.0000000000
     3841.0000000000        0.0000000000        0.0000000000
     3842.0000000000        0.0000000000        0.0000000000
     3843.0000000000        0.0000000000        0.0000000000
     3844.0000000000        0.0000000000        0.0000000000
     3845.0000000000        0.0000000000        0.0000000000
     3846.0000000000        0.0000000000        0.0000000000
     3847.0000000000        0.0000000000        0.0000000000
     3848.0000000000        0.0000000000        0.0000000000
     3849.0000000000        0.0000000000        0.0000000000
     3850.0000000000        0.0000000000        0.0000000000
     3851.0000000000        0.0000000000        0.0000000000
     3852.0000000000        0.0000000000        0.0000000000
     3853.0000000000        0.0000000000        0.0000000000
     3854.0000000000        0.0000000000        0.0000000000
     3855.0000000000        0.0000000000        0.0000000000
     3856.0000000000        0.0000000000        0.0000000000
     3857.0000000000        0.0000000000        0.0000000000
     3858.0000000000        0.0000000000        0.0000000000
     3859.0000000000        0.0000000000        0.0000000000
     3860.0000000000        0.0000000000        0.0000000000
     3861.0000000000        0.0000000000        0.0000000000
     3862.0000000000        0.0000000000        0.0000000000
     3863.0000000000        0.0000000000        0.0000000000
     3864.0000000000        0.0000000000        0.0000000000
     3865.0000000000        0.0000000000        0.0000000000
     3866.0000000000        0.0000000000        0.0000000000
     3867.0000000000        0.0000000000        0.0000000000
     3868.0000000000        0.0000000000        0.0000000000
     3869.0000000000        0.0000000000        0.0000000000
     3870.0000000000        0.0000000000        0.0000000000
     3871.0000000000        0.0000000000        0.0000000000
     3872.0000000000        0.0000000000        0.0000000000
     3873.0000000000        0.0000000000        0.0000000000
     3874.0000000000        0.0000000000        0.0000000000
     3875.0000000000        0.0000000000        0.0000000000
     3876.0000000000        0.0000000000        0.0000000000
     3877.0000000000        0.0000000000        0.0000000000
     3878.0000000000        0.0000000000        0.0000000000
     3879.0000000000        0.0000000000        0.0000000000
     3880.0000000000        0.0000000000        0.0000000000
     3881.0000000000        0.0000000000        0.0000000000
     3882.0000000000        0.0000000000        0.0000000000
     3883.0000000000        0.0000000000        0.0000000000
     3884.0000000000        0.0000000000        0.0000000000
     3885.0000000000        0.0000000000        0.0000000000
     3886.0000000000        0.0000000000        0.0000000000
     3887.0000000000        0.0000000000        0.0000000000
     3888.0000000000        0.0000000000        0.0000000000
     3889.0000000000        0.0000000000        0.0000000000
     3890.0000000000        0.0000000000        0.0000000000
     3891.0000000000        0.0000000000        0.0000000000
     3892.0000000000        0.0000000000        0.0000000000
     3893.0000000000        0.0000000000        0.0000000000
     3894.0000000000        0.0000000000        0.0000000000
     3895.0000000000        0.0000000000        0.0000000000
     3896.0000000000        0.0000000000        0.0000000000
     3897.0000000000        0.0000000000        0.0000000000
     3898.0000000000        0.0000000000        0.0000000000
     3899.0000000000        0.0000000000        0.0000000000
     3900.0000000000        0.0000000000        0.0000000000
     3901.0000000000        0.0000000000        0.0000000000
     3902.0000000000        0.0000000000        0.0000000000
     3903.0000000000        0.0000000000        0.0000000000
     3904.0000000000        0.0000000000        0.0000000000
     3905.0000000000        0.0000000000        0.0000000000
     3906.0000000000        0.0000000000        0.0000000000
     3907.0000000000        0.0000000000        0.0000000000
     3908.0000000000        0.0000000000        0.0000000000
     3909.0000000000        0.0000000000        0.0000000000
     3910.0000000000        0.0000000000        0.0000000000
     3911.0000000000        0.0000000000        0.0000000000
     3912.0000000000        0.0000000000        0.0000000000
     3913.0000000000        0.0000000000        0.0000000000
     3914.0000000000        0.0000000000        0.0000000000
     3915.0000000000        0.0000000000        0.0000000000
     3916.0000000000        0.0000000000        0.0000000000
     3917.0000000000        0.0000000000        0.0000000000
     3918.0000000000        0.0000000000        0.0000000000
     3919.0000000000        0.0000000000        0.0000000000
     3920.0000000000        0.0000000000        0.0000000000
     3921.0000000000        0.0000000000        0.0000000000
     3922.0000000000        0.0000000000        0.0000000000
     3923.0000000000        0.0000000000        0.0000000000
     3924.0000000000        0.0000000000        0.0000000000
     3925.0000000000        0.0000000000        0.0000000000
     3926.0000000000        0.0000000000        0.0000000000
     3927.0000000000        0.0000000000        0.0000000000
     3928.0000000000        0.0000000000        0.0000000000
     3929.0000000000        0.0000000000        0.0000000000
     3930.0000000000        0.0000000000        0.0000000000
     3931.0000000000        0.0000000000        0.0000000000
     3932.0000000000        0.0000000000        0.0000000000
     3933.0000000000        0.0000000000        0.0000000000
     3934.0000000000        0.0000000000        0.0000000000
     3935.0000000000        0.0000000000        0.0000000000
     3936.0000000000        0.0000000000        0.0000000000
     3937.0000000000        0.0000000000        0.0000000000
     3938.0000000000        0.0000000000        0.0000000000
     3939.0000000000        0.0000000000        0.0000000000
     3940.0000000000        0.0000000000        0.0000000000
     3941.0000000000        0.0000000000        0.0000000000
     3942.0000000000        0.0000000000        0.0000000000
     3943.0000000000        0.0000000000        0.0000000000
     3944.0000000000        0.0000000000        0.0000000000
     3945.0000000000        0.0000000000        0.0000000000
     3946.0000000000        0.0000000000        0.0000000000
     3947.0000000000        0.0000000000        0.0000000000
     3948.0000000000        0.0000000000        0.0000000000
     3949.0000000000        0.0000000000        0.0000000000
     3950.0000000000        0.0000000000        0.0000000000
     3951.0000000000        0.0000000000        0.0000000000
     3952.0000000000        0.0000000000        0.0000000000
     3953.0000000000        0.0000000000        0.0000000000
     3954.0000000000        0.0000000000        0.0000000000
     3955.0000000000        0.0000000000        0.0000000000
     3956.0000000000        0.0000000000        0.0000000000
     3957.0000000000        0.0000000000        0.0000000000
     3958.0000000000        0.0000000000        0.0000000000
     3959.0000000000        0.0000000000        0.0000000000
     3960.0000000000        0.0000000000        0.0000000000
     3961.0000000000        0.0000000000        0.0000000000
     3962.0000000000        0.0000000000        0.0000000000
     3963.0000000000        0.0000000000        0.0000000000
     3964.0000000000        0.0000000000        0.0000000000
     3965.0000000000        0.0000000000        0.0000000000
     3966.0000000000        0.0000000000        0.0000000000
     3967.0000000000        0.0000000000        0.0000000000
     3968.0000000000        0.0000000000        0.0000000000
     3969.0000000000        0.0000000000        0.0000000000
     3970.0000000000        0.0000000000        0.0000000000
     3971.0000000000        0.0000000000        0.0000000000
     3972.0000000000        0.0000000000        0.0000000000
     3973.0000000000        0.0000000000        0.0000000000
     3974.0000000000        0.0000000000        0.0000000000
     3975.0000000000        0.0000000000        0.0000000000
     3976.0000000000        0.0000000000        0.0000000000
     3977.0000000000        0.0000000000        0.0000000000
     3978.0000000000        0.0000000000        0.0000000000
     3979.0000000000        0.0000000000        0.0000000000
     3980.0000000000        0.0000000000        0.0000000000
     3981.0000000000        0.0000000000        0.0000000000
     3982.0000000000        0.0000000000        0.0000000000
     3983.0000000000        0.0000000000        0.0000000000
     3984.0000000000        0.0000000000        0.0000000000
     3985.0000000000        0.0000000000        0.0000000000
     3986.0000000000        0.0000000000        0.0000000000
     3987.0000000000        0.0000000000        0.0000000000
     3988.0000000000        0.0000000000        0.0000000000
     3989.0000000000        0.0000000000        0.0000000000
     3990.0000000000        0.0000000000        0.0000000000
     3991.0000000000        0.0000000000        0.0000000000
     3992.0000000000        0.0000000000        0.0000000000
     3993.0000000000        0.0000000000        0.0000000000
     3994.0000000000        0.0000000000        0.0000000000
     3995.0000000000        0.0000000000        0.0000000000
     3996.0000000000        0.0000000000        0.0000000000
     3997.0000000000        0.0000000000        0.0000000000
     3998.0000000000        0.0000000000        0.0000000000
     3999.0000000000        0.0000000000        0.0000000000
