# Raman Activity Spectrum
# X-Axis:  Frequency (cm-1)
# Y-Axis:  Intensity

# Peak information
#                  X                   Y
#     507.3657000000        5.5822000000
#    1009.1108000000        4.6038000000
#    1085.7431000000       19.8923000000
#    1187.2595000000       22.4581000000
#    1205.6123000000       26.7796000000
#    1294.2523000000       15.3680000000
#    1301.2252000000        7.0367000000
#    2636.4878000000       64.4745000000
#    2673.3364000000       89.2227000000

# Spectra
#                  X                   Y               DY/DX
        0.0000000000        0.0000000000        0.0000000000
        1.0000000000        0.0000000000        0.0000000000
        2.0000000000        0.0000000000        0.0000000000
        3.0000000000        0.0000000000        0.0000000000
        4.0000000000        0.0000000000        0.0000000000
        5.0000000000        0.0000000000        0.0000000000
        6.0000000000        0.0000000000        0.0000000000
        7.0000000000        0.0000000000        0.0000000000
        8.0000000000        0.0000000000        0.0000000000
        9.0000000000        0.0000000000        0.0000000000
       10.0000000000        0.0000000000        0.0000000000
       11.0000000000        0.0000000000        0.0000000000
       12.0000000000        0.0000000000        0.0000000000
       13.0000000000        0.0000000000        0.0000000000
       14.0000000000        0.0000000000        0.0000000000
       15.0000000000        0.0000000000        0.0000000000
       16.0000000000        0.0000000000        0.0000000000
       17.0000000000        0.0000000000        0.0000000000
       18.0000000000        0.0000000000        0.0000000000
       19.0000000000        0.0000000000        0.0000000000
       20.0000000000        0.0000000000        0.0000000000
       21.0000000000        0.0000000000        0.0000000000
       22.0000000000        0.0000000000        0.0000000000
       23.0000000000        0.0000000000        0.0000000000
       24.0000000000        0.0000000000        0.0000000000
       25.0000000000        0.0000000000        0.0000000000
       26.0000000000        0.0000000000        0.0000000000
       27.0000000000        0.0000000000        0.0000000000
       28.0000000000        0.0000000000        0.0000000000
       29.0000000000        0.0000000000        0.0000000000
       30.0000000000        0.0000000000        0.0000000000
       31.0000000000        0.0000000000        0.0000000000
       32.0000000000        0.0000000000        0.0000000000
       33.0000000000        0.0000000000        0.0000000000
       34.0000000000        0.0000000000        0.0000000000
       35.0000000000        0.0000000000        0.0000000000
       36.0000000000        0.0000000000        0.0000000000
       37.0000000000        0.0000000000        0.0000000000
       38.0000000000        0.0000000000        0.0000000000
       39.0000000000        0.0000000000        0.0000000000
       40.0000000000        0.0000000000        0.0000000000
       41.0000000000        0.0000000000        0.0000000000
       42.0000000000        0.0000000000        0.0000000000
       43.0000000000        0.0000000000        0.0000000000
       44.0000000000        0.0000000000        0.0000000000
       45.0000000000        0.0000000000        0.0000000000
       46.0000000000        0.0000000000        0.0000000000
       47.0000000000        0.0000000000        0.0000000000
       48.0000000000        0.0000000000        0.0000000000
       49.0000000000        0.0000000000        0.0000000000
       50.0000000000        0.0000000000        0.0000000000
       51.0000000000        0.0000000000        0.0000000000
       52.0000000000        0.0000000000        0.0000000000
       53.0000000000        0.0000000000        0.0000000000
       54.0000000000        0.0000000000        0.0000000000
       55.0000000000        0.0000000000        0.0000000000
       56.0000000000        0.0000000000        0.0000000000
       57.0000000000        0.0000000000        0.0000000000
       58.0000000000        0.0000000000        0.0000000000
       59.0000000000        0.0000000000        0.0000000000
       60.0000000000        0.0000000000        0.0000000000
       61.0000000000        0.0000000000        0.0000000000
       62.0000000000        0.0000000000        0.0000000000
       63.0000000000        0.0000000000        0.0000000000
       64.0000000000        0.0000000000        0.0000000000
       65.0000000000        0.0000000000        0.0000000000
       66.0000000000        0.0000000000        0.0000000000
       67.0000000000        0.0000000000        0.0000000000
       68.0000000000        0.0000000000        0.0000000000
       69.0000000000        0.0000000000        0.0000000000
       70.0000000000        0.0000000000        0.0000000000
       71.0000000000        0.0000000000        0.0000000000
       72.0000000000        0.0000000000        0.0000000000
       73.0000000000        0.0000000000        0.0000000000
       74.0000000000        0.0000000000        0.0000000000
       75.0000000000        0.0000000000        0.0000000000
       76.0000000000        0.0000000000        0.0000000000
       77.0000000000        0.0000000000        0.0000000000
       78.0000000000        0.0000000000        0.0000000000
       79.0000000000        0.0000000000        0.0000000000
       80.0000000000        0.0000000000        0.0000000000
       81.0000000000        0.0000000000        0.0000000000
       82.0000000000        0.0000000000        0.0000000000
       83.0000000000        0.0000000000        0.0000000000
       84.0000000000        0.0000000000        0.0000000000
       85.0000000000        0.0000000000        0.0000000000
       86.0000000000        0.0000000000        0.0000000000
       87.0000000000        0.0000000000        0.0000000000
       88.0000000000        0.0000000000        0.0000000000
       89.0000000000        0.0000000000        0.0000000000
       90.0000000000        0.0000000000        0.0000000000
       91.0000000000        0.0000000000        0.0000000000
       92.0000000000        0.0000000000        0.0000000000
       93.0000000000        0.0000000000        0.0000000000
       94.0000000000        0.0000000000        0.0000000000
       95.0000000000        0.0000000000        0.0000000000
       96.0000000000        0.0000000000        0.0000000000
       97.0000000000        0.0000000000        0.0000000000
       98.0000000000        0.0000000000        0.0000000000
       99.0000000000        0.0000000000        0.0000000000
      100.0000000000        0.0000000000        0.0000000000
      101.0000000000        0.0000000000        0.0000000000
      102.0000000000        0.0000000000        0.0000000000
      103.0000000000        0.0000000000        0.0000000000
      104.0000000000        0.0000000000        0.0000000000
      105.0000000000        0.0000000000        0.0000000000
      106.0000000000        0.0000000000        0.0000000000
      107.0000000000        0.0000000000        0.0000000000
      108.0000000000        0.0000000000        0.0000000000
      109.0000000000        0.0000000000        0.0000000000
      110.0000000000        0.0000000000        0.0000000000
      111.0000000000        0.0000000000        0.0000000000
      112.0000000000        0.0000000000        0.0000000000
      113.0000000000        0.0000000000        0.0000000000
      114.0000000000        0.0000000000        0.0000000000
      115.0000000000        0.0000000000        0.0000000000
      116.0000000000        0.0000000000        0.0000000000
      117.0000000000        0.0000000000        0.0000000000
      118.0000000000        0.0000000000        0.0000000000
      119.0000000000        0.0000000000        0.0000000000
      120.0000000000        0.0000000000        0.0000000000
      121.0000000000        0.0000000000        0.0000000000
      122.0000000000        0.0000000000        0.0000000000
      123.0000000000        0.0000000000        0.0000000000
      124.0000000000        0.0000000000        0.0000000000
      125.0000000000        0.0000000000        0.0000000000
      126.0000000000        0.0000000000        0.0000000000
      127.0000000000        0.0000000000        0.0000000000
      128.0000000000        0.0000000000        0.0000000000
      129.0000000000        0.0000000000        0.0000000000
      130.0000000000        0.0000000000        0.0000000000
      131.0000000000        0.0000000000        0.0000000000
      132.0000000000        0.0000000000        0.0000000000
      133.0000000000        0.0000000000        0.0000000000
      134.0000000000        0.0000000000        0.0000000000
      135.0000000000        0.0000000000        0.0000000000
      136.0000000000        0.0000000000        0.0000000000
      137.0000000000        0.0000000000        0.0000000000
      138.0000000000        0.0000000000        0.0000000000
      139.0000000000        0.0000000000        0.0000000000
      140.0000000000        0.0000000000        0.0000000000
      141.0000000000        0.0000000000        0.0000000000
      142.0000000000        0.0000000000        0.0000000000
      143.0000000000        0.0000000000        0.0000000000
      144.0000000000        0.0000000000        0.0000000000
      145.0000000000        0.0000000000        0.0000000000
      146.0000000000        0.0000000000        0.0000000000
      147.0000000000        0.0000000000        0.0000000000
      148.0000000000        0.0000000000        0.0000000000
      149.0000000000        0.0000000000        0.0000000000
      150.0000000000        0.0000000000        0.0000000000
      151.0000000000        0.0000000000        0.0000000000
      152.0000000000        0.0000000000        0.0000000000
      153.0000000000        0.0000000000        0.0000000000
      154.0000000000        0.0000000000        0.0000000000
      155.0000000000        0.0000000000        0.0000000000
      156.0000000000        0.0000000000        0.0000000000
      157.0000000000        0.0000000000        0.0000000000
      158.0000000000        0.0000000000        0.0000000000
      159.0000000000        0.0000000000        0.0000000000
      160.0000000000        0.0000000000        0.0000000000
      161.0000000000        0.0000000000        0.0000000000
      162.0000000000        0.0000000000        0.0000000000
      163.0000000000        0.0000000000        0.0000000000
      164.0000000000        0.0000000000        0.0000000000
      165.0000000000        0.0000000000        0.0000000000
      166.0000000000        0.0000000000        0.0000000000
      167.0000000000        0.0000000000        0.0000000000
      168.0000000000        0.0000000000        0.0000000000
      169.0000000000        0.0000000000        0.0000000000
      170.0000000000        0.0000000000        0.0000000000
      171.0000000000        0.0000000000        0.0000000000
      172.0000000000        0.0000000000        0.0000000000
      173.0000000000        0.0000000000        0.0000000000
      174.0000000000        0.0000000000        0.0000000000
      175.0000000000        0.0000000000        0.0000000000
      176.0000000000        0.0000000000        0.0000000000
      177.0000000000        0.0000000000        0.0000000000
      178.0000000000        0.0000000000        0.0000000000
      179.0000000000        0.0000000000        0.0000000000
      180.0000000000        0.0000000000        0.0000000000
      181.0000000000        0.0000000000        0.0000000000
      182.0000000000        0.0000000000        0.0000000000
      183.0000000000        0.0000000000        0.0000000000
      184.0000000000        0.0000000000        0.0000000000
      185.0000000000        0.0000000000        0.0000000000
      186.0000000000        0.0000000000        0.0000000000
      187.0000000000        0.0000000000        0.0000000000
      188.0000000000        0.0000000000        0.0000000000
      189.0000000000        0.0000000000        0.0000000000
      190.0000000000        0.0000000000        0.0000000000
      191.0000000000        0.0000000000        0.0000000000
      192.0000000000        0.0000000000        0.0000000000
      193.0000000000        0.0000000000        0.0000000000
      194.0000000000        0.0000000000        0.0000000000
      195.0000000000        0.0000000000        0.0000000000
      196.0000000000        0.0000000000        0.0000000000
      197.0000000000        0.0000000000        0.0000000000
      198.0000000000        0.0000000000        0.0000000000
      199.0000000000        0.0000000000        0.0000000000
      200.0000000000        0.0000000000        0.0000000000
      201.0000000000        0.0000000000        0.0000000000
      202.0000000000        0.0000000000        0.0000000000
      203.0000000000        0.0000000000        0.0000000000
      204.0000000000        0.0000000000        0.0000000000
      205.0000000000        0.0000000000        0.0000000000
      206.0000000000        0.0000000000        0.0000000000
      207.0000000000        0.0000000000        0.0000000000
      208.0000000000        0.0000000000        0.0000000000
      209.0000000000        0.0000000000        0.0000000000
      210.0000000000        0.0000000000        0.0000000000
      211.0000000000        0.0000000000        0.0000000000
      212.0000000000        0.0000000000        0.0000000000
      213.0000000000        0.0000000000        0.0000000000
      214.0000000000        0.0000000000        0.0000000000
      215.0000000000        0.0000000000        0.0000000000
      216.0000000000        0.0000000000        0.0000000000
      217.0000000000        0.0000000000        0.0000000000
      218.0000000000        0.0000000000        0.0000000000
      219.0000000000        0.0000000000        0.0000000000
      220.0000000000        0.0000000000        0.0000000000
      221.0000000000        0.0000000000        0.0000000000
      222.0000000000        0.0000000000        0.0000000000
      223.0000000000        0.0000000000        0.0000000000
      224.0000000000        0.0000000000        0.0000000000
      225.0000000000        0.0000000000        0.0000000000
      226.0000000000        0.0000000000        0.0000000000
      227.0000000000        0.0000000000        0.0000000000
      228.0000000000        0.0000000000        0.0000000000
      229.0000000000        0.0000000000        0.0000000000
      230.0000000000        0.0000000000        0.0000000000
      231.0000000000        0.0000000000        0.0000000000
      232.0000000000        0.0000000000        0.0000000000
      233.0000000000        0.0000000000        0.0000000000
      234.0000000000        0.0000000000        0.0000000000
      235.0000000000        0.0000000000        0.0000000000
      236.0000000000        0.0000000000        0.0000000000
      237.0000000000        0.0000000000        0.0000000000
      238.0000000000        0.0000000000        0.0000000000
      239.0000000000        0.0000000000        0.0000000000
      240.0000000000        0.0000000000        0.0000000000
      241.0000000000        0.0000000000        0.0000000000
      242.0000000000        0.0000000000        0.0000000000
      243.0000000000        0.0000000000        0.0000000000
      244.0000000000        0.0000000000        0.0000000000
      245.0000000000        0.0000000000        0.0000000000
      246.0000000000        0.0000000000        0.0000000000
      247.0000000000        0.0000000000        0.0000000000
      248.0000000000        0.0000000000        0.0000000000
      249.0000000000        0.0000000000        0.0000000000
      250.0000000000        0.0000000000        0.0000000000
      251.0000000000        0.0000000000        0.0000000000
      252.0000000000        0.0000000000        0.0000000000
      253.0000000000        0.0000000000        0.0000000000
      254.0000000000        0.0000000000        0.0000000000
      255.0000000000        0.0000000000        0.0000000000
      256.0000000000        0.0000000000        0.0000000000
      257.0000000000        0.0000000000        0.0000000000
      258.0000000000        0.0000000000        0.0000000000
      259.0000000000        0.0000000000        0.0000000000
      260.0000000000        0.0000000000        0.0000000000
      261.0000000000        0.0000000000        0.0000000000
      262.0000000000        0.0000000000        0.0000000000
      263.0000000000        0.0000000000        0.0000000000
      264.0000000000        0.0000000000        0.0000000000
      265.0000000000        0.0000000000        0.0000000000
      266.0000000000        0.0000000000        0.0000000000
      267.0000000000        0.0000000000        0.0000000000
      268.0000000000        0.0000000000        0.0000000000
      269.0000000000        0.0000000000        0.0000000000
      270.0000000000        0.0000000000        0.0000000000
      271.0000000000        0.0000000000        0.0000000000
      272.0000000000        0.0000000000        0.0000000000
      273.0000000000        0.0000000000        0.0000000000
      274.0000000000        0.0000000000        0.0000000000
      275.0000000000        0.0000000000        0.0000000000
      276.0000000000        0.0000000000        0.0000000000
      277.0000000000        0.0000000000        0.0000000000
      278.0000000000        0.0000000000        0.0000000000
      279.0000000000        0.0000000000        0.0000000000
      280.0000000000        0.0000000000        0.0000000000
      281.0000000000        0.0000000000        0.0000000000
      282.0000000000        0.0000000000        0.0000000000
      283.0000000000        0.0000000000        0.0000000000
      284.0000000000        0.0000000000        0.0000000000
      285.0000000000        0.0000000000        0.0000000000
      286.0000000000        0.0000000000        0.0000000000
      287.0000000000        0.0000000000        0.0000000000
      288.0000000000        0.0000000000        0.0000000000
      289.0000000000        0.0000000000        0.0000000000
      290.0000000000        0.0000000000        0.0000000000
      291.0000000000        0.0000000000        0.0000000000
      292.0000000000        0.0000000000        0.0000000000
      293.0000000000        0.0000000000        0.0000000000
      294.0000000000        0.0000000000        0.0000000000
      295.0000000000        0.0000000000        0.0000000000
      296.0000000000        0.0000000000        0.0000000000
      297.0000000000        0.0000000000        0.0000000000
      298.0000000000        0.0000000000        0.0000000000
      299.0000000000        0.0000000000        0.0000000000
      300.0000000000        0.0000000000        0.0000000000
      301.0000000000        0.0000000000        0.0000000000
      302.0000000000        0.0000000000        0.0000000000
      303.0000000000        0.0000000000        0.0000000000
      304.0000000000        0.0000000000        0.0000000000
      305.0000000000        0.0000000000        0.0000000000
      306.0000000000        0.0000000000        0.0000000000
      307.0000000000        0.0000000000        0.0000000000
      308.0000000000        0.0000000000        0.0000000000
      309.0000000000        0.0000000000        0.0000000000
      310.0000000000        0.0000000000        0.0000000000
      311.0000000000        0.0000000000        0.0000000000
      312.0000000000        0.0000000000        0.0000000000
      313.0000000000        0.0000000000        0.0000000000
      314.0000000000        0.0000000000        0.0000000000
      315.0000000000        0.0000000000        0.0000000000
      316.0000000000        0.0000000000        0.0000000000
      317.0000000000        0.0000000000        0.0000000000
      318.0000000000        0.0000000000        0.0000000000
      319.0000000000        0.0000000000        0.0000000000
      320.0000000000        0.0000000000        0.0000000000
      321.0000000000        0.0000000000        0.0000000000
      322.0000000000        0.0000000000        0.0000000000
      323.0000000000        0.0000000000        0.0000000000
      324.0000000000        0.0000000000        0.0000000000
      325.0000000000        0.0000000000        0.0000000000
      326.0000000000        0.0000000000        0.0000000000
      327.0000000000        0.0000000000        0.0000000000
      328.0000000000        0.0000000000        0.0000000000
      329.0000000000        0.0000000000        0.0000000000
      330.0000000000        0.0000000000        0.0000000000
      331.0000000000        0.0000000000        0.0000000000
      332.0000000000        0.0000000000        0.0000000000
      333.0000000000        0.0000000000        0.0000000000
      334.0000000000        0.0000000000        0.0000000000
      335.0000000000        0.0000000000        0.0000000000
      336.0000000000        0.0000000000        0.0000000000
      337.0000000000        0.0000000000        0.0000000000
      338.0000000000        0.0000000000        0.0000000000
      339.0000000000        0.0000000000        0.0000000000
      340.0000000000        0.0000000000        0.0000000000
      341.0000000000        0.0000000000        0.0000000000
      342.0000000000        0.0000000000        0.0000000000
      343.0000000000        0.0000000000        0.0000000000
      344.0000000000        0.0000000000        0.0000000000
      345.0000000000        0.0000000000        0.0000000000
      346.0000000000        0.0000000000        0.0000000000
      347.0000000000        0.0000000000        0.0000000000
      348.0000000000        0.0002796741        0.0000035076
      349.0000000000        0.0002832150        0.0000035744
      350.0000000000        0.0002868236        0.0000036430
      351.0000000000        0.0002905015        0.0000037132
      352.0000000000        0.0002942507        0.0000037853
      353.0000000000        0.0002980728        0.0000038593
      354.0000000000        0.0003019699        0.0000039352
      355.0000000000        0.0003059440        0.0000040132
      356.0000000000        0.0003099969        0.0000040931
      357.0000000000        0.0003141309        0.0000041753
      358.0000000000        0.0003183482        0.0000042596
      359.0000000000        0.0003226509        0.0000043462
      360.0000000000        0.0003270415        0.0000044352
      361.0000000000        0.0003315222        0.0000045267
      362.0000000000        0.0003360957        0.0000046206
      363.0000000000        0.0003407644        0.0000047172
      364.0000000000        0.0003455310        0.0000048165
      365.0000000000        0.0003503984        0.0000049186
      366.0000000000        0.0003553692        0.0000050236
      367.0000000000        0.0003604466        0.0000051317
      368.0000000000        0.0003656336        0.0000052428
      369.0000000000        0.0003709333        0.0000053572
      370.0000000000        0.0003763490        0.0000054749
      371.0000000000        0.0003818842        0.0000055961
      372.0000000000        0.0003875424        0.0000057209
      373.0000000000        0.0003933272        0.0000058494
      374.0000000000        0.0003992425        0.0000059818
      375.0000000000        0.0004052921        0.0000061182
      376.0000000000        0.0004114803        0.0000062589
      377.0000000000        0.0004178113        0.0000064038
      378.0000000000        0.0004242894        0.0000065533
      379.0000000000        0.0004309194        0.0000067074
      380.0000000000        0.0004377059        0.0000068664
      381.0000000000        0.0004446540        0.0000070305
      382.0000000000        0.0004517687        0.0000071999
      383.0000000000        0.0004590555        0.0000073747
      384.0000000000        0.0004665201        0.0000075553
      385.0000000000        0.0004741681        0.0000077417
      386.0000000000        0.0004820056        0.0000079344
      387.0000000000        0.0004900390        0.0000081335
      388.0000000000        0.0004982749        0.0000083393
      389.0000000000        0.0005067200        0.0000085522
      390.0000000000        0.0005153817        0.0000087723
      391.0000000000        0.0005242672        0.0000090000
      392.0000000000        0.0005333844        0.0000092357
      393.0000000000        0.0005427414        0.0000094797
      394.0000000000        0.0005523468        0.0000097324
      395.0000000000        0.0005622093        0.0000099941
      396.0000000000        0.0005723381        0.0000102653
      397.0000000000        0.0005827431        0.0000105464
      398.0000000000        0.0005934343        0.0000108378
      399.0000000000        0.0006044223        0.0000111401
      400.0000000000        0.0006157182        0.0000114537
      401.0000000000        0.0006273336        0.0000117791
      402.0000000000        0.0006392806        0.0000121170
      403.0000000000        0.0006515720        0.0000124680
      404.0000000000        0.0006642212        0.0000128327
      405.0000000000        0.0006772421        0.0000132116
      406.0000000000        0.0006906495        0.0000136057
      407.0000000000        0.0007044588        0.0000140156
      408.0000000000        0.0007186862        0.0000144421
      409.0000000000        0.0007333488        0.0000148860
      410.0000000000        0.0007484644        0.0000153484
      411.0000000000        0.0007640520        0.0000158301
      412.0000000000        0.0007801314        0.0000163321
      413.0000000000        0.0007967234        0.0000168556
      414.0000000000        0.0008138501        0.0000174017
      415.0000000000        0.0008315346        0.0000179716
      416.0000000000        0.0008498016        0.0000185666
      417.0000000000        0.0008686767        0.0000191882
      418.0000000000        0.0008881873        0.0000198378
      419.0000000000        0.0009083623        0.0000205171
      420.0000000000        0.0009292320        0.0000212277
      421.0000000000        0.0009508288        0.0000219715
      422.0000000000        0.0009731868        0.0000227505
      423.0000000000        0.0009963421        0.0000235666
      424.0000000000        0.0010203332        0.0000244223
      425.0000000000        0.0010452006        0.0000253198
      426.0000000000        0.0010709876        0.0000262618
      427.0000000000        0.0010977400        0.0000272511
      428.0000000000        0.0011255066        0.0000282907
      429.0000000000        0.0011543392        0.0000293838
      430.0000000000        0.0011842931        0.0000305338
      431.0000000000        0.0012154271        0.0000317447
      432.0000000000        0.0012478040        0.0000330203
      433.0000000000        0.0012814908        0.0000343651
      434.0000000000        0.0013165590        0.0000357839
      435.0000000000        0.0013530851        0.0000372818
      436.0000000000        0.0013911509        0.0000388644
      437.0000000000        0.0014308442        0.0000405378
      438.0000000000        0.0014722589        0.0000423085
      439.0000000000        0.0015154960        0.0000441837
      440.0000000000        0.0015606638        0.0000461713
      441.0000000000        0.0016078789        0.0000482797
      442.0000000000        0.0016572667        0.0000505184
      443.0000000000        0.0017089624        0.0000528974
      444.0000000000        0.0017631119        0.0000554279
      445.0000000000        0.0018198728        0.0000581222
      446.0000000000        0.0018794155        0.0000609938
      447.0000000000        0.0019419244        0.0000640574
      448.0000000000        0.0020075997        0.0000673293
      449.0000000000        0.0020766585        0.0000708276
      450.0000000000        0.0021493369        0.0000745720
      451.0000000000        0.0022258919        0.0000785846
      452.0000000000        0.0023066036        0.0000828898
      453.0000000000        0.0023917780        0.0000875147
      454.0000000000        0.0024817497        0.0000924895
      455.0000000000        0.0025768849        0.0000978479
      456.0000000000        0.0026775858        0.0001036274
      457.0000000000        0.0027842940        0.0001098701
      458.0000000000        0.0028974961        0.0001166233
      459.0000000000        0.0030177285        0.0001239402
      460.0000000000        0.0031455843        0.0001318807
      461.0000000000        0.0032817202        0.0001405123
      462.0000000000        0.0034268648        0.0001499119
      463.0000000000        0.0035818288        0.0001601664
      464.0000000000        0.0037475155        0.0001713751
      465.0000000000        0.0039249346        0.0001836512
      466.0000000000        0.0041152167        0.0001971244
      467.0000000000        0.0043196318        0.0002119437
      468.0000000000        0.0045396097        0.0002282809
      469.0000000000        0.0047767653        0.0002463346
      470.0000000000        0.0050329275        0.0002663354
      471.0000000000        0.0053101742        0.0002885519
      472.0000000000        0.0056108740        0.0003132981
      473.0000000000        0.0059377359        0.0003409427
      474.0000000000        0.0062938697        0.0003719206
      475.0000000000        0.0066828587        0.0004067467
      476.0000000000        0.0071088488        0.0004460341
      477.0000000000        0.0075766567        0.0004905158
      478.0000000000        0.0080919037        0.0005410735
      479.0000000000        0.0086611817        0.0005987731
      480.0000000000        0.0092922596        0.0006649113
      481.0000000000        0.0099943422        0.0007410751
      482.0000000000        0.0107783983        0.0008292200
      483.0000000000        0.0116575782        0.0009317728
      484.0000000000        0.0126477493        0.0010517676
      485.0000000000        0.0137681906        0.0011930282
      486.0000000000        0.0150424995        0.0013604157
      487.0000000000        0.0164997891        0.0015601653
      488.0000000000        0.0181762823        0.0018003536
      489.0000000000        0.0201174616        0.0020915504
      490.0000000000        0.0223809961        0.0024477418
      491.0000000000        0.0250407784        0.0028876511
      492.0000000000        0.0281925595        0.0034366543
      493.0000000000        0.0319619155        0.0041295894
      494.0000000000        0.0365156549        0.0050149243
      495.0000000000        0.0420783566        0.0061609932
      496.0000000000        0.0489566060        0.0076653727
      497.0000000000        0.0575747923        0.0096689181
      498.0000000000        0.0685280451        0.0123763167
      499.0000000000        0.0826595690        0.0160843325
      500.0000000000        0.1011689680        0.0212140286
      501.0000000000        0.1257467999        0.0283239967
      502.0000000000        0.1586818691        0.0380185445
      503.0000000000        0.2027271049        0.0504884468
      504.0000000000        0.2600810269        0.0640629938
      505.0000000000        0.3291026684        0.0721002817
      506.0000000000        0.3978406653        0.0608258433
      507.0000000000        0.4405351352        0.0199710339
      508.0000000000        0.4333210571       -0.0335141944
      509.0000000000        0.3806706638       -0.0666415491
      510.0000000000        0.3098352833       -0.0711609049
      511.0000000000        0.2433389679       -0.0605561954
      512.0000000000        0.1896503925       -0.0469035939
      513.0000000000        0.1488622410       -0.0351336732
      514.0000000000        0.1184304547       -0.0261840236
      515.0000000000        0.0956816787       -0.0196671432
      516.0000000000        0.0784913151       -0.0149687257
      517.0000000000        0.0653142345       -0.0115651250
      518.0000000000        0.0550590238       -0.0090715272
      519.0000000000        0.0469583882       -0.0072190676
      520.0000000000        0.0404695008       -0.0058226591
      521.0000000000        0.0352039832       -0.0047547856
      522.0000000000        0.0308802280       -0.0039268782
      523.0000000000        0.0272911773       -0.0032767059
      524.0000000000        0.0242824712       -0.0027599727
      525.0000000000        0.0217374976       -0.0023447244
      526.0000000000        0.0195670461       -0.0020076042
      527.0000000000        0.0177020579       -0.0017313203
      528.0000000000        0.0160884805       -0.0015029145
      529.0000000000        0.0146835689       -0.0013125643
      530.0000000000        0.0134531944       -0.0011527427
      531.0000000000        0.0123698634       -0.0010176233
      532.0000000000        0.0114112422       -0.0009026524
      533.0000000000        0.0105590473       -0.0008042395
      534.0000000000        0.0097982018       -0.0007195294
      535.0000000000        0.0091161886       -0.0006462336
      536.0000000000        0.0085025494       -0.0005825046
      537.0000000000        0.0079484942       -0.0005268402
      538.0000000000        0.0074465931       -0.0004780108
      539.0000000000        0.0069905336       -0.0004350041
      540.0000000000        0.0065749251       -0.0003969816
      541.0000000000        0.0061951430       -0.0003632449
      542.0000000000        0.0058472025       -0.0003332093
      543.0000000000        0.0055276554       -0.0003063830
      544.0000000000        0.0052335061       -0.0002823500
      545.0000000000        0.0049621425       -0.0002607575
      546.0000000000        0.0047112785       -0.0002413043
      547.0000000000        0.0044789070       -0.0002237329
      548.0000000000        0.0042632597       -0.0002078217
      549.0000000000        0.0040627742       -0.0001933798
      550.0000000000        0.0038760657       -0.0001802419
      551.0000000000        0.0037019036       -0.0001682646
      552.0000000000        0.0035391915       -0.0001573227
      553.0000000000        0.0033869497       -0.0001473070
      554.0000000000        0.0032443008       -0.0001381218
      555.0000000000        0.0031104574       -0.0001296829
      556.0000000000        0.0029847110       -0.0001219163
      557.0000000000        0.0028664227       -0.0001147564
      558.0000000000        0.0027550154       -0.0001081452
      559.0000000000        0.0026499666       -0.0001020313
      560.0000000000        0.0025508023       -0.0000963689
      561.0000000000        0.0024570919       -0.0000911171
      562.0000000000        0.0023684434       -0.0000862394
      563.0000000000        0.0022844993       -0.0000817032
      564.0000000000        0.0022049330       -0.0000774791
      565.0000000000        0.0021294458       -0.0000735409
      566.0000000000        0.0020577639       -0.0000698646
      567.0000000000        0.0019896363       -0.0000664290
      568.0000000000        0.0019248321       -0.0000632148
      569.0000000000        0.0018631389       -0.0000602043
      570.0000000000        0.0018043609       -0.0000573817
      571.0000000000        0.0017483176       -0.0000547326
      572.0000000000        0.0016948422       -0.0000522440
      573.0000000000        0.0016437802       -0.0000499037
      574.0000000000        0.0015949889       -0.0000477010
      575.0000000000        0.0015483357       -0.0000456259
      576.0000000000        0.0015036975       -0.0000436693
      577.0000000000        0.0014609603       -0.0000418229
      578.0000000000        0.0014200175       -0.0000400791
      579.0000000000        0.0013807703       -0.0000384307
      580.0000000000        0.0013431264       -0.0000368714
      581.0000000000        0.0013069997       -0.0000353953
      582.0000000000        0.0012723099       -0.0000339969
      583.0000000000        0.0012389818       -0.0000326711
      584.0000000000        0.0012069451       -0.0000314132
      585.0000000000        0.0011761341       -0.0000302191
      586.0000000000        0.0011464870       -0.0000290847
      587.0000000000        0.0011179460       -0.0000280063
      588.0000000000        0.0010904568       -0.0000269806
      589.0000000000        0.0010639684       -0.0000260043
      590.0000000000        0.0010384328       -0.0000250745
      591.0000000000        0.0010138049       -0.0000241884
      592.0000000000        0.0009900422       -0.0000233436
      593.0000000000        0.0009671047       -0.0000225377
      594.0000000000        0.0009449546       -0.0000217684
      595.0000000000        0.0009235564       -0.0000210337
      596.0000000000        0.0009028763       -0.0000203317
      597.0000000000        0.0008828827       -0.0000196605
      598.0000000000        0.0008635456       -0.0000190186
      599.0000000000        0.0008448364       -0.0000184042
      600.0000000000        0.0008267284       -0.0000178161
      601.0000000000        0.0008091960       -0.0000172527
      602.0000000000        0.0007922152       -0.0000167128
      603.0000000000        0.0007757630       -0.0000161952
      604.0000000000        0.0007598177       -0.0000156987
      605.0000000000        0.0007443588       -0.0000152223
      606.0000000000        0.0007293667       -0.0000147650
      607.0000000000        0.0007148227       -0.0000143258
      608.0000000000        0.0007007093       -0.0000139039
      609.0000000000        0.0006870095       -0.0000134983
      610.0000000000        0.0006737074       -0.0000131084
      611.0000000000        0.0006607877       -0.0000127333
      612.0000000000        0.0006482360       -0.0000123724
      613.0000000000        0.0006360384       -0.0000120250
      614.0000000000        0.0006241817       -0.0000116905
      615.0000000000        0.0006126533       -0.0000113683
      616.0000000000        0.0006014412       -0.0000110578
      617.0000000000        0.0005905340       -0.0000107585
      618.0000000000        0.0005799207       -0.0000104699
      619.0000000000        0.0005695908       -0.0000101915
      620.0000000000        0.0005595344       -0.0000099229
      621.0000000000        0.0005497419       -0.0000096637
      622.0000000000        0.0005402041       -0.0000094134
      623.0000000000        0.0005309123       -0.0000091716
      624.0000000000        0.0005218581       -0.0000089381
      625.0000000000        0.0005130335       -0.0000087124
      626.0000000000        0.0005044307       -0.0000084943
      627.0000000000        0.0004960425       -0.0000082834
      628.0000000000        0.0004878616       -0.0000080794
      629.0000000000        0.0004798815       -0.0000078820
      630.0000000000        0.0004720954       -0.0000076911
      631.0000000000        0.0004644973       -0.0000075062
      632.0000000000        0.0004570811       -0.0000073272
      633.0000000000        0.0004498410       -0.0000071539
      634.0000000000        0.0004427715       -0.0000069859
      635.0000000000        0.0004358674       -0.0000068232
      636.0000000000        0.0004291234       -0.0000066655
      637.0000000000        0.0004225347       -0.0000065127
      638.0000000000        0.0004160965       -0.0000063644
      639.0000000000        0.0004098043       -0.0000062207
      640.0000000000        0.0004036538       -0.0000060812
      641.0000000000        0.0003976406       -0.0000059458
      642.0000000000        0.0003917607       -0.0000058145
      643.0000000000        0.0003860103       -0.0000056870
      644.0000000000        0.0003803855       -0.0000055632
      645.0000000000        0.0003748828       -0.0000054429
      646.0000000000        0.0003694985       -0.0000053261
      647.0000000000        0.0003642294       -0.0000052126
      648.0000000000        0.0003590722       -0.0000051023
      649.0000000000        0.0003540237       -0.0000049951
      650.0000000000        0.0003490809       -0.0000048909
      651.0000000000        0.0003442409       -0.0000047896
      652.0000000000        0.0003395009       -0.0000046910
      653.0000000000        0.0003348580       -0.0000045951
      654.0000000000        0.0003303097       -0.0000045019
      655.0000000000        0.0003258534       -0.0000044111
      656.0000000000        0.0003214867       -0.0000043227
      657.0000000000        0.0003172071       -0.0000042367
      658.0000000000        0.0003130125       -0.0000041530
      659.0000000000        0.0003089004       -0.0000040714
      660.0000000000        0.0003048689       -0.0000039920
      661.0000000000        0.0003009157       -0.0000039146
      662.0000000000        0.0002970389       -0.0000038393
      663.0000000000        0.0002932365       -0.0000037658
      664.0000000000        0.0002895067       -0.0000036942
      665.0000000000        0.0002858476       -0.0000036244
      666.0000000000        0.0002822574       -0.0000035563
      667.0000000000        0.0002787344       -0.0000034900
      668.0000000000        0.0000000000        0.0000000000
      669.0000000000        0.0000000000        0.0000000000
      670.0000000000        0.0000000000        0.0000000000
      671.0000000000        0.0000000000        0.0000000000
      672.0000000000        0.0000000000        0.0000000000
      673.0000000000        0.0000000000        0.0000000000
      674.0000000000        0.0000000000        0.0000000000
      675.0000000000        0.0000000000        0.0000000000
      676.0000000000        0.0000000000        0.0000000000
      677.0000000000        0.0000000000        0.0000000000
      678.0000000000        0.0000000000        0.0000000000
      679.0000000000        0.0000000000        0.0000000000
      680.0000000000        0.0000000000        0.0000000000
      681.0000000000        0.0000000000        0.0000000000
      682.0000000000        0.0000000000        0.0000000000
      683.0000000000        0.0000000000        0.0000000000
      684.0000000000        0.0000000000        0.0000000000
      685.0000000000        0.0000000000        0.0000000000
      686.0000000000        0.0000000000        0.0000000000
      687.0000000000        0.0000000000        0.0000000000
      688.0000000000        0.0000000000        0.0000000000
      689.0000000000        0.0000000000        0.0000000000
      690.0000000000        0.0000000000        0.0000000000
      691.0000000000        0.0000000000        0.0000000000
      692.0000000000        0.0000000000        0.0000000000
      693.0000000000        0.0000000000        0.0000000000
      694.0000000000        0.0000000000        0.0000000000
      695.0000000000        0.0000000000        0.0000000000
      696.0000000000        0.0000000000        0.0000000000
      697.0000000000        0.0000000000        0.0000000000
      698.0000000000        0.0000000000        0.0000000000
      699.0000000000        0.0000000000        0.0000000000
      700.0000000000        0.0000000000        0.0000000000
      701.0000000000        0.0000000000        0.0000000000
      702.0000000000        0.0000000000        0.0000000000
      703.0000000000        0.0000000000        0.0000000000
      704.0000000000        0.0000000000        0.0000000000
      705.0000000000        0.0000000000        0.0000000000
      706.0000000000        0.0000000000        0.0000000000
      707.0000000000        0.0000000000        0.0000000000
      708.0000000000        0.0000000000        0.0000000000
      709.0000000000        0.0000000000        0.0000000000
      710.0000000000        0.0000000000        0.0000000000
      711.0000000000        0.0000000000        0.0000000000
      712.0000000000        0.0000000000        0.0000000000
      713.0000000000        0.0000000000        0.0000000000
      714.0000000000        0.0000000000        0.0000000000
      715.0000000000        0.0000000000        0.0000000000
      716.0000000000        0.0000000000        0.0000000000
      717.0000000000        0.0000000000        0.0000000000
      718.0000000000        0.0000000000        0.0000000000
      719.0000000000        0.0000000000        0.0000000000
      720.0000000000        0.0000000000        0.0000000000
      721.0000000000        0.0000000000        0.0000000000
      722.0000000000        0.0000000000        0.0000000000
      723.0000000000        0.0000000000        0.0000000000
      724.0000000000        0.0000000000        0.0000000000
      725.0000000000        0.0000000000        0.0000000000
      726.0000000000        0.0000000000        0.0000000000
      727.0000000000        0.0000000000        0.0000000000
      728.0000000000        0.0000000000        0.0000000000
      729.0000000000        0.0000000000        0.0000000000
      730.0000000000        0.0000000000        0.0000000000
      731.0000000000        0.0000000000        0.0000000000
      732.0000000000        0.0000000000        0.0000000000
      733.0000000000        0.0000000000        0.0000000000
      734.0000000000        0.0000000000        0.0000000000
      735.0000000000        0.0000000000        0.0000000000
      736.0000000000        0.0000000000        0.0000000000
      737.0000000000        0.0000000000        0.0000000000
      738.0000000000        0.0000000000        0.0000000000
      739.0000000000        0.0000000000        0.0000000000
      740.0000000000        0.0000000000        0.0000000000
      741.0000000000        0.0000000000        0.0000000000
      742.0000000000        0.0000000000        0.0000000000
      743.0000000000        0.0000000000        0.0000000000
      744.0000000000        0.0000000000        0.0000000000
      745.0000000000        0.0000000000        0.0000000000
      746.0000000000        0.0000000000        0.0000000000
      747.0000000000        0.0000000000        0.0000000000
      748.0000000000        0.0000000000        0.0000000000
      749.0000000000        0.0000000000        0.0000000000
      750.0000000000        0.0000000000        0.0000000000
      751.0000000000        0.0000000000        0.0000000000
      752.0000000000        0.0000000000        0.0000000000
      753.0000000000        0.0000000000        0.0000000000
      754.0000000000        0.0000000000        0.0000000000
      755.0000000000        0.0000000000        0.0000000000
      756.0000000000        0.0000000000        0.0000000000
      757.0000000000        0.0000000000        0.0000000000
      758.0000000000        0.0000000000        0.0000000000
      759.0000000000        0.0000000000        0.0000000000
      760.0000000000        0.0000000000        0.0000000000
      761.0000000000        0.0000000000        0.0000000000
      762.0000000000        0.0000000000        0.0000000000
      763.0000000000        0.0000000000        0.0000000000
      764.0000000000        0.0000000000        0.0000000000
      765.0000000000        0.0000000000        0.0000000000
      766.0000000000        0.0000000000        0.0000000000
      767.0000000000        0.0000000000        0.0000000000
      768.0000000000        0.0000000000        0.0000000000
      769.0000000000        0.0000000000        0.0000000000
      770.0000000000        0.0000000000        0.0000000000
      771.0000000000        0.0000000000        0.0000000000
      772.0000000000        0.0000000000        0.0000000000
      773.0000000000        0.0000000000        0.0000000000
      774.0000000000        0.0000000000        0.0000000000
      775.0000000000        0.0000000000        0.0000000000
      776.0000000000        0.0000000000        0.0000000000
      777.0000000000        0.0000000000        0.0000000000
      778.0000000000        0.0000000000        0.0000000000
      779.0000000000        0.0000000000        0.0000000000
      780.0000000000        0.0000000000        0.0000000000
      781.0000000000        0.0000000000        0.0000000000
      782.0000000000        0.0000000000        0.0000000000
      783.0000000000        0.0000000000        0.0000000000
      784.0000000000        0.0000000000        0.0000000000
      785.0000000000        0.0000000000        0.0000000000
      786.0000000000        0.0000000000        0.0000000000
      787.0000000000        0.0000000000        0.0000000000
      788.0000000000        0.0000000000        0.0000000000
      789.0000000000        0.0000000000        0.0000000000
      790.0000000000        0.0000000000        0.0000000000
      791.0000000000        0.0000000000        0.0000000000
      792.0000000000        0.0000000000        0.0000000000
      793.0000000000        0.0000000000        0.0000000000
      794.0000000000        0.0000000000        0.0000000000
      795.0000000000        0.0000000000        0.0000000000
      796.0000000000        0.0000000000        0.0000000000
      797.0000000000        0.0000000000        0.0000000000
      798.0000000000        0.0000000000        0.0000000000
      799.0000000000        0.0000000000        0.0000000000
      800.0000000000        0.0000000000        0.0000000000
      801.0000000000        0.0000000000        0.0000000000
      802.0000000000        0.0000000000        0.0000000000
      803.0000000000        0.0000000000        0.0000000000
      804.0000000000        0.0000000000        0.0000000000
      805.0000000000        0.0000000000        0.0000000000
      806.0000000000        0.0000000000        0.0000000000
      807.0000000000        0.0000000000        0.0000000000
      808.0000000000        0.0000000000        0.0000000000
      809.0000000000        0.0000000000        0.0000000000
      810.0000000000        0.0000000000        0.0000000000
      811.0000000000        0.0000000000        0.0000000000
      812.0000000000        0.0000000000        0.0000000000
      813.0000000000        0.0000000000        0.0000000000
      814.0000000000        0.0000000000        0.0000000000
      815.0000000000        0.0000000000        0.0000000000
      816.0000000000        0.0000000000        0.0000000000
      817.0000000000        0.0000000000        0.0000000000
      818.0000000000        0.0000000000        0.0000000000
      819.0000000000        0.0000000000        0.0000000000
      820.0000000000        0.0000000000        0.0000000000
      821.0000000000        0.0000000000        0.0000000000
      822.0000000000        0.0000000000        0.0000000000
      823.0000000000        0.0000000000        0.0000000000
      824.0000000000        0.0000000000        0.0000000000
      825.0000000000        0.0000000000        0.0000000000
      826.0000000000        0.0000000000        0.0000000000
      827.0000000000        0.0000000000        0.0000000000
      828.0000000000        0.0000000000        0.0000000000
      829.0000000000        0.0000000000        0.0000000000
      830.0000000000        0.0000000000        0.0000000000
      831.0000000000        0.0000000000        0.0000000000
      832.0000000000        0.0000000000        0.0000000000
      833.0000000000        0.0000000000        0.0000000000
      834.0000000000        0.0000000000        0.0000000000
      835.0000000000        0.0000000000        0.0000000000
      836.0000000000        0.0000000000        0.0000000000
      837.0000000000        0.0000000000        0.0000000000
      838.0000000000        0.0000000000        0.0000000000
      839.0000000000        0.0000000000        0.0000000000
      840.0000000000        0.0000000000        0.0000000000
      841.0000000000        0.0000000000        0.0000000000
      842.0000000000        0.0000000000        0.0000000000
      843.0000000000        0.0000000000        0.0000000000
      844.0000000000        0.0000000000        0.0000000000
      845.0000000000        0.0000000000        0.0000000000
      846.0000000000        0.0000000000        0.0000000000
      847.0000000000        0.0000000000        0.0000000000
      848.0000000000        0.0000000000        0.0000000000
      849.0000000000        0.0000000000        0.0000000000
      850.0000000000        0.0002070286        0.0000026007
      851.0000000000        0.0002096540        0.0000026503
      852.0000000000        0.0002123296        0.0000027012
      853.0000000000        0.0002150568        0.0000027534
      854.0000000000        0.0002178368        0.0000028069
      855.0000000000        0.0002206711        0.0000028619
      856.0000000000        0.0002235611        0.0000029183
      857.0000000000        0.0002265081        0.0000029761
      858.0000000000        0.0002295139        0.0000030356
      859.0000000000        0.0002325798        0.0000030966
      860.0000000000        0.0002357076        0.0000031592
      861.0000000000        0.0002388988        0.0000032236
      862.0000000000        0.0002421553        0.0000032897
      863.0000000000        0.0002454789        0.0000033577
      864.0000000000        0.0002488713        0.0000034275
      865.0000000000        0.0002523345        0.0000034993
      866.0000000000        0.0002558705        0.0000035730
      867.0000000000        0.0002594813        0.0000036489
      868.0000000000        0.0002631690        0.0000037270
      869.0000000000        0.0002669360        0.0000038073
      870.0000000000        0.0002707843        0.0000038899
      871.0000000000        0.0002747165        0.0000039749
      872.0000000000        0.0002787349        0.0000040624
      873.0000000000        0.0002828421        0.0000041525
      874.0000000000        0.0002870407        0.0000042452
      875.0000000000        0.0002913335        0.0000043408
      876.0000000000        0.0002957233        0.0000044393
      877.0000000000        0.0003002130        0.0000045407
      878.0000000000        0.0003048057        0.0000046453
      879.0000000000        0.0003095046        0.0000047531
      880.0000000000        0.0003143130        0.0000048642
      881.0000000000        0.0003192342        0.0000049789
      882.0000000000        0.0003242719        0.0000050971
      883.0000000000        0.0003294298        0.0000052192
      884.0000000000        0.0003347116        0.0000053452
      885.0000000000        0.0003401215        0.0000054752
      886.0000000000        0.0003456635        0.0000056096
      887.0000000000        0.0003513421        0.0000057483
      888.0000000000        0.0003571617        0.0000058917
      889.0000000000        0.0003631271        0.0000060398
      890.0000000000        0.0003692430        0.0000061930
      891.0000000000        0.0003755148        0.0000063514
      892.0000000000        0.0003819477        0.0000065152
      893.0000000000        0.0003885472        0.0000066848
      894.0000000000        0.0003953192        0.0000068602
      895.0000000000        0.0004022697        0.0000070419
      896.0000000000        0.0004094050        0.0000072300
      897.0000000000        0.0004167319        0.0000074248
      898.0000000000        0.0004242571        0.0000076268
      899.0000000000        0.0004319879        0.0000078361
      900.0000000000        0.0004399318        0.0000080531
      901.0000000000        0.0004480968        0.0000082783
      902.0000000000        0.0004564911        0.0000085118
      903.0000000000        0.0004651234        0.0000087543
      904.0000000000        0.0004740028        0.0000090061
      905.0000000000        0.0004831388        0.0000092676
      906.0000000000        0.0004925414        0.0000095393
      907.0000000000        0.0005022210        0.0000098217
      908.0000000000        0.0005121886        0.0000101154
      909.0000000000        0.0005224557        0.0000104209
      910.0000000000        0.0005330345        0.0000107388
      911.0000000000        0.0005439377        0.0000110698
      912.0000000000        0.0005551788        0.0000114146
      913.0000000000        0.0005667717        0.0000117737
      914.0000000000        0.0005787313        0.0000121481
      915.0000000000        0.0005910733        0.0000125386
      916.0000000000        0.0006038141        0.0000129459
      917.0000000000        0.0006169710        0.0000133711
      918.0000000000        0.0006305625        0.0000138150
      919.0000000000        0.0006446077        0.0000142789
      920.0000000000        0.0006591272        0.0000147637
      921.0000000000        0.0006741425        0.0000152707
      922.0000000000        0.0006896764        0.0000158011
      923.0000000000        0.0007057531        0.0000163564
      924.0000000000        0.0007223981        0.0000169381
      925.0000000000        0.0007396385        0.0000175476
      926.0000000000        0.0016297834        0.0000291008
      927.0000000000        0.0016593200        0.0000299787
      928.0000000000        0.0016897536        0.0000308951
      929.0000000000        0.0017211239        0.0000318525
      930.0000000000        0.0017534730        0.0000328532
      931.0000000000        0.0017868455        0.0000338998
      932.0000000000        0.0018212888        0.0000349951
      933.0000000000        0.0018568530        0.0000361423
      934.0000000000        0.0018935917        0.0000373444
      935.0000000000        0.0019315614        0.0000386052
      936.0000000000        0.0019708227        0.0000399282
      937.0000000000        0.0020114400        0.0000413178
      938.0000000000        0.0020534819        0.0000427782
      939.0000000000        0.0020970217        0.0000443144
      940.0000000000        0.0021421377        0.0000459316
      941.0000000000        0.0021889137        0.0000476354
      942.0000000000        0.0022374394        0.0000494320
      943.0000000000        0.0022878109        0.0000513282
      944.0000000000        0.0023401315        0.0000533313
      945.0000000000        0.0023945119        0.0000554493
      946.0000000000        0.0024510714        0.0000576910
      947.0000000000        0.0025099384        0.0000600660
      948.0000000000        0.0025712514        0.0000625848
      949.0000000000        0.0026351599        0.0000652590
      950.0000000000        0.0027018255        0.0000681014
      951.0000000000        0.0027714233        0.0000711258
      952.0000000000        0.0028441430        0.0000743479
      953.0000000000        0.0029201906        0.0000777847
      954.0000000000        0.0029997903        0.0000814553
      955.0000000000        0.0030831861        0.0000853806
      956.0000000000        0.0031706441        0.0000895840
      957.0000000000        0.0032624555        0.0000940918
      958.0000000000        0.0033589388        0.0000989329
      959.0000000000        0.0034604433        0.0001041400
      960.0000000000        0.0035673530        0.0001097496
      961.0000000000        0.0036800904        0.0001158028
      962.0000000000        0.0037991219        0.0001223459
      963.0000000000        0.0039249629        0.0001294311
      964.0000000000        0.0040581845        0.0001371177
      965.0000000000        0.0041994209        0.0001454727
      966.0000000000        0.0043493781        0.0001545727
      967.0000000000        0.0045088437        0.0001645052
      968.0000000000        0.0046786990        0.0001753700
      969.0000000000        0.0048599326        0.0001872822
      970.0000000000        0.0050536566        0.0002003743
      971.0000000000        0.0052611254        0.0002147996
      972.0000000000        0.0054837592        0.0002307360
      973.0000000000        0.0057231699        0.0002483908
      974.0000000000        0.0059811940        0.0002680066
      975.0000000000        0.0062599312        0.0002898684
      976.0000000000        0.0065617909        0.0003143125
      977.0000000000        0.0068895489        0.0003417373
      978.0000000000        0.0072464163        0.0003726176
      979.0000000000        0.0076361241        0.0004075218
      980.0000000000        0.0080630277        0.0004471341
      981.0000000000        0.0085322357        0.0004922826
      982.0000000000        0.0090497720        0.0005439760
      983.0000000000        0.0096227783        0.0006034507
      984.0000000000        0.0102597717        0.0006722323
      985.0000000000        0.0109709722        0.0007522174
      986.0000000000        0.0117687259        0.0008457814
      987.0000000000        0.0126680521        0.0009559239
      988.0000000000        0.0136873616        0.0010864662
      989.0000000000        0.0148494060        0.0012423212
      990.0000000000        0.0161825462        0.0014298682
      991.0000000000        0.0177224667        0.0016574781
      992.0000000000        0.0195145175        0.0019362583
      993.0000000000        0.0216169532        0.0022811240
      994.0000000000        0.0241054698        0.0027123536
      995.0000000000        0.0270796385        0.0032578797
      996.0000000000        0.0306721491        0.0039566944
      997.0000000000        0.0350622489        0.0048639539
      998.0000000000        0.0404954851        0.0060586537
      999.0000000000        0.0473128966        0.0076550792
     1000.0000000000        0.0559941217        0.0098193942
     1001.0000000000        0.0672199432        0.0127917748
     1002.0000000000        0.0819581853        0.0169092437
     1003.0000000000        0.1015642329        0.0226048647
     1004.0000000000        0.1278377911        0.0302974157
     1005.0000000000        0.1628216973        0.0399227659
     1006.0000000000        0.2077421161        0.0495771315
     1007.0000000000        0.2599689681        0.0530037184
     1008.0000000000        0.3079888078        0.0393230115
     1009.0000000000        0.3313014718        0.0046308350
     1010.0000000000        0.3162174561       -0.0329804700
     1011.0000000000        0.2719748430       -0.0516392830
     1012.0000000000        0.2194859113       -0.0510110952
     1013.0000000000        0.1726896645       -0.0419916715
     1014.0000000000        0.1357408664       -0.0320858358
     1015.0000000000        0.1079134485       -0.0239225578
     1016.0000000000        0.0872051931       -0.0178122591
     1017.0000000000        0.0717286617       -0.0133818853
     1018.0000000000        0.0600313764       -0.0101849914
     1019.0000000000        0.0510687361       -0.0078613685
     1020.0000000000        0.0441050669       -0.0061511060
     1021.0000000000        0.0386228603       -0.0048736892
     1022.0000000000        0.0342552187       -0.0039049426
     1023.0000000000        0.0307389352       -0.0031591662
     1024.0000000000        0.0278826554       -0.0025766585
     1025.0000000000        0.0255453596       -0.0021153201
     1026.0000000000        0.0236217445       -0.0017450654
     1027.0000000000        0.0220321959       -0.0014440991
     1028.0000000000        0.0216840859       -0.0011842651
     1029.0000000000        0.0206061255       -0.0009777276
     1030.0000000000        0.0197178551       -0.0008035868
     1031.0000000000        0.0189904525       -0.0006549954
     1032.0000000000        0.0184011237       -0.0005266640
     1033.0000000000        0.0179317591       -0.0004144573
     1034.0000000000        0.0175679323       -0.0003151024
     1035.0000000000        0.0172981505       -0.0002259752
     1036.0000000000        0.0171132874       -0.0001449441
     1037.0000000000        0.0170061526       -0.0000702517
     1038.0000000000        0.0169711641       -0.0000004260
     1039.0000000000        0.0170040987        0.0000657885
     1040.0000000000        0.0171019029        0.0001294841
     1041.0000000000        0.0172625521        0.0001916325
     1042.0000000000        0.0174849483        0.0002531202
     1043.0000000000        0.0177688492        0.0003147771
     1044.0000000000        0.0181148254        0.0003774023
     1045.0000000000        0.0185242401        0.0004417867
     1046.0000000000        0.0201439461        0.0005230691
     1047.0000000000        0.0207020065        0.0005936928
     1048.0000000000        0.0213327662        0.0006686230
     1049.0000000000        0.0220410126        0.0007488372
     1050.0000000000        0.0228325623        0.0008354208
     1051.0000000000        0.0237143833        0.0009295972
     1052.0000000000        0.0246947511        0.0010327643
     1053.0000000000        0.0257834445        0.0011465385
     1054.0000000000        0.0269919891        0.0012728071
     1055.0000000000        0.0283339606        0.0014137950
     1056.0000000000        0.0298253613        0.0015721467
     1057.0000000000        0.0314850906        0.0017510303
     1058.0000000000        0.0333355317        0.0019542707
     1059.0000000000        0.0354032901        0.0021865203
     1060.0000000000        0.0377201278        0.0024534807
     1061.0000000000        0.0403241501        0.0027621935
     1062.0000000000        0.0432613293        0.0031214237
     1063.0000000000        0.0465874714        0.0035421722
     1064.0000000000        0.0503707796        0.0040383658
     1065.0000000000        0.0546952254        0.0046277966
     1066.0000000000        0.0596650256        0.0053334148
     1067.0000000000        0.0654106493        0.0061851278
     1068.0000000000        0.0720969686        0.0072223335
     1069.0000000000        0.0799344466        0.0084975314
     1070.0000000000        0.0891946822        0.0100815319
     1071.0000000000        0.1002322823        0.0120710654
     1072.0000000000        0.1135160326        0.0146000228
     1073.0000000000        0.1296738809        0.0178562274
     1074.0000000000        0.1495586093        0.0221066239
     1075.0000000000        0.1743445990        0.0277351006
     1076.0000000000        0.2056710166        0.0352985116
     1077.0000000000        0.2458524402        0.0456061341
     1078.0000000000        0.2981802152        0.0598195101
     1079.0000000000        0.3673202954        0.0795326059
     1080.0000000000        0.4597213433        0.1066637662
     1081.0000000000        0.5836186045        0.1426072874
     1082.0000000000        0.7472622968        0.1851768177
     1083.0000000000        0.9519368417        0.2208493345
     1084.0000000000        1.1750868417        0.2142740393
     1085.0000000000        1.3508609807        0.1208750412
     1086.0000000000        1.3916392164       -0.0442771955
     1087.0000000000        1.2723223881       -0.1811040803
     1088.0000000000        1.0613355645       -0.2258859867
     1089.0000000000        0.8425901448       -0.2048605177
     1090.0000000000        0.6583256584       -0.1628011844
     1091.0000000000        0.5160780813       -0.1229133109
     1092.0000000000        0.4095879942       -0.0915629405
     1093.0000000000        0.3301812072       -0.0684851418
     1094.0000000000        0.2704812221       -0.0518233802
     1095.0000000000        0.2249977689       -0.0397869680
     1096.0000000000        0.1898256195       -0.0310090530
     1097.0000000000        0.1622193199       -0.0245220800
     1098.0000000000        0.1402428003       -0.0196579311
     1099.0000000000        0.1225172698       -0.0159569795
     1100.0000000000        0.1080481825       -0.0131011320
     1101.0000000000        0.0961081717       -0.0108679103
     1102.0000000000        0.0861578309       -0.0090997378
     1103.0000000000        0.0777917176       -0.0076835114
     1104.0000000000        0.0707011527       -0.0065369616
     1105.0000000000        0.0646482781       -0.0055994662
     1106.0000000000        0.0594477330       -0.0048257970
     1107.0000000000        0.0549535451       -0.0041818109
     1108.0000000000        0.0510496364       -0.0036414456
     1109.0000000000        0.0476428638       -0.0031845971
     1110.0000000000        0.0446578602       -0.0027956049
     1111.0000000000        0.0420331678       -0.0024621557
     1112.0000000000        0.0397183113       -0.0021744839
     1113.0000000000        0.0376715608       -0.0019247798
     1114.0000000000        0.0358582067       -0.0017067496
     1115.0000000000        0.0342492172       -0.0015152833
     1116.0000000000        0.0328201864       -0.0013462026
     1117.0000000000        0.0315505032       -0.0011960680
     1118.0000000000        0.0304226902       -0.0010620298
     1119.0000000000        0.0294218744       -0.0009417118
     1120.0000000000        0.0285353613       -0.0008331202
     1121.0000000000        0.0277522891       -0.0007345721
     1122.0000000000        0.0270633481       -0.0006446379
     1123.0000000000        0.0264605510       -0.0005620960
     1124.0000000000        0.0259370440       -0.0004858952
     1125.0000000000        0.0254869516       -0.0004151255
     1126.0000000000        0.0251052484       -0.0003489930
     1127.0000000000        0.0247876531       -0.0002868004
     1128.0000000000        0.0245305411       -0.0002279295
     1129.0000000000        0.0243308717       -0.0001718279
     1130.0000000000        0.0241861288       -0.0001179972
     1131.0000000000        0.0240942725       -0.0000659822
     1132.0000000000        0.0240536994       -0.0000153632
     1133.0000000000        0.0240632117        0.0000342522
     1134.0000000000        0.0241219934        0.0000832360
     1135.0000000000        0.0248762686        0.0001400615
     1136.0000000000        0.0250407782        0.0001889995
     1137.0000000000        0.0252544085        0.0002383604
     1138.0000000000        0.0255177556        0.0002884913
     1139.0000000000        0.0258317658        0.0003397466
     1140.0000000000        0.0261977455        0.0003924928
     1141.0000000000        0.0266173765        0.0004471151
     1142.0000000000        0.0273884664        0.0005077352
     1143.0000000000        0.0279258073        0.0005674398
     1144.0000000000        0.0285244146        0.0006303516
     1145.0000000000        0.0291877544        0.0006969970
     1146.0000000000        0.0299198469        0.0007679598
     1147.0000000000        0.0307253296        0.0008438923
     1148.0000000000        0.0316095319        0.0009255292
     1149.0000000000        0.0325785657        0.0010137033
     1150.0000000000        0.0336394329        0.0011093653
     1151.0000000000        0.0348001542        0.0012136066
     1152.0000000000        0.0360699238        0.0013276879
     1153.0000000000        0.0374592953        0.0014530734
     1154.0000000000        0.0389804055        0.0015914735
     1155.0000000000        0.0406472461        0.0017448971
     1156.0000000000        0.0424759937        0.0019157175
     1157.0000000000        0.0444854137        0.0021067539
     1158.0000000000        0.0466973558        0.0023213756
     1159.0000000000        0.0491373677        0.0025636339
     1160.0000000000        0.0518354581        0.0028384310
     1161.0000000000        0.0548270516        0.0031517384
     1162.0000000000        0.0581541945        0.0035108816
     1163.0000000000        0.0618670865        0.0039249133
     1164.0000000000        0.0660260440        0.0044051088
     1165.0000000000        0.0707040373        0.0049656286
     1166.0000000000        0.0759900014        0.0056244141
     1167.0000000000        0.0819931960        0.0064044117
     1168.0000000000        0.0888490098        0.0073352627
     1169.0000000000        0.0967267697        0.0084556664
     1170.0000000000        0.1056378916        0.0098192369
     1171.0000000000        0.1162629391        0.0114891801
     1172.0000000000        0.1287496570        0.0135604635
     1173.0000000000        0.1435593422        0.0161597932
     1174.0000000000        0.1613031768        0.0194632792
     1175.0000000000        0.1828021692        0.0237190371
     1176.0000000000        0.2091749915        0.0292811471
     1177.0000000000        0.2419676542        0.0366604055
     1178.0000000000        0.2833450296        0.0465983097
     1179.0000000000        0.3363697491        0.0601675694
     1180.0000000000        0.4053897795        0.0788826236
     1181.0000000000        0.4965091727        0.1047275944
     1182.0000000000        0.6179234631        0.1397638100
     1183.0000000000        0.7792777405        0.1843078687
     1184.0000000000        0.9875885305        0.2313861752
     1185.0000000000        1.2347211544        0.2554842927
     1186.0000000000        1.4743410365        0.2072707110
     1187.0000000000        1.6141187851        0.0576669038
     1188.0000000000        1.5786002011       -0.1232424128
     1189.0000000000        1.3954756311       -0.2248565055
     1190.0000000000        1.1617430105       -0.2301725179
     1191.0000000000        0.9506670376       -0.1881908053
     1192.0000000000        0.7878728502       -0.1377986330
     1193.0000000000        0.6728379298       -0.0937077472
     1194.0000000000        0.5976301374       -0.0579825034
     1195.0000000000        0.5547654525       -0.0285610401
     1196.0000000000        0.5393688484       -0.0025603268
     1197.0000000000        0.5494623001        0.0228924068
     1198.0000000000        0.5859268670        0.0506716816
     1199.0000000000        0.6525976340        0.0838334092
     1200.0000000000        0.7564427360        0.1255148907
     1201.0000000000        0.9071755213        0.1776775139
     1202.0000000000        1.1142121981        0.2365520969
     1203.0000000000        1.3760276227        0.2815690848
     1204.0000000000        1.6562371536        0.2626578014
     1205.0000000000        1.8607644060        0.1253346532
     1206.0000000000        1.8782029656       -0.0935391955
     1207.0000000000        1.6929452430       -0.2578915261
     1208.0000000000        1.4042891725       -0.3009724223
     1209.0000000000        1.1169079247       -0.2663091629
     1210.0000000000        0.8785152631       -0.2099421948
     1211.0000000000        0.6951623852       -0.1585059445
     1212.0000000000        0.5575997270       -0.1185641839
     1213.0000000000        0.4544811185       -0.0892416608
     1214.0000000000        0.3764132896       -0.0680403259
     1215.0000000000        0.3164634669       -0.0526701855
     1216.0000000000        0.2697090775       -0.0414086967
     1217.0000000000        0.2326852464       -0.0330421209
     1218.0000000000        0.2029419308       -0.0267328132
     1219.0000000000        0.1787281377       -0.0219037379
     1220.0000000000        0.1587757775       -0.0181546040
     1221.0000000000        0.1421534311       -0.0152046248
     1222.0000000000        0.1281672596       -0.0128542786
     1223.0000000000        0.1162933221       -0.0109598600
     1224.0000000000        0.1061308313       -0.0094164629
     1225.0000000000        0.0973694654       -0.0081464984
     1226.0000000000        0.0897662134       -0.0070918600
     1227.0000000000        0.0831287613       -0.0062085129
     1228.0000000000        0.0773034228       -0.0054627111
     1229.0000000000        0.0721662649       -0.0048283194
     1230.0000000000        0.0676165088       -0.0042848949
     1231.0000000000        0.0635715691       -0.0038162969
     1232.0000000000        0.0599632863       -0.0034096688
     1233.0000000000        0.0567350388       -0.0030546839
     1234.0000000000        0.0538395082       -0.0027429811
     1235.0000000000        0.0512369363       -0.0024677396
     1236.0000000000        0.0488937543       -0.0022233542
     1237.0000000000        0.0467814974       -0.0020051857
     1238.0000000000        0.0448759393       -0.0018093682
     1239.0000000000        0.0431563977       -0.0016326574
     1240.0000000000        0.0416051740       -0.0014723121
     1241.0000000000        0.0402070995       -0.0013259997
     1242.0000000000        0.0389491664       -0.0011917207
     1243.0000000000        0.0378202253       -0.0010677474
     1244.0000000000        0.0368107399       -0.0009525749
     1245.0000000000        0.0359125847       -0.0008448799
     1246.0000000000        0.0342521812       -0.0007326775
     1247.0000000000        0.0335678725       -0.0006367311
     1248.0000000000        0.0329772927       -0.0005450663
     1249.0000000000        0.0324766084       -0.0004567977
     1250.0000000000        0.0320628423       -0.0003710955
     1251.0000000000        0.0317338256       -0.0002871694
     1252.0000000000        0.0314881673       -0.0002042522
     1253.0000000000        0.0313252377       -0.0001215854
     1254.0000000000        0.0312451679       -0.0000384037
     1255.0000000000        0.0312488638        0.0000460798
     1256.0000000000        0.0313380359        0.0001326903
     1257.0000000000        0.0315152464        0.0002223092
     1258.0000000000        0.0317839750        0.0003158937
     1259.0000000000        0.0321487065        0.0004145005
     1260.0000000000        0.0326150426        0.0005193125
     1261.0000000000        0.0331898448        0.0006316714
     1262.0000000000        0.0338814117        0.0007531174
     1263.0000000000        0.0346997006        0.0008854366
     1264.0000000000        0.0356566026        0.0010307217
     1265.0000000000        0.0367662852        0.0011914465
     1266.0000000000        0.0380456188        0.0013705609
     1267.0000000000        0.0395147108        0.0015716116
     1268.0000000000        0.0411975768        0.0017988981
     1269.0000000000        0.0431229902        0.0020576742
     1270.0000000000        0.0453255623        0.0023544131
     1271.0000000000        0.0478471289        0.0026971570
     1272.0000000000        0.0507385415        0.0030959848
     1273.0000000000        0.0540620029        0.0035636422
     1274.0000000000        0.0578941413        0.0041164010
     1275.0000000000        0.0623300963        0.0047752434
     1276.0000000000        0.0674890087        0.0055675135
     1277.0000000000        0.0735214799        0.0065292482
     1278.0000000000        0.0806198288        0.0077085068
     1279.0000000000        0.0890323732        0.0091701882
     1280.0000000000        0.0990835684        0.0110030837
     1281.0000000000        0.1112027758        0.0133303187
     1282.0000000000        0.1259658712        0.0163249488
     1283.0000000000        0.1441560839        0.0202333545
     1284.0000000000        0.1668536383        0.0254101603
     1285.0000000000        0.1955679360        0.0323691184
     1286.0000000000        0.2324298579        0.0418523257
     1287.0000000000        0.2804591125        0.0549068861
     1288.0000000000        0.3438903382        0.0729070668
     1289.0000000000        0.4284122110        0.0972951480
     1290.0000000000        0.5407551792        0.1283634692
     1291.0000000000        0.6859788651        0.1615408394
     1292.0000000000        0.8591109982        0.1798806507
     1293.0000000000        1.0298119549        0.1506794217
     1294.0000000000        1.1374958874        0.0552725655
     1295.0000000000        1.1338311255       -0.0584625233
     1296.0000000000        1.0401543714       -0.1162978282
     1297.0000000000        0.9239998317       -0.1074049138
     1298.0000000000        0.8357751112       -0.0669483291
     1299.0000000000        0.7891896765       -0.0289535950
     1300.0000000000        0.7685433271       -0.0185390319
     1301.0000000000        0.7392153483       -0.0454799890
     1302.0000000000        0.6727907414       -0.0862791745
     1303.0000000000        0.5740405186       -0.1062515057
     1304.0000000000        0.4691901985       -0.1001771109
     1305.0000000000        0.3775208907       -0.0823850201
     1306.0000000000        0.3045537793       -0.0639361631
     1307.0000000000        0.2485086789       -0.0487960829
     1308.0000000000        0.2057202097       -0.0373509535
     1309.0000000000        0.1728019905       -0.0289192801
     1310.0000000000        0.1471401416       -0.0227179622
     1311.0000000000        0.1268348286       -0.0181162692
     1312.0000000000        0.1105286177       -0.0146560789
     1313.0000000000        0.0972504054       -0.0120158955
     1314.0000000000        0.0862988831       -0.0099717458
     1315.0000000000        0.0771609982       -0.0083668454
     1316.0000000000        0.0694560845       -0.0070902982
     1317.0000000000        0.0628976716       -0.0060626543
     1318.0000000000        0.0572672086       -0.0052262117
     1319.0000000000        0.0523957935       -0.0045384875
     1320.0000000000        0.0481513101       -0.0039677883
     1321.0000000000        0.0444292515       -0.0034901707
     1322.0000000000        0.0411460886       -0.0030873306
     1323.0000000000        0.0382344149       -0.0027451191
     1324.0000000000        0.0356393502       -0.0024524852
     1325.0000000000        0.0333158432       -0.0022007138
     1326.0000000000        0.0312266287       -0.0019828693
     1327.0000000000        0.0293406625       -0.0017933863
     1328.0000000000        0.0276319121       -0.0016277629
     1329.0000000000        0.0260784133       -0.0014823315
     1330.0000000000        0.0246615274       -0.0013540829
     1331.0000000000        0.0233653528       -0.0012405325
     1332.0000000000        0.0221762547       -0.0011396165
     1333.0000000000        0.0210824862       -0.0010496105
     1334.0000000000        0.0200738822       -0.0009690663
     1335.0000000000        0.0191416092       -0.0008967614
     1336.0000000000        0.0182779603       -0.0008316589
     1337.0000000000        0.0174761865       -0.0007728752
     1338.0000000000        0.0167303567       -0.0007196544
     1339.0000000000        0.0160352408       -0.0006713471
     1340.0000000000        0.0153862122       -0.0006273930
     1341.0000000000        0.0147791660       -0.0005873074
     1342.0000000000        0.0142104489       -0.0005506691
     1343.0000000000        0.0136768015       -0.0005171111
     1344.0000000000        0.0131753073       -0.0004863126
     1345.0000000000        0.0127033507       -0.0004579921
     1346.0000000000        0.0122585798       -0.0004319024
     1347.0000000000        0.0118388754       -0.0004078250
     1348.0000000000        0.0104918165       -0.0003737479
     1349.0000000000        0.0101283947       -0.0003533563
     1350.0000000000        0.0097846071       -0.0003344558
     1351.0000000000        0.0094590312       -0.0003169114
     1352.0000000000        0.0091503727       -0.0003006022
     1353.0000000000        0.0088574511       -0.0002854204
     1354.0000000000        0.0085791884       -0.0002712692
     1355.0000000000        0.0083145983       -0.0002580616
     1356.0000000000        0.0080627768       -0.0002457195
     1357.0000000000        0.0078228944       -0.0002341722
     1358.0000000000        0.0075941886       -0.0002233562
     1359.0000000000        0.0073759576       -0.0002132137
     1360.0000000000        0.0071675543       -0.0002036924
     1361.0000000000        0.0069683815       -0.0001947451
     1362.0000000000        0.0067778872       -0.0001863285
     1363.0000000000        0.0065955607       -0.0001784033
     1364.0000000000        0.0064209287       -0.0001709339
     1365.0000000000        0.0062535520       -0.0001638874
     1366.0000000000        0.0049593643       -0.0001431062
     1367.0000000000        0.0048193004       -0.0001370792
     1368.0000000000        0.0046850945       -0.0001313863
     1369.0000000000        0.0045564241       -0.0001260047
     1370.0000000000        0.0044329883       -0.0001209134
     1371.0000000000        0.0043145069       -0.0001160931
     1372.0000000000        0.0042007179       -0.0001115258
     1373.0000000000        0.0040913764       -0.0001071953
     1374.0000000000        0.0039862534       -0.0001030863
     1375.0000000000        0.0038851345       -0.0000991850
     1376.0000000000        0.0037878187       -0.0000954782
     1377.0000000000        0.0036941173       -0.0000919540
     1378.0000000000        0.0036038536       -0.0000886013
     1379.0000000000        0.0035168611       -0.0000854098
     1380.0000000000        0.0034329835       -0.0000823698
     1381.0000000000        0.0033520739       -0.0000794726
     1382.0000000000        0.0032739936       -0.0000767098
     1383.0000000000        0.0031986121       -0.0000740736
     1384.0000000000        0.0031258065       -0.0000715570
     1385.0000000000        0.0030554605       -0.0000691532
     1386.0000000000        0.0029874645       -0.0000668560
     1387.0000000000        0.0029217150       -0.0000646594
     1388.0000000000        0.0028581139       -0.0000625581
     1389.0000000000        0.0027965686       -0.0000605470
     1390.0000000000        0.0027369915       -0.0000586212
     1391.0000000000        0.0026792993       -0.0000567763
     1392.0000000000        0.0026234134       -0.0000550080
     1393.0000000000        0.0025692591       -0.0000533124
     1394.0000000000        0.0025167655       -0.0000516859
     1395.0000000000        0.0024658654       -0.0000501249
     1396.0000000000        0.0024164949       -0.0000486262
     1397.0000000000        0.0023685933       -0.0000471867
     1398.0000000000        0.0023221028       -0.0000458035
     1399.0000000000        0.0022769685       -0.0000444738
     1400.0000000000        0.0022331382       -0.0000431951
     1401.0000000000        0.0021905620       -0.0000419651
     1402.0000000000        0.0021491926       -0.0000407813
     1403.0000000000        0.0021089848       -0.0000396416
     1404.0000000000        0.0020698954       -0.0000385441
     1405.0000000000        0.0020318833       -0.0000374867
     1406.0000000000        0.0019949093       -0.0000364676
     1407.0000000000        0.0019589359       -0.0000354852
     1408.0000000000        0.0019239272       -0.0000345377
     1409.0000000000        0.0018898492       -0.0000336238
     1410.0000000000        0.0018566691       -0.0000327417
     1411.0000000000        0.0018243555       -0.0000318903
     1412.0000000000        0.0017928786       -0.0000310682
     1413.0000000000        0.0017622098       -0.0000302741
     1414.0000000000        0.0017323215       -0.0000295068
     1415.0000000000        0.0017031875       -0.0000287653
     1416.0000000000        0.0016747827       -0.0000280484
     1417.0000000000        0.0016470828       -0.0000273552
     1418.0000000000        0.0016200648       -0.0000266846
     1419.0000000000        0.0015937064       -0.0000260358
     1420.0000000000        0.0015679863       -0.0000254078
     1421.0000000000        0.0015428841       -0.0000247999
     1422.0000000000        0.0015183801       -0.0000242112
     1423.0000000000        0.0014944555       -0.0000236410
     1424.0000000000        0.0014710922       -0.0000230886
     1425.0000000000        0.0014482726       -0.0000225533
     1426.0000000000        0.0014259801       -0.0000220344
     1427.0000000000        0.0014041986       -0.0000215313
     1428.0000000000        0.0013829125       -0.0000210434
     1429.0000000000        0.0013621069       -0.0000205701
     1430.0000000000        0.0013417675       -0.0000201110
     1431.0000000000        0.0013218804       -0.0000196654
     1432.0000000000        0.0013024324       -0.0000192329
     1433.0000000000        0.0012834105       -0.0000188129
     1434.0000000000        0.0012648024       -0.0000184051
     1435.0000000000        0.0012465963       -0.0000180091
     1436.0000000000        0.0012287806       -0.0000176243
     1437.0000000000        0.0012113442       -0.0000172504
     1438.0000000000        0.0011942764       -0.0000168869
     1439.0000000000        0.0011775669       -0.0000165337
     1440.0000000000        0.0011612057       -0.0000161902
     1441.0000000000        0.0011451833       -0.0000158562
     1442.0000000000        0.0011294903       -0.0000155313
     1443.0000000000        0.0011141178       -0.0000152152
     1444.0000000000        0.0010990571       -0.0000149077
     1445.0000000000        0.0010842998       -0.0000146083
     1446.0000000000        0.0010698378       -0.0000143170
     1447.0000000000        0.0010556632       -0.0000140333
     1448.0000000000        0.0010417686       -0.0000137571
     1449.0000000000        0.0010281466       -0.0000134881
     1450.0000000000        0.0010147902       -0.0000132260
     1451.0000000000        0.0010016923       -0.0000129707
     1452.0000000000        0.0009888465       -0.0000127220
     1453.0000000000        0.0009762462       -0.0000124795
     1454.0000000000        0.0009638854       -0.0000122432
     1455.0000000000        0.0003170499       -0.0000041208
     1456.0000000000        0.0003129690       -0.0000040415
     1457.0000000000        0.0003089663       -0.0000039642
     1458.0000000000        0.0003050399       -0.0000038889
     1459.0000000000        0.0003011878       -0.0000038155
     1460.0000000000        0.0002974083       -0.0000037439
     1461.0000000000        0.0002936994       -0.0000036741
     1462.0000000000        0.0000000000        0.0000000000
     1463.0000000000        0.0000000000        0.0000000000
     1464.0000000000        0.0000000000        0.0000000000
     1465.0000000000        0.0000000000        0.0000000000
     1466.0000000000        0.0000000000        0.0000000000
     1467.0000000000        0.0000000000        0.0000000000
     1468.0000000000        0.0000000000        0.0000000000
     1469.0000000000        0.0000000000        0.0000000000
     1470.0000000000        0.0000000000        0.0000000000
     1471.0000000000        0.0000000000        0.0000000000
     1472.0000000000        0.0000000000        0.0000000000
     1473.0000000000        0.0000000000        0.0000000000
     1474.0000000000        0.0000000000        0.0000000000
     1475.0000000000        0.0000000000        0.0000000000
     1476.0000000000        0.0000000000        0.0000000000
     1477.0000000000        0.0000000000        0.0000000000
     1478.0000000000        0.0000000000        0.0000000000
     1479.0000000000        0.0000000000        0.0000000000
     1480.0000000000        0.0000000000        0.0000000000
     1481.0000000000        0.0000000000        0.0000000000
     1482.0000000000        0.0000000000        0.0000000000
     1483.0000000000        0.0000000000        0.0000000000
     1484.0000000000        0.0000000000        0.0000000000
     1485.0000000000        0.0000000000        0.0000000000
     1486.0000000000        0.0000000000        0.0000000000
     1487.0000000000        0.0000000000        0.0000000000
     1488.0000000000        0.0000000000        0.0000000000
     1489.0000000000        0.0000000000        0.0000000000
     1490.0000000000        0.0000000000        0.0000000000
     1491.0000000000        0.0000000000        0.0000000000
     1492.0000000000        0.0000000000        0.0000000000
     1493.0000000000        0.0000000000        0.0000000000
     1494.0000000000        0.0000000000        0.0000000000
     1495.0000000000        0.0000000000        0.0000000000
     1496.0000000000        0.0000000000        0.0000000000
     1497.0000000000        0.0000000000        0.0000000000
     1498.0000000000        0.0000000000        0.0000000000
     1499.0000000000        0.0000000000        0.0000000000
     1500.0000000000        0.0000000000        0.0000000000
     1501.0000000000        0.0000000000        0.0000000000
     1502.0000000000        0.0000000000        0.0000000000
     1503.0000000000        0.0000000000        0.0000000000
     1504.0000000000        0.0000000000        0.0000000000
     1505.0000000000        0.0000000000        0.0000000000
     1506.0000000000        0.0000000000        0.0000000000
     1507.0000000000        0.0000000000        0.0000000000
     1508.0000000000        0.0000000000        0.0000000000
     1509.0000000000        0.0000000000        0.0000000000
     1510.0000000000        0.0000000000        0.0000000000
     1511.0000000000        0.0000000000        0.0000000000
     1512.0000000000        0.0000000000        0.0000000000
     1513.0000000000        0.0000000000        0.0000000000
     1514.0000000000        0.0000000000        0.0000000000
     1515.0000000000        0.0000000000        0.0000000000
     1516.0000000000        0.0000000000        0.0000000000
     1517.0000000000        0.0000000000        0.0000000000
     1518.0000000000        0.0000000000        0.0000000000
     1519.0000000000        0.0000000000        0.0000000000
     1520.0000000000        0.0000000000        0.0000000000
     1521.0000000000        0.0000000000        0.0000000000
     1522.0000000000        0.0000000000        0.0000000000
     1523.0000000000        0.0000000000        0.0000000000
     1524.0000000000        0.0000000000        0.0000000000
     1525.0000000000        0.0000000000        0.0000000000
     1526.0000000000        0.0000000000        0.0000000000
     1527.0000000000        0.0000000000        0.0000000000
     1528.0000000000        0.0000000000        0.0000000000
     1529.0000000000        0.0000000000        0.0000000000
     1530.0000000000        0.0000000000        0.0000000000
     1531.0000000000        0.0000000000        0.0000000000
     1532.0000000000        0.0000000000        0.0000000000
     1533.0000000000        0.0000000000        0.0000000000
     1534.0000000000        0.0000000000        0.0000000000
     1535.0000000000        0.0000000000        0.0000000000
     1536.0000000000        0.0000000000        0.0000000000
     1537.0000000000        0.0000000000        0.0000000000
     1538.0000000000        0.0000000000        0.0000000000
     1539.0000000000        0.0000000000        0.0000000000
     1540.0000000000        0.0000000000        0.0000000000
     1541.0000000000        0.0000000000        0.0000000000
     1542.0000000000        0.0000000000        0.0000000000
     1543.0000000000        0.0000000000        0.0000000000
     1544.0000000000        0.0000000000        0.0000000000
     1545.0000000000        0.0000000000        0.0000000000
     1546.0000000000        0.0000000000        0.0000000000
     1547.0000000000        0.0000000000        0.0000000000
     1548.0000000000        0.0000000000        0.0000000000
     1549.0000000000        0.0000000000        0.0000000000
     1550.0000000000        0.0000000000        0.0000000000
     1551.0000000000        0.0000000000        0.0000000000
     1552.0000000000        0.0000000000        0.0000000000
     1553.0000000000        0.0000000000        0.0000000000
     1554.0000000000        0.0000000000        0.0000000000
     1555.0000000000        0.0000000000        0.0000000000
     1556.0000000000        0.0000000000        0.0000000000
     1557.0000000000        0.0000000000        0.0000000000
     1558.0000000000        0.0000000000        0.0000000000
     1559.0000000000        0.0000000000        0.0000000000
     1560.0000000000        0.0000000000        0.0000000000
     1561.0000000000        0.0000000000        0.0000000000
     1562.0000000000        0.0000000000        0.0000000000
     1563.0000000000        0.0000000000        0.0000000000
     1564.0000000000        0.0000000000        0.0000000000
     1565.0000000000        0.0000000000        0.0000000000
     1566.0000000000        0.0000000000        0.0000000000
     1567.0000000000        0.0000000000        0.0000000000
     1568.0000000000        0.0000000000        0.0000000000
     1569.0000000000        0.0000000000        0.0000000000
     1570.0000000000        0.0000000000        0.0000000000
     1571.0000000000        0.0000000000        0.0000000000
     1572.0000000000        0.0000000000        0.0000000000
     1573.0000000000        0.0000000000        0.0000000000
     1574.0000000000        0.0000000000        0.0000000000
     1575.0000000000        0.0000000000        0.0000000000
     1576.0000000000        0.0000000000        0.0000000000
     1577.0000000000        0.0000000000        0.0000000000
     1578.0000000000        0.0000000000        0.0000000000
     1579.0000000000        0.0000000000        0.0000000000
     1580.0000000000        0.0000000000        0.0000000000
     1581.0000000000        0.0000000000        0.0000000000
     1582.0000000000        0.0000000000        0.0000000000
     1583.0000000000        0.0000000000        0.0000000000
     1584.0000000000        0.0000000000        0.0000000000
     1585.0000000000        0.0000000000        0.0000000000
     1586.0000000000        0.0000000000        0.0000000000
     1587.0000000000        0.0000000000        0.0000000000
     1588.0000000000        0.0000000000        0.0000000000
     1589.0000000000        0.0000000000        0.0000000000
     1590.0000000000        0.0000000000        0.0000000000
     1591.0000000000        0.0000000000        0.0000000000
     1592.0000000000        0.0000000000        0.0000000000
     1593.0000000000        0.0000000000        0.0000000000
     1594.0000000000        0.0000000000        0.0000000000
     1595.0000000000        0.0000000000        0.0000000000
     1596.0000000000        0.0000000000        0.0000000000
     1597.0000000000        0.0000000000        0.0000000000
     1598.0000000000        0.0000000000        0.0000000000
     1599.0000000000        0.0000000000        0.0000000000
     1600.0000000000        0.0000000000        0.0000000000
     1601.0000000000        0.0000000000        0.0000000000
     1602.0000000000        0.0000000000        0.0000000000
     1603.0000000000        0.0000000000        0.0000000000
     1604.0000000000        0.0000000000        0.0000000000
     1605.0000000000        0.0000000000        0.0000000000
     1606.0000000000        0.0000000000        0.0000000000
     1607.0000000000        0.0000000000        0.0000000000
     1608.0000000000        0.0000000000        0.0000000000
     1609.0000000000        0.0000000000        0.0000000000
     1610.0000000000        0.0000000000        0.0000000000
     1611.0000000000        0.0000000000        0.0000000000
     1612.0000000000        0.0000000000        0.0000000000
     1613.0000000000        0.0000000000        0.0000000000
     1614.0000000000        0.0000000000        0.0000000000
     1615.0000000000        0.0000000000        0.0000000000
     1616.0000000000        0.0000000000        0.0000000000
     1617.0000000000        0.0000000000        0.0000000000
     1618.0000000000        0.0000000000        0.0000000000
     1619.0000000000        0.0000000000        0.0000000000
     1620.0000000000        0.0000000000        0.0000000000
     1621.0000000000        0.0000000000        0.0000000000
     1622.0000000000        0.0000000000        0.0000000000
     1623.0000000000        0.0000000000        0.0000000000
     1624.0000000000        0.0000000000        0.0000000000
     1625.0000000000        0.0000000000        0.0000000000
     1626.0000000000        0.0000000000        0.0000000000
     1627.0000000000        0.0000000000        0.0000000000
     1628.0000000000        0.0000000000        0.0000000000
     1629.0000000000        0.0000000000        0.0000000000
     1630.0000000000        0.0000000000        0.0000000000
     1631.0000000000        0.0000000000        0.0000000000
     1632.0000000000        0.0000000000        0.0000000000
     1633.0000000000        0.0000000000        0.0000000000
     1634.0000000000        0.0000000000        0.0000000000
     1635.0000000000        0.0000000000        0.0000000000
     1636.0000000000        0.0000000000        0.0000000000
     1637.0000000000        0.0000000000        0.0000000000
     1638.0000000000        0.0000000000        0.0000000000
     1639.0000000000        0.0000000000        0.0000000000
     1640.0000000000        0.0000000000        0.0000000000
     1641.0000000000        0.0000000000        0.0000000000
     1642.0000000000        0.0000000000        0.0000000000
     1643.0000000000        0.0000000000        0.0000000000
     1644.0000000000        0.0000000000        0.0000000000
     1645.0000000000        0.0000000000        0.0000000000
     1646.0000000000        0.0000000000        0.0000000000
     1647.0000000000        0.0000000000        0.0000000000
     1648.0000000000        0.0000000000        0.0000000000
     1649.0000000000        0.0000000000        0.0000000000
     1650.0000000000        0.0000000000        0.0000000000
     1651.0000000000        0.0000000000        0.0000000000
     1652.0000000000        0.0000000000        0.0000000000
     1653.0000000000        0.0000000000        0.0000000000
     1654.0000000000        0.0000000000        0.0000000000
     1655.0000000000        0.0000000000        0.0000000000
     1656.0000000000        0.0000000000        0.0000000000
     1657.0000000000        0.0000000000        0.0000000000
     1658.0000000000        0.0000000000        0.0000000000
     1659.0000000000        0.0000000000        0.0000000000
     1660.0000000000        0.0000000000        0.0000000000
     1661.0000000000        0.0000000000        0.0000000000
     1662.0000000000        0.0000000000        0.0000000000
     1663.0000000000        0.0000000000        0.0000000000
     1664.0000000000        0.0000000000        0.0000000000
     1665.0000000000        0.0000000000        0.0000000000
     1666.0000000000        0.0000000000        0.0000000000
     1667.0000000000        0.0000000000        0.0000000000
     1668.0000000000        0.0000000000        0.0000000000
     1669.0000000000        0.0000000000        0.0000000000
     1670.0000000000        0.0000000000        0.0000000000
     1671.0000000000        0.0000000000        0.0000000000
     1672.0000000000        0.0000000000        0.0000000000
     1673.0000000000        0.0000000000        0.0000000000
     1674.0000000000        0.0000000000        0.0000000000
     1675.0000000000        0.0000000000        0.0000000000
     1676.0000000000        0.0000000000        0.0000000000
     1677.0000000000        0.0000000000        0.0000000000
     1678.0000000000        0.0000000000        0.0000000000
     1679.0000000000        0.0000000000        0.0000000000
     1680.0000000000        0.0000000000        0.0000000000
     1681.0000000000        0.0000000000        0.0000000000
     1682.0000000000        0.0000000000        0.0000000000
     1683.0000000000        0.0000000000        0.0000000000
     1684.0000000000        0.0000000000        0.0000000000
     1685.0000000000        0.0000000000        0.0000000000
     1686.0000000000        0.0000000000        0.0000000000
     1687.0000000000        0.0000000000        0.0000000000
     1688.0000000000        0.0000000000        0.0000000000
     1689.0000000000        0.0000000000        0.0000000000
     1690.0000000000        0.0000000000        0.0000000000
     1691.0000000000        0.0000000000        0.0000000000
     1692.0000000000        0.0000000000        0.0000000000
     1693.0000000000        0.0000000000        0.0000000000
     1694.0000000000        0.0000000000        0.0000000000
     1695.0000000000        0.0000000000        0.0000000000
     1696.0000000000        0.0000000000        0.0000000000
     1697.0000000000        0.0000000000        0.0000000000
     1698.0000000000        0.0000000000        0.0000000000
     1699.0000000000        0.0000000000        0.0000000000
     1700.0000000000        0.0000000000        0.0000000000
     1701.0000000000        0.0000000000        0.0000000000
     1702.0000000000        0.0000000000        0.0000000000
     1703.0000000000        0.0000000000        0.0000000000
     1704.0000000000        0.0000000000        0.0000000000
     1705.0000000000        0.0000000000        0.0000000000
     1706.0000000000        0.0000000000        0.0000000000
     1707.0000000000        0.0000000000        0.0000000000
     1708.0000000000        0.0000000000        0.0000000000
     1709.0000000000        0.0000000000        0.0000000000
     1710.0000000000        0.0000000000        0.0000000000
     1711.0000000000        0.0000000000        0.0000000000
     1712.0000000000        0.0000000000        0.0000000000
     1713.0000000000        0.0000000000        0.0000000000
     1714.0000000000        0.0000000000        0.0000000000
     1715.0000000000        0.0000000000        0.0000000000
     1716.0000000000        0.0000000000        0.0000000000
     1717.0000000000        0.0000000000        0.0000000000
     1718.0000000000        0.0000000000        0.0000000000
     1719.0000000000        0.0000000000        0.0000000000
     1720.0000000000        0.0000000000        0.0000000000
     1721.0000000000        0.0000000000        0.0000000000
     1722.0000000000        0.0000000000        0.0000000000
     1723.0000000000        0.0000000000        0.0000000000
     1724.0000000000        0.0000000000        0.0000000000
     1725.0000000000        0.0000000000        0.0000000000
     1726.0000000000        0.0000000000        0.0000000000
     1727.0000000000        0.0000000000        0.0000000000
     1728.0000000000        0.0000000000        0.0000000000
     1729.0000000000        0.0000000000        0.0000000000
     1730.0000000000        0.0000000000        0.0000000000
     1731.0000000000        0.0000000000        0.0000000000
     1732.0000000000        0.0000000000        0.0000000000
     1733.0000000000        0.0000000000        0.0000000000
     1734.0000000000        0.0000000000        0.0000000000
     1735.0000000000        0.0000000000        0.0000000000
     1736.0000000000        0.0000000000        0.0000000000
     1737.0000000000        0.0000000000        0.0000000000
     1738.0000000000        0.0000000000        0.0000000000
     1739.0000000000        0.0000000000        0.0000000000
     1740.0000000000        0.0000000000        0.0000000000
     1741.0000000000        0.0000000000        0.0000000000
     1742.0000000000        0.0000000000        0.0000000000
     1743.0000000000        0.0000000000        0.0000000000
     1744.0000000000        0.0000000000        0.0000000000
     1745.0000000000        0.0000000000        0.0000000000
     1746.0000000000        0.0000000000        0.0000000000
     1747.0000000000        0.0000000000        0.0000000000
     1748.0000000000        0.0000000000        0.0000000000
     1749.0000000000        0.0000000000        0.0000000000
     1750.0000000000        0.0000000000        0.0000000000
     1751.0000000000        0.0000000000        0.0000000000
     1752.0000000000        0.0000000000        0.0000000000
     1753.0000000000        0.0000000000        0.0000000000
     1754.0000000000        0.0000000000        0.0000000000
     1755.0000000000        0.0000000000        0.0000000000
     1756.0000000000        0.0000000000        0.0000000000
     1757.0000000000        0.0000000000        0.0000000000
     1758.0000000000        0.0000000000        0.0000000000
     1759.0000000000        0.0000000000        0.0000000000
     1760.0000000000        0.0000000000        0.0000000000
     1761.0000000000        0.0000000000        0.0000000000
     1762.0000000000        0.0000000000        0.0000000000
     1763.0000000000        0.0000000000        0.0000000000
     1764.0000000000        0.0000000000        0.0000000000
     1765.0000000000        0.0000000000        0.0000000000
     1766.0000000000        0.0000000000        0.0000000000
     1767.0000000000        0.0000000000        0.0000000000
     1768.0000000000        0.0000000000        0.0000000000
     1769.0000000000        0.0000000000        0.0000000000
     1770.0000000000        0.0000000000        0.0000000000
     1771.0000000000        0.0000000000        0.0000000000
     1772.0000000000        0.0000000000        0.0000000000
     1773.0000000000        0.0000000000        0.0000000000
     1774.0000000000        0.0000000000        0.0000000000
     1775.0000000000        0.0000000000        0.0000000000
     1776.0000000000        0.0000000000        0.0000000000
     1777.0000000000        0.0000000000        0.0000000000
     1778.0000000000        0.0000000000        0.0000000000
     1779.0000000000        0.0000000000        0.0000000000
     1780.0000000000        0.0000000000        0.0000000000
     1781.0000000000        0.0000000000        0.0000000000
     1782.0000000000        0.0000000000        0.0000000000
     1783.0000000000        0.0000000000        0.0000000000
     1784.0000000000        0.0000000000        0.0000000000
     1785.0000000000        0.0000000000        0.0000000000
     1786.0000000000        0.0000000000        0.0000000000
     1787.0000000000        0.0000000000        0.0000000000
     1788.0000000000        0.0000000000        0.0000000000
     1789.0000000000        0.0000000000        0.0000000000
     1790.0000000000        0.0000000000        0.0000000000
     1791.0000000000        0.0000000000        0.0000000000
     1792.0000000000        0.0000000000        0.0000000000
     1793.0000000000        0.0000000000        0.0000000000
     1794.0000000000        0.0000000000        0.0000000000
     1795.0000000000        0.0000000000        0.0000000000
     1796.0000000000        0.0000000000        0.0000000000
     1797.0000000000        0.0000000000        0.0000000000
     1798.0000000000        0.0000000000        0.0000000000
     1799.0000000000        0.0000000000        0.0000000000
     1800.0000000000        0.0000000000        0.0000000000
     1801.0000000000        0.0000000000        0.0000000000
     1802.0000000000        0.0000000000        0.0000000000
     1803.0000000000        0.0000000000        0.0000000000
     1804.0000000000        0.0000000000        0.0000000000
     1805.0000000000        0.0000000000        0.0000000000
     1806.0000000000        0.0000000000        0.0000000000
     1807.0000000000        0.0000000000        0.0000000000
     1808.0000000000        0.0000000000        0.0000000000
     1809.0000000000        0.0000000000        0.0000000000
     1810.0000000000        0.0000000000        0.0000000000
     1811.0000000000        0.0000000000        0.0000000000
     1812.0000000000        0.0000000000        0.0000000000
     1813.0000000000        0.0000000000        0.0000000000
     1814.0000000000        0.0000000000        0.0000000000
     1815.0000000000        0.0000000000        0.0000000000
     1816.0000000000        0.0000000000        0.0000000000
     1817.0000000000        0.0000000000        0.0000000000
     1818.0000000000        0.0000000000        0.0000000000
     1819.0000000000        0.0000000000        0.0000000000
     1820.0000000000        0.0000000000        0.0000000000
     1821.0000000000        0.0000000000        0.0000000000
     1822.0000000000        0.0000000000        0.0000000000
     1823.0000000000        0.0000000000        0.0000000000
     1824.0000000000        0.0000000000        0.0000000000
     1825.0000000000        0.0000000000        0.0000000000
     1826.0000000000        0.0000000000        0.0000000000
     1827.0000000000        0.0000000000        0.0000000000
     1828.0000000000        0.0000000000        0.0000000000
     1829.0000000000        0.0000000000        0.0000000000
     1830.0000000000        0.0000000000        0.0000000000
     1831.0000000000        0.0000000000        0.0000000000
     1832.0000000000        0.0000000000        0.0000000000
     1833.0000000000        0.0000000000        0.0000000000
     1834.0000000000        0.0000000000        0.0000000000
     1835.0000000000        0.0000000000        0.0000000000
     1836.0000000000        0.0000000000        0.0000000000
     1837.0000000000        0.0000000000        0.0000000000
     1838.0000000000        0.0000000000        0.0000000000
     1839.0000000000        0.0000000000        0.0000000000
     1840.0000000000        0.0000000000        0.0000000000
     1841.0000000000        0.0000000000        0.0000000000
     1842.0000000000        0.0000000000        0.0000000000
     1843.0000000000        0.0000000000        0.0000000000
     1844.0000000000        0.0000000000        0.0000000000
     1845.0000000000        0.0000000000        0.0000000000
     1846.0000000000        0.0000000000        0.0000000000
     1847.0000000000        0.0000000000        0.0000000000
     1848.0000000000        0.0000000000        0.0000000000
     1849.0000000000        0.0000000000        0.0000000000
     1850.0000000000        0.0000000000        0.0000000000
     1851.0000000000        0.0000000000        0.0000000000
     1852.0000000000        0.0000000000        0.0000000000
     1853.0000000000        0.0000000000        0.0000000000
     1854.0000000000        0.0000000000        0.0000000000
     1855.0000000000        0.0000000000        0.0000000000
     1856.0000000000        0.0000000000        0.0000000000
     1857.0000000000        0.0000000000        0.0000000000
     1858.0000000000        0.0000000000        0.0000000000
     1859.0000000000        0.0000000000        0.0000000000
     1860.0000000000        0.0000000000        0.0000000000
     1861.0000000000        0.0000000000        0.0000000000
     1862.0000000000        0.0000000000        0.0000000000
     1863.0000000000        0.0000000000        0.0000000000
     1864.0000000000        0.0000000000        0.0000000000
     1865.0000000000        0.0000000000        0.0000000000
     1866.0000000000        0.0000000000        0.0000000000
     1867.0000000000        0.0000000000        0.0000000000
     1868.0000000000        0.0000000000        0.0000000000
     1869.0000000000        0.0000000000        0.0000000000
     1870.0000000000        0.0000000000        0.0000000000
     1871.0000000000        0.0000000000        0.0000000000
     1872.0000000000        0.0000000000        0.0000000000
     1873.0000000000        0.0000000000        0.0000000000
     1874.0000000000        0.0000000000        0.0000000000
     1875.0000000000        0.0000000000        0.0000000000
     1876.0000000000        0.0000000000        0.0000000000
     1877.0000000000        0.0000000000        0.0000000000
     1878.0000000000        0.0000000000        0.0000000000
     1879.0000000000        0.0000000000        0.0000000000
     1880.0000000000        0.0000000000        0.0000000000
     1881.0000000000        0.0000000000        0.0000000000
     1882.0000000000        0.0000000000        0.0000000000
     1883.0000000000        0.0000000000        0.0000000000
     1884.0000000000        0.0000000000        0.0000000000
     1885.0000000000        0.0000000000        0.0000000000
     1886.0000000000        0.0000000000        0.0000000000
     1887.0000000000        0.0000000000        0.0000000000
     1888.0000000000        0.0000000000        0.0000000000
     1889.0000000000        0.0000000000        0.0000000000
     1890.0000000000        0.0000000000        0.0000000000
     1891.0000000000        0.0000000000        0.0000000000
     1892.0000000000        0.0000000000        0.0000000000
     1893.0000000000        0.0000000000        0.0000000000
     1894.0000000000        0.0000000000        0.0000000000
     1895.0000000000        0.0000000000        0.0000000000
     1896.0000000000        0.0000000000        0.0000000000
     1897.0000000000        0.0000000000        0.0000000000
     1898.0000000000        0.0000000000        0.0000000000
     1899.0000000000        0.0000000000        0.0000000000
     1900.0000000000        0.0000000000        0.0000000000
     1901.0000000000        0.0000000000        0.0000000000
     1902.0000000000        0.0000000000        0.0000000000
     1903.0000000000        0.0000000000        0.0000000000
     1904.0000000000        0.0000000000        0.0000000000
     1905.0000000000        0.0000000000        0.0000000000
     1906.0000000000        0.0000000000        0.0000000000
     1907.0000000000        0.0000000000        0.0000000000
     1908.0000000000        0.0000000000        0.0000000000
     1909.0000000000        0.0000000000        0.0000000000
     1910.0000000000        0.0000000000        0.0000000000
     1911.0000000000        0.0000000000        0.0000000000
     1912.0000000000        0.0000000000        0.0000000000
     1913.0000000000        0.0000000000        0.0000000000
     1914.0000000000        0.0000000000        0.0000000000
     1915.0000000000        0.0000000000        0.0000000000
     1916.0000000000        0.0000000000        0.0000000000
     1917.0000000000        0.0000000000        0.0000000000
     1918.0000000000        0.0000000000        0.0000000000
     1919.0000000000        0.0000000000        0.0000000000
     1920.0000000000        0.0000000000        0.0000000000
     1921.0000000000        0.0000000000        0.0000000000
     1922.0000000000        0.0000000000        0.0000000000
     1923.0000000000        0.0000000000        0.0000000000
     1924.0000000000        0.0000000000        0.0000000000
     1925.0000000000        0.0000000000        0.0000000000
     1926.0000000000        0.0000000000        0.0000000000
     1927.0000000000        0.0000000000        0.0000000000
     1928.0000000000        0.0000000000        0.0000000000
     1929.0000000000        0.0000000000        0.0000000000
     1930.0000000000        0.0000000000        0.0000000000
     1931.0000000000        0.0000000000        0.0000000000
     1932.0000000000        0.0000000000        0.0000000000
     1933.0000000000        0.0000000000        0.0000000000
     1934.0000000000        0.0000000000        0.0000000000
     1935.0000000000        0.0000000000        0.0000000000
     1936.0000000000        0.0000000000        0.0000000000
     1937.0000000000        0.0000000000        0.0000000000
     1938.0000000000        0.0000000000        0.0000000000
     1939.0000000000        0.0000000000        0.0000000000
     1940.0000000000        0.0000000000        0.0000000000
     1941.0000000000        0.0000000000        0.0000000000
     1942.0000000000        0.0000000000        0.0000000000
     1943.0000000000        0.0000000000        0.0000000000
     1944.0000000000        0.0000000000        0.0000000000
     1945.0000000000        0.0000000000        0.0000000000
     1946.0000000000        0.0000000000        0.0000000000
     1947.0000000000        0.0000000000        0.0000000000
     1948.0000000000        0.0000000000        0.0000000000
     1949.0000000000        0.0000000000        0.0000000000
     1950.0000000000        0.0000000000        0.0000000000
     1951.0000000000        0.0000000000        0.0000000000
     1952.0000000000        0.0000000000        0.0000000000
     1953.0000000000        0.0000000000        0.0000000000
     1954.0000000000        0.0000000000        0.0000000000
     1955.0000000000        0.0000000000        0.0000000000
     1956.0000000000        0.0000000000        0.0000000000
     1957.0000000000        0.0000000000        0.0000000000
     1958.0000000000        0.0000000000        0.0000000000
     1959.0000000000        0.0000000000        0.0000000000
     1960.0000000000        0.0000000000        0.0000000000
     1961.0000000000        0.0000000000        0.0000000000
     1962.0000000000        0.0000000000        0.0000000000
     1963.0000000000        0.0000000000        0.0000000000
     1964.0000000000        0.0000000000        0.0000000000
     1965.0000000000        0.0000000000        0.0000000000
     1966.0000000000        0.0000000000        0.0000000000
     1967.0000000000        0.0000000000        0.0000000000
     1968.0000000000        0.0000000000        0.0000000000
     1969.0000000000        0.0000000000        0.0000000000
     1970.0000000000        0.0000000000        0.0000000000
     1971.0000000000        0.0000000000        0.0000000000
     1972.0000000000        0.0000000000        0.0000000000
     1973.0000000000        0.0000000000        0.0000000000
     1974.0000000000        0.0000000000        0.0000000000
     1975.0000000000        0.0000000000        0.0000000000
     1976.0000000000        0.0000000000        0.0000000000
     1977.0000000000        0.0000000000        0.0000000000
     1978.0000000000        0.0000000000        0.0000000000
     1979.0000000000        0.0000000000        0.0000000000
     1980.0000000000        0.0000000000        0.0000000000
     1981.0000000000        0.0000000000        0.0000000000
     1982.0000000000        0.0000000000        0.0000000000
     1983.0000000000        0.0000000000        0.0000000000
     1984.0000000000        0.0000000000        0.0000000000
     1985.0000000000        0.0000000000        0.0000000000
     1986.0000000000        0.0000000000        0.0000000000
     1987.0000000000        0.0000000000        0.0000000000
     1988.0000000000        0.0000000000        0.0000000000
     1989.0000000000        0.0000000000        0.0000000000
     1990.0000000000        0.0000000000        0.0000000000
     1991.0000000000        0.0000000000        0.0000000000
     1992.0000000000        0.0000000000        0.0000000000
     1993.0000000000        0.0000000000        0.0000000000
     1994.0000000000        0.0000000000        0.0000000000
     1995.0000000000        0.0000000000        0.0000000000
     1996.0000000000        0.0000000000        0.0000000000
     1997.0000000000        0.0000000000        0.0000000000
     1998.0000000000        0.0000000000        0.0000000000
     1999.0000000000        0.0000000000        0.0000000000
     2000.0000000000        0.0000000000        0.0000000000
     2001.0000000000        0.0000000000        0.0000000000
     2002.0000000000        0.0000000000        0.0000000000
     2003.0000000000        0.0000000000        0.0000000000
     2004.0000000000        0.0000000000        0.0000000000
     2005.0000000000        0.0000000000        0.0000000000
     2006.0000000000        0.0000000000        0.0000000000
     2007.0000000000        0.0000000000        0.0000000000
     2008.0000000000        0.0000000000        0.0000000000
     2009.0000000000        0.0000000000        0.0000000000
     2010.0000000000        0.0000000000        0.0000000000
     2011.0000000000        0.0000000000        0.0000000000
     2012.0000000000        0.0000000000        0.0000000000
     2013.0000000000        0.0000000000        0.0000000000
     2014.0000000000        0.0000000000        0.0000000000
     2015.0000000000        0.0000000000        0.0000000000
     2016.0000000000        0.0000000000        0.0000000000
     2017.0000000000        0.0000000000        0.0000000000
     2018.0000000000        0.0000000000        0.0000000000
     2019.0000000000        0.0000000000        0.0000000000
     2020.0000000000        0.0000000000        0.0000000000
     2021.0000000000        0.0000000000        0.0000000000
     2022.0000000000        0.0000000000        0.0000000000
     2023.0000000000        0.0000000000        0.0000000000
     2024.0000000000        0.0000000000        0.0000000000
     2025.0000000000        0.0000000000        0.0000000000
     2026.0000000000        0.0000000000        0.0000000000
     2027.0000000000        0.0000000000        0.0000000000
     2028.0000000000        0.0000000000        0.0000000000
     2029.0000000000        0.0000000000        0.0000000000
     2030.0000000000        0.0000000000        0.0000000000
     2031.0000000000        0.0000000000        0.0000000000
     2032.0000000000        0.0000000000        0.0000000000
     2033.0000000000        0.0000000000        0.0000000000
     2034.0000000000        0.0000000000        0.0000000000
     2035.0000000000        0.0000000000        0.0000000000
     2036.0000000000        0.0000000000        0.0000000000
     2037.0000000000        0.0000000000        0.0000000000
     2038.0000000000        0.0000000000        0.0000000000
     2039.0000000000        0.0000000000        0.0000000000
     2040.0000000000        0.0000000000        0.0000000000
     2041.0000000000        0.0000000000        0.0000000000
     2042.0000000000        0.0000000000        0.0000000000
     2043.0000000000        0.0000000000        0.0000000000
     2044.0000000000        0.0000000000        0.0000000000
     2045.0000000000        0.0000000000        0.0000000000
     2046.0000000000        0.0000000000        0.0000000000
     2047.0000000000        0.0000000000        0.0000000000
     2048.0000000000        0.0000000000        0.0000000000
     2049.0000000000        0.0000000000        0.0000000000
     2050.0000000000        0.0000000000        0.0000000000
     2051.0000000000        0.0000000000        0.0000000000
     2052.0000000000        0.0000000000        0.0000000000
     2053.0000000000        0.0000000000        0.0000000000
     2054.0000000000        0.0000000000        0.0000000000
     2055.0000000000        0.0000000000        0.0000000000
     2056.0000000000        0.0000000000        0.0000000000
     2057.0000000000        0.0000000000        0.0000000000
     2058.0000000000        0.0000000000        0.0000000000
     2059.0000000000        0.0000000000        0.0000000000
     2060.0000000000        0.0000000000        0.0000000000
     2061.0000000000        0.0000000000        0.0000000000
     2062.0000000000        0.0000000000        0.0000000000
     2063.0000000000        0.0000000000        0.0000000000
     2064.0000000000        0.0000000000        0.0000000000
     2065.0000000000        0.0000000000        0.0000000000
     2066.0000000000        0.0000000000        0.0000000000
     2067.0000000000        0.0000000000        0.0000000000
     2068.0000000000        0.0000000000        0.0000000000
     2069.0000000000        0.0000000000        0.0000000000
     2070.0000000000        0.0000000000        0.0000000000
     2071.0000000000        0.0000000000        0.0000000000
     2072.0000000000        0.0000000000        0.0000000000
     2073.0000000000        0.0000000000        0.0000000000
     2074.0000000000        0.0000000000        0.0000000000
     2075.0000000000        0.0000000000        0.0000000000
     2076.0000000000        0.0000000000        0.0000000000
     2077.0000000000        0.0000000000        0.0000000000
     2078.0000000000        0.0000000000        0.0000000000
     2079.0000000000        0.0000000000        0.0000000000
     2080.0000000000        0.0000000000        0.0000000000
     2081.0000000000        0.0000000000        0.0000000000
     2082.0000000000        0.0000000000        0.0000000000
     2083.0000000000        0.0000000000        0.0000000000
     2084.0000000000        0.0000000000        0.0000000000
     2085.0000000000        0.0000000000        0.0000000000
     2086.0000000000        0.0000000000        0.0000000000
     2087.0000000000        0.0000000000        0.0000000000
     2088.0000000000        0.0000000000        0.0000000000
     2089.0000000000        0.0000000000        0.0000000000
     2090.0000000000        0.0000000000        0.0000000000
     2091.0000000000        0.0000000000        0.0000000000
     2092.0000000000        0.0000000000        0.0000000000
     2093.0000000000        0.0000000000        0.0000000000
     2094.0000000000        0.0000000000        0.0000000000
     2095.0000000000        0.0000000000        0.0000000000
     2096.0000000000        0.0000000000        0.0000000000
     2097.0000000000        0.0000000000        0.0000000000
     2098.0000000000        0.0000000000        0.0000000000
     2099.0000000000        0.0000000000        0.0000000000
     2100.0000000000        0.0000000000        0.0000000000
     2101.0000000000        0.0000000000        0.0000000000
     2102.0000000000        0.0000000000        0.0000000000
     2103.0000000000        0.0000000000        0.0000000000
     2104.0000000000        0.0000000000        0.0000000000
     2105.0000000000        0.0000000000        0.0000000000
     2106.0000000000        0.0000000000        0.0000000000
     2107.0000000000        0.0000000000        0.0000000000
     2108.0000000000        0.0000000000        0.0000000000
     2109.0000000000        0.0000000000        0.0000000000
     2110.0000000000        0.0000000000        0.0000000000
     2111.0000000000        0.0000000000        0.0000000000
     2112.0000000000        0.0000000000        0.0000000000
     2113.0000000000        0.0000000000        0.0000000000
     2114.0000000000        0.0000000000        0.0000000000
     2115.0000000000        0.0000000000        0.0000000000
     2116.0000000000        0.0000000000        0.0000000000
     2117.0000000000        0.0000000000        0.0000000000
     2118.0000000000        0.0000000000        0.0000000000
     2119.0000000000        0.0000000000        0.0000000000
     2120.0000000000        0.0000000000        0.0000000000
     2121.0000000000        0.0000000000        0.0000000000
     2122.0000000000        0.0000000000        0.0000000000
     2123.0000000000        0.0000000000        0.0000000000
     2124.0000000000        0.0000000000        0.0000000000
     2125.0000000000        0.0000000000        0.0000000000
     2126.0000000000        0.0000000000        0.0000000000
     2127.0000000000        0.0000000000        0.0000000000
     2128.0000000000        0.0000000000        0.0000000000
     2129.0000000000        0.0000000000        0.0000000000
     2130.0000000000        0.0000000000        0.0000000000
     2131.0000000000        0.0000000000        0.0000000000
     2132.0000000000        0.0000000000        0.0000000000
     2133.0000000000        0.0000000000        0.0000000000
     2134.0000000000        0.0000000000        0.0000000000
     2135.0000000000        0.0000000000        0.0000000000
     2136.0000000000        0.0000000000        0.0000000000
     2137.0000000000        0.0000000000        0.0000000000
     2138.0000000000        0.0000000000        0.0000000000
     2139.0000000000        0.0000000000        0.0000000000
     2140.0000000000        0.0000000000        0.0000000000
     2141.0000000000        0.0000000000        0.0000000000
     2142.0000000000        0.0000000000        0.0000000000
     2143.0000000000        0.0000000000        0.0000000000
     2144.0000000000        0.0000000000        0.0000000000
     2145.0000000000        0.0000000000        0.0000000000
     2146.0000000000        0.0000000000        0.0000000000
     2147.0000000000        0.0000000000        0.0000000000
     2148.0000000000        0.0000000000        0.0000000000
     2149.0000000000        0.0000000000        0.0000000000
     2150.0000000000        0.0000000000        0.0000000000
     2151.0000000000        0.0000000000        0.0000000000
     2152.0000000000        0.0000000000        0.0000000000
     2153.0000000000        0.0000000000        0.0000000000
     2154.0000000000        0.0000000000        0.0000000000
     2155.0000000000        0.0000000000        0.0000000000
     2156.0000000000        0.0000000000        0.0000000000
     2157.0000000000        0.0000000000        0.0000000000
     2158.0000000000        0.0000000000        0.0000000000
     2159.0000000000        0.0000000000        0.0000000000
     2160.0000000000        0.0000000000        0.0000000000
     2161.0000000000        0.0000000000        0.0000000000
     2162.0000000000        0.0000000000        0.0000000000
     2163.0000000000        0.0000000000        0.0000000000
     2164.0000000000        0.0000000000        0.0000000000
     2165.0000000000        0.0000000000        0.0000000000
     2166.0000000000        0.0000000000        0.0000000000
     2167.0000000000        0.0000000000        0.0000000000
     2168.0000000000        0.0000000000        0.0000000000
     2169.0000000000        0.0000000000        0.0000000000
     2170.0000000000        0.0000000000        0.0000000000
     2171.0000000000        0.0000000000        0.0000000000
     2172.0000000000        0.0000000000        0.0000000000
     2173.0000000000        0.0000000000        0.0000000000
     2174.0000000000        0.0000000000        0.0000000000
     2175.0000000000        0.0000000000        0.0000000000
     2176.0000000000        0.0000000000        0.0000000000
     2177.0000000000        0.0000000000        0.0000000000
     2178.0000000000        0.0000000000        0.0000000000
     2179.0000000000        0.0000000000        0.0000000000
     2180.0000000000        0.0000000000        0.0000000000
     2181.0000000000        0.0000000000        0.0000000000
     2182.0000000000        0.0000000000        0.0000000000
     2183.0000000000        0.0000000000        0.0000000000
     2184.0000000000        0.0000000000        0.0000000000
     2185.0000000000        0.0000000000        0.0000000000
     2186.0000000000        0.0000000000        0.0000000000
     2187.0000000000        0.0000000000        0.0000000000
     2188.0000000000        0.0000000000        0.0000000000
     2189.0000000000        0.0000000000        0.0000000000
     2190.0000000000        0.0000000000        0.0000000000
     2191.0000000000        0.0000000000        0.0000000000
     2192.0000000000        0.0000000000        0.0000000000
     2193.0000000000        0.0000000000        0.0000000000
     2194.0000000000        0.0000000000        0.0000000000
     2195.0000000000        0.0000000000        0.0000000000
     2196.0000000000        0.0000000000        0.0000000000
     2197.0000000000        0.0000000000        0.0000000000
     2198.0000000000        0.0000000000        0.0000000000
     2199.0000000000        0.0000000000        0.0000000000
     2200.0000000000        0.0000000000        0.0000000000
     2201.0000000000        0.0000000000        0.0000000000
     2202.0000000000        0.0000000000        0.0000000000
     2203.0000000000        0.0000000000        0.0000000000
     2204.0000000000        0.0000000000        0.0000000000
     2205.0000000000        0.0000000000        0.0000000000
     2206.0000000000        0.0000000000        0.0000000000
     2207.0000000000        0.0000000000        0.0000000000
     2208.0000000000        0.0000000000        0.0000000000
     2209.0000000000        0.0000000000        0.0000000000
     2210.0000000000        0.0000000000        0.0000000000
     2211.0000000000        0.0000000000        0.0000000000
     2212.0000000000        0.0000000000        0.0000000000
     2213.0000000000        0.0000000000        0.0000000000
     2214.0000000000        0.0000000000        0.0000000000
     2215.0000000000        0.0000000000        0.0000000000
     2216.0000000000        0.0000000000        0.0000000000
     2217.0000000000        0.0000000000        0.0000000000
     2218.0000000000        0.0000000000        0.0000000000
     2219.0000000000        0.0000000000        0.0000000000
     2220.0000000000        0.0000000000        0.0000000000
     2221.0000000000        0.0000000000        0.0000000000
     2222.0000000000        0.0000000000        0.0000000000
     2223.0000000000        0.0000000000        0.0000000000
     2224.0000000000        0.0000000000        0.0000000000
     2225.0000000000        0.0000000000        0.0000000000
     2226.0000000000        0.0000000000        0.0000000000
     2227.0000000000        0.0000000000        0.0000000000
     2228.0000000000        0.0000000000        0.0000000000
     2229.0000000000        0.0000000000        0.0000000000
     2230.0000000000        0.0000000000        0.0000000000
     2231.0000000000        0.0000000000        0.0000000000
     2232.0000000000        0.0000000000        0.0000000000
     2233.0000000000        0.0000000000        0.0000000000
     2234.0000000000        0.0000000000        0.0000000000
     2235.0000000000        0.0000000000        0.0000000000
     2236.0000000000        0.0000000000        0.0000000000
     2237.0000000000        0.0000000000        0.0000000000
     2238.0000000000        0.0000000000        0.0000000000
     2239.0000000000        0.0000000000        0.0000000000
     2240.0000000000        0.0000000000        0.0000000000
     2241.0000000000        0.0000000000        0.0000000000
     2242.0000000000        0.0000000000        0.0000000000
     2243.0000000000        0.0000000000        0.0000000000
     2244.0000000000        0.0000000000        0.0000000000
     2245.0000000000        0.0000000000        0.0000000000
     2246.0000000000        0.0000000000        0.0000000000
     2247.0000000000        0.0000000000        0.0000000000
     2248.0000000000        0.0000000000        0.0000000000
     2249.0000000000        0.0000000000        0.0000000000
     2250.0000000000        0.0000000000        0.0000000000
     2251.0000000000        0.0000000000        0.0000000000
     2252.0000000000        0.0000000000        0.0000000000
     2253.0000000000        0.0000000000        0.0000000000
     2254.0000000000        0.0000000000        0.0000000000
     2255.0000000000        0.0000000000        0.0000000000
     2256.0000000000        0.0000000000        0.0000000000
     2257.0000000000        0.0000000000        0.0000000000
     2258.0000000000        0.0000000000        0.0000000000
     2259.0000000000        0.0000000000        0.0000000000
     2260.0000000000        0.0000000000        0.0000000000
     2261.0000000000        0.0000000000        0.0000000000
     2262.0000000000        0.0000000000        0.0000000000
     2263.0000000000        0.0000000000        0.0000000000
     2264.0000000000        0.0000000000        0.0000000000
     2265.0000000000        0.0000000000        0.0000000000
     2266.0000000000        0.0000000000        0.0000000000
     2267.0000000000        0.0000000000        0.0000000000
     2268.0000000000        0.0000000000        0.0000000000
     2269.0000000000        0.0000000000        0.0000000000
     2270.0000000000        0.0000000000        0.0000000000
     2271.0000000000        0.0000000000        0.0000000000
     2272.0000000000        0.0000000000        0.0000000000
     2273.0000000000        0.0000000000        0.0000000000
     2274.0000000000        0.0000000000        0.0000000000
     2275.0000000000        0.0000000000        0.0000000000
     2276.0000000000        0.0000000000        0.0000000000
     2277.0000000000        0.0000000000        0.0000000000
     2278.0000000000        0.0000000000        0.0000000000
     2279.0000000000        0.0000000000        0.0000000000
     2280.0000000000        0.0000000000        0.0000000000
     2281.0000000000        0.0000000000        0.0000000000
     2282.0000000000        0.0000000000        0.0000000000
     2283.0000000000        0.0000000000        0.0000000000
     2284.0000000000        0.0000000000        0.0000000000
     2285.0000000000        0.0000000000        0.0000000000
     2286.0000000000        0.0000000000        0.0000000000
     2287.0000000000        0.0000000000        0.0000000000
     2288.0000000000        0.0000000000        0.0000000000
     2289.0000000000        0.0000000000        0.0000000000
     2290.0000000000        0.0000000000        0.0000000000
     2291.0000000000        0.0000000000        0.0000000000
     2292.0000000000        0.0000000000        0.0000000000
     2293.0000000000        0.0000000000        0.0000000000
     2294.0000000000        0.0000000000        0.0000000000
     2295.0000000000        0.0000000000        0.0000000000
     2296.0000000000        0.0000000000        0.0000000000
     2297.0000000000        0.0000000000        0.0000000000
     2298.0000000000        0.0000000000        0.0000000000
     2299.0000000000        0.0000000000        0.0000000000
     2300.0000000000        0.0000000000        0.0000000000
     2301.0000000000        0.0000000000        0.0000000000
     2302.0000000000        0.0000000000        0.0000000000
     2303.0000000000        0.0000000000        0.0000000000
     2304.0000000000        0.0000000000        0.0000000000
     2305.0000000000        0.0000000000        0.0000000000
     2306.0000000000        0.0000000000        0.0000000000
     2307.0000000000        0.0000000000        0.0000000000
     2308.0000000000        0.0000000000        0.0000000000
     2309.0000000000        0.0000000000        0.0000000000
     2310.0000000000        0.0000000000        0.0000000000
     2311.0000000000        0.0000000000        0.0000000000
     2312.0000000000        0.0000000000        0.0000000000
     2313.0000000000        0.0000000000        0.0000000000
     2314.0000000000        0.0000000000        0.0000000000
     2315.0000000000        0.0000000000        0.0000000000
     2316.0000000000        0.0000000000        0.0000000000
     2317.0000000000        0.0000000000        0.0000000000
     2318.0000000000        0.0000000000        0.0000000000
     2319.0000000000        0.0000000000        0.0000000000
     2320.0000000000        0.0000000000        0.0000000000
     2321.0000000000        0.0000000000        0.0000000000
     2322.0000000000        0.0000000000        0.0000000000
     2323.0000000000        0.0000000000        0.0000000000
     2324.0000000000        0.0000000000        0.0000000000
     2325.0000000000        0.0000000000        0.0000000000
     2326.0000000000        0.0000000000        0.0000000000
     2327.0000000000        0.0000000000        0.0000000000
     2328.0000000000        0.0000000000        0.0000000000
     2329.0000000000        0.0000000000        0.0000000000
     2330.0000000000        0.0000000000        0.0000000000
     2331.0000000000        0.0000000000        0.0000000000
     2332.0000000000        0.0000000000        0.0000000000
     2333.0000000000        0.0000000000        0.0000000000
     2334.0000000000        0.0000000000        0.0000000000
     2335.0000000000        0.0000000000        0.0000000000
     2336.0000000000        0.0000000000        0.0000000000
     2337.0000000000        0.0000000000        0.0000000000
     2338.0000000000        0.0000000000        0.0000000000
     2339.0000000000        0.0000000000        0.0000000000
     2340.0000000000        0.0000000000        0.0000000000
     2341.0000000000        0.0000000000        0.0000000000
     2342.0000000000        0.0000000000        0.0000000000
     2343.0000000000        0.0000000000        0.0000000000
     2344.0000000000        0.0000000000        0.0000000000
     2345.0000000000        0.0000000000        0.0000000000
     2346.0000000000        0.0000000000        0.0000000000
     2347.0000000000        0.0000000000        0.0000000000
     2348.0000000000        0.0000000000        0.0000000000
     2349.0000000000        0.0000000000        0.0000000000
     2350.0000000000        0.0000000000        0.0000000000
     2351.0000000000        0.0000000000        0.0000000000
     2352.0000000000        0.0000000000        0.0000000000
     2353.0000000000        0.0000000000        0.0000000000
     2354.0000000000        0.0000000000        0.0000000000
     2355.0000000000        0.0000000000        0.0000000000
     2356.0000000000        0.0000000000        0.0000000000
     2357.0000000000        0.0000000000        0.0000000000
     2358.0000000000        0.0000000000        0.0000000000
     2359.0000000000        0.0000000000        0.0000000000
     2360.0000000000        0.0000000000        0.0000000000
     2361.0000000000        0.0000000000        0.0000000000
     2362.0000000000        0.0000000000        0.0000000000
     2363.0000000000        0.0000000000        0.0000000000
     2364.0000000000        0.0000000000        0.0000000000
     2365.0000000000        0.0000000000        0.0000000000
     2366.0000000000        0.0000000000        0.0000000000
     2367.0000000000        0.0000000000        0.0000000000
     2368.0000000000        0.0000000000        0.0000000000
     2369.0000000000        0.0000000000        0.0000000000
     2370.0000000000        0.0000000000        0.0000000000
     2371.0000000000        0.0000000000        0.0000000000
     2372.0000000000        0.0000000000        0.0000000000
     2373.0000000000        0.0000000000        0.0000000000
     2374.0000000000        0.0000000000        0.0000000000
     2375.0000000000        0.0000000000        0.0000000000
     2376.0000000000        0.0000000000        0.0000000000
     2377.0000000000        0.0000000000        0.0000000000
     2378.0000000000        0.0000000000        0.0000000000
     2379.0000000000        0.0000000000        0.0000000000
     2380.0000000000        0.0000000000        0.0000000000
     2381.0000000000        0.0000000000        0.0000000000
     2382.0000000000        0.0000000000        0.0000000000
     2383.0000000000        0.0000000000        0.0000000000
     2384.0000000000        0.0000000000        0.0000000000
     2385.0000000000        0.0000000000        0.0000000000
     2386.0000000000        0.0000000000        0.0000000000
     2387.0000000000        0.0000000000        0.0000000000
     2388.0000000000        0.0000000000        0.0000000000
     2389.0000000000        0.0000000000        0.0000000000
     2390.0000000000        0.0000000000        0.0000000000
     2391.0000000000        0.0000000000        0.0000000000
     2392.0000000000        0.0000000000        0.0000000000
     2393.0000000000        0.0000000000        0.0000000000
     2394.0000000000        0.0000000000        0.0000000000
     2395.0000000000        0.0000000000        0.0000000000
     2396.0000000000        0.0000000000        0.0000000000
     2397.0000000000        0.0000000000        0.0000000000
     2398.0000000000        0.0000000000        0.0000000000
     2399.0000000000        0.0000000000        0.0000000000
     2400.0000000000        0.0000000000        0.0000000000
     2401.0000000000        0.0000000000        0.0000000000
     2402.0000000000        0.0000000000        0.0000000000
     2403.0000000000        0.0000000000        0.0000000000
     2404.0000000000        0.0000000000        0.0000000000
     2405.0000000000        0.0000000000        0.0000000000
     2406.0000000000        0.0000000000        0.0000000000
     2407.0000000000        0.0000000000        0.0000000000
     2408.0000000000        0.0000000000        0.0000000000
     2409.0000000000        0.0000000000        0.0000000000
     2410.0000000000        0.0000000000        0.0000000000
     2411.0000000000        0.0000000000        0.0000000000
     2412.0000000000        0.0000000000        0.0000000000
     2413.0000000000        0.0000000000        0.0000000000
     2414.0000000000        0.0000000000        0.0000000000
     2415.0000000000        0.0000000000        0.0000000000
     2416.0000000000        0.0000000000        0.0000000000
     2417.0000000000        0.0000000000        0.0000000000
     2418.0000000000        0.0000000000        0.0000000000
     2419.0000000000        0.0000000000        0.0000000000
     2420.0000000000        0.0000000000        0.0000000000
     2421.0000000000        0.0000000000        0.0000000000
     2422.0000000000        0.0000000000        0.0000000000
     2423.0000000000        0.0000000000        0.0000000000
     2424.0000000000        0.0000000000        0.0000000000
     2425.0000000000        0.0000000000        0.0000000000
     2426.0000000000        0.0000000000        0.0000000000
     2427.0000000000        0.0000000000        0.0000000000
     2428.0000000000        0.0000000000        0.0000000000
     2429.0000000000        0.0000000000        0.0000000000
     2430.0000000000        0.0000000000        0.0000000000
     2431.0000000000        0.0000000000        0.0000000000
     2432.0000000000        0.0000000000        0.0000000000
     2433.0000000000        0.0000000000        0.0000000000
     2434.0000000000        0.0000000000        0.0000000000
     2435.0000000000        0.0000000000        0.0000000000
     2436.0000000000        0.0000000000        0.0000000000
     2437.0000000000        0.0000000000        0.0000000000
     2438.0000000000        0.0000000000        0.0000000000
     2439.0000000000        0.0000000000        0.0000000000
     2440.0000000000        0.0000000000        0.0000000000
     2441.0000000000        0.0000000000        0.0000000000
     2442.0000000000        0.0000000000        0.0000000000
     2443.0000000000        0.0000000000        0.0000000000
     2444.0000000000        0.0000000000        0.0000000000
     2445.0000000000        0.0000000000        0.0000000000
     2446.0000000000        0.0000000000        0.0000000000
     2447.0000000000        0.0000000000        0.0000000000
     2448.0000000000        0.0000000000        0.0000000000
     2449.0000000000        0.0000000000        0.0000000000
     2450.0000000000        0.0000000000        0.0000000000
     2451.0000000000        0.0000000000        0.0000000000
     2452.0000000000        0.0000000000        0.0000000000
     2453.0000000000        0.0000000000        0.0000000000
     2454.0000000000        0.0000000000        0.0000000000
     2455.0000000000        0.0000000000        0.0000000000
     2456.0000000000        0.0000000000        0.0000000000
     2457.0000000000        0.0000000000        0.0000000000
     2458.0000000000        0.0000000000        0.0000000000
     2459.0000000000        0.0000000000        0.0000000000
     2460.0000000000        0.0000000000        0.0000000000
     2461.0000000000        0.0000000000        0.0000000000
     2462.0000000000        0.0000000000        0.0000000000
     2463.0000000000        0.0000000000        0.0000000000
     2464.0000000000        0.0000000000        0.0000000000
     2465.0000000000        0.0000000000        0.0000000000
     2466.0000000000        0.0000000000        0.0000000000
     2467.0000000000        0.0000000000        0.0000000000
     2468.0000000000        0.0000000000        0.0000000000
     2469.0000000000        0.0000000000        0.0000000000
     2470.0000000000        0.0000000000        0.0000000000
     2471.0000000000        0.0000000000        0.0000000000
     2472.0000000000        0.0000000000        0.0000000000
     2473.0000000000        0.0000000000        0.0000000000
     2474.0000000000        0.0000000000        0.0000000000
     2475.0000000000        0.0000000000        0.0000000000
     2476.0000000000        0.0000000000        0.0000000000
     2477.0000000000        0.0019659404        0.0000246377
     2478.0000000000        0.0019908115        0.0000251066
     2479.0000000000        0.0020161576        0.0000255875
     2480.0000000000        0.0020419906        0.0000260807
     2481.0000000000        0.0020683233        0.0000265867
     2482.0000000000        0.0020951684        0.0000271059
     2483.0000000000        0.0021225396        0.0000276387
     2484.0000000000        0.0021504505        0.0000281855
     2485.0000000000        0.0021789154        0.0000287468
     2486.0000000000        0.0022079491        0.0000293232
     2487.0000000000        0.0022375669        0.0000299150
     2488.0000000000        0.0022677845        0.0000305229
     2489.0000000000        0.0022986183        0.0000311474
     2490.0000000000        0.0023300850        0.0000317890
     2491.0000000000        0.0023622021        0.0000324483
     2492.0000000000        0.0023949878        0.0000331260
     2493.0000000000        0.0024284605        0.0000338227
     2494.0000000000        0.0024626398        0.0000345391
     2495.0000000000        0.0024975455        0.0000352758
     2496.0000000000        0.0025331985        0.0000360337
     2497.0000000000        0.0025696202        0.0000368134
     2498.0000000000        0.0026068328        0.0000376157
     2499.0000000000        0.0026448595        0.0000384416
     2500.0000000000        0.0026837241        0.0000392917
     2501.0000000000        0.0027234514        0.0000401672
     2502.0000000000        0.0027640671        0.0000410688
     2503.0000000000        0.0028055980        0.0000419976
     2504.0000000000        0.0028480716        0.0000429546
     2505.0000000000        0.0028915169        0.0000439409
     2506.0000000000        0.0029359635        0.0000449576
     2507.0000000000        0.0029814425        0.0000460059
     2508.0000000000        0.0030279862        0.0000470870
     2509.0000000000        0.0030756280        0.0000482023
     2510.0000000000        0.0031244026        0.0000493531
     2511.0000000000        0.0031743464        0.0000505408
     2512.0000000000        0.0032254970        0.0000517668
     2513.0000000000        0.0032778934        0.0000530329
     2514.0000000000        0.0060325267        0.0000882217
     2515.0000000000        0.0061217416        0.0000902181
     2516.0000000000        0.0062129836        0.0000922762
     2517.0000000000        0.0063063154        0.0000943984
     2518.0000000000        0.0064018025        0.0000965871
     2519.0000000000        0.0064995128        0.0000988452
     2520.0000000000        0.0065995170        0.0001011753
     2521.0000000000        0.0067018885        0.0001035805
     2522.0000000000        0.0068067041        0.0001060638
     2523.0000000000        0.0069140433        0.0001086285
     2524.0000000000        0.0070239893        0.0001112780
     2525.0000000000        0.0071366287        0.0001140158
     2526.0000000000        0.0072520516        0.0001168457
     2527.0000000000        0.0073703522        0.0001197718
     2528.0000000000        0.0074916287        0.0001227982
     2529.0000000000        0.0076159834        0.0001259292
     2530.0000000000        0.0077435235        0.0001291696
     2531.0000000000        0.0078743606        0.0001325242
     2532.0000000000        0.0080086116        0.0001359981
     2533.0000000000        0.0081463985        0.0001395969
     2534.0000000000        0.0082878490        0.0001433263
     2535.0000000000        0.0084330967        0.0001471923
     2536.0000000000        0.0085822813        0.0001512014
     2537.0000000000        0.0087355495        0.0001553604
     2538.0000000000        0.0088930546        0.0001596765
     2539.0000000000        0.0090549574        0.0001641572
     2540.0000000000        0.0092214266        0.0001688107
     2541.0000000000        0.0093926392        0.0001736455
     2542.0000000000        0.0095687811        0.0001786707
     2543.0000000000        0.0097500474        0.0001838959
     2544.0000000000        0.0099366431        0.0001893314
     2545.0000000000        0.0101287839        0.0001949881
     2546.0000000000        0.0103266968        0.0002008774
     2547.0000000000        0.0105306204        0.0002070118
     2548.0000000000        0.0107408065        0.0002134044
     2549.0000000000        0.0109575199        0.0002200691
     2550.0000000000        0.0111810403        0.0002270209
     2551.0000000000        0.0114116627        0.0002342757
     2552.0000000000        0.0116496984        0.0002418506
     2553.0000000000        0.0118954765        0.0002497636
     2554.0000000000        0.0121493449        0.0002580344
     2555.0000000000        0.0124116715        0.0002666838
     2556.0000000000        0.0126828461        0.0002757341
     2557.0000000000        0.0129632813        0.0002852092
     2558.0000000000        0.0132534148        0.0002951351
     2559.0000000000        0.0135537109        0.0003055393
     2560.0000000000        0.0138646628        0.0003164517
     2561.0000000000        0.0141867944        0.0003279043
     2562.0000000000        0.0145206630        0.0003399317
     2563.0000000000        0.0148668618        0.0003525712
     2564.0000000000        0.0152260228        0.0003658631
     2565.0000000000        0.0155988199        0.0003798509
     2566.0000000000        0.0159859724        0.0003945820
     2567.0000000000        0.0163882486        0.0004101072
     2568.0000000000        0.0168064701        0.0004264823
     2569.0000000000        0.0172415164        0.0004437674
     2570.0000000000        0.0176943299        0.0004620280
     2571.0000000000        0.0181659213        0.0004813356
     2572.0000000000        0.0186573759        0.0005017680
     2573.0000000000        0.0191698605        0.0005234103
     2574.0000000000        0.0197046306        0.0005463553
     2575.0000000000        0.0202630393        0.0005707050
     2576.0000000000        0.0208465461        0.0005965711
     2577.0000000000        0.0214567276        0.0006240761
     2578.0000000000        0.0220952894        0.0006533550
     2579.0000000000        0.0227640784        0.0006845566
     2580.0000000000        0.0234650981        0.0007178451
     2581.0000000000        0.0242005245        0.0007534019
     2582.0000000000        0.0249727248        0.0007914282
     2583.0000000000        0.0257842782        0.0008321473
     2584.0000000000        0.0266379994        0.0008758073
     2585.0000000000        0.0275369651        0.0009226849
     2586.0000000000        0.0284845443        0.0009730890
     2587.0000000000        0.0294844333        0.0010273651
     2588.0000000000        0.0305406940        0.0010859011
     2589.0000000000        0.0316578000        0.0011491327
     2590.0000000000        0.0328406875        0.0012175510
     2591.0000000000        0.0340948151        0.0012917110
     2592.0000000000        0.0354262321        0.0013722413
     2593.0000000000        0.0368416581        0.0014598559
     2594.0000000000        0.0383485752        0.0015553682
     2595.0000000000        0.0399553353        0.0016597074
     2596.0000000000        0.0416712856        0.0017739387
     2597.0000000000        0.0435069161        0.0018992866
     2598.0000000000        0.0454740329        0.0020371642
     2599.0000000000        0.0475859635        0.0021892074
     2600.0000000000        0.0498578000        0.0023573177
     2601.0000000000        0.0523066899        0.0025437136
     2602.0000000000        0.0549521836        0.0027509940
     2603.0000000000        0.0578166526        0.0029822171
     2604.0000000000        0.0609257960        0.0032409974
     2605.0000000000        0.0643092550        0.0035316280
     2606.0000000000        0.0680013654        0.0038592329
     2607.0000000000        0.0720420813        0.0042299613
     2608.0000000000        0.0764781185        0.0046512336
     2609.0000000000        0.0813643773        0.0051320584
     2610.0000000000        0.0867657264        0.0056834405
     2611.0000000000        0.0927592534        0.0063189144
     2612.0000000000        0.0994371280        0.0070552437
     2613.0000000000        0.1069102733        0.0079133486
     2614.0000000000        0.1153131117        0.0089195467
     2615.0000000000        0.1248097587        0.0101072297
     2616.0000000000        0.1356021802        0.0115191521
     2617.0000000000        0.1479410486        0.0132105887
     2618.0000000000        0.1621403430        0.0152537432
     2619.0000000000        0.1785972094        0.0177439740
     2620.0000000000        0.1978192960        0.0208086942
     2621.0000000000        0.2204628469        0.0246202531
     2622.0000000000        0.2473864649        0.0294148051
     2623.0000000000        0.2797279684        0.0355202611
     2624.0000000000        0.3190156335        0.0433980790
     2625.0000000000        0.3673310156        0.0537060720
     2626.0000000000        0.4275492486        0.0673925499
     2627.0000000000        0.5036945172        0.0858347511
     2628.0000000000        0.6014606935        0.1110312872
     2629.0000000000        0.7289462872        0.1458298668
     2630.0000000000        0.8975882456        0.1940554814
     2631.0000000000        1.1229867809        0.2600170945
     2632.0000000000        1.4243255597        0.3457634835
     2633.0000000000        1.8183730813        0.4420662013
     2634.0000000000        2.2989478469        0.5078732663
     2635.0000000000        2.7934699080        0.4512154394
     2636.0000000000        3.1301987282        0.1877203799
     2637.0000000000        3.1282580150       -0.1910289540
     2638.0000000000        2.7905442104       -0.4495159874
     2639.0000000000        2.3001462689       -0.5017553224
     2640.0000000000        1.8267685860       -0.4341685453
     2641.0000000000        1.4408107191       -0.3376253228
     2642.0000000000        1.1475199062       -0.2520776879
     2643.0000000000        0.9299671809       -0.1862806040
     2644.0000000000        0.7690858452       -0.1380528391
     2645.0000000000        0.6494545939       -0.1030700331
     2646.0000000000        0.5598136303       -0.0775179874
     2647.0000000000        0.4922307885       -0.0585576208
     2648.0000000000        0.4411742311       -0.0441899099
     2649.0000000000        0.4027872071       -0.0330272246
     2650.0000000000        0.3743773896       -0.0241008761
     2651.0000000000        0.3540715894       -0.0167221513
     2652.0000000000        0.3405866290       -0.0103866877
     2653.0000000000        0.3330797496       -0.0047090034
     2654.0000000000        0.3310539605        0.0006234231
     2655.0000000000        0.3343028315        0.0058841899
     2656.0000000000        0.3428857501        0.0113356590
     2657.0000000000        0.3571295181        0.0172546080
     2658.0000000000        0.3776562038        0.0239597438
     2659.0000000000        0.4054411658        0.0318453068
     2660.0000000000        0.4419098963        0.0414261467
     2661.0000000000        0.4890886888        0.0534017845
     2662.0000000000        0.5498331992        0.0687502818
     2663.0000000000        0.6281718832        0.0888669918
     2664.0000000000        0.7298181892        0.1157663118
     2665.0000000000        0.8629215202        0.1523573281
     2666.0000000000        1.0391192683        0.2027548968
     2667.0000000000        1.2748371091        0.2723947731
     2668.0000000000        1.5922962680        0.3670922411
     2669.0000000000        2.0180848633        0.4884349746
     2670.0000000000        2.5729084037        0.6193982869
     2671.0000000000        3.2389892961        0.6939160299
     2672.0000000000        3.8970073012        0.5775590735
     2673.0000000000        4.2954187741        0.1757977161
     2674.0000000000        4.2087393626       -0.3387788058
     2675.0000000000        3.6894276319       -0.6498763008
     2676.0000000000        3.0027526804       -0.6869074847
     2677.0000000000        2.3623006721       -0.5822605096
     2678.0000000000        1.8464303107       -0.4504875092
     2679.0000000000        1.4546559616       -0.3375430933
     2680.0000000000        1.1621530525       -0.2518250175
     2681.0000000000        0.9432173175       -0.1894312871
     2682.0000000000        0.7775047518       -0.1444333095
     2683.0000000000        0.6502400590       -0.1118138144
     2684.0000000000        0.5509894880       -0.0878943446
     2685.0000000000        0.4724162094       -0.0701067418
     2686.0000000000        0.4093273151       -0.0566832251
     2687.0000000000        0.3580051859       -0.0464055922
     2688.0000000000        0.3157523985       -0.0384273804
     2689.0000000000        0.2805841649       -0.0321535544
     2690.0000000000        0.2510197052       -0.0271603442
     2691.0000000000        0.2259394578       -0.0231418841
     2692.0000000000        0.2044862223       -0.0198744717
     2693.0000000000        0.1859958560       -0.0171923968
     2694.0000000000        0.1699480629       -0.0149714063
     2695.0000000000        0.1559310050       -0.0131172547
     2696.0000000000        0.1436155405       -0.0115576789
     2697.0000000000        0.1327362477       -0.0102367041
     2698.0000000000        0.1230772915       -0.0091105562
     2699.0000000000        0.1144617842       -0.0081446944
     2700.0000000000        0.1067436959       -0.0073116331
     2701.0000000000        0.0998016461       -0.0065893277
     2702.0000000000        0.0935340960       -0.0059599657
     2703.0000000000        0.0878555938       -0.0054090532
     2704.0000000000        0.0826938198       -0.0049247190
     2705.0000000000        0.0779872427       -0.0044971795
     2706.0000000000        0.0736832477       -0.0041183240
     2707.0000000000        0.0697366324       -0.0037813917
     2708.0000000000        0.0661083883       -0.0034807171
     2709.0000000000        0.0627647108       -0.0032115291
     2710.0000000000        0.0596761869       -0.0029697910
     2711.0000000000        0.0568171280       -0.0027520719
     2712.0000000000        0.0541650175       -0.0025554434
     2713.0000000000        0.0517000514       -0.0023773960
     2714.0000000000        0.0494047547       -0.0022157709
     2715.0000000000        0.0472636596       -0.0020687040
     2716.0000000000        0.0452630346       -0.0019345802
     2717.0000000000        0.0433906549       -0.0018119952
     2718.0000000000        0.0416356080       -0.0016997242
     2719.0000000000        0.0399881271       -0.0015966959
     2720.0000000000        0.0384394499       -0.0015019701
     2721.0000000000        0.0369816961       -0.0014147197
     2722.0000000000        0.0356077629       -0.0013342147
     2723.0000000000        0.0343112342       -0.0012598096
     2724.0000000000        0.0330863019       -0.0011909319
     2725.0000000000        0.0319276981       -0.0011270727
     2726.0000000000        0.0308306353       -0.0010677786
     2727.0000000000        0.0297907546       -0.0010126447
     2728.0000000000        0.0288040803       -0.0009613088
     2729.0000000000        0.0278669797       -0.0009134459
     2730.0000000000        0.0269761284       -0.0008687641
     2731.0000000000        0.0261284789       -0.0008270008
     2732.0000000000        0.0253212333       -0.0007879188
     2733.0000000000        0.0245518191       -0.0007513041
     2734.0000000000        0.0238178674       -0.0007169629
     2735.0000000000        0.0231171941       -0.0006847196
     2736.0000000000        0.0224477824       -0.0006544144
     2737.0000000000        0.0218077677       -0.0006259024
     2738.0000000000        0.0211954240       -0.0005990514
     2739.0000000000        0.0206091515       -0.0005737408
     2740.0000000000        0.0200474657       -0.0005498605
     2741.0000000000        0.0195089874       -0.0005273097
     2742.0000000000        0.0189924339       -0.0005059961
     2743.0000000000        0.0184966110       -0.0004858351
     2744.0000000000        0.0180204055       -0.0004667489
     2745.0000000000        0.0175627788       -0.0004486660
     2746.0000000000        0.0171227611       -0.0004315206
     2747.0000000000        0.0166994454       -0.0004152520
     2748.0000000000        0.0162919834       -0.0003998043
     2749.0000000000        0.0158995805       -0.0003851257
     2750.0000000000        0.0155214916       -0.0003711684
     2751.0000000000        0.0151570180       -0.0003578882
     2752.0000000000        0.0148055032       -0.0003452440
     2753.0000000000        0.0144663306       -0.0003331978
     2754.0000000000        0.0141389200       -0.0003217142
     2755.0000000000        0.0138227255       -0.0003107605
     2756.0000000000        0.0135172327       -0.0003003059
     2757.0000000000        0.0132219568       -0.0002903222
     2758.0000000000        0.0129364402       -0.0002807828
     2759.0000000000        0.0126602513       -0.0002716630
     2760.0000000000        0.0123929820       -0.0002629398
     2761.0000000000        0.0121342467       -0.0002545915
     2762.0000000000        0.0118836808       -0.0002465980
     2763.0000000000        0.0116409388       -0.0002389405
     2764.0000000000        0.0114056937       -0.0002316012
     2765.0000000000        0.0111776357       -0.0002245638
     2766.0000000000        0.0109564708       -0.0002178126
     2767.0000000000        0.0107419201       -0.0002113330
     2768.0000000000        0.0105337188       -0.0002051115
     2769.0000000000        0.0103316154       -0.0001991351
     2770.0000000000        0.0101353709       -0.0001933918
     2771.0000000000        0.0099447580       -0.0001878702
     2772.0000000000        0.0097595603       -0.0001825595
     2773.0000000000        0.0095795719       -0.0001774498
     2774.0000000000        0.0094045968       -0.0001725315
     2775.0000000000        0.0092344481       -0.0001677956
     2776.0000000000        0.0090689476       -0.0001632337
     2777.0000000000        0.0089079254       -0.0001588377
     2778.0000000000        0.0087512193       -0.0001546002
     2779.0000000000        0.0085986746       -0.0001505139
     2780.0000000000        0.0084501433       -0.0001465722
     2781.0000000000        0.0083054842       -0.0001427685
     2782.0000000000        0.0081645622       -0.0001390970
     2783.0000000000        0.0080272481       -0.0001355517
     2784.0000000000        0.0078934184       -0.0001321274
     2785.0000000000        0.0077629548       -0.0001288187
     2786.0000000000        0.0076357440       -0.0001256209
     2787.0000000000        0.0075116776       -0.0001225293
     2788.0000000000        0.0073906515       -0.0001195395
     2789.0000000000        0.0072725661       -0.0001166472
     2790.0000000000        0.0071573258       -0.0001138486
     2791.0000000000        0.0070448389       -0.0001111397
     2792.0000000000        0.0069350176       -0.0001085171
     2793.0000000000        0.0068277772       -0.0001059772
     2794.0000000000        0.0067230366       -0.0001035168
     2795.0000000000        0.0066207180       -0.0001011329
     2796.0000000000        0.0065207464       -0.0000988223
     2797.0000000000        0.0044821075       -0.0000724129
     2798.0000000000        0.0044105623       -0.0000706867
     2799.0000000000        0.0043407160       -0.0000690148
     2800.0000000000        0.0042725153       -0.0000673952
     2801.0000000000        0.0042059089       -0.0000658259
     2802.0000000000        0.0041408475       -0.0000643049
     2803.0000000000        0.0040772836       -0.0000628304
     2804.0000000000        0.0040151718       -0.0000614006
     2805.0000000000        0.0039544681       -0.0000600139
     2806.0000000000        0.0038951302       -0.0000586686
     2807.0000000000        0.0038371176       -0.0000573632
     2808.0000000000        0.0037803911       -0.0000560962
     2809.0000000000        0.0037249128       -0.0000548663
     2810.0000000000        0.0036706466       -0.0000536720
     2811.0000000000        0.0036175574       -0.0000525121
     2812.0000000000        0.0035656113       -0.0000513855
     2813.0000000000        0.0035147758       -0.0000502908
     2814.0000000000        0.0034650194       -0.0000492269
     2815.0000000000        0.0034163120       -0.0000481929
     2816.0000000000        0.0033686240       -0.0000471876
     2817.0000000000        0.0033219275       -0.0000462101
     2818.0000000000        0.0032761949       -0.0000452594
     2819.0000000000        0.0032314001       -0.0000443346
     2820.0000000000        0.0031875175       -0.0000434347
     2821.0000000000        0.0031445225       -0.0000425591
     2822.0000000000        0.0031023914       -0.0000417069
     2823.0000000000        0.0030611012       -0.0000408772
     2824.0000000000        0.0030206297       -0.0000400694
     2825.0000000000        0.0029809553       -0.0000392828
     2826.0000000000        0.0029420573       -0.0000385166
     2827.0000000000        0.0029039156       -0.0000377702
     2828.0000000000        0.0028665106       -0.0000370429
     2829.0000000000        0.0028298236       -0.0000363342
     2830.0000000000        0.0027938363       -0.0000356435
     2831.0000000000        0.0027585309       -0.0000349701
     2832.0000000000        0.0027238904       -0.0000343136
     2833.0000000000        0.0026898982       -0.0000336734
     2834.0000000000        0.0000000000        0.0000000000
     2835.0000000000        0.0000000000        0.0000000000
     2836.0000000000        0.0000000000        0.0000000000
     2837.0000000000        0.0000000000        0.0000000000
     2838.0000000000        0.0000000000        0.0000000000
     2839.0000000000        0.0000000000        0.0000000000
     2840.0000000000        0.0000000000        0.0000000000
     2841.0000000000        0.0000000000        0.0000000000
     2842.0000000000        0.0000000000        0.0000000000
     2843.0000000000        0.0000000000        0.0000000000
     2844.0000000000        0.0000000000        0.0000000000
     2845.0000000000        0.0000000000        0.0000000000
     2846.0000000000        0.0000000000        0.0000000000
     2847.0000000000        0.0000000000        0.0000000000
     2848.0000000000        0.0000000000        0.0000000000
     2849.0000000000        0.0000000000        0.0000000000
     2850.0000000000        0.0000000000        0.0000000000
     2851.0000000000        0.0000000000        0.0000000000
     2852.0000000000        0.0000000000        0.0000000000
     2853.0000000000        0.0000000000        0.0000000000
     2854.0000000000        0.0000000000        0.0000000000
     2855.0000000000        0.0000000000        0.0000000000
     2856.0000000000        0.0000000000        0.0000000000
     2857.0000000000        0.0000000000        0.0000000000
     2858.0000000000        0.0000000000        0.0000000000
     2859.0000000000        0.0000000000        0.0000000000
     2860.0000000000        0.0000000000        0.0000000000
     2861.0000000000        0.0000000000        0.0000000000
     2862.0000000000        0.0000000000        0.0000000000
     2863.0000000000        0.0000000000        0.0000000000
     2864.0000000000        0.0000000000        0.0000000000
     2865.0000000000        0.0000000000        0.0000000000
     2866.0000000000        0.0000000000        0.0000000000
     2867.0000000000        0.0000000000        0.0000000000
     2868.0000000000        0.0000000000        0.0000000000
     2869.0000000000        0.0000000000        0.0000000000
     2870.0000000000        0.0000000000        0.0000000000
     2871.0000000000        0.0000000000        0.0000000000
     2872.0000000000        0.0000000000        0.0000000000
     2873.0000000000        0.0000000000        0.0000000000
     2874.0000000000        0.0000000000        0.0000000000
     2875.0000000000        0.0000000000        0.0000000000
     2876.0000000000        0.0000000000        0.0000000000
     2877.0000000000        0.0000000000        0.0000000000
     2878.0000000000        0.0000000000        0.0000000000
     2879.0000000000        0.0000000000        0.0000000000
     2880.0000000000        0.0000000000        0.0000000000
     2881.0000000000        0.0000000000        0.0000000000
     2882.0000000000        0.0000000000        0.0000000000
     2883.0000000000        0.0000000000        0.0000000000
     2884.0000000000        0.0000000000        0.0000000000
     2885.0000000000        0.0000000000        0.0000000000
     2886.0000000000        0.0000000000        0.0000000000
     2887.0000000000        0.0000000000        0.0000000000
     2888.0000000000        0.0000000000        0.0000000000
     2889.0000000000        0.0000000000        0.0000000000
     2890.0000000000        0.0000000000        0.0000000000
     2891.0000000000        0.0000000000        0.0000000000
     2892.0000000000        0.0000000000        0.0000000000
     2893.0000000000        0.0000000000        0.0000000000
     2894.0000000000        0.0000000000        0.0000000000
     2895.0000000000        0.0000000000        0.0000000000
     2896.0000000000        0.0000000000        0.0000000000
     2897.0000000000        0.0000000000        0.0000000000
     2898.0000000000        0.0000000000        0.0000000000
     2899.0000000000        0.0000000000        0.0000000000
     2900.0000000000        0.0000000000        0.0000000000
     2901.0000000000        0.0000000000        0.0000000000
     2902.0000000000        0.0000000000        0.0000000000
     2903.0000000000        0.0000000000        0.0000000000
     2904.0000000000        0.0000000000        0.0000000000
     2905.0000000000        0.0000000000        0.0000000000
     2906.0000000000        0.0000000000        0.0000000000
     2907.0000000000        0.0000000000        0.0000000000
     2908.0000000000        0.0000000000        0.0000000000
     2909.0000000000        0.0000000000        0.0000000000
     2910.0000000000        0.0000000000        0.0000000000
     2911.0000000000        0.0000000000        0.0000000000
     2912.0000000000        0.0000000000        0.0000000000
     2913.0000000000        0.0000000000        0.0000000000
     2914.0000000000        0.0000000000        0.0000000000
     2915.0000000000        0.0000000000        0.0000000000
     2916.0000000000        0.0000000000        0.0000000000
     2917.0000000000        0.0000000000        0.0000000000
     2918.0000000000        0.0000000000        0.0000000000
     2919.0000000000        0.0000000000        0.0000000000
     2920.0000000000        0.0000000000        0.0000000000
     2921.0000000000        0.0000000000        0.0000000000
     2922.0000000000        0.0000000000        0.0000000000
     2923.0000000000        0.0000000000        0.0000000000
     2924.0000000000        0.0000000000        0.0000000000
     2925.0000000000        0.0000000000        0.0000000000
     2926.0000000000        0.0000000000        0.0000000000
     2927.0000000000        0.0000000000        0.0000000000
     2928.0000000000        0.0000000000        0.0000000000
     2929.0000000000        0.0000000000        0.0000000000
     2930.0000000000        0.0000000000        0.0000000000
     2931.0000000000        0.0000000000        0.0000000000
     2932.0000000000        0.0000000000        0.0000000000
     2933.0000000000        0.0000000000        0.0000000000
     2934.0000000000        0.0000000000        0.0000000000
     2935.0000000000        0.0000000000        0.0000000000
     2936.0000000000        0.0000000000        0.0000000000
     2937.0000000000        0.0000000000        0.0000000000
     2938.0000000000        0.0000000000        0.0000000000
     2939.0000000000        0.0000000000        0.0000000000
     2940.0000000000        0.0000000000        0.0000000000
     2941.0000000000        0.0000000000        0.0000000000
     2942.0000000000        0.0000000000        0.0000000000
     2943.0000000000        0.0000000000        0.0000000000
     2944.0000000000        0.0000000000        0.0000000000
     2945.0000000000        0.0000000000        0.0000000000
     2946.0000000000        0.0000000000        0.0000000000
     2947.0000000000        0.0000000000        0.0000000000
     2948.0000000000        0.0000000000        0.0000000000
     2949.0000000000        0.0000000000        0.0000000000
     2950.0000000000        0.0000000000        0.0000000000
     2951.0000000000        0.0000000000        0.0000000000
     2952.0000000000        0.0000000000        0.0000000000
     2953.0000000000        0.0000000000        0.0000000000
     2954.0000000000        0.0000000000        0.0000000000
     2955.0000000000        0.0000000000        0.0000000000
     2956.0000000000        0.0000000000        0.0000000000
     2957.0000000000        0.0000000000        0.0000000000
     2958.0000000000        0.0000000000        0.0000000000
     2959.0000000000        0.0000000000        0.0000000000
     2960.0000000000        0.0000000000        0.0000000000
     2961.0000000000        0.0000000000        0.0000000000
     2962.0000000000        0.0000000000        0.0000000000
     2963.0000000000        0.0000000000        0.0000000000
     2964.0000000000        0.0000000000        0.0000000000
     2965.0000000000        0.0000000000        0.0000000000
     2966.0000000000        0.0000000000        0.0000000000
     2967.0000000000        0.0000000000        0.0000000000
     2968.0000000000        0.0000000000        0.0000000000
     2969.0000000000        0.0000000000        0.0000000000
     2970.0000000000        0.0000000000        0.0000000000
     2971.0000000000        0.0000000000        0.0000000000
     2972.0000000000        0.0000000000        0.0000000000
     2973.0000000000        0.0000000000        0.0000000000
     2974.0000000000        0.0000000000        0.0000000000
     2975.0000000000        0.0000000000        0.0000000000
     2976.0000000000        0.0000000000        0.0000000000
     2977.0000000000        0.0000000000        0.0000000000
     2978.0000000000        0.0000000000        0.0000000000
     2979.0000000000        0.0000000000        0.0000000000
     2980.0000000000        0.0000000000        0.0000000000
     2981.0000000000        0.0000000000        0.0000000000
     2982.0000000000        0.0000000000        0.0000000000
     2983.0000000000        0.0000000000        0.0000000000
     2984.0000000000        0.0000000000        0.0000000000
     2985.0000000000        0.0000000000        0.0000000000
     2986.0000000000        0.0000000000        0.0000000000
     2987.0000000000        0.0000000000        0.0000000000
     2988.0000000000        0.0000000000        0.0000000000
     2989.0000000000        0.0000000000        0.0000000000
     2990.0000000000        0.0000000000        0.0000000000
     2991.0000000000        0.0000000000        0.0000000000
     2992.0000000000        0.0000000000        0.0000000000
     2993.0000000000        0.0000000000        0.0000000000
     2994.0000000000        0.0000000000        0.0000000000
     2995.0000000000        0.0000000000        0.0000000000
     2996.0000000000        0.0000000000        0.0000000000
     2997.0000000000        0.0000000000        0.0000000000
     2998.0000000000        0.0000000000        0.0000000000
     2999.0000000000        0.0000000000        0.0000000000
     3000.0000000000        0.0000000000        0.0000000000
     3001.0000000000        0.0000000000        0.0000000000
     3002.0000000000        0.0000000000        0.0000000000
     3003.0000000000        0.0000000000        0.0000000000
     3004.0000000000        0.0000000000        0.0000000000
     3005.0000000000        0.0000000000        0.0000000000
     3006.0000000000        0.0000000000        0.0000000000
     3007.0000000000        0.0000000000        0.0000000000
     3008.0000000000        0.0000000000        0.0000000000
     3009.0000000000        0.0000000000        0.0000000000
     3010.0000000000        0.0000000000        0.0000000000
     3011.0000000000        0.0000000000        0.0000000000
     3012.0000000000        0.0000000000        0.0000000000
     3013.0000000000        0.0000000000        0.0000000000
     3014.0000000000        0.0000000000        0.0000000000
     3015.0000000000        0.0000000000        0.0000000000
     3016.0000000000        0.0000000000        0.0000000000
     3017.0000000000        0.0000000000        0.0000000000
     3018.0000000000        0.0000000000        0.0000000000
     3019.0000000000        0.0000000000        0.0000000000
     3020.0000000000        0.0000000000        0.0000000000
     3021.0000000000        0.0000000000        0.0000000000
     3022.0000000000        0.0000000000        0.0000000000
     3023.0000000000        0.0000000000        0.0000000000
     3024.0000000000        0.0000000000        0.0000000000
     3025.0000000000        0.0000000000        0.0000000000
     3026.0000000000        0.0000000000        0.0000000000
     3027.0000000000        0.0000000000        0.0000000000
     3028.0000000000        0.0000000000        0.0000000000
     3029.0000000000        0.0000000000        0.0000000000
     3030.0000000000        0.0000000000        0.0000000000
     3031.0000000000        0.0000000000        0.0000000000
     3032.0000000000        0.0000000000        0.0000000000
     3033.0000000000        0.0000000000        0.0000000000
     3034.0000000000        0.0000000000        0.0000000000
     3035.0000000000        0.0000000000        0.0000000000
     3036.0000000000        0.0000000000        0.0000000000
     3037.0000000000        0.0000000000        0.0000000000
     3038.0000000000        0.0000000000        0.0000000000
     3039.0000000000        0.0000000000        0.0000000000
     3040.0000000000        0.0000000000        0.0000000000
     3041.0000000000        0.0000000000        0.0000000000
     3042.0000000000        0.0000000000        0.0000000000
     3043.0000000000        0.0000000000        0.0000000000
     3044.0000000000        0.0000000000        0.0000000000
     3045.0000000000        0.0000000000        0.0000000000
     3046.0000000000        0.0000000000        0.0000000000
     3047.0000000000        0.0000000000        0.0000000000
     3048.0000000000        0.0000000000        0.0000000000
     3049.0000000000        0.0000000000        0.0000000000
     3050.0000000000        0.0000000000        0.0000000000
     3051.0000000000        0.0000000000        0.0000000000
     3052.0000000000        0.0000000000        0.0000000000
     3053.0000000000        0.0000000000        0.0000000000
     3054.0000000000        0.0000000000        0.0000000000
     3055.0000000000        0.0000000000        0.0000000000
     3056.0000000000        0.0000000000        0.0000000000
     3057.0000000000        0.0000000000        0.0000000000
     3058.0000000000        0.0000000000        0.0000000000
     3059.0000000000        0.0000000000        0.0000000000
     3060.0000000000        0.0000000000        0.0000000000
     3061.0000000000        0.0000000000        0.0000000000
     3062.0000000000        0.0000000000        0.0000000000
     3063.0000000000        0.0000000000        0.0000000000
     3064.0000000000        0.0000000000        0.0000000000
     3065.0000000000        0.0000000000        0.0000000000
     3066.0000000000        0.0000000000        0.0000000000
     3067.0000000000        0.0000000000        0.0000000000
     3068.0000000000        0.0000000000        0.0000000000
     3069.0000000000        0.0000000000        0.0000000000
     3070.0000000000        0.0000000000        0.0000000000
     3071.0000000000        0.0000000000        0.0000000000
     3072.0000000000        0.0000000000        0.0000000000
     3073.0000000000        0.0000000000        0.0000000000
     3074.0000000000        0.0000000000        0.0000000000
     3075.0000000000        0.0000000000        0.0000000000
     3076.0000000000        0.0000000000        0.0000000000
     3077.0000000000        0.0000000000        0.0000000000
     3078.0000000000        0.0000000000        0.0000000000
     3079.0000000000        0.0000000000        0.0000000000
     3080.0000000000        0.0000000000        0.0000000000
     3081.0000000000        0.0000000000        0.0000000000
     3082.0000000000        0.0000000000        0.0000000000
     3083.0000000000        0.0000000000        0.0000000000
     3084.0000000000        0.0000000000        0.0000000000
     3085.0000000000        0.0000000000        0.0000000000
     3086.0000000000        0.0000000000        0.0000000000
     3087.0000000000        0.0000000000        0.0000000000
     3088.0000000000        0.0000000000        0.0000000000
     3089.0000000000        0.0000000000        0.0000000000
     3090.0000000000        0.0000000000        0.0000000000
     3091.0000000000        0.0000000000        0.0000000000
     3092.0000000000        0.0000000000        0.0000000000
     3093.0000000000        0.0000000000        0.0000000000
     3094.0000000000        0.0000000000        0.0000000000
     3095.0000000000        0.0000000000        0.0000000000
     3096.0000000000        0.0000000000        0.0000000000
     3097.0000000000        0.0000000000        0.0000000000
     3098.0000000000        0.0000000000        0.0000000000
     3099.0000000000        0.0000000000        0.0000000000
     3100.0000000000        0.0000000000        0.0000000000
     3101.0000000000        0.0000000000        0.0000000000
     3102.0000000000        0.0000000000        0.0000000000
     3103.0000000000        0.0000000000        0.0000000000
     3104.0000000000        0.0000000000        0.0000000000
     3105.0000000000        0.0000000000        0.0000000000
     3106.0000000000        0.0000000000        0.0000000000
     3107.0000000000        0.0000000000        0.0000000000
     3108.0000000000        0.0000000000        0.0000000000
     3109.0000000000        0.0000000000        0.0000000000
     3110.0000000000        0.0000000000        0.0000000000
     3111.0000000000        0.0000000000        0.0000000000
     3112.0000000000        0.0000000000        0.0000000000
     3113.0000000000        0.0000000000        0.0000000000
     3114.0000000000        0.0000000000        0.0000000000
     3115.0000000000        0.0000000000        0.0000000000
     3116.0000000000        0.0000000000        0.0000000000
     3117.0000000000        0.0000000000        0.0000000000
     3118.0000000000        0.0000000000        0.0000000000
     3119.0000000000        0.0000000000        0.0000000000
     3120.0000000000        0.0000000000        0.0000000000
     3121.0000000000        0.0000000000        0.0000000000
     3122.0000000000        0.0000000000        0.0000000000
     3123.0000000000        0.0000000000        0.0000000000
     3124.0000000000        0.0000000000        0.0000000000
     3125.0000000000        0.0000000000        0.0000000000
     3126.0000000000        0.0000000000        0.0000000000
     3127.0000000000        0.0000000000        0.0000000000
     3128.0000000000        0.0000000000        0.0000000000
     3129.0000000000        0.0000000000        0.0000000000
     3130.0000000000        0.0000000000        0.0000000000
     3131.0000000000        0.0000000000        0.0000000000
     3132.0000000000        0.0000000000        0.0000000000
     3133.0000000000        0.0000000000        0.0000000000
     3134.0000000000        0.0000000000        0.0000000000
     3135.0000000000        0.0000000000        0.0000000000
     3136.0000000000        0.0000000000        0.0000000000
     3137.0000000000        0.0000000000        0.0000000000
     3138.0000000000        0.0000000000        0.0000000000
     3139.0000000000        0.0000000000        0.0000000000
     3140.0000000000        0.0000000000        0.0000000000
     3141.0000000000        0.0000000000        0.0000000000
     3142.0000000000        0.0000000000        0.0000000000
     3143.0000000000        0.0000000000        0.0000000000
     3144.0000000000        0.0000000000        0.0000000000
     3145.0000000000        0.0000000000        0.0000000000
     3146.0000000000        0.0000000000        0.0000000000
     3147.0000000000        0.0000000000        0.0000000000
     3148.0000000000        0.0000000000        0.0000000000
     3149.0000000000        0.0000000000        0.0000000000
     3150.0000000000        0.0000000000        0.0000000000
     3151.0000000000        0.0000000000        0.0000000000
     3152.0000000000        0.0000000000        0.0000000000
     3153.0000000000        0.0000000000        0.0000000000
     3154.0000000000        0.0000000000        0.0000000000
     3155.0000000000        0.0000000000        0.0000000000
     3156.0000000000        0.0000000000        0.0000000000
     3157.0000000000        0.0000000000        0.0000000000
     3158.0000000000        0.0000000000        0.0000000000
     3159.0000000000        0.0000000000        0.0000000000
     3160.0000000000        0.0000000000        0.0000000000
     3161.0000000000        0.0000000000        0.0000000000
     3162.0000000000        0.0000000000        0.0000000000
     3163.0000000000        0.0000000000        0.0000000000
     3164.0000000000        0.0000000000        0.0000000000
     3165.0000000000        0.0000000000        0.0000000000
     3166.0000000000        0.0000000000        0.0000000000
     3167.0000000000        0.0000000000        0.0000000000
     3168.0000000000        0.0000000000        0.0000000000
     3169.0000000000        0.0000000000        0.0000000000
     3170.0000000000        0.0000000000        0.0000000000
     3171.0000000000        0.0000000000        0.0000000000
     3172.0000000000        0.0000000000        0.0000000000
     3173.0000000000        0.0000000000        0.0000000000
     3174.0000000000        0.0000000000        0.0000000000
     3175.0000000000        0.0000000000        0.0000000000
     3176.0000000000        0.0000000000        0.0000000000
     3177.0000000000        0.0000000000        0.0000000000
     3178.0000000000        0.0000000000        0.0000000000
     3179.0000000000        0.0000000000        0.0000000000
     3180.0000000000        0.0000000000        0.0000000000
     3181.0000000000        0.0000000000        0.0000000000
     3182.0000000000        0.0000000000        0.0000000000
     3183.0000000000        0.0000000000        0.0000000000
     3184.0000000000        0.0000000000        0.0000000000
     3185.0000000000        0.0000000000        0.0000000000
     3186.0000000000        0.0000000000        0.0000000000
     3187.0000000000        0.0000000000        0.0000000000
     3188.0000000000        0.0000000000        0.0000000000
     3189.0000000000        0.0000000000        0.0000000000
     3190.0000000000        0.0000000000        0.0000000000
     3191.0000000000        0.0000000000        0.0000000000
     3192.0000000000        0.0000000000        0.0000000000
     3193.0000000000        0.0000000000        0.0000000000
     3194.0000000000        0.0000000000        0.0000000000
     3195.0000000000        0.0000000000        0.0000000000
     3196.0000000000        0.0000000000        0.0000000000
     3197.0000000000        0.0000000000        0.0000000000
     3198.0000000000        0.0000000000        0.0000000000
     3199.0000000000        0.0000000000        0.0000000000
     3200.0000000000        0.0000000000        0.0000000000
     3201.0000000000        0.0000000000        0.0000000000
     3202.0000000000        0.0000000000        0.0000000000
     3203.0000000000        0.0000000000        0.0000000000
     3204.0000000000        0.0000000000        0.0000000000
     3205.0000000000        0.0000000000        0.0000000000
     3206.0000000000        0.0000000000        0.0000000000
     3207.0000000000        0.0000000000        0.0000000000
     3208.0000000000        0.0000000000        0.0000000000
     3209.0000000000        0.0000000000        0.0000000000
     3210.0000000000        0.0000000000        0.0000000000
     3211.0000000000        0.0000000000        0.0000000000
     3212.0000000000        0.0000000000        0.0000000000
     3213.0000000000        0.0000000000        0.0000000000
     3214.0000000000        0.0000000000        0.0000000000
     3215.0000000000        0.0000000000        0.0000000000
     3216.0000000000        0.0000000000        0.0000000000
     3217.0000000000        0.0000000000        0.0000000000
     3218.0000000000        0.0000000000        0.0000000000
     3219.0000000000        0.0000000000        0.0000000000
     3220.0000000000        0.0000000000        0.0000000000
     3221.0000000000        0.0000000000        0.0000000000
     3222.0000000000        0.0000000000        0.0000000000
     3223.0000000000        0.0000000000        0.0000000000
     3224.0000000000        0.0000000000        0.0000000000
     3225.0000000000        0.0000000000        0.0000000000
     3226.0000000000        0.0000000000        0.0000000000
     3227.0000000000        0.0000000000        0.0000000000
     3228.0000000000        0.0000000000        0.0000000000
     3229.0000000000        0.0000000000        0.0000000000
     3230.0000000000        0.0000000000        0.0000000000
     3231.0000000000        0.0000000000        0.0000000000
     3232.0000000000        0.0000000000        0.0000000000
     3233.0000000000        0.0000000000        0.0000000000
     3234.0000000000        0.0000000000        0.0000000000
     3235.0000000000        0.0000000000        0.0000000000
     3236.0000000000        0.0000000000        0.0000000000
     3237.0000000000        0.0000000000        0.0000000000
     3238.0000000000        0.0000000000        0.0000000000
     3239.0000000000        0.0000000000        0.0000000000
     3240.0000000000        0.0000000000        0.0000000000
     3241.0000000000        0.0000000000        0.0000000000
     3242.0000000000        0.0000000000        0.0000000000
     3243.0000000000        0.0000000000        0.0000000000
     3244.0000000000        0.0000000000        0.0000000000
     3245.0000000000        0.0000000000        0.0000000000
     3246.0000000000        0.0000000000        0.0000000000
     3247.0000000000        0.0000000000        0.0000000000
     3248.0000000000        0.0000000000        0.0000000000
     3249.0000000000        0.0000000000        0.0000000000
     3250.0000000000        0.0000000000        0.0000000000
     3251.0000000000        0.0000000000        0.0000000000
     3252.0000000000        0.0000000000        0.0000000000
     3253.0000000000        0.0000000000        0.0000000000
     3254.0000000000        0.0000000000        0.0000000000
     3255.0000000000        0.0000000000        0.0000000000
     3256.0000000000        0.0000000000        0.0000000000
     3257.0000000000        0.0000000000        0.0000000000
     3258.0000000000        0.0000000000        0.0000000000
     3259.0000000000        0.0000000000        0.0000000000
     3260.0000000000        0.0000000000        0.0000000000
     3261.0000000000        0.0000000000        0.0000000000
     3262.0000000000        0.0000000000        0.0000000000
     3263.0000000000        0.0000000000        0.0000000000
     3264.0000000000        0.0000000000        0.0000000000
     3265.0000000000        0.0000000000        0.0000000000
     3266.0000000000        0.0000000000        0.0000000000
     3267.0000000000        0.0000000000        0.0000000000
     3268.0000000000        0.0000000000        0.0000000000
     3269.0000000000        0.0000000000        0.0000000000
     3270.0000000000        0.0000000000        0.0000000000
     3271.0000000000        0.0000000000        0.0000000000
     3272.0000000000        0.0000000000        0.0000000000
     3273.0000000000        0.0000000000        0.0000000000
     3274.0000000000        0.0000000000        0.0000000000
     3275.0000000000        0.0000000000        0.0000000000
     3276.0000000000        0.0000000000        0.0000000000
     3277.0000000000        0.0000000000        0.0000000000
     3278.0000000000        0.0000000000        0.0000000000
     3279.0000000000        0.0000000000        0.0000000000
     3280.0000000000        0.0000000000        0.0000000000
     3281.0000000000        0.0000000000        0.0000000000
     3282.0000000000        0.0000000000        0.0000000000
     3283.0000000000        0.0000000000        0.0000000000
     3284.0000000000        0.0000000000        0.0000000000
     3285.0000000000        0.0000000000        0.0000000000
     3286.0000000000        0.0000000000        0.0000000000
     3287.0000000000        0.0000000000        0.0000000000
     3288.0000000000        0.0000000000        0.0000000000
     3289.0000000000        0.0000000000        0.0000000000
     3290.0000000000        0.0000000000        0.0000000000
     3291.0000000000        0.0000000000        0.0000000000
     3292.0000000000        0.0000000000        0.0000000000
     3293.0000000000        0.0000000000        0.0000000000
     3294.0000000000        0.0000000000        0.0000000000
     3295.0000000000        0.0000000000        0.0000000000
     3296.0000000000        0.0000000000        0.0000000000
     3297.0000000000        0.0000000000        0.0000000000
     3298.0000000000        0.0000000000        0.0000000000
     3299.0000000000        0.0000000000        0.0000000000
     3300.0000000000        0.0000000000        0.0000000000
     3301.0000000000        0.0000000000        0.0000000000
     3302.0000000000        0.0000000000        0.0000000000
     3303.0000000000        0.0000000000        0.0000000000
     3304.0000000000        0.0000000000        0.0000000000
     3305.0000000000        0.0000000000        0.0000000000
     3306.0000000000        0.0000000000        0.0000000000
     3307.0000000000        0.0000000000        0.0000000000
     3308.0000000000        0.0000000000        0.0000000000
     3309.0000000000        0.0000000000        0.0000000000
     3310.0000000000        0.0000000000        0.0000000000
     3311.0000000000        0.0000000000        0.0000000000
     3312.0000000000        0.0000000000        0.0000000000
     3313.0000000000        0.0000000000        0.0000000000
     3314.0000000000        0.0000000000        0.0000000000
     3315.0000000000        0.0000000000        0.0000000000
     3316.0000000000        0.0000000000        0.0000000000
     3317.0000000000        0.0000000000        0.0000000000
     3318.0000000000        0.0000000000        0.0000000000
     3319.0000000000        0.0000000000        0.0000000000
     3320.0000000000        0.0000000000        0.0000000000
     3321.0000000000        0.0000000000        0.0000000000
     3322.0000000000        0.0000000000        0.0000000000
     3323.0000000000        0.0000000000        0.0000000000
     3324.0000000000        0.0000000000        0.0000000000
     3325.0000000000        0.0000000000        0.0000000000
     3326.0000000000        0.0000000000        0.0000000000
     3327.0000000000        0.0000000000        0.0000000000
     3328.0000000000        0.0000000000        0.0000000000
     3329.0000000000        0.0000000000        0.0000000000
     3330.0000000000        0.0000000000        0.0000000000
     3331.0000000000        0.0000000000        0.0000000000
     3332.0000000000        0.0000000000        0.0000000000
     3333.0000000000        0.0000000000        0.0000000000
     3334.0000000000        0.0000000000        0.0000000000
     3335.0000000000        0.0000000000        0.0000000000
     3336.0000000000        0.0000000000        0.0000000000
     3337.0000000000        0.0000000000        0.0000000000
     3338.0000000000        0.0000000000        0.0000000000
     3339.0000000000        0.0000000000        0.0000000000
     3340.0000000000        0.0000000000        0.0000000000
     3341.0000000000        0.0000000000        0.0000000000
     3342.0000000000        0.0000000000        0.0000000000
     3343.0000000000        0.0000000000        0.0000000000
     3344.0000000000        0.0000000000        0.0000000000
     3345.0000000000        0.0000000000        0.0000000000
     3346.0000000000        0.0000000000        0.0000000000
     3347.0000000000        0.0000000000        0.0000000000
     3348.0000000000        0.0000000000        0.0000000000
     3349.0000000000        0.0000000000        0.0000000000
     3350.0000000000        0.0000000000        0.0000000000
     3351.0000000000        0.0000000000        0.0000000000
     3352.0000000000        0.0000000000        0.0000000000
     3353.0000000000        0.0000000000        0.0000000000
     3354.0000000000        0.0000000000        0.0000000000
     3355.0000000000        0.0000000000        0.0000000000
     3356.0000000000        0.0000000000        0.0000000000
     3357.0000000000        0.0000000000        0.0000000000
     3358.0000000000        0.0000000000        0.0000000000
     3359.0000000000        0.0000000000        0.0000000000
     3360.0000000000        0.0000000000        0.0000000000
     3361.0000000000        0.0000000000        0.0000000000
     3362.0000000000        0.0000000000        0.0000000000
     3363.0000000000        0.0000000000        0.0000000000
     3364.0000000000        0.0000000000        0.0000000000
     3365.0000000000        0.0000000000        0.0000000000
     3366.0000000000        0.0000000000        0.0000000000
     3367.0000000000        0.0000000000        0.0000000000
     3368.0000000000        0.0000000000        0.0000000000
     3369.0000000000        0.0000000000        0.0000000000
     3370.0000000000        0.0000000000        0.0000000000
     3371.0000000000        0.0000000000        0.0000000000
     3372.0000000000        0.0000000000        0.0000000000
     3373.0000000000        0.0000000000        0.0000000000
     3374.0000000000        0.0000000000        0.0000000000
     3375.0000000000        0.0000000000        0.0000000000
     3376.0000000000        0.0000000000        0.0000000000
     3377.0000000000        0.0000000000        0.0000000000
     3378.0000000000        0.0000000000        0.0000000000
     3379.0000000000        0.0000000000        0.0000000000
     3380.0000000000        0.0000000000        0.0000000000
     3381.0000000000        0.0000000000        0.0000000000
     3382.0000000000        0.0000000000        0.0000000000
     3383.0000000000        0.0000000000        0.0000000000
     3384.0000000000        0.0000000000        0.0000000000
     3385.0000000000        0.0000000000        0.0000000000
     3386.0000000000        0.0000000000        0.0000000000
     3387.0000000000        0.0000000000        0.0000000000
     3388.0000000000        0.0000000000        0.0000000000
     3389.0000000000        0.0000000000        0.0000000000
     3390.0000000000        0.0000000000        0.0000000000
     3391.0000000000        0.0000000000        0.0000000000
     3392.0000000000        0.0000000000        0.0000000000
     3393.0000000000        0.0000000000        0.0000000000
     3394.0000000000        0.0000000000        0.0000000000
     3395.0000000000        0.0000000000        0.0000000000
     3396.0000000000        0.0000000000        0.0000000000
     3397.0000000000        0.0000000000        0.0000000000
     3398.0000000000        0.0000000000        0.0000000000
     3399.0000000000        0.0000000000        0.0000000000
     3400.0000000000        0.0000000000        0.0000000000
     3401.0000000000        0.0000000000        0.0000000000
     3402.0000000000        0.0000000000        0.0000000000
     3403.0000000000        0.0000000000        0.0000000000
     3404.0000000000        0.0000000000        0.0000000000
     3405.0000000000        0.0000000000        0.0000000000
     3406.0000000000        0.0000000000        0.0000000000
     3407.0000000000        0.0000000000        0.0000000000
     3408.0000000000        0.0000000000        0.0000000000
     3409.0000000000        0.0000000000        0.0000000000
     3410.0000000000        0.0000000000        0.0000000000
     3411.0000000000        0.0000000000        0.0000000000
     3412.0000000000        0.0000000000        0.0000000000
     3413.0000000000        0.0000000000        0.0000000000
     3414.0000000000        0.0000000000        0.0000000000
     3415.0000000000        0.0000000000        0.0000000000
     3416.0000000000        0.0000000000        0.0000000000
     3417.0000000000        0.0000000000        0.0000000000
     3418.0000000000        0.0000000000        0.0000000000
     3419.0000000000        0.0000000000        0.0000000000
     3420.0000000000        0.0000000000        0.0000000000
     3421.0000000000        0.0000000000        0.0000000000
     3422.0000000000        0.0000000000        0.0000000000
     3423.0000000000        0.0000000000        0.0000000000
     3424.0000000000        0.0000000000        0.0000000000
     3425.0000000000        0.0000000000        0.0000000000
     3426.0000000000        0.0000000000        0.0000000000
     3427.0000000000        0.0000000000        0.0000000000
     3428.0000000000        0.0000000000        0.0000000000
     3429.0000000000        0.0000000000        0.0000000000
     3430.0000000000        0.0000000000        0.0000000000
     3431.0000000000        0.0000000000        0.0000000000
     3432.0000000000        0.0000000000        0.0000000000
     3433.0000000000        0.0000000000        0.0000000000
     3434.0000000000        0.0000000000        0.0000000000
     3435.0000000000        0.0000000000        0.0000000000
     3436.0000000000        0.0000000000        0.0000000000
     3437.0000000000        0.0000000000        0.0000000000
     3438.0000000000        0.0000000000        0.0000000000
     3439.0000000000        0.0000000000        0.0000000000
     3440.0000000000        0.0000000000        0.0000000000
     3441.0000000000        0.0000000000        0.0000000000
     3442.0000000000        0.0000000000        0.0000000000
     3443.0000000000        0.0000000000        0.0000000000
     3444.0000000000        0.0000000000        0.0000000000
     3445.0000000000        0.0000000000        0.0000000000
     3446.0000000000        0.0000000000        0.0000000000
     3447.0000000000        0.0000000000        0.0000000000
     3448.0000000000        0.0000000000        0.0000000000
     3449.0000000000        0.0000000000        0.0000000000
     3450.0000000000        0.0000000000        0.0000000000
     3451.0000000000        0.0000000000        0.0000000000
     3452.0000000000        0.0000000000        0.0000000000
     3453.0000000000        0.0000000000        0.0000000000
     3454.0000000000        0.0000000000        0.0000000000
     3455.0000000000        0.0000000000        0.0000000000
     3456.0000000000        0.0000000000        0.0000000000
     3457.0000000000        0.0000000000        0.0000000000
     3458.0000000000        0.0000000000        0.0000000000
     3459.0000000000        0.0000000000        0.0000000000
     3460.0000000000        0.0000000000        0.0000000000
     3461.0000000000        0.0000000000        0.0000000000
     3462.0000000000        0.0000000000        0.0000000000
     3463.0000000000        0.0000000000        0.0000000000
     3464.0000000000        0.0000000000        0.0000000000
     3465.0000000000        0.0000000000        0.0000000000
     3466.0000000000        0.0000000000        0.0000000000
     3467.0000000000        0.0000000000        0.0000000000
     3468.0000000000        0.0000000000        0.0000000000
     3469.0000000000        0.0000000000        0.0000000000
     3470.0000000000        0.0000000000        0.0000000000
     3471.0000000000        0.0000000000        0.0000000000
     3472.0000000000        0.0000000000        0.0000000000
     3473.0000000000        0.0000000000        0.0000000000
     3474.0000000000        0.0000000000        0.0000000000
     3475.0000000000        0.0000000000        0.0000000000
     3476.0000000000        0.0000000000        0.0000000000
     3477.0000000000        0.0000000000        0.0000000000
     3478.0000000000        0.0000000000        0.0000000000
     3479.0000000000        0.0000000000        0.0000000000
     3480.0000000000        0.0000000000        0.0000000000
     3481.0000000000        0.0000000000        0.0000000000
     3482.0000000000        0.0000000000        0.0000000000
     3483.0000000000        0.0000000000        0.0000000000
     3484.0000000000        0.0000000000        0.0000000000
     3485.0000000000        0.0000000000        0.0000000000
     3486.0000000000        0.0000000000        0.0000000000
     3487.0000000000        0.0000000000        0.0000000000
     3488.0000000000        0.0000000000        0.0000000000
     3489.0000000000        0.0000000000        0.0000000000
     3490.0000000000        0.0000000000        0.0000000000
     3491.0000000000        0.0000000000        0.0000000000
     3492.0000000000        0.0000000000        0.0000000000
     3493.0000000000        0.0000000000        0.0000000000
     3494.0000000000        0.0000000000        0.0000000000
     3495.0000000000        0.0000000000        0.0000000000
     3496.0000000000        0.0000000000        0.0000000000
     3497.0000000000        0.0000000000        0.0000000000
     3498.0000000000        0.0000000000        0.0000000000
     3499.0000000000        0.0000000000        0.0000000000
     3500.0000000000        0.0000000000        0.0000000000
     3501.0000000000        0.0000000000        0.0000000000
     3502.0000000000        0.0000000000        0.0000000000
     3503.0000000000        0.0000000000        0.0000000000
     3504.0000000000        0.0000000000        0.0000000000
     3505.0000000000        0.0000000000        0.0000000000
     3506.0000000000        0.0000000000        0.0000000000
     3507.0000000000        0.0000000000        0.0000000000
     3508.0000000000        0.0000000000        0.0000000000
     3509.0000000000        0.0000000000        0.0000000000
     3510.0000000000        0.0000000000        0.0000000000
     3511.0000000000        0.0000000000        0.0000000000
     3512.0000000000        0.0000000000        0.0000000000
     3513.0000000000        0.0000000000        0.0000000000
     3514.0000000000        0.0000000000        0.0000000000
     3515.0000000000        0.0000000000        0.0000000000
     3516.0000000000        0.0000000000        0.0000000000
     3517.0000000000        0.0000000000        0.0000000000
     3518.0000000000        0.0000000000        0.0000000000
     3519.0000000000        0.0000000000        0.0000000000
     3520.0000000000        0.0000000000        0.0000000000
     3521.0000000000        0.0000000000        0.0000000000
     3522.0000000000        0.0000000000        0.0000000000
     3523.0000000000        0.0000000000        0.0000000000
     3524.0000000000        0.0000000000        0.0000000000
     3525.0000000000        0.0000000000        0.0000000000
     3526.0000000000        0.0000000000        0.0000000000
     3527.0000000000        0.0000000000        0.0000000000
     3528.0000000000        0.0000000000        0.0000000000
     3529.0000000000        0.0000000000        0.0000000000
     3530.0000000000        0.0000000000        0.0000000000
     3531.0000000000        0.0000000000        0.0000000000
     3532.0000000000        0.0000000000        0.0000000000
     3533.0000000000        0.0000000000        0.0000000000
     3534.0000000000        0.0000000000        0.0000000000
     3535.0000000000        0.0000000000        0.0000000000
     3536.0000000000        0.0000000000        0.0000000000
     3537.0000000000        0.0000000000        0.0000000000
     3538.0000000000        0.0000000000        0.0000000000
     3539.0000000000        0.0000000000        0.0000000000
     3540.0000000000        0.0000000000        0.0000000000
     3541.0000000000        0.0000000000        0.0000000000
     3542.0000000000        0.0000000000        0.0000000000
     3543.0000000000        0.0000000000        0.0000000000
     3544.0000000000        0.0000000000        0.0000000000
     3545.0000000000        0.0000000000        0.0000000000
     3546.0000000000        0.0000000000        0.0000000000
     3547.0000000000        0.0000000000        0.0000000000
     3548.0000000000        0.0000000000        0.0000000000
     3549.0000000000        0.0000000000        0.0000000000
     3550.0000000000        0.0000000000        0.0000000000
     3551.0000000000        0.0000000000        0.0000000000
     3552.0000000000        0.0000000000        0.0000000000
     3553.0000000000        0.0000000000        0.0000000000
     3554.0000000000        0.0000000000        0.0000000000
     3555.0000000000        0.0000000000        0.0000000000
     3556.0000000000        0.0000000000        0.0000000000
     3557.0000000000        0.0000000000        0.0000000000
     3558.0000000000        0.0000000000        0.0000000000
     3559.0000000000        0.0000000000        0.0000000000
     3560.0000000000        0.0000000000        0.0000000000
     3561.0000000000        0.0000000000        0.0000000000
     3562.0000000000        0.0000000000        0.0000000000
     3563.0000000000        0.0000000000        0.0000000000
     3564.0000000000        0.0000000000        0.0000000000
     3565.0000000000        0.0000000000        0.0000000000
     3566.0000000000        0.0000000000        0.0000000000
     3567.0000000000        0.0000000000        0.0000000000
     3568.0000000000        0.0000000000        0.0000000000
     3569.0000000000        0.0000000000        0.0000000000
     3570.0000000000        0.0000000000        0.0000000000
     3571.0000000000        0.0000000000        0.0000000000
     3572.0000000000        0.0000000000        0.0000000000
     3573.0000000000        0.0000000000        0.0000000000
     3574.0000000000        0.0000000000        0.0000000000
     3575.0000000000        0.0000000000        0.0000000000
     3576.0000000000        0.0000000000        0.0000000000
     3577.0000000000        0.0000000000        0.0000000000
     3578.0000000000        0.0000000000        0.0000000000
     3579.0000000000        0.0000000000        0.0000000000
     3580.0000000000        0.0000000000        0.0000000000
     3581.0000000000        0.0000000000        0.0000000000
     3582.0000000000        0.0000000000        0.0000000000
     3583.0000000000        0.0000000000        0.0000000000
     3584.0000000000        0.0000000000        0.0000000000
     3585.0000000000        0.0000000000        0.0000000000
     3586.0000000000        0.0000000000        0.0000000000
     3587.0000000000        0.0000000000        0.0000000000
     3588.0000000000        0.0000000000        0.0000000000
     3589.0000000000        0.0000000000        0.0000000000
     3590.0000000000        0.0000000000        0.0000000000
     3591.0000000000        0.0000000000        0.0000000000
     3592.0000000000        0.0000000000        0.0000000000
     3593.0000000000        0.0000000000        0.0000000000
     3594.0000000000        0.0000000000        0.0000000000
     3595.0000000000        0.0000000000        0.0000000000
     3596.0000000000        0.0000000000        0.0000000000
     3597.0000000000        0.0000000000        0.0000000000
     3598.0000000000        0.0000000000        0.0000000000
     3599.0000000000        0.0000000000        0.0000000000
     3600.0000000000        0.0000000000        0.0000000000
     3601.0000000000        0.0000000000        0.0000000000
     3602.0000000000        0.0000000000        0.0000000000
     3603.0000000000        0.0000000000        0.0000000000
     3604.0000000000        0.0000000000        0.0000000000
     3605.0000000000        0.0000000000        0.0000000000
     3606.0000000000        0.0000000000        0.0000000000
     3607.0000000000        0.0000000000        0.0000000000
     3608.0000000000        0.0000000000        0.0000000000
     3609.0000000000        0.0000000000        0.0000000000
     3610.0000000000        0.0000000000        0.0000000000
     3611.0000000000        0.0000000000        0.0000000000
     3612.0000000000        0.0000000000        0.0000000000
     3613.0000000000        0.0000000000        0.0000000000
     3614.0000000000        0.0000000000        0.0000000000
     3615.0000000000        0.0000000000        0.0000000000
     3616.0000000000        0.0000000000        0.0000000000
     3617.0000000000        0.0000000000        0.0000000000
     3618.0000000000        0.0000000000        0.0000000000
     3619.0000000000        0.0000000000        0.0000000000
     3620.0000000000        0.0000000000        0.0000000000
     3621.0000000000        0.0000000000        0.0000000000
     3622.0000000000        0.0000000000        0.0000000000
     3623.0000000000        0.0000000000        0.0000000000
     3624.0000000000        0.0000000000        0.0000000000
     3625.0000000000        0.0000000000        0.0000000000
     3626.0000000000        0.0000000000        0.0000000000
     3627.0000000000        0.0000000000        0.0000000000
     3628.0000000000        0.0000000000        0.0000000000
     3629.0000000000        0.0000000000        0.0000000000
     3630.0000000000        0.0000000000        0.0000000000
     3631.0000000000        0.0000000000        0.0000000000
     3632.0000000000        0.0000000000        0.0000000000
     3633.0000000000        0.0000000000        0.0000000000
     3634.0000000000        0.0000000000        0.0000000000
     3635.0000000000        0.0000000000        0.0000000000
     3636.0000000000        0.0000000000        0.0000000000
     3637.0000000000        0.0000000000        0.0000000000
     3638.0000000000        0.0000000000        0.0000000000
     3639.0000000000        0.0000000000        0.0000000000
     3640.0000000000        0.0000000000        0.0000000000
     3641.0000000000        0.0000000000        0.0000000000
     3642.0000000000        0.0000000000        0.0000000000
     3643.0000000000        0.0000000000        0.0000000000
     3644.0000000000        0.0000000000        0.0000000000
     3645.0000000000        0.0000000000        0.0000000000
     3646.0000000000        0.0000000000        0.0000000000
     3647.0000000000        0.0000000000        0.0000000000
     3648.0000000000        0.0000000000        0.0000000000
     3649.0000000000        0.0000000000        0.0000000000
     3650.0000000000        0.0000000000        0.0000000000
     3651.0000000000        0.0000000000        0.0000000000
     3652.0000000000        0.0000000000        0.0000000000
     3653.0000000000        0.0000000000        0.0000000000
     3654.0000000000        0.0000000000        0.0000000000
     3655.0000000000        0.0000000000        0.0000000000
     3656.0000000000        0.0000000000        0.0000000000
     3657.0000000000        0.0000000000        0.0000000000
     3658.0000000000        0.0000000000        0.0000000000
     3659.0000000000        0.0000000000        0.0000000000
     3660.0000000000        0.0000000000        0.0000000000
     3661.0000000000        0.0000000000        0.0000000000
     3662.0000000000        0.0000000000        0.0000000000
     3663.0000000000        0.0000000000        0.0000000000
     3664.0000000000        0.0000000000        0.0000000000
     3665.0000000000        0.0000000000        0.0000000000
     3666.0000000000        0.0000000000        0.0000000000
     3667.0000000000        0.0000000000        0.0000000000
     3668.0000000000        0.0000000000        0.0000000000
     3669.0000000000        0.0000000000        0.0000000000
     3670.0000000000        0.0000000000        0.0000000000
     3671.0000000000        0.0000000000        0.0000000000
     3672.0000000000        0.0000000000        0.0000000000
     3673.0000000000        0.0000000000        0.0000000000
     3674.0000000000        0.0000000000        0.0000000000
     3675.0000000000        0.0000000000        0.0000000000
     3676.0000000000        0.0000000000        0.0000000000
     3677.0000000000        0.0000000000        0.0000000000
     3678.0000000000        0.0000000000        0.0000000000
     3679.0000000000        0.0000000000        0.0000000000
     3680.0000000000        0.0000000000        0.0000000000
     3681.0000000000        0.0000000000        0.0000000000
     3682.0000000000        0.0000000000        0.0000000000
     3683.0000000000        0.0000000000        0.0000000000
     3684.0000000000        0.0000000000        0.0000000000
     3685.0000000000        0.0000000000        0.0000000000
     3686.0000000000        0.0000000000        0.0000000000
     3687.0000000000        0.0000000000        0.0000000000
     3688.0000000000        0.0000000000        0.0000000000
     3689.0000000000        0.0000000000        0.0000000000
     3690.0000000000        0.0000000000        0.0000000000
     3691.0000000000        0.0000000000        0.0000000000
     3692.0000000000        0.0000000000        0.0000000000
     3693.0000000000        0.0000000000        0.0000000000
     3694.0000000000        0.0000000000        0.0000000000
     3695.0000000000        0.0000000000        0.0000000000
     3696.0000000000        0.0000000000        0.0000000000
     3697.0000000000        0.0000000000        0.0000000000
     3698.0000000000        0.0000000000        0.0000000000
     3699.0000000000        0.0000000000        0.0000000000
     3700.0000000000        0.0000000000        0.0000000000
     3701.0000000000        0.0000000000        0.0000000000
     3702.0000000000        0.0000000000        0.0000000000
     3703.0000000000        0.0000000000        0.0000000000
     3704.0000000000        0.0000000000        0.0000000000
     3705.0000000000        0.0000000000        0.0000000000
     3706.0000000000        0.0000000000        0.0000000000
     3707.0000000000        0.0000000000        0.0000000000
     3708.0000000000        0.0000000000        0.0000000000
     3709.0000000000        0.0000000000        0.0000000000
     3710.0000000000        0.0000000000        0.0000000000
     3711.0000000000        0.0000000000        0.0000000000
     3712.0000000000        0.0000000000        0.0000000000
     3713.0000000000        0.0000000000        0.0000000000
     3714.0000000000        0.0000000000        0.0000000000
     3715.0000000000        0.0000000000        0.0000000000
     3716.0000000000        0.0000000000        0.0000000000
     3717.0000000000        0.0000000000        0.0000000000
     3718.0000000000        0.0000000000        0.0000000000
     3719.0000000000        0.0000000000        0.0000000000
     3720.0000000000        0.0000000000        0.0000000000
     3721.0000000000        0.0000000000        0.0000000000
     3722.0000000000        0.0000000000        0.0000000000
     3723.0000000000        0.0000000000        0.0000000000
     3724.0000000000        0.0000000000        0.0000000000
     3725.0000000000        0.0000000000        0.0000000000
     3726.0000000000        0.0000000000        0.0000000000
     3727.0000000000        0.0000000000        0.0000000000
     3728.0000000000        0.0000000000        0.0000000000
     3729.0000000000        0.0000000000        0.0000000000
     3730.0000000000        0.0000000000        0.0000000000
     3731.0000000000        0.0000000000        0.0000000000
     3732.0000000000        0.0000000000        0.0000000000
     3733.0000000000        0.0000000000        0.0000000000
     3734.0000000000        0.0000000000        0.0000000000
     3735.0000000000        0.0000000000        0.0000000000
     3736.0000000000        0.0000000000        0.0000000000
     3737.0000000000        0.0000000000        0.0000000000
     3738.0000000000        0.0000000000        0.0000000000
     3739.0000000000        0.0000000000        0.0000000000
     3740.0000000000        0.0000000000        0.0000000000
     3741.0000000000        0.0000000000        0.0000000000
     3742.0000000000        0.0000000000        0.0000000000
     3743.0000000000        0.0000000000        0.0000000000
     3744.0000000000        0.0000000000        0.0000000000
     3745.0000000000        0.0000000000        0.0000000000
     3746.0000000000        0.0000000000        0.0000000000
     3747.0000000000        0.0000000000        0.0000000000
     3748.0000000000        0.0000000000        0.0000000000
     3749.0000000000        0.0000000000        0.0000000000
     3750.0000000000        0.0000000000        0.0000000000
     3751.0000000000        0.0000000000        0.0000000000
     3752.0000000000        0.0000000000        0.0000000000
     3753.0000000000        0.0000000000        0.0000000000
     3754.0000000000        0.0000000000        0.0000000000
     3755.0000000000        0.0000000000        0.0000000000
     3756.0000000000        0.0000000000        0.0000000000
     3757.0000000000        0.0000000000        0.0000000000
     3758.0000000000        0.0000000000        0.0000000000
     3759.0000000000        0.0000000000        0.0000000000
     3760.0000000000        0.0000000000        0.0000000000
     3761.0000000000        0.0000000000        0.0000000000
     3762.0000000000        0.0000000000        0.0000000000
     3763.0000000000        0.0000000000        0.0000000000
     3764.0000000000        0.0000000000        0.0000000000
     3765.0000000000        0.0000000000        0.0000000000
     3766.0000000000        0.0000000000        0.0000000000
     3767.0000000000        0.0000000000        0.0000000000
     3768.0000000000        0.0000000000        0.0000000000
     3769.0000000000        0.0000000000        0.0000000000
     3770.0000000000        0.0000000000        0.0000000000
     3771.0000000000        0.0000000000        0.0000000000
     3772.0000000000        0.0000000000        0.0000000000
     3773.0000000000        0.0000000000        0.0000000000
     3774.0000000000        0.0000000000        0.0000000000
     3775.0000000000        0.0000000000        0.0000000000
     3776.0000000000        0.0000000000        0.0000000000
     3777.0000000000        0.0000000000        0.0000000000
     3778.0000000000        0.0000000000        0.0000000000
     3779.0000000000        0.0000000000        0.0000000000
     3780.0000000000        0.0000000000        0.0000000000
     3781.0000000000        0.0000000000        0.0000000000
     3782.0000000000        0.0000000000        0.0000000000
     3783.0000000000        0.0000000000        0.0000000000
     3784.0000000000        0.0000000000        0.0000000000
     3785.0000000000        0.0000000000        0.0000000000
     3786.0000000000        0.0000000000        0.0000000000
     3787.0000000000        0.0000000000        0.0000000000
     3788.0000000000        0.0000000000        0.0000000000
     3789.0000000000        0.0000000000        0.0000000000
     3790.0000000000        0.0000000000        0.0000000000
     3791.0000000000        0.0000000000        0.0000000000
     3792.0000000000        0.0000000000        0.0000000000
     3793.0000000000        0.0000000000        0.0000000000
     3794.0000000000        0.0000000000        0.0000000000
     3795.0000000000        0.0000000000        0.0000000000
     3796.0000000000        0.0000000000        0.0000000000
     3797.0000000000        0.0000000000        0.0000000000
     3798.0000000000        0.0000000000        0.0000000000
     3799.0000000000        0.0000000000        0.0000000000
     3800.0000000000        0.0000000000        0.0000000000
     3801.0000000000        0.0000000000        0.0000000000
     3802.0000000000        0.0000000000        0.0000000000
     3803.0000000000        0.0000000000        0.0000000000
     3804.0000000000        0.0000000000        0.0000000000
     3805.0000000000        0.0000000000        0.0000000000
     3806.0000000000        0.0000000000        0.0000000000
     3807.0000000000        0.0000000000        0.0000000000
     3808.0000000000        0.0000000000        0.0000000000
     3809.0000000000        0.0000000000        0.0000000000
     3810.0000000000        0.0000000000        0.0000000000
     3811.0000000000        0.0000000000        0.0000000000
     3812.0000000000        0.0000000000        0.0000000000
     3813.0000000000        0.0000000000        0.0000000000
     3814.0000000000        0.0000000000        0.0000000000
     3815.0000000000        0.0000000000        0.0000000000
     3816.0000000000        0.0000000000        0.0000000000
     3817.0000000000        0.0000000000        0.0000000000
     3818.0000000000        0.0000000000        0.0000000000
     3819.0000000000        0.0000000000        0.0000000000
     3820.0000000000        0.0000000000        0.0000000000
     3821.0000000000        0.0000000000        0.0000000000
     3822.0000000000        0.0000000000        0.0000000000
     3823.0000000000        0.0000000000        0.0000000000
     3824.0000000000        0.0000000000        0.0000000000
     3825.0000000000        0.0000000000        0.0000000000
     3826.0000000000        0.0000000000        0.0000000000
     3827.0000000000        0.0000000000        0.0000000000
     3828.0000000000        0.0000000000        0.0000000000
     3829.0000000000        0.0000000000        0.0000000000
     3830.0000000000        0.0000000000        0.0000000000
     3831.0000000000        0.0000000000        0.0000000000
     3832.0000000000        0.0000000000        0.0000000000
     3833.0000000000        0.0000000000        0.0000000000
     3834.0000000000        0.0000000000        0.0000000000
     3835.0000000000        0.0000000000        0.0000000000
     3836.0000000000        0.0000000000        0.0000000000
     3837.0000000000        0.0000000000        0.0000000000
     3838.0000000000        0.0000000000        0.0000000000
     3839.0000000000        0.0000000000        0.0000000000
     3840.0000000000        0.0000000000        0.0000000000
     3841.0000000000        0.0000000000        0.0000000000
     3842.0000000000        0.0000000000        0.0000000000
     3843.0000000000        0.0000000000        0.0000000000
     3844.0000000000        0.0000000000        0.0000000000
     3845.0000000000        0.0000000000        0.0000000000
     3846.0000000000        0.0000000000        0.0000000000
     3847.0000000000        0.0000000000        0.0000000000
     3848.0000000000        0.0000000000        0.0000000000
     3849.0000000000        0.0000000000        0.0000000000
     3850.0000000000        0.0000000000        0.0000000000
     3851.0000000000        0.0000000000        0.0000000000
     3852.0000000000        0.0000000000        0.0000000000
     3853.0000000000        0.0000000000        0.0000000000
     3854.0000000000        0.0000000000        0.0000000000
     3855.0000000000        0.0000000000        0.0000000000
     3856.0000000000        0.0000000000        0.0000000000
     3857.0000000000        0.0000000000        0.0000000000
     3858.0000000000        0.0000000000        0.0000000000
     3859.0000000000        0.0000000000        0.0000000000
     3860.0000000000        0.0000000000        0.0000000000
     3861.0000000000        0.0000000000        0.0000000000
     3862.0000000000        0.0000000000        0.0000000000
     3863.0000000000        0.0000000000        0.0000000000
     3864.0000000000        0.0000000000        0.0000000000
     3865.0000000000        0.0000000000        0.0000000000
     3866.0000000000        0.0000000000        0.0000000000
     3867.0000000000        0.0000000000        0.0000000000
     3868.0000000000        0.0000000000        0.0000000000
     3869.0000000000        0.0000000000        0.0000000000
     3870.0000000000        0.0000000000        0.0000000000
     3871.0000000000        0.0000000000        0.0000000000
     3872.0000000000        0.0000000000        0.0000000000
     3873.0000000000        0.0000000000        0.0000000000
     3874.0000000000        0.0000000000        0.0000000000
     3875.0000000000        0.0000000000        0.0000000000
     3876.0000000000        0.0000000000        0.0000000000
     3877.0000000000        0.0000000000        0.0000000000
     3878.0000000000        0.0000000000        0.0000000000
     3879.0000000000        0.0000000000        0.0000000000
     3880.0000000000        0.0000000000        0.0000000000
     3881.0000000000        0.0000000000        0.0000000000
     3882.0000000000        0.0000000000        0.0000000000
     3883.0000000000        0.0000000000        0.0000000000
     3884.0000000000        0.0000000000        0.0000000000
     3885.0000000000        0.0000000000        0.0000000000
     3886.0000000000        0.0000000000        0.0000000000
     3887.0000000000        0.0000000000        0.0000000000
     3888.0000000000        0.0000000000        0.0000000000
     3889.0000000000        0.0000000000        0.0000000000
     3890.0000000000        0.0000000000        0.0000000000
     3891.0000000000        0.0000000000        0.0000000000
     3892.0000000000        0.0000000000        0.0000000000
     3893.0000000000        0.0000000000        0.0000000000
     3894.0000000000        0.0000000000        0.0000000000
     3895.0000000000        0.0000000000        0.0000000000
     3896.0000000000        0.0000000000        0.0000000000
     3897.0000000000        0.0000000000        0.0000000000
     3898.0000000000        0.0000000000        0.0000000000
     3899.0000000000        0.0000000000        0.0000000000
     3900.0000000000        0.0000000000        0.0000000000
     3901.0000000000        0.0000000000        0.0000000000
     3902.0000000000        0.0000000000        0.0000000000
     3903.0000000000        0.0000000000        0.0000000000
     3904.0000000000        0.0000000000        0.0000000000
     3905.0000000000        0.0000000000        0.0000000000
     3906.0000000000        0.0000000000        0.0000000000
     3907.0000000000        0.0000000000        0.0000000000
     3908.0000000000        0.0000000000        0.0000000000
     3909.0000000000        0.0000000000        0.0000000000
     3910.0000000000        0.0000000000        0.0000000000
     3911.0000000000        0.0000000000        0.0000000000
     3912.0000000000        0.0000000000        0.0000000000
     3913.0000000000        0.0000000000        0.0000000000
     3914.0000000000        0.0000000000        0.0000000000
     3915.0000000000        0.0000000000        0.0000000000
     3916.0000000000        0.0000000000        0.0000000000
     3917.0000000000        0.0000000000        0.0000000000
     3918.0000000000        0.0000000000        0.0000000000
     3919.0000000000        0.0000000000        0.0000000000
     3920.0000000000        0.0000000000        0.0000000000
     3921.0000000000        0.0000000000        0.0000000000
     3922.0000000000        0.0000000000        0.0000000000
     3923.0000000000        0.0000000000        0.0000000000
     3924.0000000000        0.0000000000        0.0000000000
     3925.0000000000        0.0000000000        0.0000000000
     3926.0000000000        0.0000000000        0.0000000000
     3927.0000000000        0.0000000000        0.0000000000
     3928.0000000000        0.0000000000        0.0000000000
     3929.0000000000        0.0000000000        0.0000000000
     3930.0000000000        0.0000000000        0.0000000000
     3931.0000000000        0.0000000000        0.0000000000
     3932.0000000000        0.0000000000        0.0000000000
     3933.0000000000        0.0000000000        0.0000000000
     3934.0000000000        0.0000000000        0.0000000000
     3935.0000000000        0.0000000000        0.0000000000
     3936.0000000000        0.0000000000        0.0000000000
     3937.0000000000        0.0000000000        0.0000000000
     3938.0000000000        0.0000000000        0.0000000000
     3939.0000000000        0.0000000000        0.0000000000
     3940.0000000000        0.0000000000        0.0000000000
     3941.0000000000        0.0000000000        0.0000000000
     3942.0000000000        0.0000000000        0.0000000000
     3943.0000000000        0.0000000000        0.0000000000
     3944.0000000000        0.0000000000        0.0000000000
     3945.0000000000        0.0000000000        0.0000000000
     3946.0000000000        0.0000000000        0.0000000000
     3947.0000000000        0.0000000000        0.0000000000
     3948.0000000000        0.0000000000        0.0000000000
     3949.0000000000        0.0000000000        0.0000000000
     3950.0000000000        0.0000000000        0.0000000000
     3951.0000000000        0.0000000000        0.0000000000
     3952.0000000000        0.0000000000        0.0000000000
     3953.0000000000        0.0000000000        0.0000000000
     3954.0000000000        0.0000000000        0.0000000000
     3955.0000000000        0.0000000000        0.0000000000
     3956.0000000000        0.0000000000        0.0000000000
     3957.0000000000        0.0000000000        0.0000000000
     3958.0000000000        0.0000000000        0.0000000000
     3959.0000000000        0.0000000000        0.0000000000
     3960.0000000000        0.0000000000        0.0000000000
     3961.0000000000        0.0000000000        0.0000000000
     3962.0000000000        0.0000000000        0.0000000000
     3963.0000000000        0.0000000000        0.0000000000
     3964.0000000000        0.0000000000        0.0000000000
     3965.0000000000        0.0000000000        0.0000000000
     3966.0000000000        0.0000000000        0.0000000000
     3967.0000000000        0.0000000000        0.0000000000
     3968.0000000000        0.0000000000        0.0000000000
     3969.0000000000        0.0000000000        0.0000000000
     3970.0000000000        0.0000000000        0.0000000000
     3971.0000000000        0.0000000000        0.0000000000
     3972.0000000000        0.0000000000        0.0000000000
     3973.0000000000        0.0000000000        0.0000000000
     3974.0000000000        0.0000000000        0.0000000000
     3975.0000000000        0.0000000000        0.0000000000
     3976.0000000000        0.0000000000        0.0000000000
     3977.0000000000        0.0000000000        0.0000000000
     3978.0000000000        0.0000000000        0.0000000000
     3979.0000000000        0.0000000000        0.0000000000
     3980.0000000000        0.0000000000        0.0000000000
     3981.0000000000        0.0000000000        0.0000000000
     3982.0000000000        0.0000000000        0.0000000000
     3983.0000000000        0.0000000000        0.0000000000
     3984.0000000000        0.0000000000        0.0000000000
     3985.0000000000        0.0000000000        0.0000000000
     3986.0000000000        0.0000000000        0.0000000000
     3987.0000000000        0.0000000000        0.0000000000
     3988.0000000000        0.0000000000        0.0000000000
     3989.0000000000        0.0000000000        0.0000000000
     3990.0000000000        0.0000000000        0.0000000000
     3991.0000000000        0.0000000000        0.0000000000
     3992.0000000000        0.0000000000        0.0000000000
     3993.0000000000        0.0000000000        0.0000000000
     3994.0000000000        0.0000000000        0.0000000000
     3995.0000000000        0.0000000000        0.0000000000
     3996.0000000000        0.0000000000        0.0000000000
     3997.0000000000        0.0000000000        0.0000000000
     3998.0000000000        0.0000000000        0.0000000000
     3999.0000000000        0.0000000000        0.0000000000
