# Raman Activity Spectrum
# X-Axis:  Frequency (cm-1)
# Y-Axis:  Intensity

# Peak information
#                  X                   Y
#     523.1541000000        1.5836000000
#    1108.3310000000        3.0463000000
#    1129.9044000000        6.1457000000
#    1189.0581000000        1.4367000000
#    1286.1878000000        9.3620000000
#    1476.7033000000        4.4887000000
#    1555.2307000000        6.5585000000
#    3110.5205000000      104.0490000000
#    3191.6582000000       49.6419000000

# Spectra
#                  X                   Y               DY/DX
        0.0000000000        0.0000000000        0.0000000000
        1.0000000000        0.0000000000        0.0000000000
        2.0000000000        0.0000000000        0.0000000000
        3.0000000000        0.0000000000        0.0000000000
        4.0000000000        0.0000000000        0.0000000000
        5.0000000000        0.0000000000        0.0000000000
        6.0000000000        0.0000000000        0.0000000000
        7.0000000000        0.0000000000        0.0000000000
        8.0000000000        0.0000000000        0.0000000000
        9.0000000000        0.0000000000        0.0000000000
       10.0000000000        0.0000000000        0.0000000000
       11.0000000000        0.0000000000        0.0000000000
       12.0000000000        0.0000000000        0.0000000000
       13.0000000000        0.0000000000        0.0000000000
       14.0000000000        0.0000000000        0.0000000000
       15.0000000000        0.0000000000        0.0000000000
       16.0000000000        0.0000000000        0.0000000000
       17.0000000000        0.0000000000        0.0000000000
       18.0000000000        0.0000000000        0.0000000000
       19.0000000000        0.0000000000        0.0000000000
       20.0000000000        0.0000000000        0.0000000000
       21.0000000000        0.0000000000        0.0000000000
       22.0000000000        0.0000000000        0.0000000000
       23.0000000000        0.0000000000        0.0000000000
       24.0000000000        0.0000000000        0.0000000000
       25.0000000000        0.0000000000        0.0000000000
       26.0000000000        0.0000000000        0.0000000000
       27.0000000000        0.0000000000        0.0000000000
       28.0000000000        0.0000000000        0.0000000000
       29.0000000000        0.0000000000        0.0000000000
       30.0000000000        0.0000000000        0.0000000000
       31.0000000000        0.0000000000        0.0000000000
       32.0000000000        0.0000000000        0.0000000000
       33.0000000000        0.0000000000        0.0000000000
       34.0000000000        0.0000000000        0.0000000000
       35.0000000000        0.0000000000        0.0000000000
       36.0000000000        0.0000000000        0.0000000000
       37.0000000000        0.0000000000        0.0000000000
       38.0000000000        0.0000000000        0.0000000000
       39.0000000000        0.0000000000        0.0000000000
       40.0000000000        0.0000000000        0.0000000000
       41.0000000000        0.0000000000        0.0000000000
       42.0000000000        0.0000000000        0.0000000000
       43.0000000000        0.0000000000        0.0000000000
       44.0000000000        0.0000000000        0.0000000000
       45.0000000000        0.0000000000        0.0000000000
       46.0000000000        0.0000000000        0.0000000000
       47.0000000000        0.0000000000        0.0000000000
       48.0000000000        0.0000000000        0.0000000000
       49.0000000000        0.0000000000        0.0000000000
       50.0000000000        0.0000000000        0.0000000000
       51.0000000000        0.0000000000        0.0000000000
       52.0000000000        0.0000000000        0.0000000000
       53.0000000000        0.0000000000        0.0000000000
       54.0000000000        0.0000000000        0.0000000000
       55.0000000000        0.0000000000        0.0000000000
       56.0000000000        0.0000000000        0.0000000000
       57.0000000000        0.0000000000        0.0000000000
       58.0000000000        0.0000000000        0.0000000000
       59.0000000000        0.0000000000        0.0000000000
       60.0000000000        0.0000000000        0.0000000000
       61.0000000000        0.0000000000        0.0000000000
       62.0000000000        0.0000000000        0.0000000000
       63.0000000000        0.0000000000        0.0000000000
       64.0000000000        0.0000000000        0.0000000000
       65.0000000000        0.0000000000        0.0000000000
       66.0000000000        0.0000000000        0.0000000000
       67.0000000000        0.0000000000        0.0000000000
       68.0000000000        0.0000000000        0.0000000000
       69.0000000000        0.0000000000        0.0000000000
       70.0000000000        0.0000000000        0.0000000000
       71.0000000000        0.0000000000        0.0000000000
       72.0000000000        0.0000000000        0.0000000000
       73.0000000000        0.0000000000        0.0000000000
       74.0000000000        0.0000000000        0.0000000000
       75.0000000000        0.0000000000        0.0000000000
       76.0000000000        0.0000000000        0.0000000000
       77.0000000000        0.0000000000        0.0000000000
       78.0000000000        0.0000000000        0.0000000000
       79.0000000000        0.0000000000        0.0000000000
       80.0000000000        0.0000000000        0.0000000000
       81.0000000000        0.0000000000        0.0000000000
       82.0000000000        0.0000000000        0.0000000000
       83.0000000000        0.0000000000        0.0000000000
       84.0000000000        0.0000000000        0.0000000000
       85.0000000000        0.0000000000        0.0000000000
       86.0000000000        0.0000000000        0.0000000000
       87.0000000000        0.0000000000        0.0000000000
       88.0000000000        0.0000000000        0.0000000000
       89.0000000000        0.0000000000        0.0000000000
       90.0000000000        0.0000000000        0.0000000000
       91.0000000000        0.0000000000        0.0000000000
       92.0000000000        0.0000000000        0.0000000000
       93.0000000000        0.0000000000        0.0000000000
       94.0000000000        0.0000000000        0.0000000000
       95.0000000000        0.0000000000        0.0000000000
       96.0000000000        0.0000000000        0.0000000000
       97.0000000000        0.0000000000        0.0000000000
       98.0000000000        0.0000000000        0.0000000000
       99.0000000000        0.0000000000        0.0000000000
      100.0000000000        0.0000000000        0.0000000000
      101.0000000000        0.0000000000        0.0000000000
      102.0000000000        0.0000000000        0.0000000000
      103.0000000000        0.0000000000        0.0000000000
      104.0000000000        0.0000000000        0.0000000000
      105.0000000000        0.0000000000        0.0000000000
      106.0000000000        0.0000000000        0.0000000000
      107.0000000000        0.0000000000        0.0000000000
      108.0000000000        0.0000000000        0.0000000000
      109.0000000000        0.0000000000        0.0000000000
      110.0000000000        0.0000000000        0.0000000000
      111.0000000000        0.0000000000        0.0000000000
      112.0000000000        0.0000000000        0.0000000000
      113.0000000000        0.0000000000        0.0000000000
      114.0000000000        0.0000000000        0.0000000000
      115.0000000000        0.0000000000        0.0000000000
      116.0000000000        0.0000000000        0.0000000000
      117.0000000000        0.0000000000        0.0000000000
      118.0000000000        0.0000000000        0.0000000000
      119.0000000000        0.0000000000        0.0000000000
      120.0000000000        0.0000000000        0.0000000000
      121.0000000000        0.0000000000        0.0000000000
      122.0000000000        0.0000000000        0.0000000000
      123.0000000000        0.0000000000        0.0000000000
      124.0000000000        0.0000000000        0.0000000000
      125.0000000000        0.0000000000        0.0000000000
      126.0000000000        0.0000000000        0.0000000000
      127.0000000000        0.0000000000        0.0000000000
      128.0000000000        0.0000000000        0.0000000000
      129.0000000000        0.0000000000        0.0000000000
      130.0000000000        0.0000000000        0.0000000000
      131.0000000000        0.0000000000        0.0000000000
      132.0000000000        0.0000000000        0.0000000000
      133.0000000000        0.0000000000        0.0000000000
      134.0000000000        0.0000000000        0.0000000000
      135.0000000000        0.0000000000        0.0000000000
      136.0000000000        0.0000000000        0.0000000000
      137.0000000000        0.0000000000        0.0000000000
      138.0000000000        0.0000000000        0.0000000000
      139.0000000000        0.0000000000        0.0000000000
      140.0000000000        0.0000000000        0.0000000000
      141.0000000000        0.0000000000        0.0000000000
      142.0000000000        0.0000000000        0.0000000000
      143.0000000000        0.0000000000        0.0000000000
      144.0000000000        0.0000000000        0.0000000000
      145.0000000000        0.0000000000        0.0000000000
      146.0000000000        0.0000000000        0.0000000000
      147.0000000000        0.0000000000        0.0000000000
      148.0000000000        0.0000000000        0.0000000000
      149.0000000000        0.0000000000        0.0000000000
      150.0000000000        0.0000000000        0.0000000000
      151.0000000000        0.0000000000        0.0000000000
      152.0000000000        0.0000000000        0.0000000000
      153.0000000000        0.0000000000        0.0000000000
      154.0000000000        0.0000000000        0.0000000000
      155.0000000000        0.0000000000        0.0000000000
      156.0000000000        0.0000000000        0.0000000000
      157.0000000000        0.0000000000        0.0000000000
      158.0000000000        0.0000000000        0.0000000000
      159.0000000000        0.0000000000        0.0000000000
      160.0000000000        0.0000000000        0.0000000000
      161.0000000000        0.0000000000        0.0000000000
      162.0000000000        0.0000000000        0.0000000000
      163.0000000000        0.0000000000        0.0000000000
      164.0000000000        0.0000000000        0.0000000000
      165.0000000000        0.0000000000        0.0000000000
      166.0000000000        0.0000000000        0.0000000000
      167.0000000000        0.0000000000        0.0000000000
      168.0000000000        0.0000000000        0.0000000000
      169.0000000000        0.0000000000        0.0000000000
      170.0000000000        0.0000000000        0.0000000000
      171.0000000000        0.0000000000        0.0000000000
      172.0000000000        0.0000000000        0.0000000000
      173.0000000000        0.0000000000        0.0000000000
      174.0000000000        0.0000000000        0.0000000000
      175.0000000000        0.0000000000        0.0000000000
      176.0000000000        0.0000000000        0.0000000000
      177.0000000000        0.0000000000        0.0000000000
      178.0000000000        0.0000000000        0.0000000000
      179.0000000000        0.0000000000        0.0000000000
      180.0000000000        0.0000000000        0.0000000000
      181.0000000000        0.0000000000        0.0000000000
      182.0000000000        0.0000000000        0.0000000000
      183.0000000000        0.0000000000        0.0000000000
      184.0000000000        0.0000000000        0.0000000000
      185.0000000000        0.0000000000        0.0000000000
      186.0000000000        0.0000000000        0.0000000000
      187.0000000000        0.0000000000        0.0000000000
      188.0000000000        0.0000000000        0.0000000000
      189.0000000000        0.0000000000        0.0000000000
      190.0000000000        0.0000000000        0.0000000000
      191.0000000000        0.0000000000        0.0000000000
      192.0000000000        0.0000000000        0.0000000000
      193.0000000000        0.0000000000        0.0000000000
      194.0000000000        0.0000000000        0.0000000000
      195.0000000000        0.0000000000        0.0000000000
      196.0000000000        0.0000000000        0.0000000000
      197.0000000000        0.0000000000        0.0000000000
      198.0000000000        0.0000000000        0.0000000000
      199.0000000000        0.0000000000        0.0000000000
      200.0000000000        0.0000000000        0.0000000000
      201.0000000000        0.0000000000        0.0000000000
      202.0000000000        0.0000000000        0.0000000000
      203.0000000000        0.0000000000        0.0000000000
      204.0000000000        0.0000000000        0.0000000000
      205.0000000000        0.0000000000        0.0000000000
      206.0000000000        0.0000000000        0.0000000000
      207.0000000000        0.0000000000        0.0000000000
      208.0000000000        0.0000000000        0.0000000000
      209.0000000000        0.0000000000        0.0000000000
      210.0000000000        0.0000000000        0.0000000000
      211.0000000000        0.0000000000        0.0000000000
      212.0000000000        0.0000000000        0.0000000000
      213.0000000000        0.0000000000        0.0000000000
      214.0000000000        0.0000000000        0.0000000000
      215.0000000000        0.0000000000        0.0000000000
      216.0000000000        0.0000000000        0.0000000000
      217.0000000000        0.0000000000        0.0000000000
      218.0000000000        0.0000000000        0.0000000000
      219.0000000000        0.0000000000        0.0000000000
      220.0000000000        0.0000000000        0.0000000000
      221.0000000000        0.0000000000        0.0000000000
      222.0000000000        0.0000000000        0.0000000000
      223.0000000000        0.0000000000        0.0000000000
      224.0000000000        0.0000000000        0.0000000000
      225.0000000000        0.0000000000        0.0000000000
      226.0000000000        0.0000000000        0.0000000000
      227.0000000000        0.0000000000        0.0000000000
      228.0000000000        0.0000000000        0.0000000000
      229.0000000000        0.0000000000        0.0000000000
      230.0000000000        0.0000000000        0.0000000000
      231.0000000000        0.0000000000        0.0000000000
      232.0000000000        0.0000000000        0.0000000000
      233.0000000000        0.0000000000        0.0000000000
      234.0000000000        0.0000000000        0.0000000000
      235.0000000000        0.0000000000        0.0000000000
      236.0000000000        0.0000000000        0.0000000000
      237.0000000000        0.0000000000        0.0000000000
      238.0000000000        0.0000000000        0.0000000000
      239.0000000000        0.0000000000        0.0000000000
      240.0000000000        0.0000000000        0.0000000000
      241.0000000000        0.0000000000        0.0000000000
      242.0000000000        0.0000000000        0.0000000000
      243.0000000000        0.0000000000        0.0000000000
      244.0000000000        0.0000000000        0.0000000000
      245.0000000000        0.0000000000        0.0000000000
      246.0000000000        0.0000000000        0.0000000000
      247.0000000000        0.0000000000        0.0000000000
      248.0000000000        0.0000000000        0.0000000000
      249.0000000000        0.0000000000        0.0000000000
      250.0000000000        0.0000000000        0.0000000000
      251.0000000000        0.0000000000        0.0000000000
      252.0000000000        0.0000000000        0.0000000000
      253.0000000000        0.0000000000        0.0000000000
      254.0000000000        0.0000000000        0.0000000000
      255.0000000000        0.0000000000        0.0000000000
      256.0000000000        0.0000000000        0.0000000000
      257.0000000000        0.0000000000        0.0000000000
      258.0000000000        0.0000000000        0.0000000000
      259.0000000000        0.0000000000        0.0000000000
      260.0000000000        0.0000000000        0.0000000000
      261.0000000000        0.0000000000        0.0000000000
      262.0000000000        0.0000000000        0.0000000000
      263.0000000000        0.0000000000        0.0000000000
      264.0000000000        0.0000000000        0.0000000000
      265.0000000000        0.0000000000        0.0000000000
      266.0000000000        0.0000000000        0.0000000000
      267.0000000000        0.0000000000        0.0000000000
      268.0000000000        0.0000000000        0.0000000000
      269.0000000000        0.0000000000        0.0000000000
      270.0000000000        0.0000000000        0.0000000000
      271.0000000000        0.0000000000        0.0000000000
      272.0000000000        0.0000000000        0.0000000000
      273.0000000000        0.0000000000        0.0000000000
      274.0000000000        0.0000000000        0.0000000000
      275.0000000000        0.0000000000        0.0000000000
      276.0000000000        0.0000000000        0.0000000000
      277.0000000000        0.0000000000        0.0000000000
      278.0000000000        0.0000000000        0.0000000000
      279.0000000000        0.0000000000        0.0000000000
      280.0000000000        0.0000000000        0.0000000000
      281.0000000000        0.0000000000        0.0000000000
      282.0000000000        0.0000000000        0.0000000000
      283.0000000000        0.0000000000        0.0000000000
      284.0000000000        0.0000000000        0.0000000000
      285.0000000000        0.0000000000        0.0000000000
      286.0000000000        0.0000000000        0.0000000000
      287.0000000000        0.0000000000        0.0000000000
      288.0000000000        0.0000000000        0.0000000000
      289.0000000000        0.0000000000        0.0000000000
      290.0000000000        0.0000000000        0.0000000000
      291.0000000000        0.0000000000        0.0000000000
      292.0000000000        0.0000000000        0.0000000000
      293.0000000000        0.0000000000        0.0000000000
      294.0000000000        0.0000000000        0.0000000000
      295.0000000000        0.0000000000        0.0000000000
      296.0000000000        0.0000000000        0.0000000000
      297.0000000000        0.0000000000        0.0000000000
      298.0000000000        0.0000000000        0.0000000000
      299.0000000000        0.0000000000        0.0000000000
      300.0000000000        0.0000000000        0.0000000000
      301.0000000000        0.0000000000        0.0000000000
      302.0000000000        0.0000000000        0.0000000000
      303.0000000000        0.0000000000        0.0000000000
      304.0000000000        0.0000000000        0.0000000000
      305.0000000000        0.0000000000        0.0000000000
      306.0000000000        0.0000000000        0.0000000000
      307.0000000000        0.0000000000        0.0000000000
      308.0000000000        0.0000000000        0.0000000000
      309.0000000000        0.0000000000        0.0000000000
      310.0000000000        0.0000000000        0.0000000000
      311.0000000000        0.0000000000        0.0000000000
      312.0000000000        0.0000000000        0.0000000000
      313.0000000000        0.0000000000        0.0000000000
      314.0000000000        0.0000000000        0.0000000000
      315.0000000000        0.0000000000        0.0000000000
      316.0000000000        0.0000000000        0.0000000000
      317.0000000000        0.0000000000        0.0000000000
      318.0000000000        0.0000000000        0.0000000000
      319.0000000000        0.0000000000        0.0000000000
      320.0000000000        0.0000000000        0.0000000000
      321.0000000000        0.0000000000        0.0000000000
      322.0000000000        0.0000000000        0.0000000000
      323.0000000000        0.0000000000        0.0000000000
      324.0000000000        0.0000000000        0.0000000000
      325.0000000000        0.0000000000        0.0000000000
      326.0000000000        0.0000000000        0.0000000000
      327.0000000000        0.0000000000        0.0000000000
      328.0000000000        0.0000000000        0.0000000000
      329.0000000000        0.0000000000        0.0000000000
      330.0000000000        0.0000000000        0.0000000000
      331.0000000000        0.0000000000        0.0000000000
      332.0000000000        0.0000000000        0.0000000000
      333.0000000000        0.0000000000        0.0000000000
      334.0000000000        0.0000000000        0.0000000000
      335.0000000000        0.0000000000        0.0000000000
      336.0000000000        0.0000000000        0.0000000000
      337.0000000000        0.0000000000        0.0000000000
      338.0000000000        0.0000000000        0.0000000000
      339.0000000000        0.0000000000        0.0000000000
      340.0000000000        0.0000000000        0.0000000000
      341.0000000000        0.0000000000        0.0000000000
      342.0000000000        0.0000000000        0.0000000000
      343.0000000000        0.0000000000        0.0000000000
      344.0000000000        0.0000000000        0.0000000000
      345.0000000000        0.0000000000        0.0000000000
      346.0000000000        0.0000000000        0.0000000000
      347.0000000000        0.0000000000        0.0000000000
      348.0000000000        0.0000000000        0.0000000000
      349.0000000000        0.0000000000        0.0000000000
      350.0000000000        0.0000000000        0.0000000000
      351.0000000000        0.0000000000        0.0000000000
      352.0000000000        0.0000000000        0.0000000000
      353.0000000000        0.0000000000        0.0000000000
      354.0000000000        0.0000000000        0.0000000000
      355.0000000000        0.0000000000        0.0000000000
      356.0000000000        0.0000000000        0.0000000000
      357.0000000000        0.0000000000        0.0000000000
      358.0000000000        0.0000000000        0.0000000000
      359.0000000000        0.0000000000        0.0000000000
      360.0000000000        0.0000000000        0.0000000000
      361.0000000000        0.0000000000        0.0000000000
      362.0000000000        0.0000000000        0.0000000000
      363.0000000000        0.0000000000        0.0000000000
      364.0000000000        0.0000795510        0.0000009990
      365.0000000000        0.0000805595        0.0000010181
      366.0000000000        0.0000815874        0.0000010376
      367.0000000000        0.0000826350        0.0000010577
      368.0000000000        0.0000837029        0.0000010782
      369.0000000000        0.0000847917        0.0000010993
      370.0000000000        0.0000859018        0.0000011210
      371.0000000000        0.0000870339        0.0000011432
      372.0000000000        0.0000881885        0.0000011661
      373.0000000000        0.0000893662        0.0000011895
      374.0000000000        0.0000905676        0.0000012135
      375.0000000000        0.0000917935        0.0000012383
      376.0000000000        0.0000930444        0.0000012637
      377.0000000000        0.0000943210        0.0000012897
      378.0000000000        0.0000956241        0.0000013166
      379.0000000000        0.0000969544        0.0000013441
      380.0000000000        0.0000983126        0.0000013724
      381.0000000000        0.0000996995        0.0000014016
      382.0000000000        0.0001011160        0.0000014316
      383.0000000000        0.0001025629        0.0000014624
      384.0000000000        0.0001040411        0.0000014941
      385.0000000000        0.0001055514        0.0000015267
      386.0000000000        0.0001070949        0.0000015603
      387.0000000000        0.0001086725        0.0000015949
      388.0000000000        0.0001102851        0.0000016306
      389.0000000000        0.0001119339        0.0000016673
      390.0000000000        0.0001136200        0.0000017051
      391.0000000000        0.0001153444        0.0000017440
      392.0000000000        0.0001171084        0.0000017842
      393.0000000000        0.0001189132        0.0000018255
      394.0000000000        0.0001207599        0.0000018682
      395.0000000000        0.0001226500        0.0000019122
      396.0000000000        0.0001245849        0.0000019577
      397.0000000000        0.0001265658        0.0000020045
      398.0000000000        0.0001285944        0.0000020529
      399.0000000000        0.0001306721        0.0000021028
      400.0000000000        0.0001328006        0.0000021544
      401.0000000000        0.0001349814        0.0000022077
      402.0000000000        0.0001372165        0.0000022627
      403.0000000000        0.0001395074        0.0000023196
      404.0000000000        0.0001418563        0.0000023784
      405.0000000000        0.0001442649        0.0000024392
      406.0000000000        0.0001467353        0.0000025021
      407.0000000000        0.0001492697        0.0000025672
      408.0000000000        0.0001518704        0.0000026345
      409.0000000000        0.0001545396        0.0000027042
      410.0000000000        0.0001572797        0.0000027765
      411.0000000000        0.0001600933        0.0000028513
      412.0000000000        0.0001629831        0.0000029288
      413.0000000000        0.0001659518        0.0000030091
      414.0000000000        0.0001690023        0.0000030924
      415.0000000000        0.0001721377        0.0000031788
      416.0000000000        0.0001753611        0.0000032685
      417.0000000000        0.0001786759        0.0000033616
      418.0000000000        0.0001820854        0.0000034582
      419.0000000000        0.0001855935        0.0000035586
      420.0000000000        0.0001892039        0.0000036629
      421.0000000000        0.0001929206        0.0000037713
      422.0000000000        0.0001967479        0.0000038840
      423.0000000000        0.0002006901        0.0000040012
      424.0000000000        0.0002047520        0.0000041233
      425.0000000000        0.0002089383        0.0000042503
      426.0000000000        0.0002132543        0.0000043826
      427.0000000000        0.0002177053        0.0000045204
      428.0000000000        0.0002222971        0.0000046641
      429.0000000000        0.0002270356        0.0000048140
      430.0000000000        0.0002319272        0.0000049703
      431.0000000000        0.0002369784        0.0000051334
      432.0000000000        0.0002421964        0.0000053038
      433.0000000000        0.0002475885        0.0000054818
      434.0000000000        0.0002531626        0.0000056678
      435.0000000000        0.0002589270        0.0000058623
      436.0000000000        0.0002648903        0.0000060659
      437.0000000000        0.0002710619        0.0000062790
      438.0000000000        0.0002774516        0.0000065021
      439.0000000000        0.0002840697        0.0000067360
      440.0000000000        0.0002909273        0.0000069812
      441.0000000000        0.0002980361        0.0000072384
      442.0000000000        0.0003054083        0.0000075084
      443.0000000000        0.0003130574        0.0000077920
      444.0000000000        0.0003209971        0.0000080900
      445.0000000000        0.0003292425        0.0000084035
      446.0000000000        0.0003378095        0.0000087333
      447.0000000000        0.0003467149        0.0000090806
      448.0000000000        0.0003559768        0.0000094465
      449.0000000000        0.0003656145        0.0000098323
      450.0000000000        0.0003756486        0.0000102394
      451.0000000000        0.0003861010        0.0000106693
      452.0000000000        0.0003969954        0.0000111236
      453.0000000000        0.0004083569        0.0000116040
      454.0000000000        0.0004202127        0.0000121124
      455.0000000000        0.0004325918        0.0000126509
      456.0000000000        0.0004455254        0.0000132218
      457.0000000000        0.0004590470        0.0000138276
      458.0000000000        0.0004731930        0.0000144708
      459.0000000000        0.0004880021        0.0000151545
      460.0000000000        0.0005035166        0.0000158819
      461.0000000000        0.0005197818        0.0000166566
      462.0000000000        0.0005368468        0.0000174824
      463.0000000000        0.0005547650        0.0000183636
      464.0000000000        0.0005735941        0.0000193049
      465.0000000000        0.0005933967        0.0000203116
      466.0000000000        0.0006142410        0.0000213894
      467.0000000000        0.0006362014        0.0000225447
      468.0000000000        0.0006593587        0.0000237846
      469.0000000000        0.0006838013        0.0000251169
      470.0000000000        0.0007096261        0.0000265504
      471.0000000000        0.0007369390        0.0000280948
      472.0000000000        0.0007658564        0.0000297611
      473.0000000000        0.0007965060        0.0000315616
      474.0000000000        0.0008290288        0.0000335099
      475.0000000000        0.0008635802        0.0000356216
      476.0000000000        0.0009003322        0.0000379140
      477.0000000000        0.0009394750        0.0000404069
      478.0000000000        0.0009812201        0.0000431226
      479.0000000000        0.0010258028        0.0000460864
      480.0000000000        0.0010734854        0.0000493275
      481.0000000000        0.0011245611        0.0000528786
      482.0000000000        0.0011793586        0.0000567779
      483.0000000000        0.0012382473        0.0000610688
      484.0000000000        0.0013016433        0.0000658015
      485.0000000000        0.0013700168        0.0000710342
      486.0000000000        0.0014439007        0.0000768344
      487.0000000000        0.0015239009        0.0000832809
      488.0000000000        0.0016107084        0.0000904658
      489.0000000000        0.0017051144        0.0000984973
      490.0000000000        0.0018080276        0.0001075033
      491.0000000000        0.0019204960        0.0001176353
      492.0000000000        0.0020437332        0.0001290738
      493.0000000000        0.0021791506        0.0001420350
      494.0000000000        0.0023283969        0.0001567791
      495.0000000000        0.0024934073        0.0001736211
      496.0000000000        0.0026764653        0.0001929448
      497.0000000000        0.0028802796        0.0002152204
      498.0000000000        0.0031080820        0.0002410283
      499.0000000000        0.0033637521        0.0002710898
      500.0000000000        0.0036519780        0.0003063082
      501.0000000000        0.0039784642        0.0003478239
      502.0000000000        0.0043502045        0.0003970894
      503.0000000000        0.0047758424        0.0004559716
      504.0000000000        0.0052661527        0.0005268937
      505.0000000000        0.0058346913        0.0006130344
      506.0000000000        0.0064986840        0.0007186098
      507.0000000000        0.0072802532        0.0008492785
      508.0000000000        0.0082081370        0.0010127301
      509.0000000000        0.0093201243        0.0012195512
      510.0000000000        0.0106665526        0.0014845119
      511.0000000000        0.0123153903        0.0018284940
      512.0000000000        0.0143596999        0.0022813906
      513.0000000000        0.0169286722        0.0028864339
      514.0000000000        0.0202039249        0.0037064789
      515.0000000000        0.0244431823        0.0048324338
      516.0000000000        0.0300129164        0.0063921328
      517.0000000000        0.0374269882        0.0085508383
      518.0000000000        0.0473702370        0.0114719789
      519.0000000000        0.0606287284        0.0151463591
      520.0000000000        0.0777044548        0.0188904228
      521.0000000000        0.0976883625        0.0203904074
      522.0000000000        0.1163344294        0.0154929583
      523.0000000000        0.1258321270        0.0024202493
      524.0000000000        0.1206243604       -0.0122085323
      525.0000000000        0.1038937554       -0.0197633901
      526.0000000000        0.0836669513       -0.0197606810
      527.0000000000        0.0654836032       -0.0163582751
      528.0000000000        0.0510679298       -0.0125356061
      529.0000000000        0.0401857569       -0.0093641869
      530.0000000000        0.0320728378       -0.0069852139
      531.0000000000        0.0259972966       -0.0052598521
      532.0000000000        0.0213931383       -0.0040157383
      533.0000000000        0.0178525851       -0.0031126625
      534.0000000000        0.0150882933       -0.0024491772
      535.0000000000        0.0128981140       -0.0019547664
      536.0000000000        0.0111387356       -0.0015809230
      537.0000000000        0.0097073437       -0.0012941851
      538.0000000000        0.0085291699       -0.0010712589
      539.0000000000        0.0075490768       -0.0008957338
      540.0000000000        0.0067258420       -0.0007558958
      541.0000000000        0.0060282390       -0.0006432707
      542.0000000000        0.0054323175       -0.0005516474
      543.0000000000        0.0049194930       -0.0004764155
      544.0000000000        0.0044751864       -0.0004141115
      545.0000000000        0.0040878446       -0.0003621038
      546.0000000000        0.0037482253       -0.0003183714
      547.0000000000        0.0034488697       -0.0002813466
      548.0000000000        0.0031837083       -0.0002498019
      549.0000000000        0.0029477647       -0.0002227674
      550.0000000000        0.0027369292       -0.0001994709
      551.0000000000        0.0025477850       -0.0001792921
      552.0000000000        0.0023774738       -0.0001617298
      553.0000000000        0.0022235902       -0.0001463756
      554.0000000000        0.0020840988       -0.0001328949
      555.0000000000        0.0019572683       -0.0001210121
      556.0000000000        0.0018416188       -0.0001104982
      557.0000000000        0.0017358796       -0.0001011625
      558.0000000000        0.0016389546       -0.0000928453
      559.0000000000        0.0015498946       -0.0000854119
      560.0000000000        0.0014678744       -0.0000787483
      561.0000000000        0.0013921737       -0.0000727579
      562.0000000000        0.0013221619       -0.0000673579
      563.0000000000        0.0012572847       -0.0000624777
      564.0000000000        0.0011970536       -0.0000580564
      565.0000000000        0.0011410366       -0.0000540414
      566.0000000000        0.0010888506       -0.0000503872
      567.0000000000        0.0010401551       -0.0000470543
      568.0000000000        0.0009946464       -0.0000440083
      569.0000000000        0.0009520530       -0.0000412190
      570.0000000000        0.0009121317       -0.0000386599
      571.0000000000        0.0008746641       -0.0000363080
      572.0000000000        0.0008394536       -0.0000341425
      573.0000000000        0.0008063229       -0.0000321456
      574.0000000000        0.0007751116       -0.0000303011
      575.0000000000        0.0007456746       -0.0000285948
      576.0000000000        0.0007178801       -0.0000270140
      577.0000000000        0.0006916085       -0.0000255475
      578.0000000000        0.0006667505       -0.0000241850
      579.0000000000        0.0006432069       -0.0000229175
      580.0000000000        0.0006208866       -0.0000217369
      581.0000000000        0.0005997065       -0.0000206360
      582.0000000000        0.0005795904       -0.0000196080
      583.0000000000        0.0005604682       -0.0000186471
      584.0000000000        0.0005422757       -0.0000177479
      585.0000000000        0.0005249535       -0.0000169055
      586.0000000000        0.0005084473       -0.0000161155
      587.0000000000        0.0004927065       -0.0000153739
      588.0000000000        0.0004776846       -0.0000146771
      589.0000000000        0.0004633385       -0.0000140217
      590.0000000000        0.0004496284       -0.0000134047
      591.0000000000        0.0004365173       -0.0000128233
      592.0000000000        0.0004239707       -0.0000122751
      593.0000000000        0.0004119569       -0.0000117576
      594.0000000000        0.0004004460       -0.0000112688
      595.0000000000        0.0003894104       -0.0000108067
      596.0000000000        0.0003788244       -0.0000103694
      597.0000000000        0.0003686638       -0.0000099555
      598.0000000000        0.0003589062       -0.0000095632
      599.0000000000        0.0003495306       -0.0000091913
      600.0000000000        0.0003405172       -0.0000088384
      601.0000000000        0.0003318478       -0.0000085033
      602.0000000000        0.0003235050       -0.0000081849
      603.0000000000        0.0003154727       -0.0000078823
      604.0000000000        0.0003077356       -0.0000075943
      605.0000000000        0.0003002795       -0.0000073202
      606.0000000000        0.0002930909       -0.0000070591
      607.0000000000        0.0002861572       -0.0000068103
      608.0000000000        0.0002794665       -0.0000065730
      609.0000000000        0.0002730075       -0.0000063466
      610.0000000000        0.0002667698       -0.0000061305
      611.0000000000        0.0002607433       -0.0000059241
      612.0000000000        0.0002549185       -0.0000057268
      613.0000000000        0.0002492867       -0.0000055382
      614.0000000000        0.0002438394       -0.0000053578
      615.0000000000        0.0002385685       -0.0000051851
      616.0000000000        0.0002334666       -0.0000050198
      617.0000000000        0.0002285266       -0.0000048614
      618.0000000000        0.0002237416       -0.0000047096
      619.0000000000        0.0002191052       -0.0000045641
      620.0000000000        0.0002146115       -0.0000044245
      621.0000000000        0.0002102544       -0.0000042905
      622.0000000000        0.0002060287       -0.0000041619
      623.0000000000        0.0002019290       -0.0000040383
      624.0000000000        0.0001979504       -0.0000039196
      625.0000000000        0.0001940882       -0.0000038055
      626.0000000000        0.0001903379       -0.0000036958
      627.0000000000        0.0001866951       -0.0000035903
      628.0000000000        0.0001831560       -0.0000034887
      629.0000000000        0.0001797164       -0.0000033910
      630.0000000000        0.0001763728       -0.0000032968
      631.0000000000        0.0001731216       -0.0000032061
      632.0000000000        0.0001699595       -0.0000031187
      633.0000000000        0.0001668831       -0.0000030345
      634.0000000000        0.0001638895       -0.0000029532
      635.0000000000        0.0001609757       -0.0000028748
      636.0000000000        0.0001581389       -0.0000027992
      637.0000000000        0.0001553764       -0.0000027262
      638.0000000000        0.0001526856       -0.0000026557
      639.0000000000        0.0001500641       -0.0000025877
      640.0000000000        0.0001475095       -0.0000025219
      641.0000000000        0.0001450196       -0.0000024583
      642.0000000000        0.0001425921       -0.0000023969
      643.0000000000        0.0001402251       -0.0000023375
      644.0000000000        0.0001379165       -0.0000022800
      645.0000000000        0.0001356644       -0.0000022244
      646.0000000000        0.0001334671       -0.0000021706
      647.0000000000        0.0001313226       -0.0000021185
      648.0000000000        0.0001292294       -0.0000020681
      649.0000000000        0.0001271859       -0.0000020193
      650.0000000000        0.0001251904       -0.0000019719
      651.0000000000        0.0001232415       -0.0000019261
      652.0000000000        0.0001213378       -0.0000018816
      653.0000000000        0.0001194778       -0.0000018386
      654.0000000000        0.0001176602       -0.0000017968
      655.0000000000        0.0001158838       -0.0000017563
      656.0000000000        0.0001141473       -0.0000017169
      657.0000000000        0.0001124496       -0.0000016788
      658.0000000000        0.0001107894       -0.0000016418
      659.0000000000        0.0001091657       -0.0000016058
      660.0000000000        0.0001075774       -0.0000015709
      661.0000000000        0.0001060236       -0.0000015370
      662.0000000000        0.0001045031       -0.0000015041
      663.0000000000        0.0001030151       -0.0000014721
      664.0000000000        0.0001015587       -0.0000014410
      665.0000000000        0.0001001329       -0.0000014107
      666.0000000000        0.0000987369       -0.0000013813
      667.0000000000        0.0000973699       -0.0000013528
      668.0000000000        0.0000960311       -0.0000013250
      669.0000000000        0.0000947198       -0.0000012979
      670.0000000000        0.0000934351       -0.0000012716
      671.0000000000        0.0000921763       -0.0000012460
      672.0000000000        0.0000909428       -0.0000012211
      673.0000000000        0.0000897339       -0.0000011968
      674.0000000000        0.0000885489       -0.0000011732
      675.0000000000        0.0000873873       -0.0000011502
      676.0000000000        0.0000862483       -0.0000011278
      677.0000000000        0.0000851315       -0.0000011060
      678.0000000000        0.0000840362       -0.0000010847
      679.0000000000        0.0000829619       -0.0000010640
      680.0000000000        0.0000819081       -0.0000010438
      681.0000000000        0.0000808742       -0.0000010241
      682.0000000000        0.0000798598       -0.0000010049
      683.0000000000        0.0000788644       -0.0000009861
      684.0000000000        0.0000000000        0.0000000000
      685.0000000000        0.0000000000        0.0000000000
      686.0000000000        0.0000000000        0.0000000000
      687.0000000000        0.0000000000        0.0000000000
      688.0000000000        0.0000000000        0.0000000000
      689.0000000000        0.0000000000        0.0000000000
      690.0000000000        0.0000000000        0.0000000000
      691.0000000000        0.0000000000        0.0000000000
      692.0000000000        0.0000000000        0.0000000000
      693.0000000000        0.0000000000        0.0000000000
      694.0000000000        0.0000000000        0.0000000000
      695.0000000000        0.0000000000        0.0000000000
      696.0000000000        0.0000000000        0.0000000000
      697.0000000000        0.0000000000        0.0000000000
      698.0000000000        0.0000000000        0.0000000000
      699.0000000000        0.0000000000        0.0000000000
      700.0000000000        0.0000000000        0.0000000000
      701.0000000000        0.0000000000        0.0000000000
      702.0000000000        0.0000000000        0.0000000000
      703.0000000000        0.0000000000        0.0000000000
      704.0000000000        0.0000000000        0.0000000000
      705.0000000000        0.0000000000        0.0000000000
      706.0000000000        0.0000000000        0.0000000000
      707.0000000000        0.0000000000        0.0000000000
      708.0000000000        0.0000000000        0.0000000000
      709.0000000000        0.0000000000        0.0000000000
      710.0000000000        0.0000000000        0.0000000000
      711.0000000000        0.0000000000        0.0000000000
      712.0000000000        0.0000000000        0.0000000000
      713.0000000000        0.0000000000        0.0000000000
      714.0000000000        0.0000000000        0.0000000000
      715.0000000000        0.0000000000        0.0000000000
      716.0000000000        0.0000000000        0.0000000000
      717.0000000000        0.0000000000        0.0000000000
      718.0000000000        0.0000000000        0.0000000000
      719.0000000000        0.0000000000        0.0000000000
      720.0000000000        0.0000000000        0.0000000000
      721.0000000000        0.0000000000        0.0000000000
      722.0000000000        0.0000000000        0.0000000000
      723.0000000000        0.0000000000        0.0000000000
      724.0000000000        0.0000000000        0.0000000000
      725.0000000000        0.0000000000        0.0000000000
      726.0000000000        0.0000000000        0.0000000000
      727.0000000000        0.0000000000        0.0000000000
      728.0000000000        0.0000000000        0.0000000000
      729.0000000000        0.0000000000        0.0000000000
      730.0000000000        0.0000000000        0.0000000000
      731.0000000000        0.0000000000        0.0000000000
      732.0000000000        0.0000000000        0.0000000000
      733.0000000000        0.0000000000        0.0000000000
      734.0000000000        0.0000000000        0.0000000000
      735.0000000000        0.0000000000        0.0000000000
      736.0000000000        0.0000000000        0.0000000000
      737.0000000000        0.0000000000        0.0000000000
      738.0000000000        0.0000000000        0.0000000000
      739.0000000000        0.0000000000        0.0000000000
      740.0000000000        0.0000000000        0.0000000000
      741.0000000000        0.0000000000        0.0000000000
      742.0000000000        0.0000000000        0.0000000000
      743.0000000000        0.0000000000        0.0000000000
      744.0000000000        0.0000000000        0.0000000000
      745.0000000000        0.0000000000        0.0000000000
      746.0000000000        0.0000000000        0.0000000000
      747.0000000000        0.0000000000        0.0000000000
      748.0000000000        0.0000000000        0.0000000000
      749.0000000000        0.0000000000        0.0000000000
      750.0000000000        0.0000000000        0.0000000000
      751.0000000000        0.0000000000        0.0000000000
      752.0000000000        0.0000000000        0.0000000000
      753.0000000000        0.0000000000        0.0000000000
      754.0000000000        0.0000000000        0.0000000000
      755.0000000000        0.0000000000        0.0000000000
      756.0000000000        0.0000000000        0.0000000000
      757.0000000000        0.0000000000        0.0000000000
      758.0000000000        0.0000000000        0.0000000000
      759.0000000000        0.0000000000        0.0000000000
      760.0000000000        0.0000000000        0.0000000000
      761.0000000000        0.0000000000        0.0000000000
      762.0000000000        0.0000000000        0.0000000000
      763.0000000000        0.0000000000        0.0000000000
      764.0000000000        0.0000000000        0.0000000000
      765.0000000000        0.0000000000        0.0000000000
      766.0000000000        0.0000000000        0.0000000000
      767.0000000000        0.0000000000        0.0000000000
      768.0000000000        0.0000000000        0.0000000000
      769.0000000000        0.0000000000        0.0000000000
      770.0000000000        0.0000000000        0.0000000000
      771.0000000000        0.0000000000        0.0000000000
      772.0000000000        0.0000000000        0.0000000000
      773.0000000000        0.0000000000        0.0000000000
      774.0000000000        0.0000000000        0.0000000000
      775.0000000000        0.0000000000        0.0000000000
      776.0000000000        0.0000000000        0.0000000000
      777.0000000000        0.0000000000        0.0000000000
      778.0000000000        0.0000000000        0.0000000000
      779.0000000000        0.0000000000        0.0000000000
      780.0000000000        0.0000000000        0.0000000000
      781.0000000000        0.0000000000        0.0000000000
      782.0000000000        0.0000000000        0.0000000000
      783.0000000000        0.0000000000        0.0000000000
      784.0000000000        0.0000000000        0.0000000000
      785.0000000000        0.0000000000        0.0000000000
      786.0000000000        0.0000000000        0.0000000000
      787.0000000000        0.0000000000        0.0000000000
      788.0000000000        0.0000000000        0.0000000000
      789.0000000000        0.0000000000        0.0000000000
      790.0000000000        0.0000000000        0.0000000000
      791.0000000000        0.0000000000        0.0000000000
      792.0000000000        0.0000000000        0.0000000000
      793.0000000000        0.0000000000        0.0000000000
      794.0000000000        0.0000000000        0.0000000000
      795.0000000000        0.0000000000        0.0000000000
      796.0000000000        0.0000000000        0.0000000000
      797.0000000000        0.0000000000        0.0000000000
      798.0000000000        0.0000000000        0.0000000000
      799.0000000000        0.0000000000        0.0000000000
      800.0000000000        0.0000000000        0.0000000000
      801.0000000000        0.0000000000        0.0000000000
      802.0000000000        0.0000000000        0.0000000000
      803.0000000000        0.0000000000        0.0000000000
      804.0000000000        0.0000000000        0.0000000000
      805.0000000000        0.0000000000        0.0000000000
      806.0000000000        0.0000000000        0.0000000000
      807.0000000000        0.0000000000        0.0000000000
      808.0000000000        0.0000000000        0.0000000000
      809.0000000000        0.0000000000        0.0000000000
      810.0000000000        0.0000000000        0.0000000000
      811.0000000000        0.0000000000        0.0000000000
      812.0000000000        0.0000000000        0.0000000000
      813.0000000000        0.0000000000        0.0000000000
      814.0000000000        0.0000000000        0.0000000000
      815.0000000000        0.0000000000        0.0000000000
      816.0000000000        0.0000000000        0.0000000000
      817.0000000000        0.0000000000        0.0000000000
      818.0000000000        0.0000000000        0.0000000000
      819.0000000000        0.0000000000        0.0000000000
      820.0000000000        0.0000000000        0.0000000000
      821.0000000000        0.0000000000        0.0000000000
      822.0000000000        0.0000000000        0.0000000000
      823.0000000000        0.0000000000        0.0000000000
      824.0000000000        0.0000000000        0.0000000000
      825.0000000000        0.0000000000        0.0000000000
      826.0000000000        0.0000000000        0.0000000000
      827.0000000000        0.0000000000        0.0000000000
      828.0000000000        0.0000000000        0.0000000000
      829.0000000000        0.0000000000        0.0000000000
      830.0000000000        0.0000000000        0.0000000000
      831.0000000000        0.0000000000        0.0000000000
      832.0000000000        0.0000000000        0.0000000000
      833.0000000000        0.0000000000        0.0000000000
      834.0000000000        0.0000000000        0.0000000000
      835.0000000000        0.0000000000        0.0000000000
      836.0000000000        0.0000000000        0.0000000000
      837.0000000000        0.0000000000        0.0000000000
      838.0000000000        0.0000000000        0.0000000000
      839.0000000000        0.0000000000        0.0000000000
      840.0000000000        0.0000000000        0.0000000000
      841.0000000000        0.0000000000        0.0000000000
      842.0000000000        0.0000000000        0.0000000000
      843.0000000000        0.0000000000        0.0000000000
      844.0000000000        0.0000000000        0.0000000000
      845.0000000000        0.0000000000        0.0000000000
      846.0000000000        0.0000000000        0.0000000000
      847.0000000000        0.0000000000        0.0000000000
      848.0000000000        0.0000000000        0.0000000000
      849.0000000000        0.0000000000        0.0000000000
      850.0000000000        0.0000000000        0.0000000000
      851.0000000000        0.0000000000        0.0000000000
      852.0000000000        0.0000000000        0.0000000000
      853.0000000000        0.0000000000        0.0000000000
      854.0000000000        0.0000000000        0.0000000000
      855.0000000000        0.0000000000        0.0000000000
      856.0000000000        0.0000000000        0.0000000000
      857.0000000000        0.0000000000        0.0000000000
      858.0000000000        0.0000000000        0.0000000000
      859.0000000000        0.0000000000        0.0000000000
      860.0000000000        0.0000000000        0.0000000000
      861.0000000000        0.0000000000        0.0000000000
      862.0000000000        0.0000000000        0.0000000000
      863.0000000000        0.0000000000        0.0000000000
      864.0000000000        0.0000000000        0.0000000000
      865.0000000000        0.0000000000        0.0000000000
      866.0000000000        0.0000000000        0.0000000000
      867.0000000000        0.0000000000        0.0000000000
      868.0000000000        0.0000000000        0.0000000000
      869.0000000000        0.0000000000        0.0000000000
      870.0000000000        0.0000000000        0.0000000000
      871.0000000000        0.0000000000        0.0000000000
      872.0000000000        0.0000000000        0.0000000000
      873.0000000000        0.0000000000        0.0000000000
      874.0000000000        0.0000000000        0.0000000000
      875.0000000000        0.0000000000        0.0000000000
      876.0000000000        0.0000000000        0.0000000000
      877.0000000000        0.0000000000        0.0000000000
      878.0000000000        0.0000000000        0.0000000000
      879.0000000000        0.0000000000        0.0000000000
      880.0000000000        0.0000000000        0.0000000000
      881.0000000000        0.0000000000        0.0000000000
      882.0000000000        0.0000000000        0.0000000000
      883.0000000000        0.0000000000        0.0000000000
      884.0000000000        0.0000000000        0.0000000000
      885.0000000000        0.0000000000        0.0000000000
      886.0000000000        0.0000000000        0.0000000000
      887.0000000000        0.0000000000        0.0000000000
      888.0000000000        0.0000000000        0.0000000000
      889.0000000000        0.0000000000        0.0000000000
      890.0000000000        0.0000000000        0.0000000000
      891.0000000000        0.0000000000        0.0000000000
      892.0000000000        0.0000000000        0.0000000000
      893.0000000000        0.0000000000        0.0000000000
      894.0000000000        0.0000000000        0.0000000000
      895.0000000000        0.0000000000        0.0000000000
      896.0000000000        0.0000000000        0.0000000000
      897.0000000000        0.0000000000        0.0000000000
      898.0000000000        0.0000000000        0.0000000000
      899.0000000000        0.0000000000        0.0000000000
      900.0000000000        0.0000000000        0.0000000000
      901.0000000000        0.0000000000        0.0000000000
      902.0000000000        0.0000000000        0.0000000000
      903.0000000000        0.0000000000        0.0000000000
      904.0000000000        0.0000000000        0.0000000000
      905.0000000000        0.0000000000        0.0000000000
      906.0000000000        0.0000000000        0.0000000000
      907.0000000000        0.0000000000        0.0000000000
      908.0000000000        0.0000000000        0.0000000000
      909.0000000000        0.0000000000        0.0000000000
      910.0000000000        0.0000000000        0.0000000000
      911.0000000000        0.0000000000        0.0000000000
      912.0000000000        0.0000000000        0.0000000000
      913.0000000000        0.0000000000        0.0000000000
      914.0000000000        0.0000000000        0.0000000000
      915.0000000000        0.0000000000        0.0000000000
      916.0000000000        0.0000000000        0.0000000000
      917.0000000000        0.0000000000        0.0000000000
      918.0000000000        0.0000000000        0.0000000000
      919.0000000000        0.0000000000        0.0000000000
      920.0000000000        0.0000000000        0.0000000000
      921.0000000000        0.0000000000        0.0000000000
      922.0000000000        0.0000000000        0.0000000000
      923.0000000000        0.0000000000        0.0000000000
      924.0000000000        0.0000000000        0.0000000000
      925.0000000000        0.0000000000        0.0000000000
      926.0000000000        0.0000000000        0.0000000000
      927.0000000000        0.0000000000        0.0000000000
      928.0000000000        0.0000000000        0.0000000000
      929.0000000000        0.0000000000        0.0000000000
      930.0000000000        0.0000000000        0.0000000000
      931.0000000000        0.0000000000        0.0000000000
      932.0000000000        0.0000000000        0.0000000000
      933.0000000000        0.0000000000        0.0000000000
      934.0000000000        0.0000000000        0.0000000000
      935.0000000000        0.0000000000        0.0000000000
      936.0000000000        0.0000000000        0.0000000000
      937.0000000000        0.0000000000        0.0000000000
      938.0000000000        0.0000000000        0.0000000000
      939.0000000000        0.0000000000        0.0000000000
      940.0000000000        0.0000000000        0.0000000000
      941.0000000000        0.0000000000        0.0000000000
      942.0000000000        0.0000000000        0.0000000000
      943.0000000000        0.0000000000        0.0000000000
      944.0000000000        0.0000000000        0.0000000000
      945.0000000000        0.0000000000        0.0000000000
      946.0000000000        0.0000000000        0.0000000000
      947.0000000000        0.0000000000        0.0000000000
      948.0000000000        0.0000000000        0.0000000000
      949.0000000000        0.0001340508        0.0000016816
      950.0000000000        0.0001357483        0.0000017136
      951.0000000000        0.0001374783        0.0000017465
      952.0000000000        0.0001392416        0.0000017802
      953.0000000000        0.0001410390        0.0000018148
      954.0000000000        0.0001428715        0.0000018503
      955.0000000000        0.0001447399        0.0000018867
      956.0000000000        0.0001466451        0.0000019240
      957.0000000000        0.0001485882        0.0000019624
      958.0000000000        0.0001505702        0.0000020018
      959.0000000000        0.0001525921        0.0000020422
      960.0000000000        0.0001546550        0.0000020838
      961.0000000000        0.0001567600        0.0000021264
      962.0000000000        0.0001589083        0.0000021703
      963.0000000000        0.0001611010        0.0000022153
      964.0000000000        0.0001633394        0.0000022617
      965.0000000000        0.0001656247        0.0000023093
      966.0000000000        0.0001679584        0.0000023582
      967.0000000000        0.0001703417        0.0000024086
      968.0000000000        0.0001727761        0.0000024604
      969.0000000000        0.0001752630        0.0000025137
      970.0000000000        0.0004449999        0.0000059084
      971.0000000000        0.0004509679        0.0000060283
      972.0000000000        0.0004570575        0.0000061514
      973.0000000000        0.0004632719        0.0000062779
      974.0000000000        0.0004696145        0.0000064080
      975.0000000000        0.0004760890        0.0000065416
      976.0000000000        0.0004826991        0.0000066791
      977.0000000000        0.0004894485        0.0000068204
      978.0000000000        0.0004963413        0.0000069658
      979.0000000000        0.0005033815        0.0000071154
      980.0000000000        0.0005105735        0.0000072693
      981.0000000000        0.0005179216        0.0000074277
      982.0000000000        0.0005254304        0.0000075907
      983.0000000000        0.0005331047        0.0000077586
      984.0000000000        0.0005409493        0.0000079316
      985.0000000000        0.0005489695        0.0000081097
      986.0000000000        0.0005571705        0.0000082932
      987.0000000000        0.0005655578        0.0000084824
      988.0000000000        0.0005741372        0.0000086774
      989.0000000000        0.0005829146        0.0000088784
      990.0000000000        0.0005918961        0.0000090858
      991.0000000000        0.0006010883        0.0000092997
      992.0000000000        0.0006104978        0.0000095204
      993.0000000000        0.0006201315        0.0000097482
      994.0000000000        0.0006299966        0.0000099834
      995.0000000000        0.0006401008        0.0000102263
      996.0000000000        0.0006504518        0.0000104771
      997.0000000000        0.0006610579        0.0000107363
      998.0000000000        0.0006719274        0.0000110042
      999.0000000000        0.0006830694        0.0000112812
     1000.0000000000        0.0006944930        0.0000115676
     1001.0000000000        0.0007062079        0.0000118639
     1002.0000000000        0.0007182241        0.0000121704
     1003.0000000000        0.0007305523        0.0000124877
     1004.0000000000        0.0007432033        0.0000128162
     1005.0000000000        0.0007561886        0.0000131564
     1006.0000000000        0.0007695202        0.0000135089
     1007.0000000000        0.0007832107        0.0000138742
     1008.0000000000        0.0007972732        0.0000142530
     1009.0000000000        0.0008117213        0.0000146457
     1010.0000000000        0.0008265696        0.0000150532
     1011.0000000000        0.0008418329        0.0000154761
     1012.0000000000        0.0008575271        0.0000159151
     1013.0000000000        0.0008736687        0.0000163710
     1014.0000000000        0.0008902750        0.0000168447
     1015.0000000000        0.0009073643        0.0000173371
     1016.0000000000        0.0009249557        0.0000178490
     1017.0000000000        0.0009430692        0.0000183815
     1018.0000000000        0.0009617260        0.0000189357
     1019.0000000000        0.0009809482        0.0000195126
     1020.0000000000        0.0010007591        0.0000201134
     1021.0000000000        0.0010211834        0.0000207395
     1022.0000000000        0.0010422469        0.0000213921
     1023.0000000000        0.0010639769        0.0000220727
     1024.0000000000        0.0010864021        0.0000227829
     1025.0000000000        0.0011095530        0.0000235242
     1026.0000000000        0.0011334616        0.0000242985
     1027.0000000000        0.0011581616        0.0000251076
     1028.0000000000        0.0011836891        0.0000259535
     1029.0000000000        0.0012100817        0.0000268384
     1030.0000000000        0.0012996677        0.0000285473
     1031.0000000000        0.0013287035        0.0000295320
     1032.0000000000        0.0013587473        0.0000305636
     1033.0000000000        0.0013898473        0.0000316448
     1034.0000000000        0.0014220544        0.0000327786
     1035.0000000000        0.0014554231        0.0000339684
     1036.0000000000        0.0014900111        0.0000352178
     1037.0000000000        0.0015258798        0.0000365306
     1038.0000000000        0.0015630948        0.0000379109
     1039.0000000000        0.0016017256        0.0000393632
     1040.0000000000        0.0016418469        0.0000408925
     1041.0000000000        0.0016835380        0.0000425038
     1042.0000000000        0.0017268838        0.0000442031
     1043.0000000000        0.0017719754        0.0000459963
     1044.0000000000        0.0018189100        0.0000478903
     1045.0000000000        0.0018677920        0.0000498924
     1046.0000000000        0.0019187335        0.0000520106
     1047.0000000000        0.0019718547        0.0000542535
     1048.0000000000        0.0020272853        0.0000566309
     1049.0000000000        0.0020851647        0.0000591529
     1050.0000000000        0.0021456433        0.0000618312
     1051.0000000000        0.0022088835        0.0000646783
     1052.0000000000        0.0022750608        0.0000677080
     1053.0000000000        0.0023443654        0.0000709356
     1054.0000000000        0.0024170035        0.0000743778
     1055.0000000000        0.0024931987        0.0000780532
     1056.0000000000        0.0025731945        0.0000819825
     1057.0000000000        0.0026572559        0.0000861885
     1058.0000000000        0.0027456722        0.0000906966
     1059.0000000000        0.0028387593        0.0000955352
     1060.0000000000        0.0029368633        0.0001007360
     1061.0000000000        0.0030403638        0.0001063344
     1062.0000000000        0.0031496778        0.0001123701
     1063.0000000000        0.0032652647        0.0001188880
     1064.0000000000        0.0033876313        0.0001259385
     1065.0000000000        0.0035173383        0.0001335789
     1066.0000000000        0.0036550071        0.0001418737
     1067.0000000000        0.0038013283        0.0001508968
     1068.0000000000        0.0039570713        0.0001607322
     1069.0000000000        0.0041230954        0.0001714762
     1070.0000000000        0.0043003633        0.0001832395
     1071.0000000000        0.0044899564        0.0001961495
     1072.0000000000        0.0046930934        0.0002103537
     1073.0000000000        0.0049111521        0.0002260236
     1074.0000000000        0.0051456954        0.0002433590
     1075.0000000000        0.0053985030        0.0002625943
     1076.0000000000        0.0056716086        0.0002840051
     1077.0000000000        0.0059673464        0.0003079175
     1078.0000000000        0.0062884059        0.0003347191
     1079.0000000000        0.0066379011        0.0003648733
     1080.0000000000        0.0070194544        0.0003989370
     1081.0000000000        0.0074373012        0.0004375837
     1082.0000000000        0.0078964208        0.0004816335
     1083.0000000000        0.0084027015        0.0005320912
     1084.0000000000        0.0089631493        0.0005901973
     1085.0000000000        0.0095861558        0.0006574954
     1086.0000000000        0.0102818439        0.0007359217
     1087.0000000000        0.0110625178        0.0008279263
     1088.0000000000        0.0119432559        0.0009366391
     1089.0000000000        0.0129426981        0.0010660984
     1090.0000000000        0.0140841050        0.0012215699
     1091.0000000000        0.0153967979        0.0014099979
     1092.0000000000        0.0169181401        0.0016406508
     1093.0000000000        0.0186962997        0.0019260560
     1094.0000000000        0.0207941493        0.0022833709
     1095.0000000000        0.0232948455        0.0027364151
     1096.0000000000        0.0263099078        0.0033187107
     1097.0000000000        0.0299910514        0.0040780506
     1098.0000000000        0.0345476490        0.0050833312
     1099.0000000000        0.0402725303        0.0064345421
     1100.0000000000        0.0475796199        0.0082764428
     1101.0000000000        0.0570565125        0.0108139893
     1102.0000000000        0.0695293214        0.0143179371
     1103.0000000000        0.0861127203        0.0190776347
     1104.0000000000        0.1081381510        0.0251708133
     1105.0000000000        0.1366417083        0.0317460201
     1106.0000000000        0.1707385861        0.0355089510
     1107.0000000000        0.2044890618        0.0297784269
     1108.0000000000        0.2254058192        0.0099105110
     1109.0000000000        0.2223709990       -0.0154431475
     1110.0000000000        0.1981044588       -0.0306011381
     1111.0000000000        0.1658289408       -0.0321341685
     1112.0000000000        0.1361580740       -0.0266199651
     1113.0000000000        0.1130126376       -0.0197094447
     1114.0000000000        0.0964367431       -0.0136477366
     1115.0000000000        0.0853008316       -0.0088175960
     1116.0000000000        0.0784681798       -0.0049850418
     1117.0000000000        0.0751148384       -0.0018013921
     1118.0000000000        0.0747581487        0.0010593100
     1119.0000000000        0.0772236205        0.0038902931
     1120.0000000000        0.0826244886        0.0069796338
     1121.0000000000        0.0913753182        0.0106488004
     1122.0000000000        0.1042464967        0.0152950613
     1123.0000000000        0.1224595973        0.0214277653
     1124.0000000000        0.1478014037        0.0296573418
     1125.0000000000        0.1826520121        0.0404961536
     1126.0000000000        0.2295723818        0.0535797418
     1127.0000000000        0.2899149008        0.0655678661
     1128.0000000000        0.3575914575        0.0667884064
     1129.0000000000        0.4150144625        0.0430216947
     1130.0000000000        0.4349008558       -0.0057055758
     1131.0000000000        0.4047614664       -0.0511611173
     1132.0000000000        0.3420666499       -0.0693697616
     1133.0000000000        0.2736032480       -0.0650774159
     1134.0000000000        0.2145866504       -0.0524923813
     1135.0000000000        0.1685631296       -0.0398791390
     1136.0000000000        0.1339668382       -0.0297773701
     1137.0000000000        0.1081315998       -0.0222889474
     1138.0000000000        0.0886992677       -0.0168704040
     1139.0000000000        0.0738912052       -0.0129552341
     1140.0000000000        0.0624364000       -0.0101015696
     1141.0000000000        0.0534403675       -0.0079942193
     1142.0000000000        0.0462726593       -0.0064150121
     1143.0000000000        0.0404848369       -0.0052138408
     1144.0000000000        0.0357539038       -0.0042869150
     1145.0000000000        0.0318439887       -0.0035617381
     1146.0000000000        0.0285804283       -0.0029870345
     1147.0000000000        0.0258321239       -0.0025260477
     1148.0000000000        0.0234994067       -0.0021520702
     1149.0000000000        0.0215055906       -0.0018454355
     1150.0000000000        0.0197910172       -0.0015914745
     1151.0000000000        0.0183088052       -0.0013791087
     1152.0000000000        0.0170217781       -0.0011998709
     1153.0000000000        0.0159002190       -0.0010472133
     1154.0000000000        0.0149202103       -0.0009160145
     1155.0000000000        0.0140623968       -0.0008022216
     1156.0000000000        0.0133110539       -0.0007025885
     1157.0000000000        0.0126533828       -0.0006144819
     1158.0000000000        0.0120789744       -0.0005357342
     1159.0000000000        0.0115794023       -0.0004645314
     1160.0000000000        0.0111479148       -0.0003993252
     1161.0000000000        0.0107792057       -0.0003387621
     1162.0000000000        0.0104692499       -0.0002816242
     1163.0000000000        0.0102151939       -0.0002267778
     1164.0000000000        0.0100152961       -0.0001731254
     1165.0000000000        0.0098689144       -0.0001195573
     1166.0000000000        0.0097765431       -0.0000649008
     1167.0000000000        0.0097399051       -0.0000078611
     1168.0000000000        0.0097621085        0.0000530509
     1169.0000000000        0.0098478850        0.0001196106
     1170.0000000000        0.0100039340        0.0001940020
     1171.0000000000        0.0102394107        0.0002789850
     1172.0000000000        0.0105666117        0.0003781286
     1173.0000000000        0.0110019406        0.0004961434
     1174.0000000000        0.0115672748        0.0006393630
     1175.0000000000        0.0122919187        0.0008164493
     1176.0000000000        0.0132154212        0.0010394409
     1177.0000000000        0.0143916847        0.0013253239
     1178.0000000000        0.0158950121        0.0016983905
     1179.0000000000        0.0178290573        0.0021937547
     1180.0000000000        0.0203400423        0.0028624324
     1181.0000000000        0.0236359081        0.0037780689
     1182.0000000000        0.0280124930        0.0050436997
     1183.0000000000        0.0338837157        0.0067906774
     1184.0000000000        0.0417968046        0.0091423191
     1185.0000000000        0.0523641331        0.0120636653
     1186.0000000000        0.0659225616        0.0149342314
     1187.0000000000        0.0815794924        0.0157845375
     1188.0000000000        0.0956999410        0.0113244346
     1189.0000000000        0.1020652724        0.0006587064
     1190.0000000000        0.0968539837       -0.0104686292
     1191.0000000000        0.0831839013       -0.0157154179
     1192.0000000000        0.0673390569       -0.0153074705
     1193.0000000000        0.0533370488       -0.0125384672
     1194.0000000000        0.0423103015       -0.0095750474
     1195.0000000000        0.0340001115       -0.0071520039
     1196.0000000000        0.0277998698       -0.0053430821
     1197.0000000000        0.0231478990       -0.0040321719
     1198.0000000000        0.0196143425       -0.0030858361
     1199.0000000000        0.0168905942       -0.0023974230
     1200.0000000000        0.0147593520       -0.0018902245
     1201.0000000000        0.0130676627       -0.0015110198
     1202.0000000000        0.0117069740       -0.0012232015
     1203.0000000000        0.0105993053       -0.0010014969
     1204.0000000000        0.0096878702       -0.0008282915
     1205.0000000000        0.0089307369       -0.0006911579
     1206.0000000000        0.0082965187       -0.0005812115
     1207.0000000000        0.0077614162       -0.0004920143
     1208.0000000000        0.0073071626       -0.0004188394
     1209.0000000000        0.0069195779       -0.0003581716
     1210.0000000000        0.0065875394       -0.0003073647
     1211.0000000000        0.0063022382       -0.0002644038
     1212.0000000000        0.0060566373       -0.0002277375
     1213.0000000000        0.0058450702       -0.0001961588
     1214.0000000000        0.0056629422       -0.0001687193
     1215.0000000000        0.0055065044       -0.0001446665
     1216.0000000000        0.0053726824       -0.0001233980
     1217.0000000000        0.0052589436       -0.0001044270
     1218.0000000000        0.0051631956       -0.0000873567
     1219.0000000000        0.0050837061       -0.0000718606
     1220.0000000000        0.0050190404       -0.0000576680
     1221.0000000000        0.0049680118       -0.0000445516
     1222.0000000000        0.0049296427       -0.0000323196
     1223.0000000000        0.0049031328       -0.0000208076
     1224.0000000000        0.0048878350       -0.0000098737
     1225.0000000000        0.0048832344        0.0000006065
     1226.0000000000        0.0048889336        0.0000107432
     1227.0000000000        0.0049046396        0.0000206357
     1228.0000000000        0.0049301539        0.0000303745
     1229.0000000000        0.0049653655        0.0000400440
     1230.0000000000        0.0050102452        0.0000497237
     1231.0000000000        0.0050648418        0.0000594903
     1232.0000000000        0.0051292798        0.0000694189
     1233.0000000000        0.0052037585        0.0000795843
     1234.0000000000        0.0052885525        0.0000900624
     1235.0000000000        0.0053840136        0.0001009316
     1236.0000000000        0.0054905734        0.0001122738
     1237.0000000000        0.0056087478        0.0001241757
     1238.0000000000        0.0057391425        0.0001367307
     1239.0000000000        0.0058824605        0.0001500398
     1240.0000000000        0.0060395103        0.0001642139
     1241.0000000000        0.0062112172        0.0001793754
     1242.0000000000        0.0063986355        0.0001956607
     1243.0000000000        0.0066029638        0.0002132224
     1244.0000000000        0.0068255631        0.0002322331
     1245.0000000000        0.0070679777        0.0002528879
     1246.0000000000        0.0073319609        0.0002754098
     1247.0000000000        0.0076195044        0.0003000541
     1248.0000000000        0.0079328739        0.0003271144
     1249.0000000000        0.0082746513        0.0003569308
     1250.0000000000        0.0086477851        0.0003898980
     1251.0000000000        0.0090556505        0.0004264771
     1252.0000000000        0.0095021223        0.0004672084
     1253.0000000000        0.0099916623        0.0005127288
     1254.0000000000        0.0105294260        0.0005637924
     1255.0000000000        0.0111213919        0.0006212964
     1256.0000000000        0.0117745211        0.0006863144
     1257.0000000000        0.0124969529        0.0007601377
     1258.0000000000        0.0132982486        0.0008443285
     1259.0000000000        0.0141896951        0.0009407887
     1260.0000000000        0.0151846865        0.0010518481
     1261.0000000000        0.0162992078        0.0011803803
     1262.0000000000        0.0175524515        0.0013299556
     1263.0000000000        0.0189676103        0.0015050434
     1264.0000000000        0.0205729059        0.0017112847
     1265.0000000000        0.0224029355        0.0019558607
     1266.0000000000        0.0245004511        0.0022479984
     1267.0000000000        0.0269187361        0.0025996702
     1268.0000000000        0.0297248129        0.0030265743
     1269.0000000000        0.0328719932        0.0035511638
     1270.0000000000        0.0367348698        0.0041980513
     1271.0000000000        0.0413219059        0.0050068365
     1272.0000000000        0.0468196819        0.0060297129
     1273.0000000000        0.0534766292        0.0073394659
     1274.0000000000        0.0616280423        0.0090389547
     1275.0000000000        0.0717327966        0.0112753658
     1276.0000000000        0.0844276259        0.0142615052
     1277.0000000000        0.1006073161        0.0183067538
     1278.0000000000        0.1215413257        0.0238587737
     1279.0000000000        0.1490349933        0.0315480516
     1280.0000000000        0.1856220133        0.0421933664
     1281.0000000000        0.2346884156        0.0566177626
     1282.0000000000        0.3001529765        0.0748322829
     1283.0000000000        0.3846296662        0.0936107446
     1284.0000000000        0.4839699514        0.1017720743
     1285.0000000000        0.5777045637        0.0787547334
     1286.0000000000        0.6272173077        0.0146740105
     1287.0000000000        0.6037192017       -0.0588294782
     1288.0000000000        0.5216113069       -0.0979608459
     1289.0000000000        0.4207980796       -0.0988975278
     1290.0000000000        0.3293216202       -0.0821997772
     1291.0000000000        0.2568194560       -0.0630889575
     1292.0000000000        0.2020384759       -0.0471457161
     1293.0000000000        0.1611944333       -0.0351627118
     1294.0000000000        0.1306162319       -0.0264671365
     1295.0000000000        0.1074536258       -0.0201973567
     1296.0000000000        0.0896503461       -0.0156477771
     1297.0000000000        0.0757569603       -0.0123067230
     1298.0000000000        0.0647539195       -0.0098182681
     1299.0000000000        0.0559186731       -0.0079375566
     1300.0000000000        0.0487330761       -0.0064957160
     1301.0000000000        0.0428205012       -0.0053752322
     1302.0000000000        0.0379033362       -0.0044933510
     1303.0000000000        0.0337741248       -0.0037910285
     1304.0000000000        0.0302757825       -0.0032255705
     1305.0000000000        0.0272878770       -0.0027656978
     1306.0000000000        0.0247169913       -0.0023882020
     1307.0000000000        0.0224898693       -0.0020756551
     1308.0000000000        0.0205484776       -0.0018148198
     1309.0000000000        0.0188464049       -0.0015955340
     1310.0000000000        0.0173462054       -0.0014099173
     1311.0000000000        0.0160174177       -0.0012518011
     1312.0000000000        0.0148350711       -0.0011163138
     1313.0000000000        0.0137785487       -0.0009995759
     1314.0000000000        0.0128307139       -0.0008984739
     1315.0000000000        0.0119772330       -0.0008104909
     1316.0000000000        0.0112060462       -0.0007335778
     1317.0000000000        0.0106876810       -0.0006637940
     1318.0000000000        0.0100542818       -0.0006042366
     1319.0000000000        0.0094769236       -0.0005515380
     1320.0000000000        0.0089492400       -0.0005047418
     1321.0000000000        0.0084657411       -0.0004630465
     1322.0000000000        0.0080216729       -0.0004257770
     1323.0000000000        0.0076129030       -0.0003923625
     1324.0000000000        0.0072358254       -0.0003623177
     1325.0000000000        0.0068872830       -0.0003352286
     1326.0000000000        0.0065645017       -0.0003107407
     1327.0000000000        0.0062650368       -0.0002885488
     1328.0000000000        0.0059867268       -0.0002683899
     1329.0000000000        0.0057276557       -0.0002500359
     1330.0000000000        0.0054861196       -0.0002332889
     1331.0000000000        0.0052606001       -0.0002179761
     1332.0000000000        0.0050497399       -0.0002039465
     1333.0000000000        0.0048523235       -0.0001910680
     1334.0000000000        0.0046672593       -0.0001792240
     1335.0000000000        0.0044935651       -0.0001683119
     1336.0000000000        0.0043303551       -0.0001582412
     1337.0000000000        0.0041768291       -0.0001489314
     1338.0000000000        0.0040322626       -0.0001403111
     1339.0000000000        0.0038959983       -0.0001323168
     1340.0000000000        0.0037674392       -0.0001248919
     1341.0000000000        0.0036460417       -0.0001179856
     1342.0000000000        0.0035313104       -0.0001115524
     1343.0000000000        0.0034227928       -0.0001055517
     1344.0000000000        0.0033200751       -0.0000999468
     1345.0000000000        0.0032227784       -0.0000947045
     1346.0000000000        0.0031305551       -0.0000897951
     1347.0000000000        0.0030430862       -0.0000851916
     1348.0000000000        0.0029600781       -0.0000808695
     1349.0000000000        0.0028812609       -0.0000768065
     1350.0000000000        0.0027455461       -0.0000722270
     1351.0000000000        0.0026751314       -0.0000686377
     1352.0000000000        0.0026082029       -0.0000652519
     1353.0000000000        0.0025445649       -0.0000620543
     1354.0000000000        0.0024840362       -0.0000590310
     1355.0000000000        0.0024264491       -0.0000561692
     1356.0000000000        0.0023716480       -0.0000534570
     1357.0000000000        0.0023194888       -0.0000508837
     1358.0000000000        0.0022698376       -0.0000484393
     1359.0000000000        0.0022225702       -0.0000461147
     1360.0000000000        0.0021775711       -0.0000439014
     1361.0000000000        0.0021347330       -0.0000417915
     1362.0000000000        0.0020939561       -0.0000397778
     1363.0000000000        0.0020551476       -0.0000378535
     1364.0000000000        0.0020182213       -0.0000360126
     1365.0000000000        0.0019830967       -0.0000342490
     1366.0000000000        0.0019496992       -0.0000325575
     1367.0000000000        0.0019179593       -0.0000309330
     1368.0000000000        0.0018878125       -0.0000293707
     1369.0000000000        0.0018591987       -0.0000278661
     1370.0000000000        0.0018320623       -0.0000264153
     1371.0000000000        0.0018063516       -0.0000250142
     1372.0000000000        0.0017820186       -0.0000236591
     1373.0000000000        0.0017590192       -0.0000223466
     1374.0000000000        0.0017373124       -0.0000210733
     1375.0000000000        0.0017168605       -0.0000198362
     1376.0000000000        0.0016976289       -0.0000186322
     1377.0000000000        0.0016795860       -0.0000174585
     1378.0000000000        0.0016627028       -0.0000163123
     1379.0000000000        0.0016469531       -0.0000151910
     1380.0000000000        0.0016323133       -0.0000140921
     1381.0000000000        0.0016187623       -0.0000130131
     1382.0000000000        0.0016062812       -0.0000119517
     1383.0000000000        0.0015948538       -0.0000109055
     1384.0000000000        0.0015844659       -0.0000098722
     1385.0000000000        0.0015751058       -0.0000088496
     1386.0000000000        0.0015667638       -0.0000078356
     1387.0000000000        0.0015594326       -0.0000068278
     1388.0000000000        0.0015531069       -0.0000058241
     1389.0000000000        0.0015477837       -0.0000048224
     1390.0000000000        0.0015434623       -0.0000038203
     1391.0000000000        0.0015401439       -0.0000028158
     1392.0000000000        0.0015378322       -0.0000018065
     1393.0000000000        0.0015365332       -0.0000007902
     1394.0000000000        0.0015362550        0.0000002356
     1395.0000000000        0.0015370082        0.0000012731
     1396.0000000000        0.0017996582        0.0000055994
     1397.0000000000        0.0018058216        0.0000067307
     1398.0000000000        0.0018131267        0.0000078833
     1399.0000000000        0.0018215962        0.0000090599
     1400.0000000000        0.0018312556        0.0000102638
     1401.0000000000        0.0018421338        0.0000114980
     1402.0000000000        0.0018542628        0.0000127659
     1403.0000000000        0.0018676780        0.0000140711
     1404.0000000000        0.0018824186        0.0000154173
     1405.0000000000        0.0018985277        0.0000168088
     1406.0000000000        0.0019160527        0.0000182497
     1407.0000000000        0.0019350451        0.0000197447
     1408.0000000000        0.0019555617        0.0000212988
     1409.0000000000        0.0019776641        0.0000229173
     1410.0000000000        0.0020014198        0.0000246062
     1411.0000000000        0.0020269021        0.0000263717
     1412.0000000000        0.0020541910        0.0000282206
     1413.0000000000        0.0020833735        0.0000301603
     1414.0000000000        0.0021145445        0.0000321989
     1415.0000000000        0.0021478072        0.0000343453
     1416.0000000000        0.0021832742        0.0000366091
     1417.0000000000        0.0022210681        0.0000390010
     1418.0000000000        0.0022613227        0.0000415324
     1419.0000000000        0.0023041838        0.0000442164
     1420.0000000000        0.0023498110        0.0000470670
     1421.0000000000        0.0023983786        0.0000500999
     1422.0000000000        0.0024500772        0.0000533323
     1423.0000000000        0.0025051160        0.0000567834
     1424.0000000000        0.0025637241        0.0000604748
     1425.0000000000        0.0026261535        0.0000644301
     1426.0000000000        0.0026926812        0.0000686760
     1427.0000000000        0.0027636124        0.0000732424
     1428.0000000000        0.0028392839        0.0000781627
     1429.0000000000        0.0029200682        0.0000834745
     1430.0000000000        0.0030063775        0.0000892203
     1431.0000000000        0.0030986695        0.0000954483
     1432.0000000000        0.0031974528        0.0001022127
     1433.0000000000        0.0033032942        0.0001095755
     1434.0000000000        0.0034168268        0.0001176074
     1435.0000000000        0.0035387589        0.0001263891
     1436.0000000000        0.0036698856        0.0001360132
     1437.0000000000        0.0038111013        0.0001465862
     1438.0000000000        0.0039634151        0.0001582313
     1439.0000000000        0.0041279686        0.0001710911
     1440.0000000000        0.0043060572        0.0001853314
     1441.0000000000        0.0044991558        0.0002011460
     1442.0000000000        0.0047089490        0.0002187617
     1443.0000000000        0.0049373681        0.0002384458
     1444.0000000000        0.0051866348        0.0002605143
     1445.0000000000        0.0054593159        0.0002853426
     1446.0000000000        0.0057583883        0.0003133787
     1447.0000000000        0.0056989222        0.0003499880
     1448.0000000000        0.0060665571        0.0003860754
     1449.0000000000        0.0064727993        0.0004273473
     1450.0000000000        0.0069232980        0.0004747654
     1451.0000000000        0.0074247699        0.0005295121
     1452.0000000000        0.0079852488        0.0005930508
     1453.0000000000        0.0086144054        0.0006672067
     1454.0000000000        0.0093239591        0.0007542734
     1455.0000000000        0.0101282159        0.0008571578
     1456.0000000000        0.0110447745        0.0009795770
     1457.0000000000        0.0120954649        0.0011263292
     1458.0000000000        0.0133076078        0.0013036717
     1459.0000000000        0.0147157243        0.0015198525
     1460.0000000000        0.0163638825        0.0017858686
     1461.0000000000        0.0183089610        0.0021165618
     1462.0000000000        0.0206252417        0.0025322177
     1463.0000000000        0.0234109585        0.0030609311
     1464.0000000000        0.0267977528        0.0037421355
     1465.0000000000        0.0309644828        0.0046319048
     1466.0000000000        0.0361575776        0.0058109124
     1467.0000000000        0.0427211546        0.0073962086
     1468.0000000000        0.0511412974        0.0095578777
     1469.0000000000        0.0621092889        0.0125397986
     1470.0000000000        0.0766046488        0.0166756501
     1471.0000000000        0.0959786965        0.0223634370
     1472.0000000000        0.1219481494        0.0298791190
     1473.0000000000        0.1562024855        0.0387152464
     1474.0000000000        0.1988934530        0.0459287983
     1475.0000000000        0.2450548985        0.0440073112
     1476.0000000000        0.2806852570        0.0238725859
     1477.0000000000        0.2877795494       -0.0105473406
     1478.0000000000        0.2619709093       -0.0382333452
     1479.0000000000        0.2179390707       -0.0467798017
     1480.0000000000        0.1728354836       -0.0420963673
     1481.0000000000        0.1350407511       -0.0333431522
     1482.0000000000        0.1059279601       -0.0251419024
     1483.0000000000        0.0841502084       -0.0187223465
     1484.0000000000        0.0679139338       -0.0140031034
     1485.0000000000        0.0557069680       -0.0105964867
     1486.0000000000        0.0464070996       -0.0081346311
     1487.0000000000        0.0392168625       -0.0063380725
     1488.0000000000        0.0335756971       -0.0050093109
     1489.0000000000        0.0290882138       -0.0040120263
     1490.0000000000        0.0254727311       -0.0032524265
     1491.0000000000        0.0225259907       -0.0026655748
     1492.0000000000        0.0200992905       -0.0022060293
     1493.0000000000        0.0180823311       -0.0018415840
     1494.0000000000        0.0163922019       -0.0015491067
     1495.0000000000        0.0149657896       -0.0013117586
     1496.0000000000        0.0137544823       -0.0011171210
     1497.0000000000        0.0127204270       -0.0009559197
     1498.0000000000        0.0118338522       -0.0008211450
     1499.0000000000        0.0110711276       -0.0007074386
     1500.0000000000        0.0104133426       -0.0006106592
     1501.0000000000        0.0098452522       -0.0005275732
     1502.0000000000        0.0093544877       -0.0004556297
     1503.0000000000        0.0089309604       -0.0003927966
     1504.0000000000        0.0085664059       -0.0003374396
     1505.0000000000        0.0082540343       -0.0002882311
     1506.0000000000        0.0079882595       -0.0002440816
     1507.0000000000        0.0077644875       -0.0002040878
     1508.0000000000        0.0075789524       -0.0001674920
     1509.0000000000        0.0074285863       -0.0001336506
     1510.0000000000        0.0073109187       -0.0001020091
     1511.0000000000        0.0072239972       -0.0000720823
     1512.0000000000        0.0071663270       -0.0000434381
     1513.0000000000        0.0071368248       -0.0000156836
     1514.0000000000        0.0071347851        0.0000115461
     1515.0000000000        0.0071598581        0.0000385987
     1516.0000000000        0.0072120364        0.0000658132
     1517.0000000000        0.0072916517        0.0000935296
     1518.0000000000        0.0073993792        0.0001220972
     1519.0000000000        0.0075362522        0.0001518839
     1520.0000000000        0.0077036850        0.0001832861
     1521.0000000000        0.0079035076        0.0002167397
     1522.0000000000        0.0081380103        0.0002527331
     1523.0000000000        0.0084100047        0.0002918220
     1524.0000000000        0.0087228989        0.0003346480
     1525.0000000000        0.0090807947        0.0003819608
     1526.0000000000        0.0094886096        0.0004346467
     1527.0000000000        0.0099522294        0.0004937636
     1528.0000000000        0.0104787025        0.0005605867
     1529.0000000000        0.0110764843        0.0006366661
     1530.0000000000        0.0117557489        0.0007239033
     1531.0000000000        0.0125287878        0.0008246506
     1532.0000000000        0.0134105235        0.0009418433
     1533.0000000000        0.0144191771        0.0010791771
     1534.0000000000        0.0155771422        0.0012413481
     1535.0000000000        0.0169121409        0.0014343808
     1536.0000000000        0.0184587672        0.0016660833
     1537.0000000000        0.0202605702        0.0019466829
     1538.0000000000        0.0223728976        0.0022897277
     1539.0000000000        0.0248668236        0.0027133792
     1540.0000000000        0.0278346412        0.0032422892
     1541.0000000000        0.0313976423        0.0039103571
     1542.0000000000        0.0357172766        0.0047648260
     1543.0000000000        0.0410113555        0.0058724174
     1544.0000000000        0.0475778299        0.0073285552
     1545.0000000000        0.0558299335        0.0092711508
     1546.0000000000        0.0663481198        0.0119006836
     1547.0000000000        0.0799556804        0.0155073921
     1548.0000000000        0.0978236328        0.0205008291
     1549.0000000000        0.1215972542        0.0274158017
     1550.0000000000        0.1534827153        0.0368005354
     1551.0000000000        0.1960590856        0.0487074862
     1552.0000000000        0.2511355236        0.0611586537
     1553.0000000000        0.3162898702        0.0670831185
     1554.0000000000        0.3786215467        0.0530811325
     1555.0000000000        0.4129996583        0.0118297039
     1556.0000000000        0.3995985568       -0.0370063020
     1557.0000000000        0.3466510029       -0.0640065974
     1558.0000000000        0.2802991530       -0.0654447520
     1559.0000000000        0.2197608356       -0.0546903257
     1560.0000000000        0.1714651505       -0.0420641428
     1561.0000000000        0.1349268807       -0.0314528886
     1562.0000000000        0.1076782282       -0.0234565342
     1563.0000000000        0.0872832140       -0.0176494409
     1564.0000000000        0.0718406275       -0.0134624912
     1565.0000000000        0.0599763983       -0.0104254707
     1566.0000000000        0.0507215324       -0.0081963762
     1567.0000000000        0.0433945310       -0.0065370736
     1568.0000000000        0.0375126243       -0.0052837210
     1569.0000000000        0.0327298034       -0.0043233503
     1570.0000000000        0.0287947087       -0.0035773858
     1571.0000000000        0.0255221706       -0.0029905240
     1572.0000000000        0.0227738912       -0.0025233289
     1573.0000000000        0.0204452073       -0.0021473009
     1574.0000000000        0.0184559155       -0.0018415716
     1575.0000000000        0.0167438321       -0.0015906652
     1576.0000000000        0.0152602133       -0.0013829663
     1577.0000000000        0.0139664591       -0.0012096563
     1578.0000000000        0.0128317101       -0.0010639683
     1579.0000000000        0.0118310760       -0.0009406571
     1580.0000000000        0.0109443146       -0.0008356182
     1581.0000000000        0.0101548364       -0.0007456111
     1582.0000000000        0.0094489473       -0.0006680563
     1583.0000000000        0.0088152672       -0.0006008843
     1584.0000000000        0.0082442788       -0.0005424222
     1585.0000000000        0.0077279759       -0.0004913089
     1586.0000000000        0.0072595854       -0.0004464291
     1587.0000000000        0.0068333479       -0.0004068640
     1588.0000000000        0.0064443412       -0.0003718517
     1589.0000000000        0.0060883397       -0.0003407572
     1590.0000000000        0.0057616991       -0.0003130486
     1591.0000000000        0.0054612639       -0.0002882780
     1592.0000000000        0.0051842908       -0.0002660664
     1593.0000000000        0.0049283858       -0.0002460921
     1594.0000000000        0.0046914527       -0.0002280805
     1595.0000000000        0.0044716495       -0.0002117962
     1596.0000000000        0.0042673523       -0.0001970370
     1597.0000000000        0.0040771256       -0.0001836284
     1598.0000000000        0.0038996960       -0.0001714192
     1599.0000000000        0.0037339314       -0.0001602781
     1600.0000000000        0.0035788221       -0.0001500906
     1601.0000000000        0.0034334658       -0.0001407567
     1602.0000000000        0.0032970535       -0.0001321886
     1603.0000000000        0.0031688591       -0.0001243092
     1604.0000000000        0.0030482283       -0.0001170505
     1605.0000000000        0.0029345713       -0.0001103523
     1606.0000000000        0.0028273547       -0.0001041614
     1607.0000000000        0.0027260952       -0.0000984306
     1608.0000000000        0.0026303543       -0.0000931176
     1609.0000000000        0.0025397332       -0.0000881851
     1610.0000000000        0.0024538686       -0.0000835993
     1611.0000000000        0.0023724291       -0.0000793301
     1612.0000000000        0.0022951118       -0.0000753507
     1613.0000000000        0.0022216392       -0.0000716367
     1614.0000000000        0.0021517572       -0.0000681663
     1615.0000000000        0.0020852321       -0.0000649196
     1616.0000000000        0.0020218493       -0.0000618789
     1617.0000000000        0.0019614111       -0.0000590280
     1618.0000000000        0.0019037350       -0.0000563521
     1619.0000000000        0.0018486529       -0.0000538381
     1620.0000000000        0.0017960090       -0.0000514737
     1621.0000000000        0.0017456592       -0.0000492480
     1622.0000000000        0.0016974702       -0.0000471508
     1623.0000000000        0.0016513180       -0.0000451729
     1624.0000000000        0.0016070875       -0.0000433059
     1625.0000000000        0.0015646718       -0.0000415421
     1626.0000000000        0.0015239713       -0.0000398744
     1627.0000000000        0.0014848932       -0.0000382963
     1628.0000000000        0.0014473509       -0.0000368018
     1629.0000000000        0.0014112637       -0.0000353853
     1630.0000000000        0.0013765559       -0.0000340420
     1631.0000000000        0.0013431570       -0.0000327669
     1632.0000000000        0.0013110007       -0.0000315559
     1633.0000000000        0.0012800252       -0.0000304048
     1634.0000000000        0.0012501723       -0.0000293101
     1635.0000000000        0.0012213873       -0.0000282683
     1636.0000000000        0.0011936192       -0.0000272761
     1637.0000000000        0.0009874236       -0.0000240938
     1638.0000000000        0.0009637633       -0.0000232337
     1639.0000000000        0.0009409427       -0.0000224140
     1640.0000000000        0.0009189226       -0.0000216324
     1641.0000000000        0.0008976660       -0.0000208867
     1642.0000000000        0.0008771380       -0.0000201748
     1643.0000000000        0.0008573057       -0.0000194949
     1644.0000000000        0.0008381380       -0.0000188452
     1645.0000000000        0.0008196057       -0.0000182241
     1646.0000000000        0.0008016809       -0.0000176299
     1647.0000000000        0.0007843374       -0.0000170613
     1648.0000000000        0.0007675503       -0.0000165168
     1649.0000000000        0.0007512961       -0.0000159952
     1650.0000000000        0.0007355526       -0.0000154954
     1651.0000000000        0.0007202985       -0.0000150162
     1652.0000000000        0.0007055137       -0.0000145565
     1653.0000000000        0.0006911793       -0.0000141154
     1654.0000000000        0.0006772771       -0.0000136919
     1655.0000000000        0.0006637900       -0.0000132851
     1656.0000000000        0.0006507015       -0.0000128944
     1657.0000000000        0.0006379962       -0.0000125187
     1658.0000000000        0.0006256592       -0.0000121576
     1659.0000000000        0.0006136765       -0.0000118102
     1660.0000000000        0.0006020345       -0.0000114758
     1661.0000000000        0.0005907206       -0.0000111540
     1662.0000000000        0.0005797225       -0.0000108441
     1663.0000000000        0.0005690286       -0.0000105456
     1664.0000000000        0.0005586277       -0.0000102579
     1665.0000000000        0.0005485093       -0.0000099806
     1666.0000000000        0.0005386632       -0.0000097132
     1667.0000000000        0.0005290797       -0.0000094552
     1668.0000000000        0.0005197497       -0.0000092063
     1669.0000000000        0.0005106642       -0.0000089661
     1670.0000000000        0.0005018147       -0.0000087341
     1671.0000000000        0.0004931932       -0.0000085101
     1672.0000000000        0.0004847919       -0.0000082937
     1673.0000000000        0.0004766034       -0.0000080845
     1674.0000000000        0.0004686206       -0.0000078823
     1675.0000000000        0.0004608365       -0.0000076868
     1676.0000000000        0.0004532448       -0.0000074977
     1677.0000000000        0.0004458390       -0.0000073148
     1678.0000000000        0.0004386132       -0.0000071377
     1679.0000000000        0.0004315616       -0.0000069664
     1680.0000000000        0.0004246787       -0.0000068004
     1681.0000000000        0.0004179590       -0.0000066397
     1682.0000000000        0.0004113976       -0.0000064840
     1683.0000000000        0.0004049893       -0.0000063332
     1684.0000000000        0.0003987297       -0.0000061870
     1685.0000000000        0.0003926139       -0.0000060452
     1686.0000000000        0.0003866378       -0.0000059078
     1687.0000000000        0.0003807971       -0.0000057744
     1688.0000000000        0.0003750876       -0.0000056451
     1689.0000000000        0.0003695056       -0.0000055196
     1690.0000000000        0.0003640472       -0.0000053978
     1691.0000000000        0.0003587089       -0.0000052795
     1692.0000000000        0.0003534871       -0.0000051647
     1693.0000000000        0.0003483784       -0.0000050532
     1694.0000000000        0.0003433797       -0.0000049448
     1695.0000000000        0.0003384877       -0.0000048396
     1696.0000000000        0.0003336996       -0.0000047373
     1697.0000000000        0.0003290123       -0.0000046378
     1698.0000000000        0.0003244230       -0.0000045412
     1699.0000000000        0.0003199291       -0.0000044471
     1700.0000000000        0.0003155278       -0.0000043557
     1701.0000000000        0.0003112168       -0.0000042668
     1702.0000000000        0.0003069935       -0.0000041802
     1703.0000000000        0.0003028555       -0.0000040960
     1704.0000000000        0.0002988007       -0.0000040141
     1705.0000000000        0.0002948267       -0.0000039343
     1706.0000000000        0.0002909314       -0.0000038566
     1707.0000000000        0.0002871129       -0.0000037809
     1708.0000000000        0.0002833689       -0.0000037072
     1709.0000000000        0.0002796978       -0.0000036354
     1710.0000000000        0.0002760975       -0.0000035655
     1711.0000000000        0.0002725662       -0.0000034973
     1712.0000000000        0.0002691023       -0.0000034309
     1713.0000000000        0.0002657039       -0.0000033661
     1714.0000000000        0.0002623696       -0.0000033029
     1715.0000000000        0.0002590975       -0.0000032414
     1716.0000000000        0.0000000000        0.0000000000
     1717.0000000000        0.0000000000        0.0000000000
     1718.0000000000        0.0000000000        0.0000000000
     1719.0000000000        0.0000000000        0.0000000000
     1720.0000000000        0.0000000000        0.0000000000
     1721.0000000000        0.0000000000        0.0000000000
     1722.0000000000        0.0000000000        0.0000000000
     1723.0000000000        0.0000000000        0.0000000000
     1724.0000000000        0.0000000000        0.0000000000
     1725.0000000000        0.0000000000        0.0000000000
     1726.0000000000        0.0000000000        0.0000000000
     1727.0000000000        0.0000000000        0.0000000000
     1728.0000000000        0.0000000000        0.0000000000
     1729.0000000000        0.0000000000        0.0000000000
     1730.0000000000        0.0000000000        0.0000000000
     1731.0000000000        0.0000000000        0.0000000000
     1732.0000000000        0.0000000000        0.0000000000
     1733.0000000000        0.0000000000        0.0000000000
     1734.0000000000        0.0000000000        0.0000000000
     1735.0000000000        0.0000000000        0.0000000000
     1736.0000000000        0.0000000000        0.0000000000
     1737.0000000000        0.0000000000        0.0000000000
     1738.0000000000        0.0000000000        0.0000000000
     1739.0000000000        0.0000000000        0.0000000000
     1740.0000000000        0.0000000000        0.0000000000
     1741.0000000000        0.0000000000        0.0000000000
     1742.0000000000        0.0000000000        0.0000000000
     1743.0000000000        0.0000000000        0.0000000000
     1744.0000000000        0.0000000000        0.0000000000
     1745.0000000000        0.0000000000        0.0000000000
     1746.0000000000        0.0000000000        0.0000000000
     1747.0000000000        0.0000000000        0.0000000000
     1748.0000000000        0.0000000000        0.0000000000
     1749.0000000000        0.0000000000        0.0000000000
     1750.0000000000        0.0000000000        0.0000000000
     1751.0000000000        0.0000000000        0.0000000000
     1752.0000000000        0.0000000000        0.0000000000
     1753.0000000000        0.0000000000        0.0000000000
     1754.0000000000        0.0000000000        0.0000000000
     1755.0000000000        0.0000000000        0.0000000000
     1756.0000000000        0.0000000000        0.0000000000
     1757.0000000000        0.0000000000        0.0000000000
     1758.0000000000        0.0000000000        0.0000000000
     1759.0000000000        0.0000000000        0.0000000000
     1760.0000000000        0.0000000000        0.0000000000
     1761.0000000000        0.0000000000        0.0000000000
     1762.0000000000        0.0000000000        0.0000000000
     1763.0000000000        0.0000000000        0.0000000000
     1764.0000000000        0.0000000000        0.0000000000
     1765.0000000000        0.0000000000        0.0000000000
     1766.0000000000        0.0000000000        0.0000000000
     1767.0000000000        0.0000000000        0.0000000000
     1768.0000000000        0.0000000000        0.0000000000
     1769.0000000000        0.0000000000        0.0000000000
     1770.0000000000        0.0000000000        0.0000000000
     1771.0000000000        0.0000000000        0.0000000000
     1772.0000000000        0.0000000000        0.0000000000
     1773.0000000000        0.0000000000        0.0000000000
     1774.0000000000        0.0000000000        0.0000000000
     1775.0000000000        0.0000000000        0.0000000000
     1776.0000000000        0.0000000000        0.0000000000
     1777.0000000000        0.0000000000        0.0000000000
     1778.0000000000        0.0000000000        0.0000000000
     1779.0000000000        0.0000000000        0.0000000000
     1780.0000000000        0.0000000000        0.0000000000
     1781.0000000000        0.0000000000        0.0000000000
     1782.0000000000        0.0000000000        0.0000000000
     1783.0000000000        0.0000000000        0.0000000000
     1784.0000000000        0.0000000000        0.0000000000
     1785.0000000000        0.0000000000        0.0000000000
     1786.0000000000        0.0000000000        0.0000000000
     1787.0000000000        0.0000000000        0.0000000000
     1788.0000000000        0.0000000000        0.0000000000
     1789.0000000000        0.0000000000        0.0000000000
     1790.0000000000        0.0000000000        0.0000000000
     1791.0000000000        0.0000000000        0.0000000000
     1792.0000000000        0.0000000000        0.0000000000
     1793.0000000000        0.0000000000        0.0000000000
     1794.0000000000        0.0000000000        0.0000000000
     1795.0000000000        0.0000000000        0.0000000000
     1796.0000000000        0.0000000000        0.0000000000
     1797.0000000000        0.0000000000        0.0000000000
     1798.0000000000        0.0000000000        0.0000000000
     1799.0000000000        0.0000000000        0.0000000000
     1800.0000000000        0.0000000000        0.0000000000
     1801.0000000000        0.0000000000        0.0000000000
     1802.0000000000        0.0000000000        0.0000000000
     1803.0000000000        0.0000000000        0.0000000000
     1804.0000000000        0.0000000000        0.0000000000
     1805.0000000000        0.0000000000        0.0000000000
     1806.0000000000        0.0000000000        0.0000000000
     1807.0000000000        0.0000000000        0.0000000000
     1808.0000000000        0.0000000000        0.0000000000
     1809.0000000000        0.0000000000        0.0000000000
     1810.0000000000        0.0000000000        0.0000000000
     1811.0000000000        0.0000000000        0.0000000000
     1812.0000000000        0.0000000000        0.0000000000
     1813.0000000000        0.0000000000        0.0000000000
     1814.0000000000        0.0000000000        0.0000000000
     1815.0000000000        0.0000000000        0.0000000000
     1816.0000000000        0.0000000000        0.0000000000
     1817.0000000000        0.0000000000        0.0000000000
     1818.0000000000        0.0000000000        0.0000000000
     1819.0000000000        0.0000000000        0.0000000000
     1820.0000000000        0.0000000000        0.0000000000
     1821.0000000000        0.0000000000        0.0000000000
     1822.0000000000        0.0000000000        0.0000000000
     1823.0000000000        0.0000000000        0.0000000000
     1824.0000000000        0.0000000000        0.0000000000
     1825.0000000000        0.0000000000        0.0000000000
     1826.0000000000        0.0000000000        0.0000000000
     1827.0000000000        0.0000000000        0.0000000000
     1828.0000000000        0.0000000000        0.0000000000
     1829.0000000000        0.0000000000        0.0000000000
     1830.0000000000        0.0000000000        0.0000000000
     1831.0000000000        0.0000000000        0.0000000000
     1832.0000000000        0.0000000000        0.0000000000
     1833.0000000000        0.0000000000        0.0000000000
     1834.0000000000        0.0000000000        0.0000000000
     1835.0000000000        0.0000000000        0.0000000000
     1836.0000000000        0.0000000000        0.0000000000
     1837.0000000000        0.0000000000        0.0000000000
     1838.0000000000        0.0000000000        0.0000000000
     1839.0000000000        0.0000000000        0.0000000000
     1840.0000000000        0.0000000000        0.0000000000
     1841.0000000000        0.0000000000        0.0000000000
     1842.0000000000        0.0000000000        0.0000000000
     1843.0000000000        0.0000000000        0.0000000000
     1844.0000000000        0.0000000000        0.0000000000
     1845.0000000000        0.0000000000        0.0000000000
     1846.0000000000        0.0000000000        0.0000000000
     1847.0000000000        0.0000000000        0.0000000000
     1848.0000000000        0.0000000000        0.0000000000
     1849.0000000000        0.0000000000        0.0000000000
     1850.0000000000        0.0000000000        0.0000000000
     1851.0000000000        0.0000000000        0.0000000000
     1852.0000000000        0.0000000000        0.0000000000
     1853.0000000000        0.0000000000        0.0000000000
     1854.0000000000        0.0000000000        0.0000000000
     1855.0000000000        0.0000000000        0.0000000000
     1856.0000000000        0.0000000000        0.0000000000
     1857.0000000000        0.0000000000        0.0000000000
     1858.0000000000        0.0000000000        0.0000000000
     1859.0000000000        0.0000000000        0.0000000000
     1860.0000000000        0.0000000000        0.0000000000
     1861.0000000000        0.0000000000        0.0000000000
     1862.0000000000        0.0000000000        0.0000000000
     1863.0000000000        0.0000000000        0.0000000000
     1864.0000000000        0.0000000000        0.0000000000
     1865.0000000000        0.0000000000        0.0000000000
     1866.0000000000        0.0000000000        0.0000000000
     1867.0000000000        0.0000000000        0.0000000000
     1868.0000000000        0.0000000000        0.0000000000
     1869.0000000000        0.0000000000        0.0000000000
     1870.0000000000        0.0000000000        0.0000000000
     1871.0000000000        0.0000000000        0.0000000000
     1872.0000000000        0.0000000000        0.0000000000
     1873.0000000000        0.0000000000        0.0000000000
     1874.0000000000        0.0000000000        0.0000000000
     1875.0000000000        0.0000000000        0.0000000000
     1876.0000000000        0.0000000000        0.0000000000
     1877.0000000000        0.0000000000        0.0000000000
     1878.0000000000        0.0000000000        0.0000000000
     1879.0000000000        0.0000000000        0.0000000000
     1880.0000000000        0.0000000000        0.0000000000
     1881.0000000000        0.0000000000        0.0000000000
     1882.0000000000        0.0000000000        0.0000000000
     1883.0000000000        0.0000000000        0.0000000000
     1884.0000000000        0.0000000000        0.0000000000
     1885.0000000000        0.0000000000        0.0000000000
     1886.0000000000        0.0000000000        0.0000000000
     1887.0000000000        0.0000000000        0.0000000000
     1888.0000000000        0.0000000000        0.0000000000
     1889.0000000000        0.0000000000        0.0000000000
     1890.0000000000        0.0000000000        0.0000000000
     1891.0000000000        0.0000000000        0.0000000000
     1892.0000000000        0.0000000000        0.0000000000
     1893.0000000000        0.0000000000        0.0000000000
     1894.0000000000        0.0000000000        0.0000000000
     1895.0000000000        0.0000000000        0.0000000000
     1896.0000000000        0.0000000000        0.0000000000
     1897.0000000000        0.0000000000        0.0000000000
     1898.0000000000        0.0000000000        0.0000000000
     1899.0000000000        0.0000000000        0.0000000000
     1900.0000000000        0.0000000000        0.0000000000
     1901.0000000000        0.0000000000        0.0000000000
     1902.0000000000        0.0000000000        0.0000000000
     1903.0000000000        0.0000000000        0.0000000000
     1904.0000000000        0.0000000000        0.0000000000
     1905.0000000000        0.0000000000        0.0000000000
     1906.0000000000        0.0000000000        0.0000000000
     1907.0000000000        0.0000000000        0.0000000000
     1908.0000000000        0.0000000000        0.0000000000
     1909.0000000000        0.0000000000        0.0000000000
     1910.0000000000        0.0000000000        0.0000000000
     1911.0000000000        0.0000000000        0.0000000000
     1912.0000000000        0.0000000000        0.0000000000
     1913.0000000000        0.0000000000        0.0000000000
     1914.0000000000        0.0000000000        0.0000000000
     1915.0000000000        0.0000000000        0.0000000000
     1916.0000000000        0.0000000000        0.0000000000
     1917.0000000000        0.0000000000        0.0000000000
     1918.0000000000        0.0000000000        0.0000000000
     1919.0000000000        0.0000000000        0.0000000000
     1920.0000000000        0.0000000000        0.0000000000
     1921.0000000000        0.0000000000        0.0000000000
     1922.0000000000        0.0000000000        0.0000000000
     1923.0000000000        0.0000000000        0.0000000000
     1924.0000000000        0.0000000000        0.0000000000
     1925.0000000000        0.0000000000        0.0000000000
     1926.0000000000        0.0000000000        0.0000000000
     1927.0000000000        0.0000000000        0.0000000000
     1928.0000000000        0.0000000000        0.0000000000
     1929.0000000000        0.0000000000        0.0000000000
     1930.0000000000        0.0000000000        0.0000000000
     1931.0000000000        0.0000000000        0.0000000000
     1932.0000000000        0.0000000000        0.0000000000
     1933.0000000000        0.0000000000        0.0000000000
     1934.0000000000        0.0000000000        0.0000000000
     1935.0000000000        0.0000000000        0.0000000000
     1936.0000000000        0.0000000000        0.0000000000
     1937.0000000000        0.0000000000        0.0000000000
     1938.0000000000        0.0000000000        0.0000000000
     1939.0000000000        0.0000000000        0.0000000000
     1940.0000000000        0.0000000000        0.0000000000
     1941.0000000000        0.0000000000        0.0000000000
     1942.0000000000        0.0000000000        0.0000000000
     1943.0000000000        0.0000000000        0.0000000000
     1944.0000000000        0.0000000000        0.0000000000
     1945.0000000000        0.0000000000        0.0000000000
     1946.0000000000        0.0000000000        0.0000000000
     1947.0000000000        0.0000000000        0.0000000000
     1948.0000000000        0.0000000000        0.0000000000
     1949.0000000000        0.0000000000        0.0000000000
     1950.0000000000        0.0000000000        0.0000000000
     1951.0000000000        0.0000000000        0.0000000000
     1952.0000000000        0.0000000000        0.0000000000
     1953.0000000000        0.0000000000        0.0000000000
     1954.0000000000        0.0000000000        0.0000000000
     1955.0000000000        0.0000000000        0.0000000000
     1956.0000000000        0.0000000000        0.0000000000
     1957.0000000000        0.0000000000        0.0000000000
     1958.0000000000        0.0000000000        0.0000000000
     1959.0000000000        0.0000000000        0.0000000000
     1960.0000000000        0.0000000000        0.0000000000
     1961.0000000000        0.0000000000        0.0000000000
     1962.0000000000        0.0000000000        0.0000000000
     1963.0000000000        0.0000000000        0.0000000000
     1964.0000000000        0.0000000000        0.0000000000
     1965.0000000000        0.0000000000        0.0000000000
     1966.0000000000        0.0000000000        0.0000000000
     1967.0000000000        0.0000000000        0.0000000000
     1968.0000000000        0.0000000000        0.0000000000
     1969.0000000000        0.0000000000        0.0000000000
     1970.0000000000        0.0000000000        0.0000000000
     1971.0000000000        0.0000000000        0.0000000000
     1972.0000000000        0.0000000000        0.0000000000
     1973.0000000000        0.0000000000        0.0000000000
     1974.0000000000        0.0000000000        0.0000000000
     1975.0000000000        0.0000000000        0.0000000000
     1976.0000000000        0.0000000000        0.0000000000
     1977.0000000000        0.0000000000        0.0000000000
     1978.0000000000        0.0000000000        0.0000000000
     1979.0000000000        0.0000000000        0.0000000000
     1980.0000000000        0.0000000000        0.0000000000
     1981.0000000000        0.0000000000        0.0000000000
     1982.0000000000        0.0000000000        0.0000000000
     1983.0000000000        0.0000000000        0.0000000000
     1984.0000000000        0.0000000000        0.0000000000
     1985.0000000000        0.0000000000        0.0000000000
     1986.0000000000        0.0000000000        0.0000000000
     1987.0000000000        0.0000000000        0.0000000000
     1988.0000000000        0.0000000000        0.0000000000
     1989.0000000000        0.0000000000        0.0000000000
     1990.0000000000        0.0000000000        0.0000000000
     1991.0000000000        0.0000000000        0.0000000000
     1992.0000000000        0.0000000000        0.0000000000
     1993.0000000000        0.0000000000        0.0000000000
     1994.0000000000        0.0000000000        0.0000000000
     1995.0000000000        0.0000000000        0.0000000000
     1996.0000000000        0.0000000000        0.0000000000
     1997.0000000000        0.0000000000        0.0000000000
     1998.0000000000        0.0000000000        0.0000000000
     1999.0000000000        0.0000000000        0.0000000000
     2000.0000000000        0.0000000000        0.0000000000
     2001.0000000000        0.0000000000        0.0000000000
     2002.0000000000        0.0000000000        0.0000000000
     2003.0000000000        0.0000000000        0.0000000000
     2004.0000000000        0.0000000000        0.0000000000
     2005.0000000000        0.0000000000        0.0000000000
     2006.0000000000        0.0000000000        0.0000000000
     2007.0000000000        0.0000000000        0.0000000000
     2008.0000000000        0.0000000000        0.0000000000
     2009.0000000000        0.0000000000        0.0000000000
     2010.0000000000        0.0000000000        0.0000000000
     2011.0000000000        0.0000000000        0.0000000000
     2012.0000000000        0.0000000000        0.0000000000
     2013.0000000000        0.0000000000        0.0000000000
     2014.0000000000        0.0000000000        0.0000000000
     2015.0000000000        0.0000000000        0.0000000000
     2016.0000000000        0.0000000000        0.0000000000
     2017.0000000000        0.0000000000        0.0000000000
     2018.0000000000        0.0000000000        0.0000000000
     2019.0000000000        0.0000000000        0.0000000000
     2020.0000000000        0.0000000000        0.0000000000
     2021.0000000000        0.0000000000        0.0000000000
     2022.0000000000        0.0000000000        0.0000000000
     2023.0000000000        0.0000000000        0.0000000000
     2024.0000000000        0.0000000000        0.0000000000
     2025.0000000000        0.0000000000        0.0000000000
     2026.0000000000        0.0000000000        0.0000000000
     2027.0000000000        0.0000000000        0.0000000000
     2028.0000000000        0.0000000000        0.0000000000
     2029.0000000000        0.0000000000        0.0000000000
     2030.0000000000        0.0000000000        0.0000000000
     2031.0000000000        0.0000000000        0.0000000000
     2032.0000000000        0.0000000000        0.0000000000
     2033.0000000000        0.0000000000        0.0000000000
     2034.0000000000        0.0000000000        0.0000000000
     2035.0000000000        0.0000000000        0.0000000000
     2036.0000000000        0.0000000000        0.0000000000
     2037.0000000000        0.0000000000        0.0000000000
     2038.0000000000        0.0000000000        0.0000000000
     2039.0000000000        0.0000000000        0.0000000000
     2040.0000000000        0.0000000000        0.0000000000
     2041.0000000000        0.0000000000        0.0000000000
     2042.0000000000        0.0000000000        0.0000000000
     2043.0000000000        0.0000000000        0.0000000000
     2044.0000000000        0.0000000000        0.0000000000
     2045.0000000000        0.0000000000        0.0000000000
     2046.0000000000        0.0000000000        0.0000000000
     2047.0000000000        0.0000000000        0.0000000000
     2048.0000000000        0.0000000000        0.0000000000
     2049.0000000000        0.0000000000        0.0000000000
     2050.0000000000        0.0000000000        0.0000000000
     2051.0000000000        0.0000000000        0.0000000000
     2052.0000000000        0.0000000000        0.0000000000
     2053.0000000000        0.0000000000        0.0000000000
     2054.0000000000        0.0000000000        0.0000000000
     2055.0000000000        0.0000000000        0.0000000000
     2056.0000000000        0.0000000000        0.0000000000
     2057.0000000000        0.0000000000        0.0000000000
     2058.0000000000        0.0000000000        0.0000000000
     2059.0000000000        0.0000000000        0.0000000000
     2060.0000000000        0.0000000000        0.0000000000
     2061.0000000000        0.0000000000        0.0000000000
     2062.0000000000        0.0000000000        0.0000000000
     2063.0000000000        0.0000000000        0.0000000000
     2064.0000000000        0.0000000000        0.0000000000
     2065.0000000000        0.0000000000        0.0000000000
     2066.0000000000        0.0000000000        0.0000000000
     2067.0000000000        0.0000000000        0.0000000000
     2068.0000000000        0.0000000000        0.0000000000
     2069.0000000000        0.0000000000        0.0000000000
     2070.0000000000        0.0000000000        0.0000000000
     2071.0000000000        0.0000000000        0.0000000000
     2072.0000000000        0.0000000000        0.0000000000
     2073.0000000000        0.0000000000        0.0000000000
     2074.0000000000        0.0000000000        0.0000000000
     2075.0000000000        0.0000000000        0.0000000000
     2076.0000000000        0.0000000000        0.0000000000
     2077.0000000000        0.0000000000        0.0000000000
     2078.0000000000        0.0000000000        0.0000000000
     2079.0000000000        0.0000000000        0.0000000000
     2080.0000000000        0.0000000000        0.0000000000
     2081.0000000000        0.0000000000        0.0000000000
     2082.0000000000        0.0000000000        0.0000000000
     2083.0000000000        0.0000000000        0.0000000000
     2084.0000000000        0.0000000000        0.0000000000
     2085.0000000000        0.0000000000        0.0000000000
     2086.0000000000        0.0000000000        0.0000000000
     2087.0000000000        0.0000000000        0.0000000000
     2088.0000000000        0.0000000000        0.0000000000
     2089.0000000000        0.0000000000        0.0000000000
     2090.0000000000        0.0000000000        0.0000000000
     2091.0000000000        0.0000000000        0.0000000000
     2092.0000000000        0.0000000000        0.0000000000
     2093.0000000000        0.0000000000        0.0000000000
     2094.0000000000        0.0000000000        0.0000000000
     2095.0000000000        0.0000000000        0.0000000000
     2096.0000000000        0.0000000000        0.0000000000
     2097.0000000000        0.0000000000        0.0000000000
     2098.0000000000        0.0000000000        0.0000000000
     2099.0000000000        0.0000000000        0.0000000000
     2100.0000000000        0.0000000000        0.0000000000
     2101.0000000000        0.0000000000        0.0000000000
     2102.0000000000        0.0000000000        0.0000000000
     2103.0000000000        0.0000000000        0.0000000000
     2104.0000000000        0.0000000000        0.0000000000
     2105.0000000000        0.0000000000        0.0000000000
     2106.0000000000        0.0000000000        0.0000000000
     2107.0000000000        0.0000000000        0.0000000000
     2108.0000000000        0.0000000000        0.0000000000
     2109.0000000000        0.0000000000        0.0000000000
     2110.0000000000        0.0000000000        0.0000000000
     2111.0000000000        0.0000000000        0.0000000000
     2112.0000000000        0.0000000000        0.0000000000
     2113.0000000000        0.0000000000        0.0000000000
     2114.0000000000        0.0000000000        0.0000000000
     2115.0000000000        0.0000000000        0.0000000000
     2116.0000000000        0.0000000000        0.0000000000
     2117.0000000000        0.0000000000        0.0000000000
     2118.0000000000        0.0000000000        0.0000000000
     2119.0000000000        0.0000000000        0.0000000000
     2120.0000000000        0.0000000000        0.0000000000
     2121.0000000000        0.0000000000        0.0000000000
     2122.0000000000        0.0000000000        0.0000000000
     2123.0000000000        0.0000000000        0.0000000000
     2124.0000000000        0.0000000000        0.0000000000
     2125.0000000000        0.0000000000        0.0000000000
     2126.0000000000        0.0000000000        0.0000000000
     2127.0000000000        0.0000000000        0.0000000000
     2128.0000000000        0.0000000000        0.0000000000
     2129.0000000000        0.0000000000        0.0000000000
     2130.0000000000        0.0000000000        0.0000000000
     2131.0000000000        0.0000000000        0.0000000000
     2132.0000000000        0.0000000000        0.0000000000
     2133.0000000000        0.0000000000        0.0000000000
     2134.0000000000        0.0000000000        0.0000000000
     2135.0000000000        0.0000000000        0.0000000000
     2136.0000000000        0.0000000000        0.0000000000
     2137.0000000000        0.0000000000        0.0000000000
     2138.0000000000        0.0000000000        0.0000000000
     2139.0000000000        0.0000000000        0.0000000000
     2140.0000000000        0.0000000000        0.0000000000
     2141.0000000000        0.0000000000        0.0000000000
     2142.0000000000        0.0000000000        0.0000000000
     2143.0000000000        0.0000000000        0.0000000000
     2144.0000000000        0.0000000000        0.0000000000
     2145.0000000000        0.0000000000        0.0000000000
     2146.0000000000        0.0000000000        0.0000000000
     2147.0000000000        0.0000000000        0.0000000000
     2148.0000000000        0.0000000000        0.0000000000
     2149.0000000000        0.0000000000        0.0000000000
     2150.0000000000        0.0000000000        0.0000000000
     2151.0000000000        0.0000000000        0.0000000000
     2152.0000000000        0.0000000000        0.0000000000
     2153.0000000000        0.0000000000        0.0000000000
     2154.0000000000        0.0000000000        0.0000000000
     2155.0000000000        0.0000000000        0.0000000000
     2156.0000000000        0.0000000000        0.0000000000
     2157.0000000000        0.0000000000        0.0000000000
     2158.0000000000        0.0000000000        0.0000000000
     2159.0000000000        0.0000000000        0.0000000000
     2160.0000000000        0.0000000000        0.0000000000
     2161.0000000000        0.0000000000        0.0000000000
     2162.0000000000        0.0000000000        0.0000000000
     2163.0000000000        0.0000000000        0.0000000000
     2164.0000000000        0.0000000000        0.0000000000
     2165.0000000000        0.0000000000        0.0000000000
     2166.0000000000        0.0000000000        0.0000000000
     2167.0000000000        0.0000000000        0.0000000000
     2168.0000000000        0.0000000000        0.0000000000
     2169.0000000000        0.0000000000        0.0000000000
     2170.0000000000        0.0000000000        0.0000000000
     2171.0000000000        0.0000000000        0.0000000000
     2172.0000000000        0.0000000000        0.0000000000
     2173.0000000000        0.0000000000        0.0000000000
     2174.0000000000        0.0000000000        0.0000000000
     2175.0000000000        0.0000000000        0.0000000000
     2176.0000000000        0.0000000000        0.0000000000
     2177.0000000000        0.0000000000        0.0000000000
     2178.0000000000        0.0000000000        0.0000000000
     2179.0000000000        0.0000000000        0.0000000000
     2180.0000000000        0.0000000000        0.0000000000
     2181.0000000000        0.0000000000        0.0000000000
     2182.0000000000        0.0000000000        0.0000000000
     2183.0000000000        0.0000000000        0.0000000000
     2184.0000000000        0.0000000000        0.0000000000
     2185.0000000000        0.0000000000        0.0000000000
     2186.0000000000        0.0000000000        0.0000000000
     2187.0000000000        0.0000000000        0.0000000000
     2188.0000000000        0.0000000000        0.0000000000
     2189.0000000000        0.0000000000        0.0000000000
     2190.0000000000        0.0000000000        0.0000000000
     2191.0000000000        0.0000000000        0.0000000000
     2192.0000000000        0.0000000000        0.0000000000
     2193.0000000000        0.0000000000        0.0000000000
     2194.0000000000        0.0000000000        0.0000000000
     2195.0000000000        0.0000000000        0.0000000000
     2196.0000000000        0.0000000000        0.0000000000
     2197.0000000000        0.0000000000        0.0000000000
     2198.0000000000        0.0000000000        0.0000000000
     2199.0000000000        0.0000000000        0.0000000000
     2200.0000000000        0.0000000000        0.0000000000
     2201.0000000000        0.0000000000        0.0000000000
     2202.0000000000        0.0000000000        0.0000000000
     2203.0000000000        0.0000000000        0.0000000000
     2204.0000000000        0.0000000000        0.0000000000
     2205.0000000000        0.0000000000        0.0000000000
     2206.0000000000        0.0000000000        0.0000000000
     2207.0000000000        0.0000000000        0.0000000000
     2208.0000000000        0.0000000000        0.0000000000
     2209.0000000000        0.0000000000        0.0000000000
     2210.0000000000        0.0000000000        0.0000000000
     2211.0000000000        0.0000000000        0.0000000000
     2212.0000000000        0.0000000000        0.0000000000
     2213.0000000000        0.0000000000        0.0000000000
     2214.0000000000        0.0000000000        0.0000000000
     2215.0000000000        0.0000000000        0.0000000000
     2216.0000000000        0.0000000000        0.0000000000
     2217.0000000000        0.0000000000        0.0000000000
     2218.0000000000        0.0000000000        0.0000000000
     2219.0000000000        0.0000000000        0.0000000000
     2220.0000000000        0.0000000000        0.0000000000
     2221.0000000000        0.0000000000        0.0000000000
     2222.0000000000        0.0000000000        0.0000000000
     2223.0000000000        0.0000000000        0.0000000000
     2224.0000000000        0.0000000000        0.0000000000
     2225.0000000000        0.0000000000        0.0000000000
     2226.0000000000        0.0000000000        0.0000000000
     2227.0000000000        0.0000000000        0.0000000000
     2228.0000000000        0.0000000000        0.0000000000
     2229.0000000000        0.0000000000        0.0000000000
     2230.0000000000        0.0000000000        0.0000000000
     2231.0000000000        0.0000000000        0.0000000000
     2232.0000000000        0.0000000000        0.0000000000
     2233.0000000000        0.0000000000        0.0000000000
     2234.0000000000        0.0000000000        0.0000000000
     2235.0000000000        0.0000000000        0.0000000000
     2236.0000000000        0.0000000000        0.0000000000
     2237.0000000000        0.0000000000        0.0000000000
     2238.0000000000        0.0000000000        0.0000000000
     2239.0000000000        0.0000000000        0.0000000000
     2240.0000000000        0.0000000000        0.0000000000
     2241.0000000000        0.0000000000        0.0000000000
     2242.0000000000        0.0000000000        0.0000000000
     2243.0000000000        0.0000000000        0.0000000000
     2244.0000000000        0.0000000000        0.0000000000
     2245.0000000000        0.0000000000        0.0000000000
     2246.0000000000        0.0000000000        0.0000000000
     2247.0000000000        0.0000000000        0.0000000000
     2248.0000000000        0.0000000000        0.0000000000
     2249.0000000000        0.0000000000        0.0000000000
     2250.0000000000        0.0000000000        0.0000000000
     2251.0000000000        0.0000000000        0.0000000000
     2252.0000000000        0.0000000000        0.0000000000
     2253.0000000000        0.0000000000        0.0000000000
     2254.0000000000        0.0000000000        0.0000000000
     2255.0000000000        0.0000000000        0.0000000000
     2256.0000000000        0.0000000000        0.0000000000
     2257.0000000000        0.0000000000        0.0000000000
     2258.0000000000        0.0000000000        0.0000000000
     2259.0000000000        0.0000000000        0.0000000000
     2260.0000000000        0.0000000000        0.0000000000
     2261.0000000000        0.0000000000        0.0000000000
     2262.0000000000        0.0000000000        0.0000000000
     2263.0000000000        0.0000000000        0.0000000000
     2264.0000000000        0.0000000000        0.0000000000
     2265.0000000000        0.0000000000        0.0000000000
     2266.0000000000        0.0000000000        0.0000000000
     2267.0000000000        0.0000000000        0.0000000000
     2268.0000000000        0.0000000000        0.0000000000
     2269.0000000000        0.0000000000        0.0000000000
     2270.0000000000        0.0000000000        0.0000000000
     2271.0000000000        0.0000000000        0.0000000000
     2272.0000000000        0.0000000000        0.0000000000
     2273.0000000000        0.0000000000        0.0000000000
     2274.0000000000        0.0000000000        0.0000000000
     2275.0000000000        0.0000000000        0.0000000000
     2276.0000000000        0.0000000000        0.0000000000
     2277.0000000000        0.0000000000        0.0000000000
     2278.0000000000        0.0000000000        0.0000000000
     2279.0000000000        0.0000000000        0.0000000000
     2280.0000000000        0.0000000000        0.0000000000
     2281.0000000000        0.0000000000        0.0000000000
     2282.0000000000        0.0000000000        0.0000000000
     2283.0000000000        0.0000000000        0.0000000000
     2284.0000000000        0.0000000000        0.0000000000
     2285.0000000000        0.0000000000        0.0000000000
     2286.0000000000        0.0000000000        0.0000000000
     2287.0000000000        0.0000000000        0.0000000000
     2288.0000000000        0.0000000000        0.0000000000
     2289.0000000000        0.0000000000        0.0000000000
     2290.0000000000        0.0000000000        0.0000000000
     2291.0000000000        0.0000000000        0.0000000000
     2292.0000000000        0.0000000000        0.0000000000
     2293.0000000000        0.0000000000        0.0000000000
     2294.0000000000        0.0000000000        0.0000000000
     2295.0000000000        0.0000000000        0.0000000000
     2296.0000000000        0.0000000000        0.0000000000
     2297.0000000000        0.0000000000        0.0000000000
     2298.0000000000        0.0000000000        0.0000000000
     2299.0000000000        0.0000000000        0.0000000000
     2300.0000000000        0.0000000000        0.0000000000
     2301.0000000000        0.0000000000        0.0000000000
     2302.0000000000        0.0000000000        0.0000000000
     2303.0000000000        0.0000000000        0.0000000000
     2304.0000000000        0.0000000000        0.0000000000
     2305.0000000000        0.0000000000        0.0000000000
     2306.0000000000        0.0000000000        0.0000000000
     2307.0000000000        0.0000000000        0.0000000000
     2308.0000000000        0.0000000000        0.0000000000
     2309.0000000000        0.0000000000        0.0000000000
     2310.0000000000        0.0000000000        0.0000000000
     2311.0000000000        0.0000000000        0.0000000000
     2312.0000000000        0.0000000000        0.0000000000
     2313.0000000000        0.0000000000        0.0000000000
     2314.0000000000        0.0000000000        0.0000000000
     2315.0000000000        0.0000000000        0.0000000000
     2316.0000000000        0.0000000000        0.0000000000
     2317.0000000000        0.0000000000        0.0000000000
     2318.0000000000        0.0000000000        0.0000000000
     2319.0000000000        0.0000000000        0.0000000000
     2320.0000000000        0.0000000000        0.0000000000
     2321.0000000000        0.0000000000        0.0000000000
     2322.0000000000        0.0000000000        0.0000000000
     2323.0000000000        0.0000000000        0.0000000000
     2324.0000000000        0.0000000000        0.0000000000
     2325.0000000000        0.0000000000        0.0000000000
     2326.0000000000        0.0000000000        0.0000000000
     2327.0000000000        0.0000000000        0.0000000000
     2328.0000000000        0.0000000000        0.0000000000
     2329.0000000000        0.0000000000        0.0000000000
     2330.0000000000        0.0000000000        0.0000000000
     2331.0000000000        0.0000000000        0.0000000000
     2332.0000000000        0.0000000000        0.0000000000
     2333.0000000000        0.0000000000        0.0000000000
     2334.0000000000        0.0000000000        0.0000000000
     2335.0000000000        0.0000000000        0.0000000000
     2336.0000000000        0.0000000000        0.0000000000
     2337.0000000000        0.0000000000        0.0000000000
     2338.0000000000        0.0000000000        0.0000000000
     2339.0000000000        0.0000000000        0.0000000000
     2340.0000000000        0.0000000000        0.0000000000
     2341.0000000000        0.0000000000        0.0000000000
     2342.0000000000        0.0000000000        0.0000000000
     2343.0000000000        0.0000000000        0.0000000000
     2344.0000000000        0.0000000000        0.0000000000
     2345.0000000000        0.0000000000        0.0000000000
     2346.0000000000        0.0000000000        0.0000000000
     2347.0000000000        0.0000000000        0.0000000000
     2348.0000000000        0.0000000000        0.0000000000
     2349.0000000000        0.0000000000        0.0000000000
     2350.0000000000        0.0000000000        0.0000000000
     2351.0000000000        0.0000000000        0.0000000000
     2352.0000000000        0.0000000000        0.0000000000
     2353.0000000000        0.0000000000        0.0000000000
     2354.0000000000        0.0000000000        0.0000000000
     2355.0000000000        0.0000000000        0.0000000000
     2356.0000000000        0.0000000000        0.0000000000
     2357.0000000000        0.0000000000        0.0000000000
     2358.0000000000        0.0000000000        0.0000000000
     2359.0000000000        0.0000000000        0.0000000000
     2360.0000000000        0.0000000000        0.0000000000
     2361.0000000000        0.0000000000        0.0000000000
     2362.0000000000        0.0000000000        0.0000000000
     2363.0000000000        0.0000000000        0.0000000000
     2364.0000000000        0.0000000000        0.0000000000
     2365.0000000000        0.0000000000        0.0000000000
     2366.0000000000        0.0000000000        0.0000000000
     2367.0000000000        0.0000000000        0.0000000000
     2368.0000000000        0.0000000000        0.0000000000
     2369.0000000000        0.0000000000        0.0000000000
     2370.0000000000        0.0000000000        0.0000000000
     2371.0000000000        0.0000000000        0.0000000000
     2372.0000000000        0.0000000000        0.0000000000
     2373.0000000000        0.0000000000        0.0000000000
     2374.0000000000        0.0000000000        0.0000000000
     2375.0000000000        0.0000000000        0.0000000000
     2376.0000000000        0.0000000000        0.0000000000
     2377.0000000000        0.0000000000        0.0000000000
     2378.0000000000        0.0000000000        0.0000000000
     2379.0000000000        0.0000000000        0.0000000000
     2380.0000000000        0.0000000000        0.0000000000
     2381.0000000000        0.0000000000        0.0000000000
     2382.0000000000        0.0000000000        0.0000000000
     2383.0000000000        0.0000000000        0.0000000000
     2384.0000000000        0.0000000000        0.0000000000
     2385.0000000000        0.0000000000        0.0000000000
     2386.0000000000        0.0000000000        0.0000000000
     2387.0000000000        0.0000000000        0.0000000000
     2388.0000000000        0.0000000000        0.0000000000
     2389.0000000000        0.0000000000        0.0000000000
     2390.0000000000        0.0000000000        0.0000000000
     2391.0000000000        0.0000000000        0.0000000000
     2392.0000000000        0.0000000000        0.0000000000
     2393.0000000000        0.0000000000        0.0000000000
     2394.0000000000        0.0000000000        0.0000000000
     2395.0000000000        0.0000000000        0.0000000000
     2396.0000000000        0.0000000000        0.0000000000
     2397.0000000000        0.0000000000        0.0000000000
     2398.0000000000        0.0000000000        0.0000000000
     2399.0000000000        0.0000000000        0.0000000000
     2400.0000000000        0.0000000000        0.0000000000
     2401.0000000000        0.0000000000        0.0000000000
     2402.0000000000        0.0000000000        0.0000000000
     2403.0000000000        0.0000000000        0.0000000000
     2404.0000000000        0.0000000000        0.0000000000
     2405.0000000000        0.0000000000        0.0000000000
     2406.0000000000        0.0000000000        0.0000000000
     2407.0000000000        0.0000000000        0.0000000000
     2408.0000000000        0.0000000000        0.0000000000
     2409.0000000000        0.0000000000        0.0000000000
     2410.0000000000        0.0000000000        0.0000000000
     2411.0000000000        0.0000000000        0.0000000000
     2412.0000000000        0.0000000000        0.0000000000
     2413.0000000000        0.0000000000        0.0000000000
     2414.0000000000        0.0000000000        0.0000000000
     2415.0000000000        0.0000000000        0.0000000000
     2416.0000000000        0.0000000000        0.0000000000
     2417.0000000000        0.0000000000        0.0000000000
     2418.0000000000        0.0000000000        0.0000000000
     2419.0000000000        0.0000000000        0.0000000000
     2420.0000000000        0.0000000000        0.0000000000
     2421.0000000000        0.0000000000        0.0000000000
     2422.0000000000        0.0000000000        0.0000000000
     2423.0000000000        0.0000000000        0.0000000000
     2424.0000000000        0.0000000000        0.0000000000
     2425.0000000000        0.0000000000        0.0000000000
     2426.0000000000        0.0000000000        0.0000000000
     2427.0000000000        0.0000000000        0.0000000000
     2428.0000000000        0.0000000000        0.0000000000
     2429.0000000000        0.0000000000        0.0000000000
     2430.0000000000        0.0000000000        0.0000000000
     2431.0000000000        0.0000000000        0.0000000000
     2432.0000000000        0.0000000000        0.0000000000
     2433.0000000000        0.0000000000        0.0000000000
     2434.0000000000        0.0000000000        0.0000000000
     2435.0000000000        0.0000000000        0.0000000000
     2436.0000000000        0.0000000000        0.0000000000
     2437.0000000000        0.0000000000        0.0000000000
     2438.0000000000        0.0000000000        0.0000000000
     2439.0000000000        0.0000000000        0.0000000000
     2440.0000000000        0.0000000000        0.0000000000
     2441.0000000000        0.0000000000        0.0000000000
     2442.0000000000        0.0000000000        0.0000000000
     2443.0000000000        0.0000000000        0.0000000000
     2444.0000000000        0.0000000000        0.0000000000
     2445.0000000000        0.0000000000        0.0000000000
     2446.0000000000        0.0000000000        0.0000000000
     2447.0000000000        0.0000000000        0.0000000000
     2448.0000000000        0.0000000000        0.0000000000
     2449.0000000000        0.0000000000        0.0000000000
     2450.0000000000        0.0000000000        0.0000000000
     2451.0000000000        0.0000000000        0.0000000000
     2452.0000000000        0.0000000000        0.0000000000
     2453.0000000000        0.0000000000        0.0000000000
     2454.0000000000        0.0000000000        0.0000000000
     2455.0000000000        0.0000000000        0.0000000000
     2456.0000000000        0.0000000000        0.0000000000
     2457.0000000000        0.0000000000        0.0000000000
     2458.0000000000        0.0000000000        0.0000000000
     2459.0000000000        0.0000000000        0.0000000000
     2460.0000000000        0.0000000000        0.0000000000
     2461.0000000000        0.0000000000        0.0000000000
     2462.0000000000        0.0000000000        0.0000000000
     2463.0000000000        0.0000000000        0.0000000000
     2464.0000000000        0.0000000000        0.0000000000
     2465.0000000000        0.0000000000        0.0000000000
     2466.0000000000        0.0000000000        0.0000000000
     2467.0000000000        0.0000000000        0.0000000000
     2468.0000000000        0.0000000000        0.0000000000
     2469.0000000000        0.0000000000        0.0000000000
     2470.0000000000        0.0000000000        0.0000000000
     2471.0000000000        0.0000000000        0.0000000000
     2472.0000000000        0.0000000000        0.0000000000
     2473.0000000000        0.0000000000        0.0000000000
     2474.0000000000        0.0000000000        0.0000000000
     2475.0000000000        0.0000000000        0.0000000000
     2476.0000000000        0.0000000000        0.0000000000
     2477.0000000000        0.0000000000        0.0000000000
     2478.0000000000        0.0000000000        0.0000000000
     2479.0000000000        0.0000000000        0.0000000000
     2480.0000000000        0.0000000000        0.0000000000
     2481.0000000000        0.0000000000        0.0000000000
     2482.0000000000        0.0000000000        0.0000000000
     2483.0000000000        0.0000000000        0.0000000000
     2484.0000000000        0.0000000000        0.0000000000
     2485.0000000000        0.0000000000        0.0000000000
     2486.0000000000        0.0000000000        0.0000000000
     2487.0000000000        0.0000000000        0.0000000000
     2488.0000000000        0.0000000000        0.0000000000
     2489.0000000000        0.0000000000        0.0000000000
     2490.0000000000        0.0000000000        0.0000000000
     2491.0000000000        0.0000000000        0.0000000000
     2492.0000000000        0.0000000000        0.0000000000
     2493.0000000000        0.0000000000        0.0000000000
     2494.0000000000        0.0000000000        0.0000000000
     2495.0000000000        0.0000000000        0.0000000000
     2496.0000000000        0.0000000000        0.0000000000
     2497.0000000000        0.0000000000        0.0000000000
     2498.0000000000        0.0000000000        0.0000000000
     2499.0000000000        0.0000000000        0.0000000000
     2500.0000000000        0.0000000000        0.0000000000
     2501.0000000000        0.0000000000        0.0000000000
     2502.0000000000        0.0000000000        0.0000000000
     2503.0000000000        0.0000000000        0.0000000000
     2504.0000000000        0.0000000000        0.0000000000
     2505.0000000000        0.0000000000        0.0000000000
     2506.0000000000        0.0000000000        0.0000000000
     2507.0000000000        0.0000000000        0.0000000000
     2508.0000000000        0.0000000000        0.0000000000
     2509.0000000000        0.0000000000        0.0000000000
     2510.0000000000        0.0000000000        0.0000000000
     2511.0000000000        0.0000000000        0.0000000000
     2512.0000000000        0.0000000000        0.0000000000
     2513.0000000000        0.0000000000        0.0000000000
     2514.0000000000        0.0000000000        0.0000000000
     2515.0000000000        0.0000000000        0.0000000000
     2516.0000000000        0.0000000000        0.0000000000
     2517.0000000000        0.0000000000        0.0000000000
     2518.0000000000        0.0000000000        0.0000000000
     2519.0000000000        0.0000000000        0.0000000000
     2520.0000000000        0.0000000000        0.0000000000
     2521.0000000000        0.0000000000        0.0000000000
     2522.0000000000        0.0000000000        0.0000000000
     2523.0000000000        0.0000000000        0.0000000000
     2524.0000000000        0.0000000000        0.0000000000
     2525.0000000000        0.0000000000        0.0000000000
     2526.0000000000        0.0000000000        0.0000000000
     2527.0000000000        0.0000000000        0.0000000000
     2528.0000000000        0.0000000000        0.0000000000
     2529.0000000000        0.0000000000        0.0000000000
     2530.0000000000        0.0000000000        0.0000000000
     2531.0000000000        0.0000000000        0.0000000000
     2532.0000000000        0.0000000000        0.0000000000
     2533.0000000000        0.0000000000        0.0000000000
     2534.0000000000        0.0000000000        0.0000000000
     2535.0000000000        0.0000000000        0.0000000000
     2536.0000000000        0.0000000000        0.0000000000
     2537.0000000000        0.0000000000        0.0000000000
     2538.0000000000        0.0000000000        0.0000000000
     2539.0000000000        0.0000000000        0.0000000000
     2540.0000000000        0.0000000000        0.0000000000
     2541.0000000000        0.0000000000        0.0000000000
     2542.0000000000        0.0000000000        0.0000000000
     2543.0000000000        0.0000000000        0.0000000000
     2544.0000000000        0.0000000000        0.0000000000
     2545.0000000000        0.0000000000        0.0000000000
     2546.0000000000        0.0000000000        0.0000000000
     2547.0000000000        0.0000000000        0.0000000000
     2548.0000000000        0.0000000000        0.0000000000
     2549.0000000000        0.0000000000        0.0000000000
     2550.0000000000        0.0000000000        0.0000000000
     2551.0000000000        0.0000000000        0.0000000000
     2552.0000000000        0.0000000000        0.0000000000
     2553.0000000000        0.0000000000        0.0000000000
     2554.0000000000        0.0000000000        0.0000000000
     2555.0000000000        0.0000000000        0.0000000000
     2556.0000000000        0.0000000000        0.0000000000
     2557.0000000000        0.0000000000        0.0000000000
     2558.0000000000        0.0000000000        0.0000000000
     2559.0000000000        0.0000000000        0.0000000000
     2560.0000000000        0.0000000000        0.0000000000
     2561.0000000000        0.0000000000        0.0000000000
     2562.0000000000        0.0000000000        0.0000000000
     2563.0000000000        0.0000000000        0.0000000000
     2564.0000000000        0.0000000000        0.0000000000
     2565.0000000000        0.0000000000        0.0000000000
     2566.0000000000        0.0000000000        0.0000000000
     2567.0000000000        0.0000000000        0.0000000000
     2568.0000000000        0.0000000000        0.0000000000
     2569.0000000000        0.0000000000        0.0000000000
     2570.0000000000        0.0000000000        0.0000000000
     2571.0000000000        0.0000000000        0.0000000000
     2572.0000000000        0.0000000000        0.0000000000
     2573.0000000000        0.0000000000        0.0000000000
     2574.0000000000        0.0000000000        0.0000000000
     2575.0000000000        0.0000000000        0.0000000000
     2576.0000000000        0.0000000000        0.0000000000
     2577.0000000000        0.0000000000        0.0000000000
     2578.0000000000        0.0000000000        0.0000000000
     2579.0000000000        0.0000000000        0.0000000000
     2580.0000000000        0.0000000000        0.0000000000
     2581.0000000000        0.0000000000        0.0000000000
     2582.0000000000        0.0000000000        0.0000000000
     2583.0000000000        0.0000000000        0.0000000000
     2584.0000000000        0.0000000000        0.0000000000
     2585.0000000000        0.0000000000        0.0000000000
     2586.0000000000        0.0000000000        0.0000000000
     2587.0000000000        0.0000000000        0.0000000000
     2588.0000000000        0.0000000000        0.0000000000
     2589.0000000000        0.0000000000        0.0000000000
     2590.0000000000        0.0000000000        0.0000000000
     2591.0000000000        0.0000000000        0.0000000000
     2592.0000000000        0.0000000000        0.0000000000
     2593.0000000000        0.0000000000        0.0000000000
     2594.0000000000        0.0000000000        0.0000000000
     2595.0000000000        0.0000000000        0.0000000000
     2596.0000000000        0.0000000000        0.0000000000
     2597.0000000000        0.0000000000        0.0000000000
     2598.0000000000        0.0000000000        0.0000000000
     2599.0000000000        0.0000000000        0.0000000000
     2600.0000000000        0.0000000000        0.0000000000
     2601.0000000000        0.0000000000        0.0000000000
     2602.0000000000        0.0000000000        0.0000000000
     2603.0000000000        0.0000000000        0.0000000000
     2604.0000000000        0.0000000000        0.0000000000
     2605.0000000000        0.0000000000        0.0000000000
     2606.0000000000        0.0000000000        0.0000000000
     2607.0000000000        0.0000000000        0.0000000000
     2608.0000000000        0.0000000000        0.0000000000
     2609.0000000000        0.0000000000        0.0000000000
     2610.0000000000        0.0000000000        0.0000000000
     2611.0000000000        0.0000000000        0.0000000000
     2612.0000000000        0.0000000000        0.0000000000
     2613.0000000000        0.0000000000        0.0000000000
     2614.0000000000        0.0000000000        0.0000000000
     2615.0000000000        0.0000000000        0.0000000000
     2616.0000000000        0.0000000000        0.0000000000
     2617.0000000000        0.0000000000        0.0000000000
     2618.0000000000        0.0000000000        0.0000000000
     2619.0000000000        0.0000000000        0.0000000000
     2620.0000000000        0.0000000000        0.0000000000
     2621.0000000000        0.0000000000        0.0000000000
     2622.0000000000        0.0000000000        0.0000000000
     2623.0000000000        0.0000000000        0.0000000000
     2624.0000000000        0.0000000000        0.0000000000
     2625.0000000000        0.0000000000        0.0000000000
     2626.0000000000        0.0000000000        0.0000000000
     2627.0000000000        0.0000000000        0.0000000000
     2628.0000000000        0.0000000000        0.0000000000
     2629.0000000000        0.0000000000        0.0000000000
     2630.0000000000        0.0000000000        0.0000000000
     2631.0000000000        0.0000000000        0.0000000000
     2632.0000000000        0.0000000000        0.0000000000
     2633.0000000000        0.0000000000        0.0000000000
     2634.0000000000        0.0000000000        0.0000000000
     2635.0000000000        0.0000000000        0.0000000000
     2636.0000000000        0.0000000000        0.0000000000
     2637.0000000000        0.0000000000        0.0000000000
     2638.0000000000        0.0000000000        0.0000000000
     2639.0000000000        0.0000000000        0.0000000000
     2640.0000000000        0.0000000000        0.0000000000
     2641.0000000000        0.0000000000        0.0000000000
     2642.0000000000        0.0000000000        0.0000000000
     2643.0000000000        0.0000000000        0.0000000000
     2644.0000000000        0.0000000000        0.0000000000
     2645.0000000000        0.0000000000        0.0000000000
     2646.0000000000        0.0000000000        0.0000000000
     2647.0000000000        0.0000000000        0.0000000000
     2648.0000000000        0.0000000000        0.0000000000
     2649.0000000000        0.0000000000        0.0000000000
     2650.0000000000        0.0000000000        0.0000000000
     2651.0000000000        0.0000000000        0.0000000000
     2652.0000000000        0.0000000000        0.0000000000
     2653.0000000000        0.0000000000        0.0000000000
     2654.0000000000        0.0000000000        0.0000000000
     2655.0000000000        0.0000000000        0.0000000000
     2656.0000000000        0.0000000000        0.0000000000
     2657.0000000000        0.0000000000        0.0000000000
     2658.0000000000        0.0000000000        0.0000000000
     2659.0000000000        0.0000000000        0.0000000000
     2660.0000000000        0.0000000000        0.0000000000
     2661.0000000000        0.0000000000        0.0000000000
     2662.0000000000        0.0000000000        0.0000000000
     2663.0000000000        0.0000000000        0.0000000000
     2664.0000000000        0.0000000000        0.0000000000
     2665.0000000000        0.0000000000        0.0000000000
     2666.0000000000        0.0000000000        0.0000000000
     2667.0000000000        0.0000000000        0.0000000000
     2668.0000000000        0.0000000000        0.0000000000
     2669.0000000000        0.0000000000        0.0000000000
     2670.0000000000        0.0000000000        0.0000000000
     2671.0000000000        0.0000000000        0.0000000000
     2672.0000000000        0.0000000000        0.0000000000
     2673.0000000000        0.0000000000        0.0000000000
     2674.0000000000        0.0000000000        0.0000000000
     2675.0000000000        0.0000000000        0.0000000000
     2676.0000000000        0.0000000000        0.0000000000
     2677.0000000000        0.0000000000        0.0000000000
     2678.0000000000        0.0000000000        0.0000000000
     2679.0000000000        0.0000000000        0.0000000000
     2680.0000000000        0.0000000000        0.0000000000
     2681.0000000000        0.0000000000        0.0000000000
     2682.0000000000        0.0000000000        0.0000000000
     2683.0000000000        0.0000000000        0.0000000000
     2684.0000000000        0.0000000000        0.0000000000
     2685.0000000000        0.0000000000        0.0000000000
     2686.0000000000        0.0000000000        0.0000000000
     2687.0000000000        0.0000000000        0.0000000000
     2688.0000000000        0.0000000000        0.0000000000
     2689.0000000000        0.0000000000        0.0000000000
     2690.0000000000        0.0000000000        0.0000000000
     2691.0000000000        0.0000000000        0.0000000000
     2692.0000000000        0.0000000000        0.0000000000
     2693.0000000000        0.0000000000        0.0000000000
     2694.0000000000        0.0000000000        0.0000000000
     2695.0000000000        0.0000000000        0.0000000000
     2696.0000000000        0.0000000000        0.0000000000
     2697.0000000000        0.0000000000        0.0000000000
     2698.0000000000        0.0000000000        0.0000000000
     2699.0000000000        0.0000000000        0.0000000000
     2700.0000000000        0.0000000000        0.0000000000
     2701.0000000000        0.0000000000        0.0000000000
     2702.0000000000        0.0000000000        0.0000000000
     2703.0000000000        0.0000000000        0.0000000000
     2704.0000000000        0.0000000000        0.0000000000
     2705.0000000000        0.0000000000        0.0000000000
     2706.0000000000        0.0000000000        0.0000000000
     2707.0000000000        0.0000000000        0.0000000000
     2708.0000000000        0.0000000000        0.0000000000
     2709.0000000000        0.0000000000        0.0000000000
     2710.0000000000        0.0000000000        0.0000000000
     2711.0000000000        0.0000000000        0.0000000000
     2712.0000000000        0.0000000000        0.0000000000
     2713.0000000000        0.0000000000        0.0000000000
     2714.0000000000        0.0000000000        0.0000000000
     2715.0000000000        0.0000000000        0.0000000000
     2716.0000000000        0.0000000000        0.0000000000
     2717.0000000000        0.0000000000        0.0000000000
     2718.0000000000        0.0000000000        0.0000000000
     2719.0000000000        0.0000000000        0.0000000000
     2720.0000000000        0.0000000000        0.0000000000
     2721.0000000000        0.0000000000        0.0000000000
     2722.0000000000        0.0000000000        0.0000000000
     2723.0000000000        0.0000000000        0.0000000000
     2724.0000000000        0.0000000000        0.0000000000
     2725.0000000000        0.0000000000        0.0000000000
     2726.0000000000        0.0000000000        0.0000000000
     2727.0000000000        0.0000000000        0.0000000000
     2728.0000000000        0.0000000000        0.0000000000
     2729.0000000000        0.0000000000        0.0000000000
     2730.0000000000        0.0000000000        0.0000000000
     2731.0000000000        0.0000000000        0.0000000000
     2732.0000000000        0.0000000000        0.0000000000
     2733.0000000000        0.0000000000        0.0000000000
     2734.0000000000        0.0000000000        0.0000000000
     2735.0000000000        0.0000000000        0.0000000000
     2736.0000000000        0.0000000000        0.0000000000
     2737.0000000000        0.0000000000        0.0000000000
     2738.0000000000        0.0000000000        0.0000000000
     2739.0000000000        0.0000000000        0.0000000000
     2740.0000000000        0.0000000000        0.0000000000
     2741.0000000000        0.0000000000        0.0000000000
     2742.0000000000        0.0000000000        0.0000000000
     2743.0000000000        0.0000000000        0.0000000000
     2744.0000000000        0.0000000000        0.0000000000
     2745.0000000000        0.0000000000        0.0000000000
     2746.0000000000        0.0000000000        0.0000000000
     2747.0000000000        0.0000000000        0.0000000000
     2748.0000000000        0.0000000000        0.0000000000
     2749.0000000000        0.0000000000        0.0000000000
     2750.0000000000        0.0000000000        0.0000000000
     2751.0000000000        0.0000000000        0.0000000000
     2752.0000000000        0.0000000000        0.0000000000
     2753.0000000000        0.0000000000        0.0000000000
     2754.0000000000        0.0000000000        0.0000000000
     2755.0000000000        0.0000000000        0.0000000000
     2756.0000000000        0.0000000000        0.0000000000
     2757.0000000000        0.0000000000        0.0000000000
     2758.0000000000        0.0000000000        0.0000000000
     2759.0000000000        0.0000000000        0.0000000000
     2760.0000000000        0.0000000000        0.0000000000
     2761.0000000000        0.0000000000        0.0000000000
     2762.0000000000        0.0000000000        0.0000000000
     2763.0000000000        0.0000000000        0.0000000000
     2764.0000000000        0.0000000000        0.0000000000
     2765.0000000000        0.0000000000        0.0000000000
     2766.0000000000        0.0000000000        0.0000000000
     2767.0000000000        0.0000000000        0.0000000000
     2768.0000000000        0.0000000000        0.0000000000
     2769.0000000000        0.0000000000        0.0000000000
     2770.0000000000        0.0000000000        0.0000000000
     2771.0000000000        0.0000000000        0.0000000000
     2772.0000000000        0.0000000000        0.0000000000
     2773.0000000000        0.0000000000        0.0000000000
     2774.0000000000        0.0000000000        0.0000000000
     2775.0000000000        0.0000000000        0.0000000000
     2776.0000000000        0.0000000000        0.0000000000
     2777.0000000000        0.0000000000        0.0000000000
     2778.0000000000        0.0000000000        0.0000000000
     2779.0000000000        0.0000000000        0.0000000000
     2780.0000000000        0.0000000000        0.0000000000
     2781.0000000000        0.0000000000        0.0000000000
     2782.0000000000        0.0000000000        0.0000000000
     2783.0000000000        0.0000000000        0.0000000000
     2784.0000000000        0.0000000000        0.0000000000
     2785.0000000000        0.0000000000        0.0000000000
     2786.0000000000        0.0000000000        0.0000000000
     2787.0000000000        0.0000000000        0.0000000000
     2788.0000000000        0.0000000000        0.0000000000
     2789.0000000000        0.0000000000        0.0000000000
     2790.0000000000        0.0000000000        0.0000000000
     2791.0000000000        0.0000000000        0.0000000000
     2792.0000000000        0.0000000000        0.0000000000
     2793.0000000000        0.0000000000        0.0000000000
     2794.0000000000        0.0000000000        0.0000000000
     2795.0000000000        0.0000000000        0.0000000000
     2796.0000000000        0.0000000000        0.0000000000
     2797.0000000000        0.0000000000        0.0000000000
     2798.0000000000        0.0000000000        0.0000000000
     2799.0000000000        0.0000000000        0.0000000000
     2800.0000000000        0.0000000000        0.0000000000
     2801.0000000000        0.0000000000        0.0000000000
     2802.0000000000        0.0000000000        0.0000000000
     2803.0000000000        0.0000000000        0.0000000000
     2804.0000000000        0.0000000000        0.0000000000
     2805.0000000000        0.0000000000        0.0000000000
     2806.0000000000        0.0000000000        0.0000000000
     2807.0000000000        0.0000000000        0.0000000000
     2808.0000000000        0.0000000000        0.0000000000
     2809.0000000000        0.0000000000        0.0000000000
     2810.0000000000        0.0000000000        0.0000000000
     2811.0000000000        0.0000000000        0.0000000000
     2812.0000000000        0.0000000000        0.0000000000
     2813.0000000000        0.0000000000        0.0000000000
     2814.0000000000        0.0000000000        0.0000000000
     2815.0000000000        0.0000000000        0.0000000000
     2816.0000000000        0.0000000000        0.0000000000
     2817.0000000000        0.0000000000        0.0000000000
     2818.0000000000        0.0000000000        0.0000000000
     2819.0000000000        0.0000000000        0.0000000000
     2820.0000000000        0.0000000000        0.0000000000
     2821.0000000000        0.0000000000        0.0000000000
     2822.0000000000        0.0000000000        0.0000000000
     2823.0000000000        0.0000000000        0.0000000000
     2824.0000000000        0.0000000000        0.0000000000
     2825.0000000000        0.0000000000        0.0000000000
     2826.0000000000        0.0000000000        0.0000000000
     2827.0000000000        0.0000000000        0.0000000000
     2828.0000000000        0.0000000000        0.0000000000
     2829.0000000000        0.0000000000        0.0000000000
     2830.0000000000        0.0000000000        0.0000000000
     2831.0000000000        0.0000000000        0.0000000000
     2832.0000000000        0.0000000000        0.0000000000
     2833.0000000000        0.0000000000        0.0000000000
     2834.0000000000        0.0000000000        0.0000000000
     2835.0000000000        0.0000000000        0.0000000000
     2836.0000000000        0.0000000000        0.0000000000
     2837.0000000000        0.0000000000        0.0000000000
     2838.0000000000        0.0000000000        0.0000000000
     2839.0000000000        0.0000000000        0.0000000000
     2840.0000000000        0.0000000000        0.0000000000
     2841.0000000000        0.0000000000        0.0000000000
     2842.0000000000        0.0000000000        0.0000000000
     2843.0000000000        0.0000000000        0.0000000000
     2844.0000000000        0.0000000000        0.0000000000
     2845.0000000000        0.0000000000        0.0000000000
     2846.0000000000        0.0000000000        0.0000000000
     2847.0000000000        0.0000000000        0.0000000000
     2848.0000000000        0.0000000000        0.0000000000
     2849.0000000000        0.0000000000        0.0000000000
     2850.0000000000        0.0000000000        0.0000000000
     2851.0000000000        0.0000000000        0.0000000000
     2852.0000000000        0.0000000000        0.0000000000
     2853.0000000000        0.0000000000        0.0000000000
     2854.0000000000        0.0000000000        0.0000000000
     2855.0000000000        0.0000000000        0.0000000000
     2856.0000000000        0.0000000000        0.0000000000
     2857.0000000000        0.0000000000        0.0000000000
     2858.0000000000        0.0000000000        0.0000000000
     2859.0000000000        0.0000000000        0.0000000000
     2860.0000000000        0.0000000000        0.0000000000
     2861.0000000000        0.0000000000        0.0000000000
     2862.0000000000        0.0000000000        0.0000000000
     2863.0000000000        0.0000000000        0.0000000000
     2864.0000000000        0.0000000000        0.0000000000
     2865.0000000000        0.0000000000        0.0000000000
     2866.0000000000        0.0000000000        0.0000000000
     2867.0000000000        0.0000000000        0.0000000000
     2868.0000000000        0.0000000000        0.0000000000
     2869.0000000000        0.0000000000        0.0000000000
     2870.0000000000        0.0000000000        0.0000000000
     2871.0000000000        0.0000000000        0.0000000000
     2872.0000000000        0.0000000000        0.0000000000
     2873.0000000000        0.0000000000        0.0000000000
     2874.0000000000        0.0000000000        0.0000000000
     2875.0000000000        0.0000000000        0.0000000000
     2876.0000000000        0.0000000000        0.0000000000
     2877.0000000000        0.0000000000        0.0000000000
     2878.0000000000        0.0000000000        0.0000000000
     2879.0000000000        0.0000000000        0.0000000000
     2880.0000000000        0.0000000000        0.0000000000
     2881.0000000000        0.0000000000        0.0000000000
     2882.0000000000        0.0000000000        0.0000000000
     2883.0000000000        0.0000000000        0.0000000000
     2884.0000000000        0.0000000000        0.0000000000
     2885.0000000000        0.0000000000        0.0000000000
     2886.0000000000        0.0000000000        0.0000000000
     2887.0000000000        0.0000000000        0.0000000000
     2888.0000000000        0.0000000000        0.0000000000
     2889.0000000000        0.0000000000        0.0000000000
     2890.0000000000        0.0000000000        0.0000000000
     2891.0000000000        0.0000000000        0.0000000000
     2892.0000000000        0.0000000000        0.0000000000
     2893.0000000000        0.0000000000        0.0000000000
     2894.0000000000        0.0000000000        0.0000000000
     2895.0000000000        0.0000000000        0.0000000000
     2896.0000000000        0.0000000000        0.0000000000
     2897.0000000000        0.0000000000        0.0000000000
     2898.0000000000        0.0000000000        0.0000000000
     2899.0000000000        0.0000000000        0.0000000000
     2900.0000000000        0.0000000000        0.0000000000
     2901.0000000000        0.0000000000        0.0000000000
     2902.0000000000        0.0000000000        0.0000000000
     2903.0000000000        0.0000000000        0.0000000000
     2904.0000000000        0.0000000000        0.0000000000
     2905.0000000000        0.0000000000        0.0000000000
     2906.0000000000        0.0000000000        0.0000000000
     2907.0000000000        0.0000000000        0.0000000000
     2908.0000000000        0.0000000000        0.0000000000
     2909.0000000000        0.0000000000        0.0000000000
     2910.0000000000        0.0000000000        0.0000000000
     2911.0000000000        0.0000000000        0.0000000000
     2912.0000000000        0.0000000000        0.0000000000
     2913.0000000000        0.0000000000        0.0000000000
     2914.0000000000        0.0000000000        0.0000000000
     2915.0000000000        0.0000000000        0.0000000000
     2916.0000000000        0.0000000000        0.0000000000
     2917.0000000000        0.0000000000        0.0000000000
     2918.0000000000        0.0000000000        0.0000000000
     2919.0000000000        0.0000000000        0.0000000000
     2920.0000000000        0.0000000000        0.0000000000
     2921.0000000000        0.0000000000        0.0000000000
     2922.0000000000        0.0000000000        0.0000000000
     2923.0000000000        0.0000000000        0.0000000000
     2924.0000000000        0.0000000000        0.0000000000
     2925.0000000000        0.0000000000        0.0000000000
     2926.0000000000        0.0000000000        0.0000000000
     2927.0000000000        0.0000000000        0.0000000000
     2928.0000000000        0.0000000000        0.0000000000
     2929.0000000000        0.0000000000        0.0000000000
     2930.0000000000        0.0000000000        0.0000000000
     2931.0000000000        0.0000000000        0.0000000000
     2932.0000000000        0.0000000000        0.0000000000
     2933.0000000000        0.0000000000        0.0000000000
     2934.0000000000        0.0000000000        0.0000000000
     2935.0000000000        0.0000000000        0.0000000000
     2936.0000000000        0.0000000000        0.0000000000
     2937.0000000000        0.0000000000        0.0000000000
     2938.0000000000        0.0000000000        0.0000000000
     2939.0000000000        0.0000000000        0.0000000000
     2940.0000000000        0.0000000000        0.0000000000
     2941.0000000000        0.0000000000        0.0000000000
     2942.0000000000        0.0000000000        0.0000000000
     2943.0000000000        0.0000000000        0.0000000000
     2944.0000000000        0.0000000000        0.0000000000
     2945.0000000000        0.0000000000        0.0000000000
     2946.0000000000        0.0000000000        0.0000000000
     2947.0000000000        0.0000000000        0.0000000000
     2948.0000000000        0.0000000000        0.0000000000
     2949.0000000000        0.0000000000        0.0000000000
     2950.0000000000        0.0000000000        0.0000000000
     2951.0000000000        0.0028250361        0.0000353968
     2952.0000000000        0.0028607683        0.0000360704
     2953.0000000000        0.0028971826        0.0000367611
     2954.0000000000        0.0029342964        0.0000374696
     2955.0000000000        0.0029721279        0.0000381964
     2956.0000000000        0.0030106956        0.0000389421
     2957.0000000000        0.0030500187        0.0000397074
     2958.0000000000        0.0030901171        0.0000404928
     2959.0000000000        0.0031310113        0.0000412991
     2960.0000000000        0.0031727225        0.0000421269
     2961.0000000000        0.0032152726        0.0000429770
     2962.0000000000        0.0032586842        0.0000438501
     2963.0000000000        0.0033029808        0.0000447471
     2964.0000000000        0.0033481865        0.0000456686
     2965.0000000000        0.0033943265        0.0000466156
     2966.0000000000        0.0034414266        0.0000475890
     2967.0000000000        0.0034895136        0.0000485896
     2968.0000000000        0.0035386153        0.0000496185
     2969.0000000000        0.0035887604        0.0000506767
     2970.0000000000        0.0036399788        0.0000517651
     2971.0000000000        0.0036923012        0.0000528850
     2972.0000000000        0.0037457595        0.0000540373
     2973.0000000000        0.0038003870        0.0000552234
     2974.0000000000        0.0038562180        0.0000564444
     2975.0000000000        0.0039132880        0.0000577017
     2976.0000000000        0.0039716339        0.0000589966
     2977.0000000000        0.0040312942        0.0000603305
     2978.0000000000        0.0040923084        0.0000617049
     2979.0000000000        0.0041547180        0.0000631214
     2980.0000000000        0.0042185658        0.0000645815
     2981.0000000000        0.0042838962        0.0000660871
     2982.0000000000        0.0043507556        0.0000676397
     2983.0000000000        0.0044191920        0.0000692414
     2984.0000000000        0.0044892554        0.0000708940
     2985.0000000000        0.0045609977        0.0000725996
     2986.0000000000        0.0046344730        0.0000743604
     2987.0000000000        0.0047097375        0.0000761785
     2988.0000000000        0.0047868499        0.0000780564
     2989.0000000000        0.0048658710        0.0000799965
     2990.0000000000        0.0049468644        0.0000820013
     2991.0000000000        0.0050298962        0.0000840738
     2992.0000000000        0.0051150354        0.0000862166
     2993.0000000000        0.0052023538        0.0000884328
     2994.0000000000        0.0052919265        0.0000907256
     2995.0000000000        0.0053838317        0.0000930984
     2996.0000000000        0.0054781511        0.0000955545
     2997.0000000000        0.0055749698        0.0000980978
     2998.0000000000        0.0056743770        0.0001007321
     2999.0000000000        0.0057764658        0.0001034616
     3000.0000000000        0.0058813334        0.0001062905
     3001.0000000000        0.0059890815        0.0001092234
     3002.0000000000        0.0060998165        0.0001122652
     3003.0000000000        0.0062136500        0.0001154210
     3004.0000000000        0.0063306983        0.0001186961
     3005.0000000000        0.0064510838        0.0001220962
     3006.0000000000        0.0065749345        0.0001256274
     3007.0000000000        0.0067023844        0.0001292960
     3008.0000000000        0.0068335745        0.0001331087
     3009.0000000000        0.0069686523        0.0001370728
     3010.0000000000        0.0071077731        0.0001411958
     3011.0000000000        0.0072510996        0.0001454857
     3012.0000000000        0.0073988030        0.0001499511
     3013.0000000000        0.0075510632        0.0001546009
     3014.0000000000        0.0077080696        0.0001594450
     3015.0000000000        0.0078700212        0.0001644934
     3016.0000000000        0.0080371280        0.0001697570
     3017.0000000000        0.0082096109        0.0001752476
     3018.0000000000        0.0083877029        0.0001809773
     3019.0000000000        0.0085716496        0.0001869594
     3020.0000000000        0.0087617104        0.0001932078
     3021.0000000000        0.0089581591        0.0001997377
     3022.0000000000        0.0091612849        0.0002065650
     3023.0000000000        0.0093713938        0.0002137067
     3024.0000000000        0.0095888093        0.0002211813
     3025.0000000000        0.0098138739        0.0002290083
     3026.0000000000        0.0100469503        0.0002372087
     3027.0000000000        0.0102884232        0.0002458050
     3028.0000000000        0.0105387003        0.0002548214
     3029.0000000000        0.0107982147        0.0002642839
     3030.0000000000        0.0110674262        0.0002742204
     3031.0000000000        0.0113468235        0.0002846608
     3032.0000000000        0.0129548091        0.0003121360
     3033.0000000000        0.0132728261        0.0003239976
     3034.0000000000        0.0136030099        0.0003364760
     3035.0000000000        0.0139459974        0.0003496121
     3036.0000000000        0.0143024679        0.0003634499
     3037.0000000000        0.0146731470        0.0003780374
     3038.0000000000        0.0150588097        0.0003934262
     3039.0000000000        0.0154602851        0.0004096725
     3040.0000000000        0.0158784607        0.0004268371
     3041.0000000000        0.0163142875        0.0004449864
     3042.0000000000        0.0167687856        0.0004641922
     3043.0000000000        0.0172430501        0.0004845330
     3044.0000000000        0.0177382583        0.0005060943
     3045.0000000000        0.0182556766        0.0005289695
     3046.0000000000        0.0187966692        0.0005532607
     3047.0000000000        0.0193627071        0.0005790798
     3048.0000000000        0.0199553787        0.0006065492
     3049.0000000000        0.0205764003        0.0006358036
     3050.0000000000        0.0212276300        0.0006669910
     3051.0000000000        0.0219110807        0.0007002743
     3052.0000000000        0.0226289369        0.0007358332
     3053.0000000000        0.0233835717        0.0007738664
     3054.0000000000        0.0241775675        0.0008145937
     3055.0000000000        0.0250137380        0.0008582585
     3056.0000000000        0.0258951535        0.0009051315
     3057.0000000000        0.0268251702        0.0009555135
     3058.0000000000        0.0278074617        0.0010097403
     3059.0000000000        0.0288460567        0.0010681864
     3060.0000000000        0.0299453802        0.0011312713
     3061.0000000000        0.0311103018        0.0011994656
     3062.0000000000        0.0323461900        0.0012732979
     3063.0000000000        0.0336589748        0.0013533642
     3064.0000000000        0.0350552197        0.0014403374
     3065.0000000000        0.0365422047        0.0015349795
     3066.0000000000        0.0381280219        0.0016381552
     3067.0000000000        0.0398216864        0.0017508492
     3068.0000000000        0.0416332658        0.0018741850
     3069.0000000000        0.0435740304        0.0020094490
     3070.0000000000        0.0456566297        0.0021581181
     3071.0000000000        0.0478952993        0.0023218940
     3072.0000000000        0.0503061052        0.0025027430
     3073.0000000000        0.0529072326        0.0027029462
     3074.0000000000        0.0557193292        0.0029251589
     3075.0000000000        0.0587659153        0.0031724841
     3076.0000000000        0.0620738746        0.0034485625
     3077.0000000000        0.0656740460        0.0037576844
     3078.0000000000        0.0696019398        0.0041049275
     3079.0000000000        0.0738986080        0.0044963305
     3080.0000000000        0.0786117103        0.0049391100
     3081.0000000000        0.0837968237        0.0054419362
     3082.0000000000        0.0895190647        0.0060152831
     3083.0000000000        0.0958551083        0.0066718789
     3084.0000000000        0.1028957202        0.0074272867
     3085.0000000000        0.1107489538        0.0083006626
     3086.0000000000        0.1195442177        0.0093157508
     3087.0000000000        0.1294374920        0.0105022024
     3088.0000000000        0.1406180740        0.0118973402
     3089.0000000000        0.1533173809        0.0135485422
     3090.0000000000        0.1678205465        0.0155164947
     3091.0000000000        0.1844818509        0.0178796808
     3092.0000000000        0.2037454731        0.0207406439
     3093.0000000000        0.2261737146        0.0242348310
     3094.0000000000        0.2524858413        0.0285432319
     3095.0000000000        0.2836121990        0.0339106652
     3096.0000000000        0.3207705688        0.0406725559
     3097.0000000000        0.3655752912        0.0492945905
     3098.0000000000        0.4201951681        0.0604319938
     3099.0000000000        0.4875845216        0.0750186145
     3100.0000000000        0.5718241596        0.0944004924
     3101.0000000000        0.6786258265        0.1205324754
     3102.0000000000        0.8160715378        0.1562523359
     3103.0000000000        0.9956592913        0.2056080141
     3104.0000000000        1.2336391036        0.2740535942
     3105.0000000000        1.5522208965        0.3677933601
     3106.0000000000        1.9788669101        0.4900103022
     3107.0000000000        2.5380847939        0.6283329925
     3108.0000000000        3.2228637649        0.7258494292
     3109.0000000000        3.9331311020        0.6524654252
     3110.0000000000        4.4260021667        0.2829730739
     3111.0000000000        4.4372955891       -0.2617606414
     3112.0000000000        3.9600708794       -0.6432381158
     3113.0000000000        3.2532770379       -0.7270698029
     3114.0000000000        2.5648327609       -0.6335084631
     3115.0000000000        2.0001997768       -0.4952966092
     3116.0000000000        1.5687767735       -0.3719928846
     3117.0000000000        1.2465868050       -0.2770987951
     3118.0000000000        1.0060437490       -0.2077336850
     3119.0000000000        0.8246840982       -0.1577081076
     3120.0000000000        0.6860336267       -0.1215137998
     3121.0000000000        0.5784277649       -0.0950467654
     3122.0000000000        0.4936678298       -0.0754261098
     3123.0000000000        0.4259618972       -0.0606666886
     3124.0000000000        0.3711741666       -0.0494018338
     3125.0000000000        0.3263123915       -0.0406837537
     3126.0000000000        0.2891813965       -0.0338477616
     3127.0000000000        0.2581483394       -0.0284216872
     3128.0000000000        0.2319823627       -0.0240656050
     3129.0000000000        0.2097438361       -0.0205315269
     3130.0000000000        0.1907068990       -0.0176361948
     3131.0000000000        0.1743045962       -0.0152425098
     3132.0000000000        0.1600895205       -0.0132467035
     3133.0000000000        0.1477052311       -0.0115693647
     3134.0000000000        0.1368652517       -0.0101490877
     3135.0000000000        0.1273374636       -0.0089379222
     3136.0000000000        0.1189323862       -0.0078980758
     3137.0000000000        0.1114942875       -0.0069994996
     3138.0000000000        0.1048943790       -0.0062181001
     3139.0000000000        0.0990255597       -0.0055344029
     3140.0000000000        0.0937983251       -0.0049325440
     3141.0000000000        0.0891375578       -0.0043995013
     3142.0000000000        0.0849799939       -0.0039245038
     3143.0000000000        0.0812722101       -0.0034985743
     3144.0000000000        0.0779690161       -0.0031141707
     3145.0000000000        0.0750321668       -0.0027649037
     3146.0000000000        0.0724293251       -0.0024453121
     3147.0000000000        0.0701332289       -0.0021506812
     3148.0000000000        0.0681210194       -0.0018768962
     3149.0000000000        0.0663737044       -0.0016203202
     3150.0000000000        0.0648757325       -0.0013776933
     3151.0000000000        0.0636146606       -0.0011460451
     3152.0000000000        0.0625809031       -0.0009226194
     3153.0000000000        0.0617675519       -0.0007048060
     3154.0000000000        0.0611702633       -0.0004900768
     3155.0000000000        0.0607872054       -0.0002759252
     3156.0000000000        0.0606190682       -0.0000598042
     3157.0000000000        0.0606691355        0.0001609382
     3158.0000000000        0.0609434246        0.0003891292
     3159.0000000000        0.0614509002        0.0006278508
     3160.0000000000        0.0622037744        0.0008805323
     3161.0000000000        0.0632179071        0.0011510602
     3162.0000000000        0.0645133284        0.0014439137
     3163.0000000000        0.0661149117        0.0017643308
     3164.0000000000        0.0680532336        0.0021185196
     3165.0000000000        0.0703656726        0.0025139260
     3166.0000000000        0.0730978127        0.0029595812
     3167.0000000000        0.0763052450        0.0034665535
     3168.0000000000        0.0800558885        0.0040485453
     3169.0000000000        0.0844330031        0.0047226881
     3170.0000000000        0.0895391270        0.0055106141
     3171.0000000000        0.0955012684        0.0064399139
     3172.0000000000        0.1024778137        0.0075461446
     3173.0000000000        0.1106678131        0.0088756252
     3174.0000000000        0.1203235984        0.0104893767
     3175.0000000000        0.1317681267        0.0124687423
     3176.0000000000        0.1454191082        0.0149235048
     3177.0000000000        0.1618229994        0.0180037518
     3178.0000000000        0.1817035029        0.0219174229
     3179.0000000000        0.2060316372        0.0269565069
     3180.0000000000        0.2361281291        0.0335363988
     3181.0000000000        0.2738143788        0.0422549673
     3182.0000000000        0.3216358520        0.0539798521
     3183.0000000000        0.3831902754        0.0699715280
     3184.0000000000        0.4635952975        0.0920351967
     3185.0000000000        0.5700987955        0.1226320630
     3186.0000000000        0.7126788797        0.1646665631
     3187.0000000000        0.9039339153        0.2200357531
     3188.0000000000        1.1559982198        0.2845669504
     3189.0000000000        1.4689822586        0.3355990310
     3190.0000000000        1.8041881364        0.3168273480
     3191.0000000000        2.0566225524        0.1635856867
     3192.0000000000        2.0965103457       -0.0887303195
     3193.0000000000        1.8989806449       -0.2849559369
     3194.0000000000        1.5749440448       -0.3413448696
     3195.0000000000        1.2473707488       -0.3046333776
     3196.0000000000        0.9743484813       -0.2405523267
     3197.0000000000        0.7643978779       -0.1812928434
     3198.0000000000        0.6073137750       -0.1351155174
     3199.0000000000        0.4900554889       -0.1012215712
     3200.0000000000        0.4017295830       -0.0767631546
     3201.0000000000        0.3342769372       -0.0590846648
     3202.0000000000        0.2819759395       -0.0461790466
     3203.0000000000        0.2408046803       -0.0366304400
     3204.0000000000        0.2079249869       -0.0294620520
     3205.0000000000        0.1813134680       -0.0240017522
     3206.0000000000        0.1595088135       -0.0197840259
     3207.0000000000        0.1414408977       -0.0164829577
     3208.0000000000        0.1263150866       -0.0138674536
     3209.0000000000        0.1135333146       -0.0117714568
     3210.0000000000        0.1026396574       -0.0100740479
     3211.0000000000        0.0932823349       -0.0086860326
     3212.0000000000        0.0851868424       -0.0075408020
     3213.0000000000        0.0781367090       -0.0065880283
     3214.0000000000        0.0719595455       -0.0057892645
     3215.0000000000        0.0665168075       -0.0051148338
     3216.0000000000        0.0616961983       -0.0045416049
     3217.0000000000        0.0574059698       -0.0040513839
     3218.0000000000        0.0535706044       -0.0036297366
     3219.0000000000        0.0501275110       -0.0032651201
     3220.0000000000        0.0470244738       -0.0029482329
     3221.0000000000        0.0442176666       -0.0026715272
     3222.0000000000        0.0416700932       -0.0024288364
     3223.0000000000        0.0393503550       -0.0022150911
     3224.0000000000        0.0372316679       -0.0020260988
     3225.0000000000        0.0352910749       -0.0018583729
     3226.0000000000        0.0335088102       -0.0017089983
     3227.0000000000        0.0318677821       -0.0015755253
     3228.0000000000        0.0303531519       -0.0014558858
     3229.0000000000        0.0289519870       -0.0013483257
     3230.0000000000        0.0276529746       -0.0012513509
     3231.0000000000        0.0264461847       -0.0011636836
     3232.0000000000        0.0253228724       -0.0010842265
     3233.0000000000        0.0242753116       -0.0010120341
     3234.0000000000        0.0232966564       -0.0009462887
     3235.0000000000        0.0223808228       -0.0008862805
     3236.0000000000        0.0215223897       -0.0008313917
     3237.0000000000        0.0207165135       -0.0007810828
     3238.0000000000        0.0199588556       -0.0007348811
     3239.0000000000        0.0192455211       -0.0006923715
     3240.0000000000        0.0185730043       -0.0006531883
     3241.0000000000        0.0179381437       -0.0006170086
     3242.0000000000        0.0173380817       -0.0005835464
     3243.0000000000        0.0167702299       -0.0005525481
     3244.0000000000        0.0162322397       -0.0005237879
     3245.0000000000        0.0157219754       -0.0004970646
     3246.0000000000        0.0152374917       -0.0004721983
     3247.0000000000        0.0147770136       -0.0004490281
     3248.0000000000        0.0143389185       -0.0004274095
     3249.0000000000        0.0139217208       -0.0004072126
     3250.0000000000        0.0135240584       -0.0003883206
     3251.0000000000        0.0131446801       -0.0003706278
     3252.0000000000        0.0127824350       -0.0003540389
     3253.0000000000        0.0124362632       -0.0003384676
     3254.0000000000        0.0121051868       -0.0003238355
     3255.0000000000        0.0117883028       -0.0003100716
     3256.0000000000        0.0114847759       -0.0002971111
     3257.0000000000        0.0111938326       -0.0002848950
     3258.0000000000        0.0109147558       -0.0002733695
     3259.0000000000        0.0106468798       -0.0002624855
     3260.0000000000        0.0103895860       -0.0002521981
     3261.0000000000        0.0101422986       -0.0002424659
     3262.0000000000        0.0099044817       -0.0002332512
     3263.0000000000        0.0096756353       -0.0002245193
     3264.0000000000        0.0094552929       -0.0002162382
     3265.0000000000        0.0092430185       -0.0002083785
     3266.0000000000        0.0090384045       -0.0002009131
     3267.0000000000        0.0088410693       -0.0001938170
     3268.0000000000        0.0086506552       -0.0001870670
     3269.0000000000        0.0084668269       -0.0001806419
     3270.0000000000        0.0082892697       -0.0001745217
     3271.0000000000        0.0053262940       -0.0001339216
     3272.0000000000        0.0051948542       -0.0001289991
     3273.0000000000        0.0050682165       -0.0001243147
     3274.0000000000        0.0049461502       -0.0001198542
     3275.0000000000        0.0048284379       -0.0001156044
     3276.0000000000        0.0047148751       -0.0001115531
     3277.0000000000        0.0046052694       -0.0001076887
     3278.0000000000        0.0044994389       -0.0001040007
     3279.0000000000        0.0043972126       -0.0001004790
     3280.0000000000        0.0042984285       -0.0000971145
     3281.0000000000        0.0042029341       -0.0000938984
     3282.0000000000        0.0041105850       -0.0000908227
     3283.0000000000        0.0040212445       -0.0000878798
     3284.0000000000        0.0039347835       -0.0000850625
     3285.0000000000        0.0038510797       -0.0000823644
     3286.0000000000        0.0037700171       -0.0000797791
     3287.0000000000        0.0036914859       -0.0000773008
     3288.0000000000        0.0036153816       -0.0000749241
     3289.0000000000        0.0035416056       -0.0000726437
     3290.0000000000        0.0034700637       -0.0000704549
     3291.0000000000        0.0034006667       -0.0000683531
     3292.0000000000        0.0033333298       -0.0000663341
     3293.0000000000        0.0032679723       -0.0000643937
     3294.0000000000        0.0032045174       -0.0000625283
     3295.0000000000        0.0031428919       -0.0000607342
     3296.0000000000        0.0030830263       -0.0000590080
     3297.0000000000        0.0030248543       -0.0000573466
     3298.0000000000        0.0029683125       -0.0000557470
     3299.0000000000        0.0029133406       -0.0000542063
     3300.0000000000        0.0028598811       -0.0000527218
     3301.0000000000        0.0028078791       -0.0000512910
     3302.0000000000        0.0027572820       -0.0000499115
     3303.0000000000        0.0027080397       -0.0000485810
     3304.0000000000        0.0026601043       -0.0000472974
     3305.0000000000        0.0026134300       -0.0000460585
     3306.0000000000        0.0025679730       -0.0000448626
     3307.0000000000        0.0025236912       -0.0000437077
     3308.0000000000        0.0024805446       -0.0000425920
     3309.0000000000        0.0024384946       -0.0000415140
     3310.0000000000        0.0023975045       -0.0000404721
     3311.0000000000        0.0023575390       -0.0000394647
     3312.0000000000        0.0023185641       -0.0000384905
     3313.0000000000        0.0022805475       -0.0000375480
     3314.0000000000        0.0022434579       -0.0000366361
     3315.0000000000        0.0022072655       -0.0000357534
     3316.0000000000        0.0021719417       -0.0000348989
     3317.0000000000        0.0021374587       -0.0000340714
     3318.0000000000        0.0021037902       -0.0000332698
     3319.0000000000        0.0020709108       -0.0000324932
     3320.0000000000        0.0020387959       -0.0000317405
     3321.0000000000        0.0020074221       -0.0000310109
     3322.0000000000        0.0019767667       -0.0000303035
     3323.0000000000        0.0019468079       -0.0000296174
     3324.0000000000        0.0019175249       -0.0000289519
     3325.0000000000        0.0018888975       -0.0000283062
     3326.0000000000        0.0018609062       -0.0000276795
     3327.0000000000        0.0018335324       -0.0000270712
     3328.0000000000        0.0018067579       -0.0000264806
     3329.0000000000        0.0017805655       -0.0000259070
     3330.0000000000        0.0017549385       -0.0000253499
     3331.0000000000        0.0017298605       -0.0000248086
     3332.0000000000        0.0017053162       -0.0000242826
     3333.0000000000        0.0016812904       -0.0000237714
     3334.0000000000        0.0016577687       -0.0000232744
     3335.0000000000        0.0016347370       -0.0000227912
     3336.0000000000        0.0016121819       -0.0000223213
     3337.0000000000        0.0015900902       -0.0000218641
     3338.0000000000        0.0015684495       -0.0000214194
     3339.0000000000        0.0015472474       -0.0000209867
     3340.0000000000        0.0015264722       -0.0000205655
     3341.0000000000        0.0015061126       -0.0000201555
     3342.0000000000        0.0014861575       -0.0000197564
     3343.0000000000        0.0014665963       -0.0000193677
     3344.0000000000        0.0014474187       -0.0000189892
     3345.0000000000        0.0014286147       -0.0000186204
     3346.0000000000        0.0014101748       -0.0000182611
     3347.0000000000        0.0013920894       -0.0000179110
     3348.0000000000        0.0013743497       -0.0000175698
     3349.0000000000        0.0013569469       -0.0000172373
     3350.0000000000        0.0013398724       -0.0000169130
     3351.0000000000        0.0013231182       -0.0000165968
     3352.0000000000        0.0000000000        0.0000000000
     3353.0000000000        0.0000000000        0.0000000000
     3354.0000000000        0.0000000000        0.0000000000
     3355.0000000000        0.0000000000        0.0000000000
     3356.0000000000        0.0000000000        0.0000000000
     3357.0000000000        0.0000000000        0.0000000000
     3358.0000000000        0.0000000000        0.0000000000
     3359.0000000000        0.0000000000        0.0000000000
     3360.0000000000        0.0000000000        0.0000000000
     3361.0000000000        0.0000000000        0.0000000000
     3362.0000000000        0.0000000000        0.0000000000
     3363.0000000000        0.0000000000        0.0000000000
     3364.0000000000        0.0000000000        0.0000000000
     3365.0000000000        0.0000000000        0.0000000000
     3366.0000000000        0.0000000000        0.0000000000
     3367.0000000000        0.0000000000        0.0000000000
     3368.0000000000        0.0000000000        0.0000000000
     3369.0000000000        0.0000000000        0.0000000000
     3370.0000000000        0.0000000000        0.0000000000
     3371.0000000000        0.0000000000        0.0000000000
     3372.0000000000        0.0000000000        0.0000000000
     3373.0000000000        0.0000000000        0.0000000000
     3374.0000000000        0.0000000000        0.0000000000
     3375.0000000000        0.0000000000        0.0000000000
     3376.0000000000        0.0000000000        0.0000000000
     3377.0000000000        0.0000000000        0.0000000000
     3378.0000000000        0.0000000000        0.0000000000
     3379.0000000000        0.0000000000        0.0000000000
     3380.0000000000        0.0000000000        0.0000000000
     3381.0000000000        0.0000000000        0.0000000000
     3382.0000000000        0.0000000000        0.0000000000
     3383.0000000000        0.0000000000        0.0000000000
     3384.0000000000        0.0000000000        0.0000000000
     3385.0000000000        0.0000000000        0.0000000000
     3386.0000000000        0.0000000000        0.0000000000
     3387.0000000000        0.0000000000        0.0000000000
     3388.0000000000        0.0000000000        0.0000000000
     3389.0000000000        0.0000000000        0.0000000000
     3390.0000000000        0.0000000000        0.0000000000
     3391.0000000000        0.0000000000        0.0000000000
     3392.0000000000        0.0000000000        0.0000000000
     3393.0000000000        0.0000000000        0.0000000000
     3394.0000000000        0.0000000000        0.0000000000
     3395.0000000000        0.0000000000        0.0000000000
     3396.0000000000        0.0000000000        0.0000000000
     3397.0000000000        0.0000000000        0.0000000000
     3398.0000000000        0.0000000000        0.0000000000
     3399.0000000000        0.0000000000        0.0000000000
     3400.0000000000        0.0000000000        0.0000000000
     3401.0000000000        0.0000000000        0.0000000000
     3402.0000000000        0.0000000000        0.0000000000
     3403.0000000000        0.0000000000        0.0000000000
     3404.0000000000        0.0000000000        0.0000000000
     3405.0000000000        0.0000000000        0.0000000000
     3406.0000000000        0.0000000000        0.0000000000
     3407.0000000000        0.0000000000        0.0000000000
     3408.0000000000        0.0000000000        0.0000000000
     3409.0000000000        0.0000000000        0.0000000000
     3410.0000000000        0.0000000000        0.0000000000
     3411.0000000000        0.0000000000        0.0000000000
     3412.0000000000        0.0000000000        0.0000000000
     3413.0000000000        0.0000000000        0.0000000000
     3414.0000000000        0.0000000000        0.0000000000
     3415.0000000000        0.0000000000        0.0000000000
     3416.0000000000        0.0000000000        0.0000000000
     3417.0000000000        0.0000000000        0.0000000000
     3418.0000000000        0.0000000000        0.0000000000
     3419.0000000000        0.0000000000        0.0000000000
     3420.0000000000        0.0000000000        0.0000000000
     3421.0000000000        0.0000000000        0.0000000000
     3422.0000000000        0.0000000000        0.0000000000
     3423.0000000000        0.0000000000        0.0000000000
     3424.0000000000        0.0000000000        0.0000000000
     3425.0000000000        0.0000000000        0.0000000000
     3426.0000000000        0.0000000000        0.0000000000
     3427.0000000000        0.0000000000        0.0000000000
     3428.0000000000        0.0000000000        0.0000000000
     3429.0000000000        0.0000000000        0.0000000000
     3430.0000000000        0.0000000000        0.0000000000
     3431.0000000000        0.0000000000        0.0000000000
     3432.0000000000        0.0000000000        0.0000000000
     3433.0000000000        0.0000000000        0.0000000000
     3434.0000000000        0.0000000000        0.0000000000
     3435.0000000000        0.0000000000        0.0000000000
     3436.0000000000        0.0000000000        0.0000000000
     3437.0000000000        0.0000000000        0.0000000000
     3438.0000000000        0.0000000000        0.0000000000
     3439.0000000000        0.0000000000        0.0000000000
     3440.0000000000        0.0000000000        0.0000000000
     3441.0000000000        0.0000000000        0.0000000000
     3442.0000000000        0.0000000000        0.0000000000
     3443.0000000000        0.0000000000        0.0000000000
     3444.0000000000        0.0000000000        0.0000000000
     3445.0000000000        0.0000000000        0.0000000000
     3446.0000000000        0.0000000000        0.0000000000
     3447.0000000000        0.0000000000        0.0000000000
     3448.0000000000        0.0000000000        0.0000000000
     3449.0000000000        0.0000000000        0.0000000000
     3450.0000000000        0.0000000000        0.0000000000
     3451.0000000000        0.0000000000        0.0000000000
     3452.0000000000        0.0000000000        0.0000000000
     3453.0000000000        0.0000000000        0.0000000000
     3454.0000000000        0.0000000000        0.0000000000
     3455.0000000000        0.0000000000        0.0000000000
     3456.0000000000        0.0000000000        0.0000000000
     3457.0000000000        0.0000000000        0.0000000000
     3458.0000000000        0.0000000000        0.0000000000
     3459.0000000000        0.0000000000        0.0000000000
     3460.0000000000        0.0000000000        0.0000000000
     3461.0000000000        0.0000000000        0.0000000000
     3462.0000000000        0.0000000000        0.0000000000
     3463.0000000000        0.0000000000        0.0000000000
     3464.0000000000        0.0000000000        0.0000000000
     3465.0000000000        0.0000000000        0.0000000000
     3466.0000000000        0.0000000000        0.0000000000
     3467.0000000000        0.0000000000        0.0000000000
     3468.0000000000        0.0000000000        0.0000000000
     3469.0000000000        0.0000000000        0.0000000000
     3470.0000000000        0.0000000000        0.0000000000
     3471.0000000000        0.0000000000        0.0000000000
     3472.0000000000        0.0000000000        0.0000000000
     3473.0000000000        0.0000000000        0.0000000000
     3474.0000000000        0.0000000000        0.0000000000
     3475.0000000000        0.0000000000        0.0000000000
     3476.0000000000        0.0000000000        0.0000000000
     3477.0000000000        0.0000000000        0.0000000000
     3478.0000000000        0.0000000000        0.0000000000
     3479.0000000000        0.0000000000        0.0000000000
     3480.0000000000        0.0000000000        0.0000000000
     3481.0000000000        0.0000000000        0.0000000000
     3482.0000000000        0.0000000000        0.0000000000
     3483.0000000000        0.0000000000        0.0000000000
     3484.0000000000        0.0000000000        0.0000000000
     3485.0000000000        0.0000000000        0.0000000000
     3486.0000000000        0.0000000000        0.0000000000
     3487.0000000000        0.0000000000        0.0000000000
     3488.0000000000        0.0000000000        0.0000000000
     3489.0000000000        0.0000000000        0.0000000000
     3490.0000000000        0.0000000000        0.0000000000
     3491.0000000000        0.0000000000        0.0000000000
     3492.0000000000        0.0000000000        0.0000000000
     3493.0000000000        0.0000000000        0.0000000000
     3494.0000000000        0.0000000000        0.0000000000
     3495.0000000000        0.0000000000        0.0000000000
     3496.0000000000        0.0000000000        0.0000000000
     3497.0000000000        0.0000000000        0.0000000000
     3498.0000000000        0.0000000000        0.0000000000
     3499.0000000000        0.0000000000        0.0000000000
     3500.0000000000        0.0000000000        0.0000000000
     3501.0000000000        0.0000000000        0.0000000000
     3502.0000000000        0.0000000000        0.0000000000
     3503.0000000000        0.0000000000        0.0000000000
     3504.0000000000        0.0000000000        0.0000000000
     3505.0000000000        0.0000000000        0.0000000000
     3506.0000000000        0.0000000000        0.0000000000
     3507.0000000000        0.0000000000        0.0000000000
     3508.0000000000        0.0000000000        0.0000000000
     3509.0000000000        0.0000000000        0.0000000000
     3510.0000000000        0.0000000000        0.0000000000
     3511.0000000000        0.0000000000        0.0000000000
     3512.0000000000        0.0000000000        0.0000000000
     3513.0000000000        0.0000000000        0.0000000000
     3514.0000000000        0.0000000000        0.0000000000
     3515.0000000000        0.0000000000        0.0000000000
     3516.0000000000        0.0000000000        0.0000000000
     3517.0000000000        0.0000000000        0.0000000000
     3518.0000000000        0.0000000000        0.0000000000
     3519.0000000000        0.0000000000        0.0000000000
     3520.0000000000        0.0000000000        0.0000000000
     3521.0000000000        0.0000000000        0.0000000000
     3522.0000000000        0.0000000000        0.0000000000
     3523.0000000000        0.0000000000        0.0000000000
     3524.0000000000        0.0000000000        0.0000000000
     3525.0000000000        0.0000000000        0.0000000000
     3526.0000000000        0.0000000000        0.0000000000
     3527.0000000000        0.0000000000        0.0000000000
     3528.0000000000        0.0000000000        0.0000000000
     3529.0000000000        0.0000000000        0.0000000000
     3530.0000000000        0.0000000000        0.0000000000
     3531.0000000000        0.0000000000        0.0000000000
     3532.0000000000        0.0000000000        0.0000000000
     3533.0000000000        0.0000000000        0.0000000000
     3534.0000000000        0.0000000000        0.0000000000
     3535.0000000000        0.0000000000        0.0000000000
     3536.0000000000        0.0000000000        0.0000000000
     3537.0000000000        0.0000000000        0.0000000000
     3538.0000000000        0.0000000000        0.0000000000
     3539.0000000000        0.0000000000        0.0000000000
     3540.0000000000        0.0000000000        0.0000000000
     3541.0000000000        0.0000000000        0.0000000000
     3542.0000000000        0.0000000000        0.0000000000
     3543.0000000000        0.0000000000        0.0000000000
     3544.0000000000        0.0000000000        0.0000000000
     3545.0000000000        0.0000000000        0.0000000000
     3546.0000000000        0.0000000000        0.0000000000
     3547.0000000000        0.0000000000        0.0000000000
     3548.0000000000        0.0000000000        0.0000000000
     3549.0000000000        0.0000000000        0.0000000000
     3550.0000000000        0.0000000000        0.0000000000
     3551.0000000000        0.0000000000        0.0000000000
     3552.0000000000        0.0000000000        0.0000000000
     3553.0000000000        0.0000000000        0.0000000000
     3554.0000000000        0.0000000000        0.0000000000
     3555.0000000000        0.0000000000        0.0000000000
     3556.0000000000        0.0000000000        0.0000000000
     3557.0000000000        0.0000000000        0.0000000000
     3558.0000000000        0.0000000000        0.0000000000
     3559.0000000000        0.0000000000        0.0000000000
     3560.0000000000        0.0000000000        0.0000000000
     3561.0000000000        0.0000000000        0.0000000000
     3562.0000000000        0.0000000000        0.0000000000
     3563.0000000000        0.0000000000        0.0000000000
     3564.0000000000        0.0000000000        0.0000000000
     3565.0000000000        0.0000000000        0.0000000000
     3566.0000000000        0.0000000000        0.0000000000
     3567.0000000000        0.0000000000        0.0000000000
     3568.0000000000        0.0000000000        0.0000000000
     3569.0000000000        0.0000000000        0.0000000000
     3570.0000000000        0.0000000000        0.0000000000
     3571.0000000000        0.0000000000        0.0000000000
     3572.0000000000        0.0000000000        0.0000000000
     3573.0000000000        0.0000000000        0.0000000000
     3574.0000000000        0.0000000000        0.0000000000
     3575.0000000000        0.0000000000        0.0000000000
     3576.0000000000        0.0000000000        0.0000000000
     3577.0000000000        0.0000000000        0.0000000000
     3578.0000000000        0.0000000000        0.0000000000
     3579.0000000000        0.0000000000        0.0000000000
     3580.0000000000        0.0000000000        0.0000000000
     3581.0000000000        0.0000000000        0.0000000000
     3582.0000000000        0.0000000000        0.0000000000
     3583.0000000000        0.0000000000        0.0000000000
     3584.0000000000        0.0000000000        0.0000000000
     3585.0000000000        0.0000000000        0.0000000000
     3586.0000000000        0.0000000000        0.0000000000
     3587.0000000000        0.0000000000        0.0000000000
     3588.0000000000        0.0000000000        0.0000000000
     3589.0000000000        0.0000000000        0.0000000000
     3590.0000000000        0.0000000000        0.0000000000
     3591.0000000000        0.0000000000        0.0000000000
     3592.0000000000        0.0000000000        0.0000000000
     3593.0000000000        0.0000000000        0.0000000000
     3594.0000000000        0.0000000000        0.0000000000
     3595.0000000000        0.0000000000        0.0000000000
     3596.0000000000        0.0000000000        0.0000000000
     3597.0000000000        0.0000000000        0.0000000000
     3598.0000000000        0.0000000000        0.0000000000
     3599.0000000000        0.0000000000        0.0000000000
     3600.0000000000        0.0000000000        0.0000000000
     3601.0000000000        0.0000000000        0.0000000000
     3602.0000000000        0.0000000000        0.0000000000
     3603.0000000000        0.0000000000        0.0000000000
     3604.0000000000        0.0000000000        0.0000000000
     3605.0000000000        0.0000000000        0.0000000000
     3606.0000000000        0.0000000000        0.0000000000
     3607.0000000000        0.0000000000        0.0000000000
     3608.0000000000        0.0000000000        0.0000000000
     3609.0000000000        0.0000000000        0.0000000000
     3610.0000000000        0.0000000000        0.0000000000
     3611.0000000000        0.0000000000        0.0000000000
     3612.0000000000        0.0000000000        0.0000000000
     3613.0000000000        0.0000000000        0.0000000000
     3614.0000000000        0.0000000000        0.0000000000
     3615.0000000000        0.0000000000        0.0000000000
     3616.0000000000        0.0000000000        0.0000000000
     3617.0000000000        0.0000000000        0.0000000000
     3618.0000000000        0.0000000000        0.0000000000
     3619.0000000000        0.0000000000        0.0000000000
     3620.0000000000        0.0000000000        0.0000000000
     3621.0000000000        0.0000000000        0.0000000000
     3622.0000000000        0.0000000000        0.0000000000
     3623.0000000000        0.0000000000        0.0000000000
     3624.0000000000        0.0000000000        0.0000000000
     3625.0000000000        0.0000000000        0.0000000000
     3626.0000000000        0.0000000000        0.0000000000
     3627.0000000000        0.0000000000        0.0000000000
     3628.0000000000        0.0000000000        0.0000000000
     3629.0000000000        0.0000000000        0.0000000000
     3630.0000000000        0.0000000000        0.0000000000
     3631.0000000000        0.0000000000        0.0000000000
     3632.0000000000        0.0000000000        0.0000000000
     3633.0000000000        0.0000000000        0.0000000000
     3634.0000000000        0.0000000000        0.0000000000
     3635.0000000000        0.0000000000        0.0000000000
     3636.0000000000        0.0000000000        0.0000000000
     3637.0000000000        0.0000000000        0.0000000000
     3638.0000000000        0.0000000000        0.0000000000
     3639.0000000000        0.0000000000        0.0000000000
     3640.0000000000        0.0000000000        0.0000000000
     3641.0000000000        0.0000000000        0.0000000000
     3642.0000000000        0.0000000000        0.0000000000
     3643.0000000000        0.0000000000        0.0000000000
     3644.0000000000        0.0000000000        0.0000000000
     3645.0000000000        0.0000000000        0.0000000000
     3646.0000000000        0.0000000000        0.0000000000
     3647.0000000000        0.0000000000        0.0000000000
     3648.0000000000        0.0000000000        0.0000000000
     3649.0000000000        0.0000000000        0.0000000000
     3650.0000000000        0.0000000000        0.0000000000
     3651.0000000000        0.0000000000        0.0000000000
     3652.0000000000        0.0000000000        0.0000000000
     3653.0000000000        0.0000000000        0.0000000000
     3654.0000000000        0.0000000000        0.0000000000
     3655.0000000000        0.0000000000        0.0000000000
     3656.0000000000        0.0000000000        0.0000000000
     3657.0000000000        0.0000000000        0.0000000000
     3658.0000000000        0.0000000000        0.0000000000
     3659.0000000000        0.0000000000        0.0000000000
     3660.0000000000        0.0000000000        0.0000000000
     3661.0000000000        0.0000000000        0.0000000000
     3662.0000000000        0.0000000000        0.0000000000
     3663.0000000000        0.0000000000        0.0000000000
     3664.0000000000        0.0000000000        0.0000000000
     3665.0000000000        0.0000000000        0.0000000000
     3666.0000000000        0.0000000000        0.0000000000
     3667.0000000000        0.0000000000        0.0000000000
     3668.0000000000        0.0000000000        0.0000000000
     3669.0000000000        0.0000000000        0.0000000000
     3670.0000000000        0.0000000000        0.0000000000
     3671.0000000000        0.0000000000        0.0000000000
     3672.0000000000        0.0000000000        0.0000000000
     3673.0000000000        0.0000000000        0.0000000000
     3674.0000000000        0.0000000000        0.0000000000
     3675.0000000000        0.0000000000        0.0000000000
     3676.0000000000        0.0000000000        0.0000000000
     3677.0000000000        0.0000000000        0.0000000000
     3678.0000000000        0.0000000000        0.0000000000
     3679.0000000000        0.0000000000        0.0000000000
     3680.0000000000        0.0000000000        0.0000000000
     3681.0000000000        0.0000000000        0.0000000000
     3682.0000000000        0.0000000000        0.0000000000
     3683.0000000000        0.0000000000        0.0000000000
     3684.0000000000        0.0000000000        0.0000000000
     3685.0000000000        0.0000000000        0.0000000000
     3686.0000000000        0.0000000000        0.0000000000
     3687.0000000000        0.0000000000        0.0000000000
     3688.0000000000        0.0000000000        0.0000000000
     3689.0000000000        0.0000000000        0.0000000000
     3690.0000000000        0.0000000000        0.0000000000
     3691.0000000000        0.0000000000        0.0000000000
     3692.0000000000        0.0000000000        0.0000000000
     3693.0000000000        0.0000000000        0.0000000000
     3694.0000000000        0.0000000000        0.0000000000
     3695.0000000000        0.0000000000        0.0000000000
     3696.0000000000        0.0000000000        0.0000000000
     3697.0000000000        0.0000000000        0.0000000000
     3698.0000000000        0.0000000000        0.0000000000
     3699.0000000000        0.0000000000        0.0000000000
     3700.0000000000        0.0000000000        0.0000000000
     3701.0000000000        0.0000000000        0.0000000000
     3702.0000000000        0.0000000000        0.0000000000
     3703.0000000000        0.0000000000        0.0000000000
     3704.0000000000        0.0000000000        0.0000000000
     3705.0000000000        0.0000000000        0.0000000000
     3706.0000000000        0.0000000000        0.0000000000
     3707.0000000000        0.0000000000        0.0000000000
     3708.0000000000        0.0000000000        0.0000000000
     3709.0000000000        0.0000000000        0.0000000000
     3710.0000000000        0.0000000000        0.0000000000
     3711.0000000000        0.0000000000        0.0000000000
     3712.0000000000        0.0000000000        0.0000000000
     3713.0000000000        0.0000000000        0.0000000000
     3714.0000000000        0.0000000000        0.0000000000
     3715.0000000000        0.0000000000        0.0000000000
     3716.0000000000        0.0000000000        0.0000000000
     3717.0000000000        0.0000000000        0.0000000000
     3718.0000000000        0.0000000000        0.0000000000
     3719.0000000000        0.0000000000        0.0000000000
     3720.0000000000        0.0000000000        0.0000000000
     3721.0000000000        0.0000000000        0.0000000000
     3722.0000000000        0.0000000000        0.0000000000
     3723.0000000000        0.0000000000        0.0000000000
     3724.0000000000        0.0000000000        0.0000000000
     3725.0000000000        0.0000000000        0.0000000000
     3726.0000000000        0.0000000000        0.0000000000
     3727.0000000000        0.0000000000        0.0000000000
     3728.0000000000        0.0000000000        0.0000000000
     3729.0000000000        0.0000000000        0.0000000000
     3730.0000000000        0.0000000000        0.0000000000
     3731.0000000000        0.0000000000        0.0000000000
     3732.0000000000        0.0000000000        0.0000000000
     3733.0000000000        0.0000000000        0.0000000000
     3734.0000000000        0.0000000000        0.0000000000
     3735.0000000000        0.0000000000        0.0000000000
     3736.0000000000        0.0000000000        0.0000000000
     3737.0000000000        0.0000000000        0.0000000000
     3738.0000000000        0.0000000000        0.0000000000
     3739.0000000000        0.0000000000        0.0000000000
     3740.0000000000        0.0000000000        0.0000000000
     3741.0000000000        0.0000000000        0.0000000000
     3742.0000000000        0.0000000000        0.0000000000
     3743.0000000000        0.0000000000        0.0000000000
     3744.0000000000        0.0000000000        0.0000000000
     3745.0000000000        0.0000000000        0.0000000000
     3746.0000000000        0.0000000000        0.0000000000
     3747.0000000000        0.0000000000        0.0000000000
     3748.0000000000        0.0000000000        0.0000000000
     3749.0000000000        0.0000000000        0.0000000000
     3750.0000000000        0.0000000000        0.0000000000
     3751.0000000000        0.0000000000        0.0000000000
     3752.0000000000        0.0000000000        0.0000000000
     3753.0000000000        0.0000000000        0.0000000000
     3754.0000000000        0.0000000000        0.0000000000
     3755.0000000000        0.0000000000        0.0000000000
     3756.0000000000        0.0000000000        0.0000000000
     3757.0000000000        0.0000000000        0.0000000000
     3758.0000000000        0.0000000000        0.0000000000
     3759.0000000000        0.0000000000        0.0000000000
     3760.0000000000        0.0000000000        0.0000000000
     3761.0000000000        0.0000000000        0.0000000000
     3762.0000000000        0.0000000000        0.0000000000
     3763.0000000000        0.0000000000        0.0000000000
     3764.0000000000        0.0000000000        0.0000000000
     3765.0000000000        0.0000000000        0.0000000000
     3766.0000000000        0.0000000000        0.0000000000
     3767.0000000000        0.0000000000        0.0000000000
     3768.0000000000        0.0000000000        0.0000000000
     3769.0000000000        0.0000000000        0.0000000000
     3770.0000000000        0.0000000000        0.0000000000
     3771.0000000000        0.0000000000        0.0000000000
     3772.0000000000        0.0000000000        0.0000000000
     3773.0000000000        0.0000000000        0.0000000000
     3774.0000000000        0.0000000000        0.0000000000
     3775.0000000000        0.0000000000        0.0000000000
     3776.0000000000        0.0000000000        0.0000000000
     3777.0000000000        0.0000000000        0.0000000000
     3778.0000000000        0.0000000000        0.0000000000
     3779.0000000000        0.0000000000        0.0000000000
     3780.0000000000        0.0000000000        0.0000000000
     3781.0000000000        0.0000000000        0.0000000000
     3782.0000000000        0.0000000000        0.0000000000
     3783.0000000000        0.0000000000        0.0000000000
     3784.0000000000        0.0000000000        0.0000000000
     3785.0000000000        0.0000000000        0.0000000000
     3786.0000000000        0.0000000000        0.0000000000
     3787.0000000000        0.0000000000        0.0000000000
     3788.0000000000        0.0000000000        0.0000000000
     3789.0000000000        0.0000000000        0.0000000000
     3790.0000000000        0.0000000000        0.0000000000
     3791.0000000000        0.0000000000        0.0000000000
     3792.0000000000        0.0000000000        0.0000000000
     3793.0000000000        0.0000000000        0.0000000000
     3794.0000000000        0.0000000000        0.0000000000
     3795.0000000000        0.0000000000        0.0000000000
     3796.0000000000        0.0000000000        0.0000000000
     3797.0000000000        0.0000000000        0.0000000000
     3798.0000000000        0.0000000000        0.0000000000
     3799.0000000000        0.0000000000        0.0000000000
     3800.0000000000        0.0000000000        0.0000000000
     3801.0000000000        0.0000000000        0.0000000000
     3802.0000000000        0.0000000000        0.0000000000
     3803.0000000000        0.0000000000        0.0000000000
     3804.0000000000        0.0000000000        0.0000000000
     3805.0000000000        0.0000000000        0.0000000000
     3806.0000000000        0.0000000000        0.0000000000
     3807.0000000000        0.0000000000        0.0000000000
     3808.0000000000        0.0000000000        0.0000000000
     3809.0000000000        0.0000000000        0.0000000000
     3810.0000000000        0.0000000000        0.0000000000
     3811.0000000000        0.0000000000        0.0000000000
     3812.0000000000        0.0000000000        0.0000000000
     3813.0000000000        0.0000000000        0.0000000000
     3814.0000000000        0.0000000000        0.0000000000
     3815.0000000000        0.0000000000        0.0000000000
     3816.0000000000        0.0000000000        0.0000000000
     3817.0000000000        0.0000000000        0.0000000000
     3818.0000000000        0.0000000000        0.0000000000
     3819.0000000000        0.0000000000        0.0000000000
     3820.0000000000        0.0000000000        0.0000000000
     3821.0000000000        0.0000000000        0.0000000000
     3822.0000000000        0.0000000000        0.0000000000
     3823.0000000000        0.0000000000        0.0000000000
     3824.0000000000        0.0000000000        0.0000000000
     3825.0000000000        0.0000000000        0.0000000000
     3826.0000000000        0.0000000000        0.0000000000
     3827.0000000000        0.0000000000        0.0000000000
     3828.0000000000        0.0000000000        0.0000000000
     3829.0000000000        0.0000000000        0.0000000000
     3830.0000000000        0.0000000000        0.0000000000
     3831.0000000000        0.0000000000        0.0000000000
     3832.0000000000        0.0000000000        0.0000000000
     3833.0000000000        0.0000000000        0.0000000000
     3834.0000000000        0.0000000000        0.0000000000
     3835.0000000000        0.0000000000        0.0000000000
     3836.0000000000        0.0000000000        0.0000000000
     3837.0000000000        0.0000000000        0.0000000000
     3838.0000000000        0.0000000000        0.0000000000
     3839.0000000000        0.0000000000        0.0000000000
     3840.0000000000        0.0000000000        0.0000000000
     3841.0000000000        0.0000000000        0.0000000000
     3842.0000000000        0.0000000000        0.0000000000
     3843.0000000000        0.0000000000        0.0000000000
     3844.0000000000        0.0000000000        0.0000000000
     3845.0000000000        0.0000000000        0.0000000000
     3846.0000000000        0.0000000000        0.0000000000
     3847.0000000000        0.0000000000        0.0000000000
     3848.0000000000        0.0000000000        0.0000000000
     3849.0000000000        0.0000000000        0.0000000000
     3850.0000000000        0.0000000000        0.0000000000
     3851.0000000000        0.0000000000        0.0000000000
     3852.0000000000        0.0000000000        0.0000000000
     3853.0000000000        0.0000000000        0.0000000000
     3854.0000000000        0.0000000000        0.0000000000
     3855.0000000000        0.0000000000        0.0000000000
     3856.0000000000        0.0000000000        0.0000000000
     3857.0000000000        0.0000000000        0.0000000000
     3858.0000000000        0.0000000000        0.0000000000
     3859.0000000000        0.0000000000        0.0000000000
     3860.0000000000        0.0000000000        0.0000000000
     3861.0000000000        0.0000000000        0.0000000000
     3862.0000000000        0.0000000000        0.0000000000
     3863.0000000000        0.0000000000        0.0000000000
     3864.0000000000        0.0000000000        0.0000000000
     3865.0000000000        0.0000000000        0.0000000000
     3866.0000000000        0.0000000000        0.0000000000
     3867.0000000000        0.0000000000        0.0000000000
     3868.0000000000        0.0000000000        0.0000000000
     3869.0000000000        0.0000000000        0.0000000000
     3870.0000000000        0.0000000000        0.0000000000
     3871.0000000000        0.0000000000        0.0000000000
     3872.0000000000        0.0000000000        0.0000000000
     3873.0000000000        0.0000000000        0.0000000000
     3874.0000000000        0.0000000000        0.0000000000
     3875.0000000000        0.0000000000        0.0000000000
     3876.0000000000        0.0000000000        0.0000000000
     3877.0000000000        0.0000000000        0.0000000000
     3878.0000000000        0.0000000000        0.0000000000
     3879.0000000000        0.0000000000        0.0000000000
     3880.0000000000        0.0000000000        0.0000000000
     3881.0000000000        0.0000000000        0.0000000000
     3882.0000000000        0.0000000000        0.0000000000
     3883.0000000000        0.0000000000        0.0000000000
     3884.0000000000        0.0000000000        0.0000000000
     3885.0000000000        0.0000000000        0.0000000000
     3886.0000000000        0.0000000000        0.0000000000
     3887.0000000000        0.0000000000        0.0000000000
     3888.0000000000        0.0000000000        0.0000000000
     3889.0000000000        0.0000000000        0.0000000000
     3890.0000000000        0.0000000000        0.0000000000
     3891.0000000000        0.0000000000        0.0000000000
     3892.0000000000        0.0000000000        0.0000000000
     3893.0000000000        0.0000000000        0.0000000000
     3894.0000000000        0.0000000000        0.0000000000
     3895.0000000000        0.0000000000        0.0000000000
     3896.0000000000        0.0000000000        0.0000000000
     3897.0000000000        0.0000000000        0.0000000000
     3898.0000000000        0.0000000000        0.0000000000
     3899.0000000000        0.0000000000        0.0000000000
     3900.0000000000        0.0000000000        0.0000000000
     3901.0000000000        0.0000000000        0.0000000000
     3902.0000000000        0.0000000000        0.0000000000
     3903.0000000000        0.0000000000        0.0000000000
     3904.0000000000        0.0000000000        0.0000000000
     3905.0000000000        0.0000000000        0.0000000000
     3906.0000000000        0.0000000000        0.0000000000
     3907.0000000000        0.0000000000        0.0000000000
     3908.0000000000        0.0000000000        0.0000000000
     3909.0000000000        0.0000000000        0.0000000000
     3910.0000000000        0.0000000000        0.0000000000
     3911.0000000000        0.0000000000        0.0000000000
     3912.0000000000        0.0000000000        0.0000000000
     3913.0000000000        0.0000000000        0.0000000000
     3914.0000000000        0.0000000000        0.0000000000
     3915.0000000000        0.0000000000        0.0000000000
     3916.0000000000        0.0000000000        0.0000000000
     3917.0000000000        0.0000000000        0.0000000000
     3918.0000000000        0.0000000000        0.0000000000
     3919.0000000000        0.0000000000        0.0000000000
     3920.0000000000        0.0000000000        0.0000000000
     3921.0000000000        0.0000000000        0.0000000000
     3922.0000000000        0.0000000000        0.0000000000
     3923.0000000000        0.0000000000        0.0000000000
     3924.0000000000        0.0000000000        0.0000000000
     3925.0000000000        0.0000000000        0.0000000000
     3926.0000000000        0.0000000000        0.0000000000
     3927.0000000000        0.0000000000        0.0000000000
     3928.0000000000        0.0000000000        0.0000000000
     3929.0000000000        0.0000000000        0.0000000000
     3930.0000000000        0.0000000000        0.0000000000
     3931.0000000000        0.0000000000        0.0000000000
     3932.0000000000        0.0000000000        0.0000000000
     3933.0000000000        0.0000000000        0.0000000000
     3934.0000000000        0.0000000000        0.0000000000
     3935.0000000000        0.0000000000        0.0000000000
     3936.0000000000        0.0000000000        0.0000000000
     3937.0000000000        0.0000000000        0.0000000000
     3938.0000000000        0.0000000000        0.0000000000
     3939.0000000000        0.0000000000        0.0000000000
     3940.0000000000        0.0000000000        0.0000000000
     3941.0000000000        0.0000000000        0.0000000000
     3942.0000000000        0.0000000000        0.0000000000
     3943.0000000000        0.0000000000        0.0000000000
     3944.0000000000        0.0000000000        0.0000000000
     3945.0000000000        0.0000000000        0.0000000000
     3946.0000000000        0.0000000000        0.0000000000
     3947.0000000000        0.0000000000        0.0000000000
     3948.0000000000        0.0000000000        0.0000000000
     3949.0000000000        0.0000000000        0.0000000000
     3950.0000000000        0.0000000000        0.0000000000
     3951.0000000000        0.0000000000        0.0000000000
     3952.0000000000        0.0000000000        0.0000000000
     3953.0000000000        0.0000000000        0.0000000000
     3954.0000000000        0.0000000000        0.0000000000
     3955.0000000000        0.0000000000        0.0000000000
     3956.0000000000        0.0000000000        0.0000000000
     3957.0000000000        0.0000000000        0.0000000000
     3958.0000000000        0.0000000000        0.0000000000
     3959.0000000000        0.0000000000        0.0000000000
     3960.0000000000        0.0000000000        0.0000000000
     3961.0000000000        0.0000000000        0.0000000000
     3962.0000000000        0.0000000000        0.0000000000
     3963.0000000000        0.0000000000        0.0000000000
     3964.0000000000        0.0000000000        0.0000000000
     3965.0000000000        0.0000000000        0.0000000000
     3966.0000000000        0.0000000000        0.0000000000
     3967.0000000000        0.0000000000        0.0000000000
     3968.0000000000        0.0000000000        0.0000000000
     3969.0000000000        0.0000000000        0.0000000000
     3970.0000000000        0.0000000000        0.0000000000
     3971.0000000000        0.0000000000        0.0000000000
     3972.0000000000        0.0000000000        0.0000000000
     3973.0000000000        0.0000000000        0.0000000000
     3974.0000000000        0.0000000000        0.0000000000
     3975.0000000000        0.0000000000        0.0000000000
     3976.0000000000        0.0000000000        0.0000000000
     3977.0000000000        0.0000000000        0.0000000000
     3978.0000000000        0.0000000000        0.0000000000
     3979.0000000000        0.0000000000        0.0000000000
     3980.0000000000        0.0000000000        0.0000000000
     3981.0000000000        0.0000000000        0.0000000000
     3982.0000000000        0.0000000000        0.0000000000
     3983.0000000000        0.0000000000        0.0000000000
     3984.0000000000        0.0000000000        0.0000000000
     3985.0000000000        0.0000000000        0.0000000000
     3986.0000000000        0.0000000000        0.0000000000
     3987.0000000000        0.0000000000        0.0000000000
     3988.0000000000        0.0000000000        0.0000000000
     3989.0000000000        0.0000000000        0.0000000000
     3990.0000000000        0.0000000000        0.0000000000
     3991.0000000000        0.0000000000        0.0000000000
     3992.0000000000        0.0000000000        0.0000000000
     3993.0000000000        0.0000000000        0.0000000000
     3994.0000000000        0.0000000000        0.0000000000
     3995.0000000000        0.0000000000        0.0000000000
     3996.0000000000        0.0000000000        0.0000000000
     3997.0000000000        0.0000000000        0.0000000000
     3998.0000000000        0.0000000000        0.0000000000
     3999.0000000000        0.0000000000        0.0000000000
