# Raman Activity Spectrum
# X-Axis:  Frequency (cm-1)
# Y-Axis:  Intensity

# Peak information
#                  X                   Y
#     568.9234000000        1.1881000000
#    1221.4924000000        5.8733000000
#    1224.0051000000        3.9388000000
#    1289.2032000000        1.2293000000
#    1401.9566000000        8.8045000000
#    1609.3674000000        3.5552000000
#    1692.2258000000        6.2813000000
#    3309.8830000000       98.7582000000
#    3388.4551000000       44.0847000000

# Spectra
#                  X                   Y               DY/DX
        0.0000000000        0.0000000000        0.0000000000
        1.0000000000        0.0000000000        0.0000000000
        2.0000000000        0.0000000000        0.0000000000
        3.0000000000        0.0000000000        0.0000000000
        4.0000000000        0.0000000000        0.0000000000
        5.0000000000        0.0000000000        0.0000000000
        6.0000000000        0.0000000000        0.0000000000
        7.0000000000        0.0000000000        0.0000000000
        8.0000000000        0.0000000000        0.0000000000
        9.0000000000        0.0000000000        0.0000000000
       10.0000000000        0.0000000000        0.0000000000
       11.0000000000        0.0000000000        0.0000000000
       12.0000000000        0.0000000000        0.0000000000
       13.0000000000        0.0000000000        0.0000000000
       14.0000000000        0.0000000000        0.0000000000
       15.0000000000        0.0000000000        0.0000000000
       16.0000000000        0.0000000000        0.0000000000
       17.0000000000        0.0000000000        0.0000000000
       18.0000000000        0.0000000000        0.0000000000
       19.0000000000        0.0000000000        0.0000000000
       20.0000000000        0.0000000000        0.0000000000
       21.0000000000        0.0000000000        0.0000000000
       22.0000000000        0.0000000000        0.0000000000
       23.0000000000        0.0000000000        0.0000000000
       24.0000000000        0.0000000000        0.0000000000
       25.0000000000        0.0000000000        0.0000000000
       26.0000000000        0.0000000000        0.0000000000
       27.0000000000        0.0000000000        0.0000000000
       28.0000000000        0.0000000000        0.0000000000
       29.0000000000        0.0000000000        0.0000000000
       30.0000000000        0.0000000000        0.0000000000
       31.0000000000        0.0000000000        0.0000000000
       32.0000000000        0.0000000000        0.0000000000
       33.0000000000        0.0000000000        0.0000000000
       34.0000000000        0.0000000000        0.0000000000
       35.0000000000        0.0000000000        0.0000000000
       36.0000000000        0.0000000000        0.0000000000
       37.0000000000        0.0000000000        0.0000000000
       38.0000000000        0.0000000000        0.0000000000
       39.0000000000        0.0000000000        0.0000000000
       40.0000000000        0.0000000000        0.0000000000
       41.0000000000        0.0000000000        0.0000000000
       42.0000000000        0.0000000000        0.0000000000
       43.0000000000        0.0000000000        0.0000000000
       44.0000000000        0.0000000000        0.0000000000
       45.0000000000        0.0000000000        0.0000000000
       46.0000000000        0.0000000000        0.0000000000
       47.0000000000        0.0000000000        0.0000000000
       48.0000000000        0.0000000000        0.0000000000
       49.0000000000        0.0000000000        0.0000000000
       50.0000000000        0.0000000000        0.0000000000
       51.0000000000        0.0000000000        0.0000000000
       52.0000000000        0.0000000000        0.0000000000
       53.0000000000        0.0000000000        0.0000000000
       54.0000000000        0.0000000000        0.0000000000
       55.0000000000        0.0000000000        0.0000000000
       56.0000000000        0.0000000000        0.0000000000
       57.0000000000        0.0000000000        0.0000000000
       58.0000000000        0.0000000000        0.0000000000
       59.0000000000        0.0000000000        0.0000000000
       60.0000000000        0.0000000000        0.0000000000
       61.0000000000        0.0000000000        0.0000000000
       62.0000000000        0.0000000000        0.0000000000
       63.0000000000        0.0000000000        0.0000000000
       64.0000000000        0.0000000000        0.0000000000
       65.0000000000        0.0000000000        0.0000000000
       66.0000000000        0.0000000000        0.0000000000
       67.0000000000        0.0000000000        0.0000000000
       68.0000000000        0.0000000000        0.0000000000
       69.0000000000        0.0000000000        0.0000000000
       70.0000000000        0.0000000000        0.0000000000
       71.0000000000        0.0000000000        0.0000000000
       72.0000000000        0.0000000000        0.0000000000
       73.0000000000        0.0000000000        0.0000000000
       74.0000000000        0.0000000000        0.0000000000
       75.0000000000        0.0000000000        0.0000000000
       76.0000000000        0.0000000000        0.0000000000
       77.0000000000        0.0000000000        0.0000000000
       78.0000000000        0.0000000000        0.0000000000
       79.0000000000        0.0000000000        0.0000000000
       80.0000000000        0.0000000000        0.0000000000
       81.0000000000        0.0000000000        0.0000000000
       82.0000000000        0.0000000000        0.0000000000
       83.0000000000        0.0000000000        0.0000000000
       84.0000000000        0.0000000000        0.0000000000
       85.0000000000        0.0000000000        0.0000000000
       86.0000000000        0.0000000000        0.0000000000
       87.0000000000        0.0000000000        0.0000000000
       88.0000000000        0.0000000000        0.0000000000
       89.0000000000        0.0000000000        0.0000000000
       90.0000000000        0.0000000000        0.0000000000
       91.0000000000        0.0000000000        0.0000000000
       92.0000000000        0.0000000000        0.0000000000
       93.0000000000        0.0000000000        0.0000000000
       94.0000000000        0.0000000000        0.0000000000
       95.0000000000        0.0000000000        0.0000000000
       96.0000000000        0.0000000000        0.0000000000
       97.0000000000        0.0000000000        0.0000000000
       98.0000000000        0.0000000000        0.0000000000
       99.0000000000        0.0000000000        0.0000000000
      100.0000000000        0.0000000000        0.0000000000
      101.0000000000        0.0000000000        0.0000000000
      102.0000000000        0.0000000000        0.0000000000
      103.0000000000        0.0000000000        0.0000000000
      104.0000000000        0.0000000000        0.0000000000
      105.0000000000        0.0000000000        0.0000000000
      106.0000000000        0.0000000000        0.0000000000
      107.0000000000        0.0000000000        0.0000000000
      108.0000000000        0.0000000000        0.0000000000
      109.0000000000        0.0000000000        0.0000000000
      110.0000000000        0.0000000000        0.0000000000
      111.0000000000        0.0000000000        0.0000000000
      112.0000000000        0.0000000000        0.0000000000
      113.0000000000        0.0000000000        0.0000000000
      114.0000000000        0.0000000000        0.0000000000
      115.0000000000        0.0000000000        0.0000000000
      116.0000000000        0.0000000000        0.0000000000
      117.0000000000        0.0000000000        0.0000000000
      118.0000000000        0.0000000000        0.0000000000
      119.0000000000        0.0000000000        0.0000000000
      120.0000000000        0.0000000000        0.0000000000
      121.0000000000        0.0000000000        0.0000000000
      122.0000000000        0.0000000000        0.0000000000
      123.0000000000        0.0000000000        0.0000000000
      124.0000000000        0.0000000000        0.0000000000
      125.0000000000        0.0000000000        0.0000000000
      126.0000000000        0.0000000000        0.0000000000
      127.0000000000        0.0000000000        0.0000000000
      128.0000000000        0.0000000000        0.0000000000
      129.0000000000        0.0000000000        0.0000000000
      130.0000000000        0.0000000000        0.0000000000
      131.0000000000        0.0000000000        0.0000000000
      132.0000000000        0.0000000000        0.0000000000
      133.0000000000        0.0000000000        0.0000000000
      134.0000000000        0.0000000000        0.0000000000
      135.0000000000        0.0000000000        0.0000000000
      136.0000000000        0.0000000000        0.0000000000
      137.0000000000        0.0000000000        0.0000000000
      138.0000000000        0.0000000000        0.0000000000
      139.0000000000        0.0000000000        0.0000000000
      140.0000000000        0.0000000000        0.0000000000
      141.0000000000        0.0000000000        0.0000000000
      142.0000000000        0.0000000000        0.0000000000
      143.0000000000        0.0000000000        0.0000000000
      144.0000000000        0.0000000000        0.0000000000
      145.0000000000        0.0000000000        0.0000000000
      146.0000000000        0.0000000000        0.0000000000
      147.0000000000        0.0000000000        0.0000000000
      148.0000000000        0.0000000000        0.0000000000
      149.0000000000        0.0000000000        0.0000000000
      150.0000000000        0.0000000000        0.0000000000
      151.0000000000        0.0000000000        0.0000000000
      152.0000000000        0.0000000000        0.0000000000
      153.0000000000        0.0000000000        0.0000000000
      154.0000000000        0.0000000000        0.0000000000
      155.0000000000        0.0000000000        0.0000000000
      156.0000000000        0.0000000000        0.0000000000
      157.0000000000        0.0000000000        0.0000000000
      158.0000000000        0.0000000000        0.0000000000
      159.0000000000        0.0000000000        0.0000000000
      160.0000000000        0.0000000000        0.0000000000
      161.0000000000        0.0000000000        0.0000000000
      162.0000000000        0.0000000000        0.0000000000
      163.0000000000        0.0000000000        0.0000000000
      164.0000000000        0.0000000000        0.0000000000
      165.0000000000        0.0000000000        0.0000000000
      166.0000000000        0.0000000000        0.0000000000
      167.0000000000        0.0000000000        0.0000000000
      168.0000000000        0.0000000000        0.0000000000
      169.0000000000        0.0000000000        0.0000000000
      170.0000000000        0.0000000000        0.0000000000
      171.0000000000        0.0000000000        0.0000000000
      172.0000000000        0.0000000000        0.0000000000
      173.0000000000        0.0000000000        0.0000000000
      174.0000000000        0.0000000000        0.0000000000
      175.0000000000        0.0000000000        0.0000000000
      176.0000000000        0.0000000000        0.0000000000
      177.0000000000        0.0000000000        0.0000000000
      178.0000000000        0.0000000000        0.0000000000
      179.0000000000        0.0000000000        0.0000000000
      180.0000000000        0.0000000000        0.0000000000
      181.0000000000        0.0000000000        0.0000000000
      182.0000000000        0.0000000000        0.0000000000
      183.0000000000        0.0000000000        0.0000000000
      184.0000000000        0.0000000000        0.0000000000
      185.0000000000        0.0000000000        0.0000000000
      186.0000000000        0.0000000000        0.0000000000
      187.0000000000        0.0000000000        0.0000000000
      188.0000000000        0.0000000000        0.0000000000
      189.0000000000        0.0000000000        0.0000000000
      190.0000000000        0.0000000000        0.0000000000
      191.0000000000        0.0000000000        0.0000000000
      192.0000000000        0.0000000000        0.0000000000
      193.0000000000        0.0000000000        0.0000000000
      194.0000000000        0.0000000000        0.0000000000
      195.0000000000        0.0000000000        0.0000000000
      196.0000000000        0.0000000000        0.0000000000
      197.0000000000        0.0000000000        0.0000000000
      198.0000000000        0.0000000000        0.0000000000
      199.0000000000        0.0000000000        0.0000000000
      200.0000000000        0.0000000000        0.0000000000
      201.0000000000        0.0000000000        0.0000000000
      202.0000000000        0.0000000000        0.0000000000
      203.0000000000        0.0000000000        0.0000000000
      204.0000000000        0.0000000000        0.0000000000
      205.0000000000        0.0000000000        0.0000000000
      206.0000000000        0.0000000000        0.0000000000
      207.0000000000        0.0000000000        0.0000000000
      208.0000000000        0.0000000000        0.0000000000
      209.0000000000        0.0000000000        0.0000000000
      210.0000000000        0.0000000000        0.0000000000
      211.0000000000        0.0000000000        0.0000000000
      212.0000000000        0.0000000000        0.0000000000
      213.0000000000        0.0000000000        0.0000000000
      214.0000000000        0.0000000000        0.0000000000
      215.0000000000        0.0000000000        0.0000000000
      216.0000000000        0.0000000000        0.0000000000
      217.0000000000        0.0000000000        0.0000000000
      218.0000000000        0.0000000000        0.0000000000
      219.0000000000        0.0000000000        0.0000000000
      220.0000000000        0.0000000000        0.0000000000
      221.0000000000        0.0000000000        0.0000000000
      222.0000000000        0.0000000000        0.0000000000
      223.0000000000        0.0000000000        0.0000000000
      224.0000000000        0.0000000000        0.0000000000
      225.0000000000        0.0000000000        0.0000000000
      226.0000000000        0.0000000000        0.0000000000
      227.0000000000        0.0000000000        0.0000000000
      228.0000000000        0.0000000000        0.0000000000
      229.0000000000        0.0000000000        0.0000000000
      230.0000000000        0.0000000000        0.0000000000
      231.0000000000        0.0000000000        0.0000000000
      232.0000000000        0.0000000000        0.0000000000
      233.0000000000        0.0000000000        0.0000000000
      234.0000000000        0.0000000000        0.0000000000
      235.0000000000        0.0000000000        0.0000000000
      236.0000000000        0.0000000000        0.0000000000
      237.0000000000        0.0000000000        0.0000000000
      238.0000000000        0.0000000000        0.0000000000
      239.0000000000        0.0000000000        0.0000000000
      240.0000000000        0.0000000000        0.0000000000
      241.0000000000        0.0000000000        0.0000000000
      242.0000000000        0.0000000000        0.0000000000
      243.0000000000        0.0000000000        0.0000000000
      244.0000000000        0.0000000000        0.0000000000
      245.0000000000        0.0000000000        0.0000000000
      246.0000000000        0.0000000000        0.0000000000
      247.0000000000        0.0000000000        0.0000000000
      248.0000000000        0.0000000000        0.0000000000
      249.0000000000        0.0000000000        0.0000000000
      250.0000000000        0.0000000000        0.0000000000
      251.0000000000        0.0000000000        0.0000000000
      252.0000000000        0.0000000000        0.0000000000
      253.0000000000        0.0000000000        0.0000000000
      254.0000000000        0.0000000000        0.0000000000
      255.0000000000        0.0000000000        0.0000000000
      256.0000000000        0.0000000000        0.0000000000
      257.0000000000        0.0000000000        0.0000000000
      258.0000000000        0.0000000000        0.0000000000
      259.0000000000        0.0000000000        0.0000000000
      260.0000000000        0.0000000000        0.0000000000
      261.0000000000        0.0000000000        0.0000000000
      262.0000000000        0.0000000000        0.0000000000
      263.0000000000        0.0000000000        0.0000000000
      264.0000000000        0.0000000000        0.0000000000
      265.0000000000        0.0000000000        0.0000000000
      266.0000000000        0.0000000000        0.0000000000
      267.0000000000        0.0000000000        0.0000000000
      268.0000000000        0.0000000000        0.0000000000
      269.0000000000        0.0000000000        0.0000000000
      270.0000000000        0.0000000000        0.0000000000
      271.0000000000        0.0000000000        0.0000000000
      272.0000000000        0.0000000000        0.0000000000
      273.0000000000        0.0000000000        0.0000000000
      274.0000000000        0.0000000000        0.0000000000
      275.0000000000        0.0000000000        0.0000000000
      276.0000000000        0.0000000000        0.0000000000
      277.0000000000        0.0000000000        0.0000000000
      278.0000000000        0.0000000000        0.0000000000
      279.0000000000        0.0000000000        0.0000000000
      280.0000000000        0.0000000000        0.0000000000
      281.0000000000        0.0000000000        0.0000000000
      282.0000000000        0.0000000000        0.0000000000
      283.0000000000        0.0000000000        0.0000000000
      284.0000000000        0.0000000000        0.0000000000
      285.0000000000        0.0000000000        0.0000000000
      286.0000000000        0.0000000000        0.0000000000
      287.0000000000        0.0000000000        0.0000000000
      288.0000000000        0.0000000000        0.0000000000
      289.0000000000        0.0000000000        0.0000000000
      290.0000000000        0.0000000000        0.0000000000
      291.0000000000        0.0000000000        0.0000000000
      292.0000000000        0.0000000000        0.0000000000
      293.0000000000        0.0000000000        0.0000000000
      294.0000000000        0.0000000000        0.0000000000
      295.0000000000        0.0000000000        0.0000000000
      296.0000000000        0.0000000000        0.0000000000
      297.0000000000        0.0000000000        0.0000000000
      298.0000000000        0.0000000000        0.0000000000
      299.0000000000        0.0000000000        0.0000000000
      300.0000000000        0.0000000000        0.0000000000
      301.0000000000        0.0000000000        0.0000000000
      302.0000000000        0.0000000000        0.0000000000
      303.0000000000        0.0000000000        0.0000000000
      304.0000000000        0.0000000000        0.0000000000
      305.0000000000        0.0000000000        0.0000000000
      306.0000000000        0.0000000000        0.0000000000
      307.0000000000        0.0000000000        0.0000000000
      308.0000000000        0.0000000000        0.0000000000
      309.0000000000        0.0000000000        0.0000000000
      310.0000000000        0.0000000000        0.0000000000
      311.0000000000        0.0000000000        0.0000000000
      312.0000000000        0.0000000000        0.0000000000
      313.0000000000        0.0000000000        0.0000000000
      314.0000000000        0.0000000000        0.0000000000
      315.0000000000        0.0000000000        0.0000000000
      316.0000000000        0.0000000000        0.0000000000
      317.0000000000        0.0000000000        0.0000000000
      318.0000000000        0.0000000000        0.0000000000
      319.0000000000        0.0000000000        0.0000000000
      320.0000000000        0.0000000000        0.0000000000
      321.0000000000        0.0000000000        0.0000000000
      322.0000000000        0.0000000000        0.0000000000
      323.0000000000        0.0000000000        0.0000000000
      324.0000000000        0.0000000000        0.0000000000
      325.0000000000        0.0000000000        0.0000000000
      326.0000000000        0.0000000000        0.0000000000
      327.0000000000        0.0000000000        0.0000000000
      328.0000000000        0.0000000000        0.0000000000
      329.0000000000        0.0000000000        0.0000000000
      330.0000000000        0.0000000000        0.0000000000
      331.0000000000        0.0000000000        0.0000000000
      332.0000000000        0.0000000000        0.0000000000
      333.0000000000        0.0000000000        0.0000000000
      334.0000000000        0.0000000000        0.0000000000
      335.0000000000        0.0000000000        0.0000000000
      336.0000000000        0.0000000000        0.0000000000
      337.0000000000        0.0000000000        0.0000000000
      338.0000000000        0.0000000000        0.0000000000
      339.0000000000        0.0000000000        0.0000000000
      340.0000000000        0.0000000000        0.0000000000
      341.0000000000        0.0000000000        0.0000000000
      342.0000000000        0.0000000000        0.0000000000
      343.0000000000        0.0000000000        0.0000000000
      344.0000000000        0.0000000000        0.0000000000
      345.0000000000        0.0000000000        0.0000000000
      346.0000000000        0.0000000000        0.0000000000
      347.0000000000        0.0000000000        0.0000000000
      348.0000000000        0.0000000000        0.0000000000
      349.0000000000        0.0000000000        0.0000000000
      350.0000000000        0.0000000000        0.0000000000
      351.0000000000        0.0000000000        0.0000000000
      352.0000000000        0.0000000000        0.0000000000
      353.0000000000        0.0000000000        0.0000000000
      354.0000000000        0.0000000000        0.0000000000
      355.0000000000        0.0000000000        0.0000000000
      356.0000000000        0.0000000000        0.0000000000
      357.0000000000        0.0000000000        0.0000000000
      358.0000000000        0.0000000000        0.0000000000
      359.0000000000        0.0000000000        0.0000000000
      360.0000000000        0.0000000000        0.0000000000
      361.0000000000        0.0000000000        0.0000000000
      362.0000000000        0.0000000000        0.0000000000
      363.0000000000        0.0000000000        0.0000000000
      364.0000000000        0.0000000000        0.0000000000
      365.0000000000        0.0000000000        0.0000000000
      366.0000000000        0.0000000000        0.0000000000
      367.0000000000        0.0000000000        0.0000000000
      368.0000000000        0.0000000000        0.0000000000
      369.0000000000        0.0000000000        0.0000000000
      370.0000000000        0.0000000000        0.0000000000
      371.0000000000        0.0000000000        0.0000000000
      372.0000000000        0.0000000000        0.0000000000
      373.0000000000        0.0000000000        0.0000000000
      374.0000000000        0.0000000000        0.0000000000
      375.0000000000        0.0000000000        0.0000000000
      376.0000000000        0.0000000000        0.0000000000
      377.0000000000        0.0000000000        0.0000000000
      378.0000000000        0.0000000000        0.0000000000
      379.0000000000        0.0000000000        0.0000000000
      380.0000000000        0.0000000000        0.0000000000
      381.0000000000        0.0000000000        0.0000000000
      382.0000000000        0.0000000000        0.0000000000
      383.0000000000        0.0000000000        0.0000000000
      384.0000000000        0.0000000000        0.0000000000
      385.0000000000        0.0000000000        0.0000000000
      386.0000000000        0.0000000000        0.0000000000
      387.0000000000        0.0000000000        0.0000000000
      388.0000000000        0.0000000000        0.0000000000
      389.0000000000        0.0000000000        0.0000000000
      390.0000000000        0.0000000000        0.0000000000
      391.0000000000        0.0000000000        0.0000000000
      392.0000000000        0.0000000000        0.0000000000
      393.0000000000        0.0000000000        0.0000000000
      394.0000000000        0.0000000000        0.0000000000
      395.0000000000        0.0000000000        0.0000000000
      396.0000000000        0.0000000000        0.0000000000
      397.0000000000        0.0000000000        0.0000000000
      398.0000000000        0.0000000000        0.0000000000
      399.0000000000        0.0000000000        0.0000000000
      400.0000000000        0.0000000000        0.0000000000
      401.0000000000        0.0000000000        0.0000000000
      402.0000000000        0.0000000000        0.0000000000
      403.0000000000        0.0000000000        0.0000000000
      404.0000000000        0.0000000000        0.0000000000
      405.0000000000        0.0000000000        0.0000000000
      406.0000000000        0.0000000000        0.0000000000
      407.0000000000        0.0000000000        0.0000000000
      408.0000000000        0.0000000000        0.0000000000
      409.0000000000        0.0000591109        0.0000007388
      410.0000000000        0.0000598566        0.0000007528
      411.0000000000        0.0000606166        0.0000007672
      412.0000000000        0.0000613911        0.0000007819
      413.0000000000        0.0000621806        0.0000007971
      414.0000000000        0.0000629854        0.0000008126
      415.0000000000        0.0000638059        0.0000008285
      416.0000000000        0.0000646425        0.0000008448
      417.0000000000        0.0000654957        0.0000008616
      418.0000000000        0.0000663659        0.0000008788
      419.0000000000        0.0000672536        0.0000008965
      420.0000000000        0.0000681591        0.0000009147
      421.0000000000        0.0000690831        0.0000009334
      422.0000000000        0.0000700260        0.0000009525
      423.0000000000        0.0000709883        0.0000009722
      424.0000000000        0.0000719706        0.0000009925
      425.0000000000        0.0000729735        0.0000010133
      426.0000000000        0.0000739974        0.0000010347
      427.0000000000        0.0000750430        0.0000010567
      428.0000000000        0.0000761109        0.0000010793
      429.0000000000        0.0000772018        0.0000011026
      430.0000000000        0.0000783163        0.0000011265
      431.0000000000        0.0000794552        0.0000011512
      432.0000000000        0.0000806190        0.0000011766
      433.0000000000        0.0000818086        0.0000012027
      434.0000000000        0.0000830246        0.0000012296
      435.0000000000        0.0000842680        0.0000012573
      436.0000000000        0.0000855396        0.0000012859
      437.0000000000        0.0000868401        0.0000013153
      438.0000000000        0.0000881705        0.0000013456
      439.0000000000        0.0000895317        0.0000013769
      440.0000000000        0.0000909247        0.0000014092
      441.0000000000        0.0000923504        0.0000014424
      442.0000000000        0.0000938099        0.0000014767
      443.0000000000        0.0000953042        0.0000015122
      444.0000000000        0.0000968346        0.0000015487
      445.0000000000        0.0000984021        0.0000015865
      446.0000000000        0.0001000079        0.0000016254
      447.0000000000        0.0001016534        0.0000016657
      448.0000000000        0.0001033398        0.0000017073
      449.0000000000        0.0001050685        0.0000017503
      450.0000000000        0.0001068409        0.0000017948
      451.0000000000        0.0001086585        0.0000018407
      452.0000000000        0.0001105229        0.0000018883
      453.0000000000        0.0001124357        0.0000019375
      454.0000000000        0.0001143985        0.0000019885
      455.0000000000        0.0001164132        0.0000020412
      456.0000000000        0.0001184815        0.0000020958
      457.0000000000        0.0001206055        0.0000021524
      458.0000000000        0.0001227870        0.0000022110
      459.0000000000        0.0001250282        0.0000022718
      460.0000000000        0.0001273314        0.0000023348
      461.0000000000        0.0001296987        0.0000024002
      462.0000000000        0.0001321327        0.0000024681
      463.0000000000        0.0001346358        0.0000025385
      464.0000000000        0.0001372106        0.0000026116
      465.0000000000        0.0001398600        0.0000026876
      466.0000000000        0.0001425868        0.0000027666
      467.0000000000        0.0001453941        0.0000028486
      468.0000000000        0.0001482852        0.0000029340
      469.0000000000        0.0001512632        0.0000030227
      470.0000000000        0.0001543318        0.0000031151
      471.0000000000        0.0001574948        0.0000032113
      472.0000000000        0.0001607558        0.0000033115
      473.0000000000        0.0001641192        0.0000034159
      474.0000000000        0.0001675892        0.0000035248
      475.0000000000        0.0001711703        0.0000036383
      476.0000000000        0.0001748674        0.0000037567
      477.0000000000        0.0001786855        0.0000038804
      478.0000000000        0.0001826300        0.0000040095
      479.0000000000        0.0001867064        0.0000041444
      480.0000000000        0.0001909207        0.0000042854
      481.0000000000        0.0001952793        0.0000044329
      482.0000000000        0.0001997887        0.0000045872
      483.0000000000        0.0002044561        0.0000047487
      484.0000000000        0.0002092888        0.0000049180
      485.0000000000        0.0002142947        0.0000050953
      486.0000000000        0.0002194823        0.0000052813
      487.0000000000        0.0002248604        0.0000054765
      488.0000000000        0.0002304385        0.0000056813
      489.0000000000        0.0002362266        0.0000058966
      490.0000000000        0.0002422353        0.0000061228
      491.0000000000        0.0002484760        0.0000063607
      492.0000000000        0.0002549608        0.0000066111
      493.0000000000        0.0002617026        0.0000068748
      494.0000000000        0.0002687151        0.0000071527
      495.0000000000        0.0002760130        0.0000074457
      496.0000000000        0.0002836120        0.0000077550
      497.0000000000        0.0002915288        0.0000080817
      498.0000000000        0.0002997815        0.0000084269
      499.0000000000        0.0003083892        0.0000087920
      500.0000000000        0.0003173726        0.0000091785
      501.0000000000        0.0003267539        0.0000095880
      502.0000000000        0.0003365568        0.0000100222
      503.0000000000        0.0003468071        0.0000104829
      504.0000000000        0.0003575322        0.0000109723
      505.0000000000        0.0003687620        0.0000114926
      506.0000000000        0.0003805286        0.0000120463
      507.0000000000        0.0003928666        0.0000126361
      508.0000000000        0.0004058137        0.0000132649
      509.0000000000        0.0004194106        0.0000139361
      510.0000000000        0.0004337013        0.0000146533
      511.0000000000        0.0004487339        0.0000154205
      512.0000000000        0.0004645605        0.0000162421
      513.0000000000        0.0004812379        0.0000171230
      514.0000000000        0.0004988281        0.0000180687
      515.0000000000        0.0005173988        0.0000190851
      516.0000000000        0.0005370241        0.0000201791
      517.0000000000        0.0005577854        0.0000213582
      518.0000000000        0.0005797716        0.0000226307
      519.0000000000        0.0006030811        0.0000240061
      520.0000000000        0.0006278217        0.0000254951
      521.0000000000        0.0006541130        0.0000271094
      522.0000000000        0.0006820868        0.0000288626
      523.0000000000        0.0007118896        0.0000307699
      524.0000000000        0.0007436837        0.0000328485
      525.0000000000        0.0007776503        0.0000351181
      526.0000000000        0.0008139911        0.0000376011
      527.0000000000        0.0008529320        0.0000403229
      528.0000000000        0.0008947263        0.0000433131
      529.0000000000        0.0009396588        0.0000466052
      530.0000000000        0.0009880504        0.0000502384
      531.0000000000        0.0010402642        0.0000542577
      532.0000000000        0.0010967120        0.0000587156
      533.0000000000        0.0011578620        0.0000636734
      534.0000000000        0.0012242491        0.0000692027
      535.0000000000        0.0012964859        0.0000753879
      536.0000000000        0.0013752766        0.0000823288
      537.0000000000        0.0014614345        0.0000901436
      538.0000000000        0.0015559018        0.0000989734
      539.0000000000        0.0016597756        0.0001089875
      540.0000000000        0.0017743390        0.0001203897
      541.0000000000        0.0019010996        0.0001334274
      542.0000000000        0.0020418386        0.0001484020
      543.0000000000        0.0021986716        0.0001656836
      544.0000000000        0.0023741262        0.0001857299
      545.0000000000        0.0025712411        0.0002091103
      546.0000000000        0.0027936943        0.0002365395
      547.0000000000        0.0030459683        0.0002689215
      548.0000000000        0.0033335692        0.0003074101
      549.0000000000        0.0036633144        0.0003534913
      550.0000000000        0.0040437205        0.0004090989
      551.0000000000        0.0044855261        0.0004767756
      552.0000000000        0.0050024093        0.0005599032
      553.0000000000        0.0056119819        0.0006630331
      554.0000000000        0.0063371849        0.0007923689
      555.0000000000        0.0072082732        0.0009564773
      556.0000000000        0.0082656720        0.0011673471
      557.0000000000        0.0095641406        0.0014419789
      558.0000000000        0.0111788977        0.0018047734
      559.0000000000        0.0132146833        0.0022910834
      560.0000000000        0.0158191184        0.0029523089
      561.0000000000        0.0192019645        0.0038625115
      562.0000000000        0.0236610958        0.0051245533
      563.0000000000        0.0296111681        0.0068667150
      564.0000000000        0.0375929643        0.0091990959
      565.0000000000        0.0481869413        0.0120444837
      566.0000000000        0.0616279399        0.0146794717
      567.0000000000        0.0767907000        0.0149952512
      568.0000000000        0.0897624010        0.0098366150
      569.0000000000        0.0945113345       -0.0009046143
      570.0000000000        0.0881595633       -0.0110626741
      571.0000000000        0.0744740044       -0.0152275187
      572.0000000000        0.0594034215       -0.0143535999
      573.0000000000        0.0463763856       -0.0115920108
      574.0000000000        0.0362142272       -0.0088023427
      575.0000000000        0.0285825975       -0.0065634309
      576.0000000000        0.0228930927       -0.0049034354
      577.0000000000        0.0186225357       -0.0037031652
      578.0000000000        0.0153757282       -0.0028370139
      579.0000000000        0.0128702003       -0.0022067418
      580.0000000000        0.0109072338       -0.0017422184
      581.0000000000        0.0093468612       -0.0013949002
      582.0000000000        0.0080896064       -0.0011314008
      583.0000000000        0.0070638860       -0.0009286499
      584.0000000000        0.0062174758       -0.0007705459
      585.0000000000        0.0055117397       -0.0006457114
      586.0000000000        0.0049177029       -0.0005460003
      587.0000000000        0.0044133522       -0.0004655012
      588.0000000000        0.0039817571       -0.0003998687
      589.0000000000        0.0036097463       -0.0003458680
      590.0000000000        0.0032869624       -0.0003010627
      591.0000000000        0.0030051792       -0.0002635966
      592.0000000000        0.0027578024       -0.0002320411
      593.0000000000        0.0025394996       -0.0002052855
      594.0000000000        0.0023459239       -0.0001824582
      595.0000000000        0.0021735053       -0.0001628693
      596.0000000000        0.0020192906       -0.0001459683
      597.0000000000        0.0018808211       -0.0001313126
      598.0000000000        0.0017560372       -0.0001185435
      599.0000000000        0.0016432032       -0.0001073688
      600.0000000000        0.0015408486       -0.0000975484
      601.0000000000        0.0014477212       -0.0000888843
      602.0000000000        0.0013627497       -0.0000812119
      603.0000000000        0.0012850128       -0.0000743940
      604.0000000000        0.0012137154       -0.0000683153
      605.0000000000        0.0011481683       -0.0000628787
      606.0000000000        0.0010877715       -0.0000580019
      607.0000000000        0.0010320013       -0.0000536149
      608.0000000000        0.0009803985       -0.0000496580
      609.0000000000        0.0009325592       -0.0000460798
      610.0000000000        0.0008881274       -0.0000428363
      611.0000000000        0.0008467878       -0.0000398893
      612.0000000000        0.0008082609       -0.0000372059
      613.0000000000        0.0007722979       -0.0000347572
      614.0000000000        0.0007386767       -0.0000325182
      615.0000000000        0.0007071989       -0.0000304671
      616.0000000000        0.0006776864       -0.0000285844
      617.0000000000        0.0006499795       -0.0000268534
      618.0000000000        0.0006239340       -0.0000252591
      619.0000000000        0.0005994200       -0.0000237883
      620.0000000000        0.0005763201       -0.0000224293
      621.0000000000        0.0005545276       -0.0000211717
      622.0000000000        0.0005339460       -0.0000200062
      623.0000000000        0.0005144873       -0.0000189245
      624.0000000000        0.0004960714       -0.0000179194
      625.0000000000        0.0004786253       -0.0000169840
      626.0000000000        0.0004620821       -0.0000161125
      627.0000000000        0.0004463807       -0.0000152996
      628.0000000000        0.0004314651       -0.0000145403
      629.0000000000        0.0004172837       -0.0000138304
      630.0000000000        0.0004037891       -0.0000131659
      631.0000000000        0.0003909379       -0.0000125433
      632.0000000000        0.0003786898       -0.0000119592
      633.0000000000        0.0003670076       -0.0000114108
      634.0000000000        0.0003558572       -0.0000108954
      635.0000000000        0.0003452066       -0.0000104105
      636.0000000000        0.0003350267       -0.0000099540
      637.0000000000        0.0003252899       -0.0000095237
      638.0000000000        0.0003159711       -0.0000091179
      639.0000000000        0.0003070467       -0.0000087347
      640.0000000000        0.0002984946       -0.0000083727
      641.0000000000        0.0002902946       -0.0000080304
      642.0000000000        0.0002824276       -0.0000077065
      643.0000000000        0.0002748758       -0.0000073998
      644.0000000000        0.0002676226       -0.0000071091
      645.0000000000        0.0002606525       -0.0000068335
      646.0000000000        0.0002539510       -0.0000065719
      647.0000000000        0.0002475044       -0.0000063234
      648.0000000000        0.0002413000       -0.0000060874
      649.0000000000        0.0002353258       -0.0000058629
      650.0000000000        0.0002295706       -0.0000056493
      651.0000000000        0.0002240238       -0.0000054460
      652.0000000000        0.0002186755       -0.0000052523
      653.0000000000        0.0002135163       -0.0000050676
      654.0000000000        0.0002085374       -0.0000048915
      655.0000000000        0.0002037305       -0.0000047235
      656.0000000000        0.0001990878       -0.0000045631
      657.0000000000        0.0001946020       -0.0000044098
      658.0000000000        0.0001902659       -0.0000042634
      659.0000000000        0.0001860731       -0.0000041233
      660.0000000000        0.0001820173       -0.0000039893
      661.0000000000        0.0001780925       -0.0000038611
      662.0000000000        0.0001742933       -0.0000037383
      663.0000000000        0.0001706143       -0.0000036206
      664.0000000000        0.0001670505       -0.0000035078
      665.0000000000        0.0001635971       -0.0000033997
      666.0000000000        0.0001602497       -0.0000032959
      667.0000000000        0.0001570039       -0.0000031963
      668.0000000000        0.0001538557       -0.0000031007
      669.0000000000        0.0001508012       -0.0000030089
      670.0000000000        0.0001478367       -0.0000029207
      671.0000000000        0.0001449587       -0.0000028358
      672.0000000000        0.0001421639       -0.0000027543
      673.0000000000        0.0001394492       -0.0000026758
      674.0000000000        0.0001368114       -0.0000026003
      675.0000000000        0.0001342477       -0.0000025276
      676.0000000000        0.0001317554       -0.0000024575
      677.0000000000        0.0001293318       -0.0000023901
      678.0000000000        0.0001269744       -0.0000023250
      679.0000000000        0.0001246809       -0.0000022624
      680.0000000000        0.0001224490       -0.0000022019
      681.0000000000        0.0001202764       -0.0000021436
      682.0000000000        0.0001181611       -0.0000020873
      683.0000000000        0.0001161011       -0.0000020330
      684.0000000000        0.0001140945       -0.0000019805
      685.0000000000        0.0001121394       -0.0000019299
      686.0000000000        0.0001102342       -0.0000018809
      687.0000000000        0.0001083770       -0.0000018336
      688.0000000000        0.0001065664       -0.0000017879
      689.0000000000        0.0001048008       -0.0000017436
      690.0000000000        0.0001030787       -0.0000017008
      691.0000000000        0.0001013987       -0.0000016594
      692.0000000000        0.0000997594       -0.0000016194
      693.0000000000        0.0000981595       -0.0000015806
      694.0000000000        0.0000965978       -0.0000015430
      695.0000000000        0.0000950730       -0.0000015067
      696.0000000000        0.0000935841       -0.0000014714
      697.0000000000        0.0000921298       -0.0000014373
      698.0000000000        0.0000907092       -0.0000014042
      699.0000000000        0.0000893211       -0.0000013721
      700.0000000000        0.0000879647       -0.0000013409
      701.0000000000        0.0000866390       -0.0000013107
      702.0000000000        0.0000853429       -0.0000012815
      703.0000000000        0.0000840758       -0.0000012530
      704.0000000000        0.0000828366       -0.0000012254
      705.0000000000        0.0000816246       -0.0000011987
      706.0000000000        0.0000804390       -0.0000011726
      707.0000000000        0.0000792791       -0.0000011474
      708.0000000000        0.0000781440       -0.0000011228
      709.0000000000        0.0000770332       -0.0000010990
      710.0000000000        0.0000759459       -0.0000010758
      711.0000000000        0.0000748814       -0.0000010533
      712.0000000000        0.0000738391       -0.0000010314
      713.0000000000        0.0000728185       -0.0000010101
      714.0000000000        0.0000718188       -0.0000009893
      715.0000000000        0.0000708396       -0.0000009692
      716.0000000000        0.0000698803       -0.0000009496
      717.0000000000        0.0000689403       -0.0000009305
      718.0000000000        0.0000680192       -0.0000009119
      719.0000000000        0.0000671164       -0.0000008938
      720.0000000000        0.0000662315       -0.0000008762
      721.0000000000        0.0000653639       -0.0000008590
      722.0000000000        0.0000645133       -0.0000008423
      723.0000000000        0.0000636791       -0.0000008260
      724.0000000000        0.0000628611       -0.0000008102
      725.0000000000        0.0000620587       -0.0000007947
      726.0000000000        0.0000612715       -0.0000007796
      727.0000000000        0.0000604992       -0.0000007650
      728.0000000000        0.0000597415       -0.0000007506
      729.0000000000        0.0000000000        0.0000000000
      730.0000000000        0.0000000000        0.0000000000
      731.0000000000        0.0000000000        0.0000000000
      732.0000000000        0.0000000000        0.0000000000
      733.0000000000        0.0000000000        0.0000000000
      734.0000000000        0.0000000000        0.0000000000
      735.0000000000        0.0000000000        0.0000000000
      736.0000000000        0.0000000000        0.0000000000
      737.0000000000        0.0000000000        0.0000000000
      738.0000000000        0.0000000000        0.0000000000
      739.0000000000        0.0000000000        0.0000000000
      740.0000000000        0.0000000000        0.0000000000
      741.0000000000        0.0000000000        0.0000000000
      742.0000000000        0.0000000000        0.0000000000
      743.0000000000        0.0000000000        0.0000000000
      744.0000000000        0.0000000000        0.0000000000
      745.0000000000        0.0000000000        0.0000000000
      746.0000000000        0.0000000000        0.0000000000
      747.0000000000        0.0000000000        0.0000000000
      748.0000000000        0.0000000000        0.0000000000
      749.0000000000        0.0000000000        0.0000000000
      750.0000000000        0.0000000000        0.0000000000
      751.0000000000        0.0000000000        0.0000000000
      752.0000000000        0.0000000000        0.0000000000
      753.0000000000        0.0000000000        0.0000000000
      754.0000000000        0.0000000000        0.0000000000
      755.0000000000        0.0000000000        0.0000000000
      756.0000000000        0.0000000000        0.0000000000
      757.0000000000        0.0000000000        0.0000000000
      758.0000000000        0.0000000000        0.0000000000
      759.0000000000        0.0000000000        0.0000000000
      760.0000000000        0.0000000000        0.0000000000
      761.0000000000        0.0000000000        0.0000000000
      762.0000000000        0.0000000000        0.0000000000
      763.0000000000        0.0000000000        0.0000000000
      764.0000000000        0.0000000000        0.0000000000
      765.0000000000        0.0000000000        0.0000000000
      766.0000000000        0.0000000000        0.0000000000
      767.0000000000        0.0000000000        0.0000000000
      768.0000000000        0.0000000000        0.0000000000
      769.0000000000        0.0000000000        0.0000000000
      770.0000000000        0.0000000000        0.0000000000
      771.0000000000        0.0000000000        0.0000000000
      772.0000000000        0.0000000000        0.0000000000
      773.0000000000        0.0000000000        0.0000000000
      774.0000000000        0.0000000000        0.0000000000
      775.0000000000        0.0000000000        0.0000000000
      776.0000000000        0.0000000000        0.0000000000
      777.0000000000        0.0000000000        0.0000000000
      778.0000000000        0.0000000000        0.0000000000
      779.0000000000        0.0000000000        0.0000000000
      780.0000000000        0.0000000000        0.0000000000
      781.0000000000        0.0000000000        0.0000000000
      782.0000000000        0.0000000000        0.0000000000
      783.0000000000        0.0000000000        0.0000000000
      784.0000000000        0.0000000000        0.0000000000
      785.0000000000        0.0000000000        0.0000000000
      786.0000000000        0.0000000000        0.0000000000
      787.0000000000        0.0000000000        0.0000000000
      788.0000000000        0.0000000000        0.0000000000
      789.0000000000        0.0000000000        0.0000000000
      790.0000000000        0.0000000000        0.0000000000
      791.0000000000        0.0000000000        0.0000000000
      792.0000000000        0.0000000000        0.0000000000
      793.0000000000        0.0000000000        0.0000000000
      794.0000000000        0.0000000000        0.0000000000
      795.0000000000        0.0000000000        0.0000000000
      796.0000000000        0.0000000000        0.0000000000
      797.0000000000        0.0000000000        0.0000000000
      798.0000000000        0.0000000000        0.0000000000
      799.0000000000        0.0000000000        0.0000000000
      800.0000000000        0.0000000000        0.0000000000
      801.0000000000        0.0000000000        0.0000000000
      802.0000000000        0.0000000000        0.0000000000
      803.0000000000        0.0000000000        0.0000000000
      804.0000000000        0.0000000000        0.0000000000
      805.0000000000        0.0000000000        0.0000000000
      806.0000000000        0.0000000000        0.0000000000
      807.0000000000        0.0000000000        0.0000000000
      808.0000000000        0.0000000000        0.0000000000
      809.0000000000        0.0000000000        0.0000000000
      810.0000000000        0.0000000000        0.0000000000
      811.0000000000        0.0000000000        0.0000000000
      812.0000000000        0.0000000000        0.0000000000
      813.0000000000        0.0000000000        0.0000000000
      814.0000000000        0.0000000000        0.0000000000
      815.0000000000        0.0000000000        0.0000000000
      816.0000000000        0.0000000000        0.0000000000
      817.0000000000        0.0000000000        0.0000000000
      818.0000000000        0.0000000000        0.0000000000
      819.0000000000        0.0000000000        0.0000000000
      820.0000000000        0.0000000000        0.0000000000
      821.0000000000        0.0000000000        0.0000000000
      822.0000000000        0.0000000000        0.0000000000
      823.0000000000        0.0000000000        0.0000000000
      824.0000000000        0.0000000000        0.0000000000
      825.0000000000        0.0000000000        0.0000000000
      826.0000000000        0.0000000000        0.0000000000
      827.0000000000        0.0000000000        0.0000000000
      828.0000000000        0.0000000000        0.0000000000
      829.0000000000        0.0000000000        0.0000000000
      830.0000000000        0.0000000000        0.0000000000
      831.0000000000        0.0000000000        0.0000000000
      832.0000000000        0.0000000000        0.0000000000
      833.0000000000        0.0000000000        0.0000000000
      834.0000000000        0.0000000000        0.0000000000
      835.0000000000        0.0000000000        0.0000000000
      836.0000000000        0.0000000000        0.0000000000
      837.0000000000        0.0000000000        0.0000000000
      838.0000000000        0.0000000000        0.0000000000
      839.0000000000        0.0000000000        0.0000000000
      840.0000000000        0.0000000000        0.0000000000
      841.0000000000        0.0000000000        0.0000000000
      842.0000000000        0.0000000000        0.0000000000
      843.0000000000        0.0000000000        0.0000000000
      844.0000000000        0.0000000000        0.0000000000
      845.0000000000        0.0000000000        0.0000000000
      846.0000000000        0.0000000000        0.0000000000
      847.0000000000        0.0000000000        0.0000000000
      848.0000000000        0.0000000000        0.0000000000
      849.0000000000        0.0000000000        0.0000000000
      850.0000000000        0.0000000000        0.0000000000
      851.0000000000        0.0000000000        0.0000000000
      852.0000000000        0.0000000000        0.0000000000
      853.0000000000        0.0000000000        0.0000000000
      854.0000000000        0.0000000000        0.0000000000
      855.0000000000        0.0000000000        0.0000000000
      856.0000000000        0.0000000000        0.0000000000
      857.0000000000        0.0000000000        0.0000000000
      858.0000000000        0.0000000000        0.0000000000
      859.0000000000        0.0000000000        0.0000000000
      860.0000000000        0.0000000000        0.0000000000
      861.0000000000        0.0000000000        0.0000000000
      862.0000000000        0.0000000000        0.0000000000
      863.0000000000        0.0000000000        0.0000000000
      864.0000000000        0.0000000000        0.0000000000
      865.0000000000        0.0000000000        0.0000000000
      866.0000000000        0.0000000000        0.0000000000
      867.0000000000        0.0000000000        0.0000000000
      868.0000000000        0.0000000000        0.0000000000
      869.0000000000        0.0000000000        0.0000000000
      870.0000000000        0.0000000000        0.0000000000
      871.0000000000        0.0000000000        0.0000000000
      872.0000000000        0.0000000000        0.0000000000
      873.0000000000        0.0000000000        0.0000000000
      874.0000000000        0.0000000000        0.0000000000
      875.0000000000        0.0000000000        0.0000000000
      876.0000000000        0.0000000000        0.0000000000
      877.0000000000        0.0000000000        0.0000000000
      878.0000000000        0.0000000000        0.0000000000
      879.0000000000        0.0000000000        0.0000000000
      880.0000000000        0.0000000000        0.0000000000
      881.0000000000        0.0000000000        0.0000000000
      882.0000000000        0.0000000000        0.0000000000
      883.0000000000        0.0000000000        0.0000000000
      884.0000000000        0.0000000000        0.0000000000
      885.0000000000        0.0000000000        0.0000000000
      886.0000000000        0.0000000000        0.0000000000
      887.0000000000        0.0000000000        0.0000000000
      888.0000000000        0.0000000000        0.0000000000
      889.0000000000        0.0000000000        0.0000000000
      890.0000000000        0.0000000000        0.0000000000
      891.0000000000        0.0000000000        0.0000000000
      892.0000000000        0.0000000000        0.0000000000
      893.0000000000        0.0000000000        0.0000000000
      894.0000000000        0.0000000000        0.0000000000
      895.0000000000        0.0000000000        0.0000000000
      896.0000000000        0.0000000000        0.0000000000
      897.0000000000        0.0000000000        0.0000000000
      898.0000000000        0.0000000000        0.0000000000
      899.0000000000        0.0000000000        0.0000000000
      900.0000000000        0.0000000000        0.0000000000
      901.0000000000        0.0000000000        0.0000000000
      902.0000000000        0.0000000000        0.0000000000
      903.0000000000        0.0000000000        0.0000000000
      904.0000000000        0.0000000000        0.0000000000
      905.0000000000        0.0000000000        0.0000000000
      906.0000000000        0.0000000000        0.0000000000
      907.0000000000        0.0000000000        0.0000000000
      908.0000000000        0.0000000000        0.0000000000
      909.0000000000        0.0000000000        0.0000000000
      910.0000000000        0.0000000000        0.0000000000
      911.0000000000        0.0000000000        0.0000000000
      912.0000000000        0.0000000000        0.0000000000
      913.0000000000        0.0000000000        0.0000000000
      914.0000000000        0.0000000000        0.0000000000
      915.0000000000        0.0000000000        0.0000000000
      916.0000000000        0.0000000000        0.0000000000
      917.0000000000        0.0000000000        0.0000000000
      918.0000000000        0.0000000000        0.0000000000
      919.0000000000        0.0000000000        0.0000000000
      920.0000000000        0.0000000000        0.0000000000
      921.0000000000        0.0000000000        0.0000000000
      922.0000000000        0.0000000000        0.0000000000
      923.0000000000        0.0000000000        0.0000000000
      924.0000000000        0.0000000000        0.0000000000
      925.0000000000        0.0000000000        0.0000000000
      926.0000000000        0.0000000000        0.0000000000
      927.0000000000        0.0000000000        0.0000000000
      928.0000000000        0.0000000000        0.0000000000
      929.0000000000        0.0000000000        0.0000000000
      930.0000000000        0.0000000000        0.0000000000
      931.0000000000        0.0000000000        0.0000000000
      932.0000000000        0.0000000000        0.0000000000
      933.0000000000        0.0000000000        0.0000000000
      934.0000000000        0.0000000000        0.0000000000
      935.0000000000        0.0000000000        0.0000000000
      936.0000000000        0.0000000000        0.0000000000
      937.0000000000        0.0000000000        0.0000000000
      938.0000000000        0.0000000000        0.0000000000
      939.0000000000        0.0000000000        0.0000000000
      940.0000000000        0.0000000000        0.0000000000
      941.0000000000        0.0000000000        0.0000000000
      942.0000000000        0.0000000000        0.0000000000
      943.0000000000        0.0000000000        0.0000000000
      944.0000000000        0.0000000000        0.0000000000
      945.0000000000        0.0000000000        0.0000000000
      946.0000000000        0.0000000000        0.0000000000
      947.0000000000        0.0000000000        0.0000000000
      948.0000000000        0.0000000000        0.0000000000
      949.0000000000        0.0000000000        0.0000000000
      950.0000000000        0.0000000000        0.0000000000
      951.0000000000        0.0000000000        0.0000000000
      952.0000000000        0.0000000000        0.0000000000
      953.0000000000        0.0000000000        0.0000000000
      954.0000000000        0.0000000000        0.0000000000
      955.0000000000        0.0000000000        0.0000000000
      956.0000000000        0.0000000000        0.0000000000
      957.0000000000        0.0000000000        0.0000000000
      958.0000000000        0.0000000000        0.0000000000
      959.0000000000        0.0000000000        0.0000000000
      960.0000000000        0.0000000000        0.0000000000
      961.0000000000        0.0000000000        0.0000000000
      962.0000000000        0.0000000000        0.0000000000
      963.0000000000        0.0000000000        0.0000000000
      964.0000000000        0.0000000000        0.0000000000
      965.0000000000        0.0000000000        0.0000000000
      966.0000000000        0.0000000000        0.0000000000
      967.0000000000        0.0000000000        0.0000000000
      968.0000000000        0.0000000000        0.0000000000
      969.0000000000        0.0000000000        0.0000000000
      970.0000000000        0.0000000000        0.0000000000
      971.0000000000        0.0000000000        0.0000000000
      972.0000000000        0.0000000000        0.0000000000
      973.0000000000        0.0000000000        0.0000000000
      974.0000000000        0.0000000000        0.0000000000
      975.0000000000        0.0000000000        0.0000000000
      976.0000000000        0.0000000000        0.0000000000
      977.0000000000        0.0000000000        0.0000000000
      978.0000000000        0.0000000000        0.0000000000
      979.0000000000        0.0000000000        0.0000000000
      980.0000000000        0.0000000000        0.0000000000
      981.0000000000        0.0000000000        0.0000000000
      982.0000000000        0.0000000000        0.0000000000
      983.0000000000        0.0000000000        0.0000000000
      984.0000000000        0.0000000000        0.0000000000
      985.0000000000        0.0000000000        0.0000000000
      986.0000000000        0.0000000000        0.0000000000
      987.0000000000        0.0000000000        0.0000000000
      988.0000000000        0.0000000000        0.0000000000
      989.0000000000        0.0000000000        0.0000000000
      990.0000000000        0.0000000000        0.0000000000
      991.0000000000        0.0000000000        0.0000000000
      992.0000000000        0.0000000000        0.0000000000
      993.0000000000        0.0000000000        0.0000000000
      994.0000000000        0.0000000000        0.0000000000
      995.0000000000        0.0000000000        0.0000000000
      996.0000000000        0.0000000000        0.0000000000
      997.0000000000        0.0000000000        0.0000000000
      998.0000000000        0.0000000000        0.0000000000
      999.0000000000        0.0000000000        0.0000000000
     1000.0000000000        0.0000000000        0.0000000000
     1001.0000000000        0.0000000000        0.0000000000
     1002.0000000000        0.0000000000        0.0000000000
     1003.0000000000        0.0000000000        0.0000000000
     1004.0000000000        0.0000000000        0.0000000000
     1005.0000000000        0.0000000000        0.0000000000
     1006.0000000000        0.0000000000        0.0000000000
     1007.0000000000        0.0000000000        0.0000000000
     1008.0000000000        0.0000000000        0.0000000000
     1009.0000000000        0.0000000000        0.0000000000
     1010.0000000000        0.0000000000        0.0000000000
     1011.0000000000        0.0000000000        0.0000000000
     1012.0000000000        0.0000000000        0.0000000000
     1013.0000000000        0.0000000000        0.0000000000
     1014.0000000000        0.0000000000        0.0000000000
     1015.0000000000        0.0000000000        0.0000000000
     1016.0000000000        0.0000000000        0.0000000000
     1017.0000000000        0.0000000000        0.0000000000
     1018.0000000000        0.0000000000        0.0000000000
     1019.0000000000        0.0000000000        0.0000000000
     1020.0000000000        0.0000000000        0.0000000000
     1021.0000000000        0.0000000000        0.0000000000
     1022.0000000000        0.0000000000        0.0000000000
     1023.0000000000        0.0000000000        0.0000000000
     1024.0000000000        0.0000000000        0.0000000000
     1025.0000000000        0.0000000000        0.0000000000
     1026.0000000000        0.0000000000        0.0000000000
     1027.0000000000        0.0000000000        0.0000000000
     1028.0000000000        0.0000000000        0.0000000000
     1029.0000000000        0.0000000000        0.0000000000
     1030.0000000000        0.0000000000        0.0000000000
     1031.0000000000        0.0000000000        0.0000000000
     1032.0000000000        0.0000000000        0.0000000000
     1033.0000000000        0.0000000000        0.0000000000
     1034.0000000000        0.0000000000        0.0000000000
     1035.0000000000        0.0000000000        0.0000000000
     1036.0000000000        0.0000000000        0.0000000000
     1037.0000000000        0.0000000000        0.0000000000
     1038.0000000000        0.0000000000        0.0000000000
     1039.0000000000        0.0000000000        0.0000000000
     1040.0000000000        0.0000000000        0.0000000000
     1041.0000000000        0.0000000000        0.0000000000
     1042.0000000000        0.0000000000        0.0000000000
     1043.0000000000        0.0000000000        0.0000000000
     1044.0000000000        0.0000000000        0.0000000000
     1045.0000000000        0.0000000000        0.0000000000
     1046.0000000000        0.0000000000        0.0000000000
     1047.0000000000        0.0000000000        0.0000000000
     1048.0000000000        0.0000000000        0.0000000000
     1049.0000000000        0.0000000000        0.0000000000
     1050.0000000000        0.0000000000        0.0000000000
     1051.0000000000        0.0000000000        0.0000000000
     1052.0000000000        0.0000000000        0.0000000000
     1053.0000000000        0.0000000000        0.0000000000
     1054.0000000000        0.0000000000        0.0000000000
     1055.0000000000        0.0000000000        0.0000000000
     1056.0000000000        0.0000000000        0.0000000000
     1057.0000000000        0.0000000000        0.0000000000
     1058.0000000000        0.0000000000        0.0000000000
     1059.0000000000        0.0000000000        0.0000000000
     1060.0000000000        0.0000000000        0.0000000000
     1061.0000000000        0.0000000000        0.0000000000
     1062.0000000000        0.0002539261        0.0000031822
     1063.0000000000        0.0002571384        0.0000032427
     1064.0000000000        0.0002604121        0.0000033048
     1065.0000000000        0.0004349854        0.0000055210
     1066.0000000000        0.0004405594        0.0000056275
     1067.0000000000        0.0004462413        0.0000057367
     1068.0000000000        0.0004520337        0.0000058487
     1069.0000000000        0.0004579397        0.0000059637
     1070.0000000000        0.0004639622        0.0000060817
     1071.0000000000        0.0004701042        0.0000062029
     1072.0000000000        0.0004763690        0.0000063272
     1073.0000000000        0.0004827598        0.0000064550
     1074.0000000000        0.0004892801        0.0000065862
     1075.0000000000        0.0004959333        0.0000067209
     1076.0000000000        0.0005027232        0.0000068594
     1077.0000000000        0.0005096534        0.0000070017
     1078.0000000000        0.0005167279        0.0000071480
     1079.0000000000        0.0005239507        0.0000072983
     1080.0000000000        0.0005313260        0.0000074530
     1081.0000000000        0.0005388581        0.0000076120
     1082.0000000000        0.0005465515        0.0000077755
     1083.0000000000        0.0005544107        0.0000079438
     1084.0000000000        0.0005624407        0.0000081170
     1085.0000000000        0.0005706464        0.0000082952
     1086.0000000000        0.0005790329        0.0000084787
     1087.0000000000        0.0005876056        0.0000086677
     1088.0000000000        0.0005963701        0.0000088623
     1089.0000000000        0.0006053322        0.0000090628
     1090.0000000000        0.0006144977        0.0000092693
     1091.0000000000        0.0006238729        0.0000094822
     1092.0000000000        0.0006334643        0.0000097017
     1093.0000000000        0.0006432785        0.0000099279
     1094.0000000000        0.0006533225        0.0000101613
     1095.0000000000        0.0006636036        0.0000104021
     1096.0000000000        0.0006741292        0.0000106505
     1097.0000000000        0.0006849072        0.0000109068
     1098.0000000000        0.0006959456        0.0000111715
     1099.0000000000        0.0007072530        0.0000114448
     1100.0000000000        0.0007188382        0.0000117271
     1101.0000000000        0.0007307103        0.0000120187
     1102.0000000000        0.0007428789        0.0000123201
     1103.0000000000        0.0007553539        0.0000126317
     1104.0000000000        0.0007681457        0.0000129538
     1105.0000000000        0.0007812652        0.0000132870
     1106.0000000000        0.0007947235        0.0000136317
     1107.0000000000        0.0008085326        0.0000139884
     1108.0000000000        0.0008227046        0.0000143577
     1109.0000000000        0.0008372523        0.0000147401
     1110.0000000000        0.0008521893        0.0000151362
     1111.0000000000        0.0008675295        0.0000155466
     1112.0000000000        0.0008832874        0.0000159719
     1113.0000000000        0.0008994786        0.0000164130
     1114.0000000000        0.0009161188        0.0000168704
     1115.0000000000        0.0009332250        0.0000173449
     1116.0000000000        0.0009508147        0.0000178375
     1117.0000000000        0.0009689062        0.0000183488
     1118.0000000000        0.0009875189        0.0000188799
     1119.0000000000        0.0010066728        0.0000194316
     1120.0000000000        0.0010263893        0.0000200050
     1121.0000000000        0.0010466905        0.0000206013
     1122.0000000000        0.0010675998        0.0000212214
     1123.0000000000        0.0010891417        0.0000218667
     1124.0000000000        0.0011113420        0.0000225384
     1125.0000000000        0.0011342278        0.0000232379
     1126.0000000000        0.0011578276        0.0000239666
     1127.0000000000        0.0011821713        0.0000247261
     1128.0000000000        0.0012072906        0.0000255180
     1129.0000000000        0.0012332187        0.0000263441
     1130.0000000000        0.0013125142        0.0000278656
     1131.0000000000        0.0013408328        0.0000287783
     1132.0000000000        0.0013700843        0.0000297314
     1133.0000000000        0.0014003100        0.0000307273
     1134.0000000000        0.0014315539        0.0000317683
     1135.0000000000        0.0014638625        0.0000328571
     1136.0000000000        0.0014972849        0.0000339963
     1137.0000000000        0.0015318731        0.0000351891
     1138.0000000000        0.0015676820        0.0000364385
     1139.0000000000        0.0016047701        0.0000377480
     1140.0000000000        0.0016431993        0.0000391212
     1141.0000000000        0.0016830351        0.0000405621
     1142.0000000000        0.0017243475        0.0000420750
     1143.0000000000        0.0017672105        0.0000436642
     1144.0000000000        0.0018117031        0.0000453348
     1145.0000000000        0.0018579090        0.0000470921
     1146.0000000000        0.0019059179        0.0000489416
     1147.0000000000        0.0019558251        0.0000508897
     1148.0000000000        0.0020077323        0.0000529428
     1149.0000000000        0.0020617482        0.0000551084
     1150.0000000000        0.0021179891        0.0000573940
     1151.0000000000        0.0021765791        0.0000598083
     1152.0000000000        0.0022376515        0.0000623603
     1153.0000000000        0.0023013490        0.0000650601
     1154.0000000000        0.0023678246        0.0000679185
     1155.0000000000        0.0024372428        0.0000709474
     1156.0000000000        0.0025097805        0.0000741597
     1157.0000000000        0.0025856280        0.0000775695
     1158.0000000000        0.0026649904        0.0000811922
     1159.0000000000        0.0027480889        0.0000850447
     1160.0000000000        0.0028351625        0.0000891455
     1161.0000000000        0.0029264696        0.0000935151
     1162.0000000000        0.0030222898        0.0000981758
     1163.0000000000        0.0031229264        0.0001031523
     1164.0000000000        0.0032287086        0.0001084717
     1165.0000000000        0.0033399942        0.0001141642
     1166.0000000000        0.0034571725        0.0001202631
     1167.0000000000        0.0035806682        0.0001268054
     1168.0000000000        0.0037109446        0.0001338319
     1169.0000000000        0.0038485087        0.0001413885
     1170.0000000000        0.0039939153        0.0001495261
     1171.0000000000        0.0041477734        0.0001583016
     1172.0000000000        0.0043107522        0.0001677787
     1173.0000000000        0.0044835884        0.0001780289
     1174.0000000000        0.0046670945        0.0001891328
     1175.0000000000        0.0048621686        0.0002011810
     1176.0000000000        0.0050698053        0.0002142760
     1177.0000000000        0.0052911082        0.0002285340
     1178.0000000000        0.0055273048        0.0002440869
     1179.0000000000        0.0057797634        0.0002610848
     1180.0000000000        0.0060500130        0.0002796995
     1181.0000000000        0.0063397664        0.0003001275
     1182.0000000000        0.0066509473        0.0003225947
     1183.0000000000        0.0069857220        0.0003473618
     1184.0000000000        0.0073465374        0.0003747300
     1185.0000000000        0.0077361650        0.0004050492
     1186.0000000000        0.0081577546        0.0004387272
     1187.0000000000        0.0086148971        0.0004762411
     1188.0000000000        0.0091117010        0.0005181511
     1189.0000000000        0.0096528838        0.0005651185
     1190.0000000000        0.0102438834        0.0006179269
     1191.0000000000        0.0108909938        0.0006775096
     1192.0000000000        0.0116015307        0.0007449838
     1193.0000000000        0.0123840370        0.0008216940
     1194.0000000000        0.0132485358        0.0009092674
     1195.0000000000        0.0142068484        0.0010096855
     1196.0000000000        0.0152729916        0.0011253767
     1197.0000000000        0.0164636834        0.0012593368
     1198.0000000000        0.0177989857        0.0014152894
     1199.0000000000        0.0193031337        0.0015978973
     1200.0000000000        0.0210056104        0.0018130486
     1201.0000000000        0.0229425551        0.0020682431
     1202.0000000000        0.0251586270        0.0023731238
     1203.0000000000        0.0277094959        0.0027402130
     1204.0000000000        0.0306652085        0.0031859458
     1205.0000000000        0.0341147919        0.0037321381
     1206.0000000000        0.0381726246        0.0044080967
     1207.0000000000        0.0429873659        0.0052536912
     1208.0000000000        0.0487546326        0.0063238764
     1209.0000000000        0.0557352230        0.0076954178
     1210.0000000000        0.0642816230        0.0094769606
     1211.0000000000        0.0748769206        0.0118241017
     1212.0000000000        0.0881921869        0.0149616413
     1213.0000000000        0.1051705941        0.0192150257
     1214.0000000000        0.1271473351        0.0250496158
     1215.0000000000        0.1560072343        0.0331015964
     1216.0000000000        0.1943451820        0.0441336101
     1217.0000000000        0.2454657610        0.0587007417
     1218.0000000000        0.3126964407        0.0759858270
     1219.0000000000        0.3967835724        0.0910431465
     1220.0000000000        0.4900816537        0.0918764758
     1221.0000000000        0.5712872900        0.0656919589
     1222.0000000000        0.6142353297        0.0185257489
     1223.0000000000        0.6086916408       -0.0282610911
     1224.0000000000        0.5610584608       -0.0650714155
     1225.0000000000        0.4836632253       -0.0864539090
     1226.0000000000        0.3951200095       -0.0874632138
     1227.0000000000        0.3133338145       -0.0747712082
     1228.0000000000        0.2466749768       -0.0585843015
     1229.0000000000        0.1954749608       -0.0443294342
     1230.0000000000        0.1569175933       -0.0333211075
     1231.0000000000        0.1278609209       -0.0252197781
     1232.0000000000        0.1057415558       -0.0193315231
     1233.0000000000        0.0886687643       -0.0150360870
     1234.0000000000        0.0752949367       -0.0118685759
     1235.0000000000        0.0646661826       -0.0095006811
     1236.0000000000        0.0561036765       -0.0077047752
     1237.0000000000        0.0491190607       -0.0063231429
     1238.0000000000        0.0433563531       -0.0052456830
     1239.0000000000        0.0385524575       -0.0043946597
     1240.0000000000        0.0345102541       -0.0037144764
     1241.0000000000        0.0310801073       -0.0031648364
     1242.0000000000        0.0285101577       -0.0027116073
     1243.0000000000        0.0259892890       -0.0023417643
     1244.0000000000        0.0238058869       -0.0020342783
     1245.0000000000        0.0219041869       -0.0017765244
     1246.0000000000        0.0202395248       -0.0015587811
     1247.0000000000        0.0187758268       -0.0013734849
     1248.0000000000        0.0174837338       -0.0012146931
     1249.0000000000        0.0163391869       -0.0010776931
     1250.0000000000        0.0153223490       -0.0009587129
     1251.0000000000        0.0144167758       -0.0008547072
     1252.0000000000        0.0136087748       -0.0007631951
     1253.0000000000        0.0128869047       -0.0006821371
     1254.0000000000        0.0122415830       -0.0006098410
     1255.0000000000        0.0116647775       -0.0005448877
     1256.0000000000        0.0111497630       -0.0004860736
     1257.0000000000        0.0106909302       -0.0004323640
     1258.0000000000        0.0102836359       -0.0003828553
     1259.0000000000        0.0099240881       -0.0003367437
     1260.0000000000        0.0096092607       -0.0002932973
     1261.0000000000        0.0093368334       -0.0002518321
     1262.0000000000        0.0091051559       -0.0002116887
     1263.0000000000        0.0089132344       -0.0001722091
     1264.0000000000        0.0087607429       -0.0001327120
     1265.0000000000        0.0086480594       -0.0000924652
     1266.0000000000        0.0085763333       -0.0000506521
     1267.0000000000        0.0085475891       -0.0000063313
     1268.0000000000        0.0085648772        0.0000416173
     1269.0000000000        0.0086324854        0.0000945622
     1270.0000000000        0.0087562326        0.0001542157
     1271.0000000000        0.0089438750        0.0002227658
     1272.0000000000        0.0092056693        0.0003030616
     1273.0000000000        0.0095551573        0.0003988777
     1274.0000000000        0.0100102721        0.0005152976
     1275.0000000000        0.0105949091        0.0006592760
     1276.0000000000        0.0113411874        0.0008404737
     1277.0000000000        0.0122927380        0.0010725068
     1278.0000000000        0.0135095353        0.0013748256
     1279.0000000000        0.0150750418        0.0017755199
     1280.0000000000        0.0171067693        0.0023154006
     1281.0000000000        0.0197716462        0.0030535086
     1282.0000000000        0.0233072891        0.0040730362
     1283.0000000000        0.0280474977        0.0054822250
     1284.0000000000        0.0344390544        0.0073906619
     1285.0000000000        0.0430010130        0.0098031637
     1286.0000000000        0.0540860633        0.0123028694
     1287.0000000000        0.0671667716        0.0134290227
     1288.0000000000        0.0795718132        0.0104659644
     1289.0000000000        0.0862034334        0.0020436326
     1290.0000000000        0.0831818133       -0.0077279566
     1291.0000000000        0.0723257601       -0.0130002963
     1292.0000000000        0.0589155732       -0.0131799894
     1293.0000000000        0.0467450150       -0.0109810973
     1294.0000000000        0.0370514317       -0.0084420724
     1295.0000000000        0.0297158972       -0.0063180100
     1296.0000000000        0.0242383917       -0.0047195038
     1297.0000000000        0.0201308776       -0.0035585935
     1298.0000000000        0.0170137256       -0.0027209345
     1299.0000000000        0.0146128650       -0.0021125940
     1300.0000000000        0.0127350588       -0.0016653815
     1301.0000000000        0.0112443725       -0.0013318449
     1302.0000000000        0.0100444703       -0.0010793365
     1303.0000000000        0.0090662700       -0.0008853407
     1304.0000000000        0.0082595575       -0.0007341903
     1305.0000000000        0.0075873196       -0.0006148529
     1306.0000000000        0.0070218950       -0.0005194573
     1307.0000000000        0.0065423381       -0.0004423120
     1308.0000000000        0.0061325895       -0.0003792465
     1309.0000000000        0.0057801919       -0.0003271660
     1310.0000000000        0.0054753768       -0.0002837458
     1311.0000000000        0.0052104069       -0.0002472193
     1312.0000000000        0.0049790959       -0.0002162297
     1313.0000000000        0.0047764554       -0.0001897239
     1314.0000000000        0.0045984305       -0.0001668767
     1315.0000000000        0.0044417015       -0.0001470356
     1316.0000000000        0.0043035320       -0.0001296800
     1317.0000000000        0.0041816534       -0.0001143913
     1318.0000000000        0.0040741743       -0.0001008301
     1319.0000000000        0.0039795102       -0.0000887194
     1320.0000000000        0.0038963286       -0.0000778308
     1321.0000000000        0.0038235044       -0.0000679756
     1322.0000000000        0.0037600857       -0.0000589960
     1323.0000000000        0.0037052649       -0.0000507595
     1324.0000000000        0.0036583566       -0.0000431539
     1325.0000000000        0.0036187789       -0.0000360836
     1326.0000000000        0.0035860385       -0.0000294665
     1327.0000000000        0.0035597186       -0.0000232316
     1328.0000000000        0.0035394686       -0.0000173170
     1329.0000000000        0.0035249960       -0.0000116682
     1330.0000000000        0.0035160597       -0.0000062369
     1331.0000000000        0.0035124644       -0.0000009795
     1332.0000000000        0.0035140558        0.0000041430
     1333.0000000000        0.0035207176        0.0000091668
     1334.0000000000        0.0035323677        0.0000141252
     1335.0000000000        0.0035489567        0.0000190495
     1336.0000000000        0.0035704654        0.0000239696
     1337.0000000000        0.0035969039        0.0000289140
     1338.0000000000        0.0036283108        0.0000339108
     1339.0000000000        0.0036647524        0.0000389879
     1340.0000000000        0.0037063226        0.0000441730
     1341.0000000000        0.0037531437        0.0000494943
     1342.0000000000        0.0038053664        0.0000549810
     1343.0000000000        0.0038631708        0.0000606631
     1344.0000000000        0.0039267683        0.0000665724
     1345.0000000000        0.0039964024        0.0000727422
     1346.0000000000        0.0040723516        0.0000792086
     1347.0000000000        0.0041549312        0.0000860099
     1348.0000000000        0.0042444970        0.0000931881
     1349.0000000000        0.0043414481        0.0001007885
     1350.0000000000        0.0044462314        0.0001088612
     1351.0000000000        0.0045593463        0.0001174613
     1352.0000000000        0.0046813500        0.0001266496
     1353.0000000000        0.0048128640        0.0001364939
     1354.0000000000        0.0049545816        0.0001470700
     1355.0000000000        0.0051072760        0.0001584625
     1356.0000000000        0.0052718105        0.0001707670
     1357.0000000000        0.0054491497        0.0001840911
     1358.0000000000        0.0056403730        0.0001985568
     1359.0000000000        0.0058466898        0.0002143027
     1360.0000000000        0.0060694576        0.0002314870
     1361.0000000000        0.0063102033        0.0002502908
     1362.0000000000        0.0065706479        0.0002709219
     1363.0000000000        0.0068527356        0.0002936199
     1364.0000000000        0.0071586686        0.0003186621
     1365.0000000000        0.0074909479        0.0003463705
     1366.0000000000        0.0078524227        0.0003771204
     1367.0000000000        0.0082463481        0.0004113512
     1368.0000000000        0.0086764565        0.0004495795
     1369.0000000000        0.0091470417        0.0004924153
     1370.0000000000        0.0096630627        0.0005405825
     1371.0000000000        0.0102302696        0.0005949440
     1372.0000000000        0.0108553578        0.0006565338
     1373.0000000000        0.0115461592        0.0007265982
     1374.0000000000        0.0123118788        0.0008066473
     1375.0000000000        0.0131633913        0.0008985226
     1376.0000000000        0.0141136134        0.0010044837
     1377.0000000000        0.0151779772        0.0011273230
     1378.0000000000        0.0163750342        0.0012705157
     1379.0000000000        0.0177272335        0.0014384209
     1380.0000000000        0.0192619342        0.0016365510
     1381.0000000000        0.0210127324        0.0018719388
     1382.0000000000        0.0227704938        0.0021567631
     1383.0000000000        0.0250917052        0.0024965010
     1384.0000000000        0.0277879661        0.0029098176
     1385.0000000000        0.0307756175        0.0034193710
     1386.0000000000        0.0344980919        0.0040486694
     1387.0000000000        0.0389259954        0.0048375549
     1388.0000000000        0.0442435301        0.0058381056
     1389.0000000000        0.0506967135        0.0071231719
     1390.0000000000        0.0586186427        0.0087960132
     1391.0000000000        0.0684666568        0.0110047818
     1392.0000000000        0.0808773129        0.0139640748
     1393.0000000000        0.0967474593        0.0179859096
     1394.0000000000        0.1173512573        0.0235201465
     1395.0000000000        0.1444985429        0.0311928187
     1396.0000000000        0.1807116520        0.0417891816
     1397.0000000000        0.2292915181        0.0559997612
     1398.0000000000        0.2938201864        0.0734205178
     1399.0000000000        0.3758852093        0.0898079625
     1400.0000000000        0.4689955263        0.0925350132
     1401.0000000000        0.5497476818        0.0621659033
     1402.0000000000        0.5811128863       -0.0031534509
     1403.0000000000        0.5441602991       -0.0664398829
     1404.0000000000        0.4609190333       -0.0933463005
     1405.0000000000        0.3681272164       -0.0886759116
     1406.0000000000        0.2875006530       -0.0718482642
     1407.0000000000        0.2244721213       -0.0546218731
     1408.0000000000        0.1771078475       -0.0407368910
     1409.0000000000        0.1417982592       -0.0304266849
     1410.0000000000        0.1153037750       -0.0229691312
     1411.0000000000        0.0951698213       -0.0175883083
     1412.0000000000        0.0796401992       -0.0136742839
     1413.0000000000        0.0674791950       -0.0107908875
     1414.0000000000        0.0578166055       -0.0086360480
     1415.0000000000        0.0500341981       -0.0070020150
     1416.0000000000        0.0436872866       -0.0057452684
     1417.0000000000        0.0384515961       -0.0047656793
     1418.0000000000        0.0340873351       -0.0039925268
     1419.0000000000        0.0304147536       -0.0033751963
     1420.0000000000        0.0272973453       -0.0028769768
     1421.0000000000        0.0246301641       -0.0024708919
     1422.0000000000        0.0223315950       -0.0021368694
     1423.0000000000        0.0203374820       -0.0018597954
     1424.0000000000        0.0185968866       -0.0016281616
     1425.0000000000        0.0170689859       -0.0014331117
     1426.0000000000        0.0157207791       -0.0012677631
     1427.0000000000        0.0145253715       -0.0011267164
     1428.0000000000        0.0134606791       -0.0010056996
     1429.0000000000        0.0125084393       -0.0009013040
     1430.0000000000        0.0116534499       -0.0008107895
     1431.0000000000        0.0108829776       -0.0007319372
     1432.0000000000        0.0101862948       -0.0006629381
     1433.0000000000        0.0095543146       -0.0006023079
     1434.0000000000        0.0089793001       -0.0005488214
     1435.0000000000        0.0084546316       -0.0005014614
     1436.0000000000        0.0079746196       -0.0004593789
     1437.0000000000        0.0075343531       -0.0004218618
     1438.0000000000        0.0071295754       -0.0003883096
     1439.0000000000        0.0067565826       -0.0003582139
     1440.0000000000        0.0064121403       -0.0003311422
     1441.0000000000        0.0060934138       -0.0003067253
     1442.0000000000        0.0057979108       -0.0002846465
     1443.0000000000        0.0055234327       -0.0002646333
     1444.0000000000        0.0052680345       -0.0002464501
     1445.0000000000        0.0050299906       -0.0002298932
     1446.0000000000        0.0048077655       -0.0002147850
     1447.0000000000        0.0045999895       -0.0002009708
     1448.0000000000        0.0044054378       -0.0001883153
     1449.0000000000        0.0042230124       -0.0001766998
     1450.0000000000        0.0041410385       -0.0001636138
     1451.0000000000        0.0039824207       -0.0001537551
     1452.0000000000        0.0038332748       -0.0001446571
     1453.0000000000        0.0036928770       -0.0001362476
     1454.0000000000        0.0035605717       -0.0001284622
     1455.0000000000        0.0034357637       -0.0001212438
     1456.0000000000        0.0033179121       -0.0001145415
     1457.0000000000        0.0032065240       -0.0001083094
     1458.0000000000        0.0031011501       -0.0001025068
     1459.0000000000        0.0030013795       -0.0000970969
     1460.0000000000        0.0029068365       -0.0000920466
     1461.0000000000        0.0028171764       -0.0000873262
     1462.0000000000        0.0027320832       -0.0000829087
     1463.0000000000        0.0026512663       -0.0000787698
     1464.0000000000        0.0025744582       -0.0000748874
     1465.0000000000        0.0025014126       -0.0000712416
     1466.0000000000        0.0024319022       -0.0000678142
     1467.0000000000        0.0023657169       -0.0000645886
     1468.0000000000        0.0023026626       -0.0000615498
     1469.0000000000        0.0022425597       -0.0000586839
     1470.0000000000        0.0021852415       -0.0000559783
     1471.0000000000        0.0021305535       -0.0000534216
     1472.0000000000        0.0020783522       -0.0000510031
     1473.0000000000        0.0020285045       -0.0000487131
     1474.0000000000        0.0019808862       -0.0000465427
     1475.0000000000        0.0019353819       -0.0000444837
     1476.0000000000        0.0018918841       -0.0000425286
     1477.0000000000        0.0018502925       -0.0000406702
     1478.0000000000        0.0018105135       -0.0000389023
     1479.0000000000        0.0017724598       -0.0000372187
     1480.0000000000        0.0017360499       -0.0000356140
     1481.0000000000        0.0017012073       -0.0000340830
     1482.0000000000        0.0016678608       -0.0000326210
     1483.0000000000        0.0016359437       -0.0000312236
     1484.0000000000        0.0016053935       -0.0000298866
     1485.0000000000        0.0015761517       -0.0000286061
     1486.0000000000        0.0015481636       -0.0000273787
     1487.0000000000        0.0015213778       -0.0000262009
     1488.0000000000        0.0014957464       -0.0000250696
     1489.0000000000        0.0014712241       -0.0000239819
     1490.0000000000        0.0014477690       -0.0000229350
     1491.0000000000        0.0014253415       -0.0000219263
     1492.0000000000        0.0014039045       -0.0000209534
     1493.0000000000        0.0013834234       -0.0000200141
     1494.0000000000        0.0013638658       -0.0000191061
     1495.0000000000        0.0013452015       -0.0000182273
     1496.0000000000        0.0013274020       -0.0000173760
     1497.0000000000        0.0013104411       -0.0000165501
     1498.0000000000        0.0012942939       -0.0000157480
     1499.0000000000        0.0012789377       -0.0000149680
     1500.0000000000        0.0012643511       -0.0000142085
     1501.0000000000        0.0012505145       -0.0000134679
     1502.0000000000        0.0012374094       -0.0000127449
     1503.0000000000        0.0012250192       -0.0000120380
     1504.0000000000        0.0012133284       -0.0000113459
     1505.0000000000        0.0012023230       -0.0000106672
     1506.0000000000        0.0011919900       -0.0000100007
     1507.0000000000        0.0011823179       -0.0000093451
     1508.0000000000        0.0011732964       -0.0000086993
     1509.0000000000        0.0011649164       -0.0000080621
     1510.0000000000        0.0011571698       -0.0000074322
     1511.0000000000        0.0011500499       -0.0000068086
     1512.0000000000        0.0011435509       -0.0000061902
     1513.0000000000        0.0011376682       -0.0000055757
     1514.0000000000        0.0011323985       -0.0000049641
     1515.0000000000        0.0011277393       -0.0000043543
     1516.0000000000        0.0011236896       -0.0000037452
     1517.0000000000        0.0011202492       -0.0000031355
     1518.0000000000        0.0011174191       -0.0000025242
     1519.0000000000        0.0011152017       -0.0000019100
     1520.0000000000        0.0011136004       -0.0000012919
     1521.0000000000        0.0011126197       -0.0000006685
     1522.0000000000        0.0011122655       -0.0000000386
     1523.0000000000        0.0011125450        0.0000005991
     1524.0000000000        0.0011134667        0.0000012459
     1525.0000000000        0.0011150403        0.0000019033
     1526.0000000000        0.0011172772        0.0000025726
     1527.0000000000        0.0011201901        0.0000032555
     1528.0000000000        0.0011237933        0.0000039536
     1529.0000000000        0.0011281029        0.0000046684
     1530.0000000000        0.0011331364        0.0000054019
     1531.0000000000        0.0011389135        0.0000061558
     1532.0000000000        0.0011454555        0.0000069322
     1533.0000000000        0.0013972219        0.0000108016
     1534.0000000000        0.0014084643        0.0000116880
     1535.0000000000        0.0014206082        0.0000126052
     1536.0000000000        0.0014336859        0.0000135559
     1537.0000000000        0.0014477321        0.0000145428
     1538.0000000000        0.0014627847        0.0000155691
     1539.0000000000        0.0014788845        0.0000166380
     1540.0000000000        0.0014960760        0.0000177530
     1541.0000000000        0.0015144072        0.0000189181
     1542.0000000000        0.0015339302        0.0000201373
     1543.0000000000        0.0015547013        0.0000214151
     1544.0000000000        0.0015767816        0.0000227565
     1545.0000000000        0.0016002372        0.0000241668
     1546.0000000000        0.0016251401        0.0000256518
     1547.0000000000        0.0016515679        0.0000272179
     1548.0000000000        0.0016796053        0.0000288721
     1549.0000000000        0.0017093440        0.0000306219
     1550.0000000000        0.0017408838        0.0000324759
     1551.0000000000        0.0017743335        0.0000344431
     1552.0000000000        0.0018098113        0.0000365340
     1553.0000000000        0.0018474463        0.0000387596
     1554.0000000000        0.0018873795        0.0000411325
     1555.0000000000        0.0019297650        0.0000436666
     1556.0000000000        0.0019747715        0.0000463772
     1557.0000000000        0.0020225839        0.0000492814
     1558.0000000000        0.0020734052        0.0000523984
     1559.0000000000        0.0021274588        0.0000557496
     1560.0000000000        0.0021849905        0.0000593590
     1561.0000000000        0.0022462718        0.0000632535
     1562.0000000000        0.0019488533        0.0000719938
     1563.0000000000        0.0020230542        0.0000764698
     1564.0000000000        0.0021019230        0.0000813364
     1565.0000000000        0.0021858719        0.0000866377
     1566.0000000000        0.0022753600        0.0000924237
     1567.0000000000        0.0023708998        0.0000987516
     1568.0000000000        0.0024730655        0.0001056868
     1569.0000000000        0.0025825009        0.0001133047
     1570.0000000000        0.0026999311        0.0001216918
     1571.0000000000        0.0028261741        0.0001309483
     1572.0000000000        0.0029621560        0.0001411905
     1573.0000000000        0.0031089286        0.0001525539
     1574.0000000000        0.0032676899        0.0001651967
     1575.0000000000        0.0034398100        0.0001793048
     1576.0000000000        0.0036268605        0.0001950973
     1577.0000000000        0.0038306520        0.0002128337
     1578.0000000000        0.0040532782        0.0002328229
     1579.0000000000        0.0042971710        0.0002554341
     1580.0000000000        0.0045651674        0.0002811114
     1581.0000000000        0.0048605934        0.0003103916
     1582.0000000000        0.0051873677        0.0003439278
     1583.0000000000        0.0055501319        0.0003825189
     1584.0000000000        0.0059544161        0.0004271496
     1585.0000000000        0.0064068483        0.0004790417
     1586.0000000000        0.0069154247        0.0005397225
     1587.0000000000        0.0074898588        0.0006111170
     1588.0000000000        0.0081420378        0.0006956718
     1589.0000000000        0.0088866252        0.0007965255
     1590.0000000000        0.0097418629        0.0009177429
     1591.0000000000        0.0107306532        0.0010646436
     1592.0000000000        0.0118820314        0.0012442662
     1593.0000000000        0.0132331971        0.0014660330
     1594.0000000000        0.0148323498        0.0017427135
     1595.0000000000        0.0167426973        0.0020918383
     1596.0000000000        0.0190481949        0.0025377955
     1597.0000000000        0.0218618666        0.0031149688
     1598.0000000000        0.0253379989        0.0038724541
     1599.0000000000        0.0296901509        0.0048811217
     1600.0000000000        0.0352177879        0.0062439578
     1601.0000000000        0.0423451920        0.0081102776
     1602.0000000000        0.0516759706        0.0106919501
     1603.0000000000        0.0640607871        0.0142700968
     1604.0000000000        0.0806514563        0.0191490332
     1605.0000000000        0.1028338134        0.0254255757
     1606.0000000000        0.1317161669        0.0322612838
     1607.0000000000        0.1664780759        0.0363181257
     1608.0000000000        0.2011144003        0.0306658304
     1609.0000000000        0.2226650682        0.0101210831
     1610.0000000000        0.2191007007       -0.0168098374
     1611.0000000000        0.1926446589       -0.0335129454
     1612.0000000000        0.1570096779       -0.0358071599
     1613.0000000000        0.1235471505       -0.0304739544
     1614.0000000000        0.0965310481       -0.0235992052
     1615.0000000000        0.0760123054       -0.0176702491
     1616.0000000000        0.0607109630       -0.0131611259
     1617.0000000000        0.0492808347       -0.0098772407
     1618.0000000000        0.0406518172       -0.0075093107
     1619.0000000000        0.0340456244       -0.0057935835
     1620.0000000000        0.0289125183       -0.0045362060
     1621.0000000000        0.0248660435       -0.0036017272
     1622.0000000000        0.0216328305       -0.0028968997
     1623.0000000000        0.0190173226       -0.0023574788
     1624.0000000000        0.0168777566       -0.0019388408
     1625.0000000000        0.0151099306       -0.0016096297
     1626.0000000000        0.0136361965       -0.0013475244
     1627.0000000000        0.0123979286       -0.0011364206
     1628.0000000000        0.0113503129       -0.0009645440
     1629.0000000000        0.0104586954       -0.0008231747
     1630.0000000000        0.0096959909       -0.0007057750
     1631.0000000000        0.0090408214       -0.0006073854
     1632.0000000000        0.0084761609       -0.0005242018
     1633.0000000000        0.0079883392       -0.0004532751
     1634.0000000000        0.0075663002       -0.0003922959
     1635.0000000000        0.0072010443       -0.0003394383
     1636.0000000000        0.0068852054       -0.0002932447
     1637.0000000000        0.0066127273       -0.0002525411
     1638.0000000000        0.0063786133       -0.0002163728
     1639.0000000000        0.0061787324       -0.0001839567
     1640.0000000000        0.0060096667       -0.0001546436
     1641.0000000000        0.0058685927       -0.0001278905
     1642.0000000000        0.0057531864       -0.0001032377
     1643.0000000000        0.0056615490       -0.0000802915
     1644.0000000000        0.0055921487       -0.0000587105
     1645.0000000000        0.0055437737       -0.0000381937
     1646.0000000000        0.0055154967       -0.0000184716
     1647.0000000000        0.0055066477        0.0000007016
     1648.0000000000        0.0055167933        0.0000195548
     1649.0000000000        0.0055457234        0.0000383060
     1650.0000000000        0.0055934421        0.0000571673
     1651.0000000000        0.0056601653        0.0000763503
     1652.0000000000        0.0057463219        0.0000960708
     1653.0000000000        0.0058525610        0.0001165540
     1654.0000000000        0.0059797639        0.0001380398
     1655.0000000000        0.0061290613        0.0001607886
     1656.0000000000        0.0063018576        0.0001850881
     1657.0000000000        0.0064998614        0.0002112608
     1658.0000000000        0.0067251251        0.0002396731
     1659.0000000000        0.0069800939        0.0002707464
     1660.0000000000        0.0072676672        0.0003049702
     1661.0000000000        0.0075912747        0.0003429185
     1662.0000000000        0.0079549707        0.0003852706
     1663.0000000000        0.0083635521        0.0004328367
     1664.0000000000        0.0088227044        0.0004865906
     1665.0000000000        0.0093391862        0.0005477120
     1666.0000000000        0.0099210606        0.0006176409
     1667.0000000000        0.0105779895        0.0006981481
     1668.0000000000        0.0113216088        0.0007914291
     1669.0000000000        0.0121660124        0.0009002276
     1670.0000000000        0.0131283788        0.0010280015
     1671.0000000000        0.0142297928        0.0011791487
     1672.0000000000        0.0154963307        0.0013593144
     1673.0000000000        0.0169605094        0.0015758180
     1674.0000000000        0.0186632421        0.0018382500
     1675.0000000000        0.0206565073        0.0021593180
     1676.0000000000        0.0230070360        0.0025560599
     1677.0000000000        0.0258014669        0.0030516059
     1678.0000000000        0.0291536494        0.0036777671
     1679.0000000000        0.0332151192        0.0044788809
     1680.0000000000        0.0381903095        0.0055175709
     1681.0000000000        0.0443588743        0.0068834066
     1682.0000000000        0.0521086809        0.0087058459
     1683.0000000000        0.0619845683        0.0111730821
     1684.0000000000        0.0747593274        0.0145575524
     1685.0000000000        0.0915321172        0.0192436088
     1686.0000000000        0.1138470549        0.0257328411
     1687.0000000000        0.1437738771        0.0345383094
     1688.0000000000        0.1837294423        0.0457044579
     1689.0000000000        0.2353998455        0.0573625033
     1690.0000000000        0.2964829784        0.0628559370
     1691.0000000000        0.3548293426        0.0496130801
     1692.0000000000        0.3868576757        0.0108570393
     1693.0000000000        0.3740817896       -0.0348591249
     1694.0000000000        0.3243507987       -0.0600269246
     1695.0000000000        0.2621769257       -0.0612853809
     1696.0000000000        0.2055060160       -0.0511821153
     1697.0000000000        0.1603148930       -0.0393556116
     1698.0000000000        0.1261311245       -0.0294249573
     1699.0000000000        0.1006396379       -0.0219437880
     1700.0000000000        0.0815598675       -0.0165113466
     1701.0000000000        0.0671129832       -0.0125945356
     1702.0000000000        0.0560136341       -0.0097533583
     1703.0000000000        0.0473554405       -0.0076679010
     1704.0000000000        0.0405009309       -0.0061154362
     1705.0000000000        0.0349985036       -0.0049427242
     1706.0000000000        0.0305244692       -0.0040441041
     1707.0000000000        0.0268436676       -0.0033460790
     1708.0000000000        0.0237828521       -0.0027969168
     1709.0000000000        0.0212126220       -0.0023597258
     1710.0000000000        0.0190350422       -0.0020078437
     1711.0000000000        0.0171750617       -0.0017217458
     1712.0000000000        0.0155744887       -0.0014869524
     1713.0000000000        0.0141877070       -0.0012925948
     1714.0000000000        0.0129785923       -0.0011304211
     1715.0000000000        0.0119182634       -0.0009940989
     1716.0000000000        0.0109834253       -0.0008787196
     1717.0000000000        0.0101551326       -0.0007804418
     1718.0000000000        0.0094178588       -0.0006962330
     1719.0000000000        0.0087587870       -0.0006236788
     1720.0000000000        0.0081672660       -0.0005608423
     1721.0000000000        0.0076343884       -0.0005061577
     1722.0000000000        0.0071526606       -0.0004583509
     1723.0000000000        0.0067157438       -0.0004163783
     1724.0000000000        0.0063182477       -0.0003793796
     1725.0000000000        0.0059555657       -0.0003466417
     1726.0000000000        0.0056237431       -0.0003175703
     1727.0000000000        0.0053193697       -0.0002916675
     1728.0000000000        0.0050394924       -0.0002685139
     1729.0000000000        0.0047815443       -0.0002477550
     1730.0000000000        0.0045432852       -0.0002290894
     1731.0000000000        0.0043227537       -0.0002122602
     1732.0000000000        0.0041182264       -0.0001970471
     1733.0000000000        0.0039281842       -0.0001832608
     1734.0000000000        0.0037512839       -0.0001707380
     1735.0000000000        0.0035863345       -0.0001593371
     1736.0000000000        0.0034322768       -0.0001489353
     1737.0000000000        0.0032881667       -0.0001394254
     1738.0000000000        0.0031531600       -0.0001307138
     1739.0000000000        0.0030265005       -0.0001227183
     1740.0000000000        0.0029075088       -0.0001153668
     1741.0000000000        0.0027955736       -0.0001085956
     1742.0000000000        0.0026901431       -0.0001023485
     1743.0000000000        0.0025907186       -0.0000965756
     1744.0000000000        0.0024968487       -0.0000912326
     1745.0000000000        0.0024081232       -0.0000862803
     1746.0000000000        0.0023241696       -0.0000816835
     1747.0000000000        0.0022446483       -0.0000774106
     1748.0000000000        0.0021692498       -0.0000734337
     1749.0000000000        0.0020976908       -0.0000697274
     1750.0000000000        0.0020297124       -0.0000662690
     1751.0000000000        0.0019650770       -0.0000630381
     1752.0000000000        0.0019035666       -0.0000600162
     1753.0000000000        0.0018449806       -0.0000571865
     1754.0000000000        0.0017891345       -0.0000545341
     1755.0000000000        0.0017358580       -0.0000520451
     1756.0000000000        0.0016849939       -0.0000497072
     1757.0000000000        0.0016363971       -0.0000475089
     1758.0000000000        0.0015899330       -0.0000454400
     1759.0000000000        0.0015454772       -0.0000434909
     1760.0000000000        0.0015029140       -0.0000416533
     1761.0000000000        0.0014621362       -0.0000399190
     1762.0000000000        0.0014230439       -0.0000382810
     1763.0000000000        0.0013855444       -0.0000367326
     1764.0000000000        0.0013495510       -0.0000352677
     1765.0000000000        0.0013149830       -0.0000338807
     1766.0000000000        0.0012817653       -0.0000325666
     1767.0000000000        0.0012498272       -0.0000313204
     1768.0000000000        0.0012191032       -0.0000301380
     1769.0000000000        0.0011895314       -0.0000290152
     1770.0000000000        0.0010224621       -0.0000262237
     1771.0000000000        0.0009967339       -0.0000252410
     1772.0000000000        0.0009719640       -0.0000243068
     1773.0000000000        0.0009481052       -0.0000234180
     1774.0000000000        0.0009251137       -0.0000225720
     1775.0000000000        0.0009029477       -0.0000217663
     1776.0000000000        0.0008815684       -0.0000209984
     1777.0000000000        0.0008609390       -0.0000202662
     1778.0000000000        0.0008410248       -0.0000195676
     1779.0000000000        0.0008217931       -0.0000189008
     1780.0000000000        0.0008032132       -0.0000182639
     1781.0000000000        0.0007852559       -0.0000176552
     1782.0000000000        0.0007678938       -0.0000170733
     1783.0000000000        0.0007511009       -0.0000165167
     1784.0000000000        0.0007348524       -0.0000159840
     1785.0000000000        0.0007191253       -0.0000154739
     1786.0000000000        0.0007038974       -0.0000149853
     1787.0000000000        0.0006891479       -0.0000145171
     1788.0000000000        0.0006748568       -0.0000140681
     1789.0000000000        0.0006610055       -0.0000136375
     1790.0000000000        0.0006475761       -0.0000132242
     1791.0000000000        0.0006345516       -0.0000128275
     1792.0000000000        0.0006219159       -0.0000124465
     1793.0000000000        0.0006096537       -0.0000120804
     1794.0000000000        0.0005977504       -0.0000117285
     1795.0000000000        0.0005861922       -0.0000113901
     1796.0000000000        0.0005749658       -0.0000110647
     1797.0000000000        0.0005640588       -0.0000107515
     1798.0000000000        0.0005534590       -0.0000104500
     1799.0000000000        0.0005431551       -0.0000101596
     1800.0000000000        0.0005331362       -0.0000098800
     1801.0000000000        0.0005233918       -0.0000096105
     1802.0000000000        0.0005139120       -0.0000093507
     1803.0000000000        0.0005046874       -0.0000091001
     1804.0000000000        0.0004957088       -0.0000088585
     1805.0000000000        0.0004869676       -0.0000086253
     1806.0000000000        0.0004784555       -0.0000084002
     1807.0000000000        0.0004701645       -0.0000081829
     1808.0000000000        0.0004620872       -0.0000079730
     1809.0000000000        0.0004542161       -0.0000077703
     1810.0000000000        0.0004465443       -0.0000075743
     1811.0000000000        0.0004390653       -0.0000073849
     1812.0000000000        0.0004317725       -0.0000072017
     1813.0000000000        0.0004246598       -0.0000070246
     1814.0000000000        0.0004177214       -0.0000068532
     1815.0000000000        0.0004109516       -0.0000066873
     1816.0000000000        0.0004043449       -0.0000065268
     1817.0000000000        0.0003978963       -0.0000063713
     1818.0000000000        0.0003916007       -0.0000062208
     1819.0000000000        0.0003854532       -0.0000060749
     1820.0000000000        0.0003794494       -0.0000059336
     1821.0000000000        0.0003735847       -0.0000057966
     1822.0000000000        0.0003678548       -0.0000056638
     1823.0000000000        0.0003622558       -0.0000055350
     1824.0000000000        0.0003567836       -0.0000054101
     1825.0000000000        0.0003514344       -0.0000052889
     1826.0000000000        0.0003462045       -0.0000051713
     1827.0000000000        0.0003410905       -0.0000050572
     1828.0000000000        0.0003360890       -0.0000049464
     1829.0000000000        0.0003311967       -0.0000048388
     1830.0000000000        0.0003264103       -0.0000047343
     1831.0000000000        0.0003217270       -0.0000046328
     1832.0000000000        0.0003171437       -0.0000045342
     1833.0000000000        0.0003126576       -0.0000044384
     1834.0000000000        0.0003082660       -0.0000043452
     1835.0000000000        0.0003039663       -0.0000042547
     1836.0000000000        0.0002997558       -0.0000041666
     1837.0000000000        0.0002956323       -0.0000040809
     1838.0000000000        0.0002915932       -0.0000039976
     1839.0000000000        0.0002876363       -0.0000039165
     1840.0000000000        0.0002837594       -0.0000038376
     1841.0000000000        0.0002799603       -0.0000037608
     1842.0000000000        0.0002762370       -0.0000036861
     1843.0000000000        0.0002725875       -0.0000036133
     1844.0000000000        0.0002690098       -0.0000035424
     1845.0000000000        0.0002655021       -0.0000034734
     1846.0000000000        0.0002620625       -0.0000034061
     1847.0000000000        0.0002586893       -0.0000033406
     1848.0000000000        0.0002553808       -0.0000032767
     1849.0000000000        0.0002521354       -0.0000032144
     1850.0000000000        0.0002489514       -0.0000031538
     1851.0000000000        0.0002458273       -0.0000030946
     1852.0000000000        0.0002427617       -0.0000030369
     1853.0000000000        0.0000000000        0.0000000000
     1854.0000000000        0.0000000000        0.0000000000
     1855.0000000000        0.0000000000        0.0000000000
     1856.0000000000        0.0000000000        0.0000000000
     1857.0000000000        0.0000000000        0.0000000000
     1858.0000000000        0.0000000000        0.0000000000
     1859.0000000000        0.0000000000        0.0000000000
     1860.0000000000        0.0000000000        0.0000000000
     1861.0000000000        0.0000000000        0.0000000000
     1862.0000000000        0.0000000000        0.0000000000
     1863.0000000000        0.0000000000        0.0000000000
     1864.0000000000        0.0000000000        0.0000000000
     1865.0000000000        0.0000000000        0.0000000000
     1866.0000000000        0.0000000000        0.0000000000
     1867.0000000000        0.0000000000        0.0000000000
     1868.0000000000        0.0000000000        0.0000000000
     1869.0000000000        0.0000000000        0.0000000000
     1870.0000000000        0.0000000000        0.0000000000
     1871.0000000000        0.0000000000        0.0000000000
     1872.0000000000        0.0000000000        0.0000000000
     1873.0000000000        0.0000000000        0.0000000000
     1874.0000000000        0.0000000000        0.0000000000
     1875.0000000000        0.0000000000        0.0000000000
     1876.0000000000        0.0000000000        0.0000000000
     1877.0000000000        0.0000000000        0.0000000000
     1878.0000000000        0.0000000000        0.0000000000
     1879.0000000000        0.0000000000        0.0000000000
     1880.0000000000        0.0000000000        0.0000000000
     1881.0000000000        0.0000000000        0.0000000000
     1882.0000000000        0.0000000000        0.0000000000
     1883.0000000000        0.0000000000        0.0000000000
     1884.0000000000        0.0000000000        0.0000000000
     1885.0000000000        0.0000000000        0.0000000000
     1886.0000000000        0.0000000000        0.0000000000
     1887.0000000000        0.0000000000        0.0000000000
     1888.0000000000        0.0000000000        0.0000000000
     1889.0000000000        0.0000000000        0.0000000000
     1890.0000000000        0.0000000000        0.0000000000
     1891.0000000000        0.0000000000        0.0000000000
     1892.0000000000        0.0000000000        0.0000000000
     1893.0000000000        0.0000000000        0.0000000000
     1894.0000000000        0.0000000000        0.0000000000
     1895.0000000000        0.0000000000        0.0000000000
     1896.0000000000        0.0000000000        0.0000000000
     1897.0000000000        0.0000000000        0.0000000000
     1898.0000000000        0.0000000000        0.0000000000
     1899.0000000000        0.0000000000        0.0000000000
     1900.0000000000        0.0000000000        0.0000000000
     1901.0000000000        0.0000000000        0.0000000000
     1902.0000000000        0.0000000000        0.0000000000
     1903.0000000000        0.0000000000        0.0000000000
     1904.0000000000        0.0000000000        0.0000000000
     1905.0000000000        0.0000000000        0.0000000000
     1906.0000000000        0.0000000000        0.0000000000
     1907.0000000000        0.0000000000        0.0000000000
     1908.0000000000        0.0000000000        0.0000000000
     1909.0000000000        0.0000000000        0.0000000000
     1910.0000000000        0.0000000000        0.0000000000
     1911.0000000000        0.0000000000        0.0000000000
     1912.0000000000        0.0000000000        0.0000000000
     1913.0000000000        0.0000000000        0.0000000000
     1914.0000000000        0.0000000000        0.0000000000
     1915.0000000000        0.0000000000        0.0000000000
     1916.0000000000        0.0000000000        0.0000000000
     1917.0000000000        0.0000000000        0.0000000000
     1918.0000000000        0.0000000000        0.0000000000
     1919.0000000000        0.0000000000        0.0000000000
     1920.0000000000        0.0000000000        0.0000000000
     1921.0000000000        0.0000000000        0.0000000000
     1922.0000000000        0.0000000000        0.0000000000
     1923.0000000000        0.0000000000        0.0000000000
     1924.0000000000        0.0000000000        0.0000000000
     1925.0000000000        0.0000000000        0.0000000000
     1926.0000000000        0.0000000000        0.0000000000
     1927.0000000000        0.0000000000        0.0000000000
     1928.0000000000        0.0000000000        0.0000000000
     1929.0000000000        0.0000000000        0.0000000000
     1930.0000000000        0.0000000000        0.0000000000
     1931.0000000000        0.0000000000        0.0000000000
     1932.0000000000        0.0000000000        0.0000000000
     1933.0000000000        0.0000000000        0.0000000000
     1934.0000000000        0.0000000000        0.0000000000
     1935.0000000000        0.0000000000        0.0000000000
     1936.0000000000        0.0000000000        0.0000000000
     1937.0000000000        0.0000000000        0.0000000000
     1938.0000000000        0.0000000000        0.0000000000
     1939.0000000000        0.0000000000        0.0000000000
     1940.0000000000        0.0000000000        0.0000000000
     1941.0000000000        0.0000000000        0.0000000000
     1942.0000000000        0.0000000000        0.0000000000
     1943.0000000000        0.0000000000        0.0000000000
     1944.0000000000        0.0000000000        0.0000000000
     1945.0000000000        0.0000000000        0.0000000000
     1946.0000000000        0.0000000000        0.0000000000
     1947.0000000000        0.0000000000        0.0000000000
     1948.0000000000        0.0000000000        0.0000000000
     1949.0000000000        0.0000000000        0.0000000000
     1950.0000000000        0.0000000000        0.0000000000
     1951.0000000000        0.0000000000        0.0000000000
     1952.0000000000        0.0000000000        0.0000000000
     1953.0000000000        0.0000000000        0.0000000000
     1954.0000000000        0.0000000000        0.0000000000
     1955.0000000000        0.0000000000        0.0000000000
     1956.0000000000        0.0000000000        0.0000000000
     1957.0000000000        0.0000000000        0.0000000000
     1958.0000000000        0.0000000000        0.0000000000
     1959.0000000000        0.0000000000        0.0000000000
     1960.0000000000        0.0000000000        0.0000000000
     1961.0000000000        0.0000000000        0.0000000000
     1962.0000000000        0.0000000000        0.0000000000
     1963.0000000000        0.0000000000        0.0000000000
     1964.0000000000        0.0000000000        0.0000000000
     1965.0000000000        0.0000000000        0.0000000000
     1966.0000000000        0.0000000000        0.0000000000
     1967.0000000000        0.0000000000        0.0000000000
     1968.0000000000        0.0000000000        0.0000000000
     1969.0000000000        0.0000000000        0.0000000000
     1970.0000000000        0.0000000000        0.0000000000
     1971.0000000000        0.0000000000        0.0000000000
     1972.0000000000        0.0000000000        0.0000000000
     1973.0000000000        0.0000000000        0.0000000000
     1974.0000000000        0.0000000000        0.0000000000
     1975.0000000000        0.0000000000        0.0000000000
     1976.0000000000        0.0000000000        0.0000000000
     1977.0000000000        0.0000000000        0.0000000000
     1978.0000000000        0.0000000000        0.0000000000
     1979.0000000000        0.0000000000        0.0000000000
     1980.0000000000        0.0000000000        0.0000000000
     1981.0000000000        0.0000000000        0.0000000000
     1982.0000000000        0.0000000000        0.0000000000
     1983.0000000000        0.0000000000        0.0000000000
     1984.0000000000        0.0000000000        0.0000000000
     1985.0000000000        0.0000000000        0.0000000000
     1986.0000000000        0.0000000000        0.0000000000
     1987.0000000000        0.0000000000        0.0000000000
     1988.0000000000        0.0000000000        0.0000000000
     1989.0000000000        0.0000000000        0.0000000000
     1990.0000000000        0.0000000000        0.0000000000
     1991.0000000000        0.0000000000        0.0000000000
     1992.0000000000        0.0000000000        0.0000000000
     1993.0000000000        0.0000000000        0.0000000000
     1994.0000000000        0.0000000000        0.0000000000
     1995.0000000000        0.0000000000        0.0000000000
     1996.0000000000        0.0000000000        0.0000000000
     1997.0000000000        0.0000000000        0.0000000000
     1998.0000000000        0.0000000000        0.0000000000
     1999.0000000000        0.0000000000        0.0000000000
     2000.0000000000        0.0000000000        0.0000000000
     2001.0000000000        0.0000000000        0.0000000000
     2002.0000000000        0.0000000000        0.0000000000
     2003.0000000000        0.0000000000        0.0000000000
     2004.0000000000        0.0000000000        0.0000000000
     2005.0000000000        0.0000000000        0.0000000000
     2006.0000000000        0.0000000000        0.0000000000
     2007.0000000000        0.0000000000        0.0000000000
     2008.0000000000        0.0000000000        0.0000000000
     2009.0000000000        0.0000000000        0.0000000000
     2010.0000000000        0.0000000000        0.0000000000
     2011.0000000000        0.0000000000        0.0000000000
     2012.0000000000        0.0000000000        0.0000000000
     2013.0000000000        0.0000000000        0.0000000000
     2014.0000000000        0.0000000000        0.0000000000
     2015.0000000000        0.0000000000        0.0000000000
     2016.0000000000        0.0000000000        0.0000000000
     2017.0000000000        0.0000000000        0.0000000000
     2018.0000000000        0.0000000000        0.0000000000
     2019.0000000000        0.0000000000        0.0000000000
     2020.0000000000        0.0000000000        0.0000000000
     2021.0000000000        0.0000000000        0.0000000000
     2022.0000000000        0.0000000000        0.0000000000
     2023.0000000000        0.0000000000        0.0000000000
     2024.0000000000        0.0000000000        0.0000000000
     2025.0000000000        0.0000000000        0.0000000000
     2026.0000000000        0.0000000000        0.0000000000
     2027.0000000000        0.0000000000        0.0000000000
     2028.0000000000        0.0000000000        0.0000000000
     2029.0000000000        0.0000000000        0.0000000000
     2030.0000000000        0.0000000000        0.0000000000
     2031.0000000000        0.0000000000        0.0000000000
     2032.0000000000        0.0000000000        0.0000000000
     2033.0000000000        0.0000000000        0.0000000000
     2034.0000000000        0.0000000000        0.0000000000
     2035.0000000000        0.0000000000        0.0000000000
     2036.0000000000        0.0000000000        0.0000000000
     2037.0000000000        0.0000000000        0.0000000000
     2038.0000000000        0.0000000000        0.0000000000
     2039.0000000000        0.0000000000        0.0000000000
     2040.0000000000        0.0000000000        0.0000000000
     2041.0000000000        0.0000000000        0.0000000000
     2042.0000000000        0.0000000000        0.0000000000
     2043.0000000000        0.0000000000        0.0000000000
     2044.0000000000        0.0000000000        0.0000000000
     2045.0000000000        0.0000000000        0.0000000000
     2046.0000000000        0.0000000000        0.0000000000
     2047.0000000000        0.0000000000        0.0000000000
     2048.0000000000        0.0000000000        0.0000000000
     2049.0000000000        0.0000000000        0.0000000000
     2050.0000000000        0.0000000000        0.0000000000
     2051.0000000000        0.0000000000        0.0000000000
     2052.0000000000        0.0000000000        0.0000000000
     2053.0000000000        0.0000000000        0.0000000000
     2054.0000000000        0.0000000000        0.0000000000
     2055.0000000000        0.0000000000        0.0000000000
     2056.0000000000        0.0000000000        0.0000000000
     2057.0000000000        0.0000000000        0.0000000000
     2058.0000000000        0.0000000000        0.0000000000
     2059.0000000000        0.0000000000        0.0000000000
     2060.0000000000        0.0000000000        0.0000000000
     2061.0000000000        0.0000000000        0.0000000000
     2062.0000000000        0.0000000000        0.0000000000
     2063.0000000000        0.0000000000        0.0000000000
     2064.0000000000        0.0000000000        0.0000000000
     2065.0000000000        0.0000000000        0.0000000000
     2066.0000000000        0.0000000000        0.0000000000
     2067.0000000000        0.0000000000        0.0000000000
     2068.0000000000        0.0000000000        0.0000000000
     2069.0000000000        0.0000000000        0.0000000000
     2070.0000000000        0.0000000000        0.0000000000
     2071.0000000000        0.0000000000        0.0000000000
     2072.0000000000        0.0000000000        0.0000000000
     2073.0000000000        0.0000000000        0.0000000000
     2074.0000000000        0.0000000000        0.0000000000
     2075.0000000000        0.0000000000        0.0000000000
     2076.0000000000        0.0000000000        0.0000000000
     2077.0000000000        0.0000000000        0.0000000000
     2078.0000000000        0.0000000000        0.0000000000
     2079.0000000000        0.0000000000        0.0000000000
     2080.0000000000        0.0000000000        0.0000000000
     2081.0000000000        0.0000000000        0.0000000000
     2082.0000000000        0.0000000000        0.0000000000
     2083.0000000000        0.0000000000        0.0000000000
     2084.0000000000        0.0000000000        0.0000000000
     2085.0000000000        0.0000000000        0.0000000000
     2086.0000000000        0.0000000000        0.0000000000
     2087.0000000000        0.0000000000        0.0000000000
     2088.0000000000        0.0000000000        0.0000000000
     2089.0000000000        0.0000000000        0.0000000000
     2090.0000000000        0.0000000000        0.0000000000
     2091.0000000000        0.0000000000        0.0000000000
     2092.0000000000        0.0000000000        0.0000000000
     2093.0000000000        0.0000000000        0.0000000000
     2094.0000000000        0.0000000000        0.0000000000
     2095.0000000000        0.0000000000        0.0000000000
     2096.0000000000        0.0000000000        0.0000000000
     2097.0000000000        0.0000000000        0.0000000000
     2098.0000000000        0.0000000000        0.0000000000
     2099.0000000000        0.0000000000        0.0000000000
     2100.0000000000        0.0000000000        0.0000000000
     2101.0000000000        0.0000000000        0.0000000000
     2102.0000000000        0.0000000000        0.0000000000
     2103.0000000000        0.0000000000        0.0000000000
     2104.0000000000        0.0000000000        0.0000000000
     2105.0000000000        0.0000000000        0.0000000000
     2106.0000000000        0.0000000000        0.0000000000
     2107.0000000000        0.0000000000        0.0000000000
     2108.0000000000        0.0000000000        0.0000000000
     2109.0000000000        0.0000000000        0.0000000000
     2110.0000000000        0.0000000000        0.0000000000
     2111.0000000000        0.0000000000        0.0000000000
     2112.0000000000        0.0000000000        0.0000000000
     2113.0000000000        0.0000000000        0.0000000000
     2114.0000000000        0.0000000000        0.0000000000
     2115.0000000000        0.0000000000        0.0000000000
     2116.0000000000        0.0000000000        0.0000000000
     2117.0000000000        0.0000000000        0.0000000000
     2118.0000000000        0.0000000000        0.0000000000
     2119.0000000000        0.0000000000        0.0000000000
     2120.0000000000        0.0000000000        0.0000000000
     2121.0000000000        0.0000000000        0.0000000000
     2122.0000000000        0.0000000000        0.0000000000
     2123.0000000000        0.0000000000        0.0000000000
     2124.0000000000        0.0000000000        0.0000000000
     2125.0000000000        0.0000000000        0.0000000000
     2126.0000000000        0.0000000000        0.0000000000
     2127.0000000000        0.0000000000        0.0000000000
     2128.0000000000        0.0000000000        0.0000000000
     2129.0000000000        0.0000000000        0.0000000000
     2130.0000000000        0.0000000000        0.0000000000
     2131.0000000000        0.0000000000        0.0000000000
     2132.0000000000        0.0000000000        0.0000000000
     2133.0000000000        0.0000000000        0.0000000000
     2134.0000000000        0.0000000000        0.0000000000
     2135.0000000000        0.0000000000        0.0000000000
     2136.0000000000        0.0000000000        0.0000000000
     2137.0000000000        0.0000000000        0.0000000000
     2138.0000000000        0.0000000000        0.0000000000
     2139.0000000000        0.0000000000        0.0000000000
     2140.0000000000        0.0000000000        0.0000000000
     2141.0000000000        0.0000000000        0.0000000000
     2142.0000000000        0.0000000000        0.0000000000
     2143.0000000000        0.0000000000        0.0000000000
     2144.0000000000        0.0000000000        0.0000000000
     2145.0000000000        0.0000000000        0.0000000000
     2146.0000000000        0.0000000000        0.0000000000
     2147.0000000000        0.0000000000        0.0000000000
     2148.0000000000        0.0000000000        0.0000000000
     2149.0000000000        0.0000000000        0.0000000000
     2150.0000000000        0.0000000000        0.0000000000
     2151.0000000000        0.0000000000        0.0000000000
     2152.0000000000        0.0000000000        0.0000000000
     2153.0000000000        0.0000000000        0.0000000000
     2154.0000000000        0.0000000000        0.0000000000
     2155.0000000000        0.0000000000        0.0000000000
     2156.0000000000        0.0000000000        0.0000000000
     2157.0000000000        0.0000000000        0.0000000000
     2158.0000000000        0.0000000000        0.0000000000
     2159.0000000000        0.0000000000        0.0000000000
     2160.0000000000        0.0000000000        0.0000000000
     2161.0000000000        0.0000000000        0.0000000000
     2162.0000000000        0.0000000000        0.0000000000
     2163.0000000000        0.0000000000        0.0000000000
     2164.0000000000        0.0000000000        0.0000000000
     2165.0000000000        0.0000000000        0.0000000000
     2166.0000000000        0.0000000000        0.0000000000
     2167.0000000000        0.0000000000        0.0000000000
     2168.0000000000        0.0000000000        0.0000000000
     2169.0000000000        0.0000000000        0.0000000000
     2170.0000000000        0.0000000000        0.0000000000
     2171.0000000000        0.0000000000        0.0000000000
     2172.0000000000        0.0000000000        0.0000000000
     2173.0000000000        0.0000000000        0.0000000000
     2174.0000000000        0.0000000000        0.0000000000
     2175.0000000000        0.0000000000        0.0000000000
     2176.0000000000        0.0000000000        0.0000000000
     2177.0000000000        0.0000000000        0.0000000000
     2178.0000000000        0.0000000000        0.0000000000
     2179.0000000000        0.0000000000        0.0000000000
     2180.0000000000        0.0000000000        0.0000000000
     2181.0000000000        0.0000000000        0.0000000000
     2182.0000000000        0.0000000000        0.0000000000
     2183.0000000000        0.0000000000        0.0000000000
     2184.0000000000        0.0000000000        0.0000000000
     2185.0000000000        0.0000000000        0.0000000000
     2186.0000000000        0.0000000000        0.0000000000
     2187.0000000000        0.0000000000        0.0000000000
     2188.0000000000        0.0000000000        0.0000000000
     2189.0000000000        0.0000000000        0.0000000000
     2190.0000000000        0.0000000000        0.0000000000
     2191.0000000000        0.0000000000        0.0000000000
     2192.0000000000        0.0000000000        0.0000000000
     2193.0000000000        0.0000000000        0.0000000000
     2194.0000000000        0.0000000000        0.0000000000
     2195.0000000000        0.0000000000        0.0000000000
     2196.0000000000        0.0000000000        0.0000000000
     2197.0000000000        0.0000000000        0.0000000000
     2198.0000000000        0.0000000000        0.0000000000
     2199.0000000000        0.0000000000        0.0000000000
     2200.0000000000        0.0000000000        0.0000000000
     2201.0000000000        0.0000000000        0.0000000000
     2202.0000000000        0.0000000000        0.0000000000
     2203.0000000000        0.0000000000        0.0000000000
     2204.0000000000        0.0000000000        0.0000000000
     2205.0000000000        0.0000000000        0.0000000000
     2206.0000000000        0.0000000000        0.0000000000
     2207.0000000000        0.0000000000        0.0000000000
     2208.0000000000        0.0000000000        0.0000000000
     2209.0000000000        0.0000000000        0.0000000000
     2210.0000000000        0.0000000000        0.0000000000
     2211.0000000000        0.0000000000        0.0000000000
     2212.0000000000        0.0000000000        0.0000000000
     2213.0000000000        0.0000000000        0.0000000000
     2214.0000000000        0.0000000000        0.0000000000
     2215.0000000000        0.0000000000        0.0000000000
     2216.0000000000        0.0000000000        0.0000000000
     2217.0000000000        0.0000000000        0.0000000000
     2218.0000000000        0.0000000000        0.0000000000
     2219.0000000000        0.0000000000        0.0000000000
     2220.0000000000        0.0000000000        0.0000000000
     2221.0000000000        0.0000000000        0.0000000000
     2222.0000000000        0.0000000000        0.0000000000
     2223.0000000000        0.0000000000        0.0000000000
     2224.0000000000        0.0000000000        0.0000000000
     2225.0000000000        0.0000000000        0.0000000000
     2226.0000000000        0.0000000000        0.0000000000
     2227.0000000000        0.0000000000        0.0000000000
     2228.0000000000        0.0000000000        0.0000000000
     2229.0000000000        0.0000000000        0.0000000000
     2230.0000000000        0.0000000000        0.0000000000
     2231.0000000000        0.0000000000        0.0000000000
     2232.0000000000        0.0000000000        0.0000000000
     2233.0000000000        0.0000000000        0.0000000000
     2234.0000000000        0.0000000000        0.0000000000
     2235.0000000000        0.0000000000        0.0000000000
     2236.0000000000        0.0000000000        0.0000000000
     2237.0000000000        0.0000000000        0.0000000000
     2238.0000000000        0.0000000000        0.0000000000
     2239.0000000000        0.0000000000        0.0000000000
     2240.0000000000        0.0000000000        0.0000000000
     2241.0000000000        0.0000000000        0.0000000000
     2242.0000000000        0.0000000000        0.0000000000
     2243.0000000000        0.0000000000        0.0000000000
     2244.0000000000        0.0000000000        0.0000000000
     2245.0000000000        0.0000000000        0.0000000000
     2246.0000000000        0.0000000000        0.0000000000
     2247.0000000000        0.0000000000        0.0000000000
     2248.0000000000        0.0000000000        0.0000000000
     2249.0000000000        0.0000000000        0.0000000000
     2250.0000000000        0.0000000000        0.0000000000
     2251.0000000000        0.0000000000        0.0000000000
     2252.0000000000        0.0000000000        0.0000000000
     2253.0000000000        0.0000000000        0.0000000000
     2254.0000000000        0.0000000000        0.0000000000
     2255.0000000000        0.0000000000        0.0000000000
     2256.0000000000        0.0000000000        0.0000000000
     2257.0000000000        0.0000000000        0.0000000000
     2258.0000000000        0.0000000000        0.0000000000
     2259.0000000000        0.0000000000        0.0000000000
     2260.0000000000        0.0000000000        0.0000000000
     2261.0000000000        0.0000000000        0.0000000000
     2262.0000000000        0.0000000000        0.0000000000
     2263.0000000000        0.0000000000        0.0000000000
     2264.0000000000        0.0000000000        0.0000000000
     2265.0000000000        0.0000000000        0.0000000000
     2266.0000000000        0.0000000000        0.0000000000
     2267.0000000000        0.0000000000        0.0000000000
     2268.0000000000        0.0000000000        0.0000000000
     2269.0000000000        0.0000000000        0.0000000000
     2270.0000000000        0.0000000000        0.0000000000
     2271.0000000000        0.0000000000        0.0000000000
     2272.0000000000        0.0000000000        0.0000000000
     2273.0000000000        0.0000000000        0.0000000000
     2274.0000000000        0.0000000000        0.0000000000
     2275.0000000000        0.0000000000        0.0000000000
     2276.0000000000        0.0000000000        0.0000000000
     2277.0000000000        0.0000000000        0.0000000000
     2278.0000000000        0.0000000000        0.0000000000
     2279.0000000000        0.0000000000        0.0000000000
     2280.0000000000        0.0000000000        0.0000000000
     2281.0000000000        0.0000000000        0.0000000000
     2282.0000000000        0.0000000000        0.0000000000
     2283.0000000000        0.0000000000        0.0000000000
     2284.0000000000        0.0000000000        0.0000000000
     2285.0000000000        0.0000000000        0.0000000000
     2286.0000000000        0.0000000000        0.0000000000
     2287.0000000000        0.0000000000        0.0000000000
     2288.0000000000        0.0000000000        0.0000000000
     2289.0000000000        0.0000000000        0.0000000000
     2290.0000000000        0.0000000000        0.0000000000
     2291.0000000000        0.0000000000        0.0000000000
     2292.0000000000        0.0000000000        0.0000000000
     2293.0000000000        0.0000000000        0.0000000000
     2294.0000000000        0.0000000000        0.0000000000
     2295.0000000000        0.0000000000        0.0000000000
     2296.0000000000        0.0000000000        0.0000000000
     2297.0000000000        0.0000000000        0.0000000000
     2298.0000000000        0.0000000000        0.0000000000
     2299.0000000000        0.0000000000        0.0000000000
     2300.0000000000        0.0000000000        0.0000000000
     2301.0000000000        0.0000000000        0.0000000000
     2302.0000000000        0.0000000000        0.0000000000
     2303.0000000000        0.0000000000        0.0000000000
     2304.0000000000        0.0000000000        0.0000000000
     2305.0000000000        0.0000000000        0.0000000000
     2306.0000000000        0.0000000000        0.0000000000
     2307.0000000000        0.0000000000        0.0000000000
     2308.0000000000        0.0000000000        0.0000000000
     2309.0000000000        0.0000000000        0.0000000000
     2310.0000000000        0.0000000000        0.0000000000
     2311.0000000000        0.0000000000        0.0000000000
     2312.0000000000        0.0000000000        0.0000000000
     2313.0000000000        0.0000000000        0.0000000000
     2314.0000000000        0.0000000000        0.0000000000
     2315.0000000000        0.0000000000        0.0000000000
     2316.0000000000        0.0000000000        0.0000000000
     2317.0000000000        0.0000000000        0.0000000000
     2318.0000000000        0.0000000000        0.0000000000
     2319.0000000000        0.0000000000        0.0000000000
     2320.0000000000        0.0000000000        0.0000000000
     2321.0000000000        0.0000000000        0.0000000000
     2322.0000000000        0.0000000000        0.0000000000
     2323.0000000000        0.0000000000        0.0000000000
     2324.0000000000        0.0000000000        0.0000000000
     2325.0000000000        0.0000000000        0.0000000000
     2326.0000000000        0.0000000000        0.0000000000
     2327.0000000000        0.0000000000        0.0000000000
     2328.0000000000        0.0000000000        0.0000000000
     2329.0000000000        0.0000000000        0.0000000000
     2330.0000000000        0.0000000000        0.0000000000
     2331.0000000000        0.0000000000        0.0000000000
     2332.0000000000        0.0000000000        0.0000000000
     2333.0000000000        0.0000000000        0.0000000000
     2334.0000000000        0.0000000000        0.0000000000
     2335.0000000000        0.0000000000        0.0000000000
     2336.0000000000        0.0000000000        0.0000000000
     2337.0000000000        0.0000000000        0.0000000000
     2338.0000000000        0.0000000000        0.0000000000
     2339.0000000000        0.0000000000        0.0000000000
     2340.0000000000        0.0000000000        0.0000000000
     2341.0000000000        0.0000000000        0.0000000000
     2342.0000000000        0.0000000000        0.0000000000
     2343.0000000000        0.0000000000        0.0000000000
     2344.0000000000        0.0000000000        0.0000000000
     2345.0000000000        0.0000000000        0.0000000000
     2346.0000000000        0.0000000000        0.0000000000
     2347.0000000000        0.0000000000        0.0000000000
     2348.0000000000        0.0000000000        0.0000000000
     2349.0000000000        0.0000000000        0.0000000000
     2350.0000000000        0.0000000000        0.0000000000
     2351.0000000000        0.0000000000        0.0000000000
     2352.0000000000        0.0000000000        0.0000000000
     2353.0000000000        0.0000000000        0.0000000000
     2354.0000000000        0.0000000000        0.0000000000
     2355.0000000000        0.0000000000        0.0000000000
     2356.0000000000        0.0000000000        0.0000000000
     2357.0000000000        0.0000000000        0.0000000000
     2358.0000000000        0.0000000000        0.0000000000
     2359.0000000000        0.0000000000        0.0000000000
     2360.0000000000        0.0000000000        0.0000000000
     2361.0000000000        0.0000000000        0.0000000000
     2362.0000000000        0.0000000000        0.0000000000
     2363.0000000000        0.0000000000        0.0000000000
     2364.0000000000        0.0000000000        0.0000000000
     2365.0000000000        0.0000000000        0.0000000000
     2366.0000000000        0.0000000000        0.0000000000
     2367.0000000000        0.0000000000        0.0000000000
     2368.0000000000        0.0000000000        0.0000000000
     2369.0000000000        0.0000000000        0.0000000000
     2370.0000000000        0.0000000000        0.0000000000
     2371.0000000000        0.0000000000        0.0000000000
     2372.0000000000        0.0000000000        0.0000000000
     2373.0000000000        0.0000000000        0.0000000000
     2374.0000000000        0.0000000000        0.0000000000
     2375.0000000000        0.0000000000        0.0000000000
     2376.0000000000        0.0000000000        0.0000000000
     2377.0000000000        0.0000000000        0.0000000000
     2378.0000000000        0.0000000000        0.0000000000
     2379.0000000000        0.0000000000        0.0000000000
     2380.0000000000        0.0000000000        0.0000000000
     2381.0000000000        0.0000000000        0.0000000000
     2382.0000000000        0.0000000000        0.0000000000
     2383.0000000000        0.0000000000        0.0000000000
     2384.0000000000        0.0000000000        0.0000000000
     2385.0000000000        0.0000000000        0.0000000000
     2386.0000000000        0.0000000000        0.0000000000
     2387.0000000000        0.0000000000        0.0000000000
     2388.0000000000        0.0000000000        0.0000000000
     2389.0000000000        0.0000000000        0.0000000000
     2390.0000000000        0.0000000000        0.0000000000
     2391.0000000000        0.0000000000        0.0000000000
     2392.0000000000        0.0000000000        0.0000000000
     2393.0000000000        0.0000000000        0.0000000000
     2394.0000000000        0.0000000000        0.0000000000
     2395.0000000000        0.0000000000        0.0000000000
     2396.0000000000        0.0000000000        0.0000000000
     2397.0000000000        0.0000000000        0.0000000000
     2398.0000000000        0.0000000000        0.0000000000
     2399.0000000000        0.0000000000        0.0000000000
     2400.0000000000        0.0000000000        0.0000000000
     2401.0000000000        0.0000000000        0.0000000000
     2402.0000000000        0.0000000000        0.0000000000
     2403.0000000000        0.0000000000        0.0000000000
     2404.0000000000        0.0000000000        0.0000000000
     2405.0000000000        0.0000000000        0.0000000000
     2406.0000000000        0.0000000000        0.0000000000
     2407.0000000000        0.0000000000        0.0000000000
     2408.0000000000        0.0000000000        0.0000000000
     2409.0000000000        0.0000000000        0.0000000000
     2410.0000000000        0.0000000000        0.0000000000
     2411.0000000000        0.0000000000        0.0000000000
     2412.0000000000        0.0000000000        0.0000000000
     2413.0000000000        0.0000000000        0.0000000000
     2414.0000000000        0.0000000000        0.0000000000
     2415.0000000000        0.0000000000        0.0000000000
     2416.0000000000        0.0000000000        0.0000000000
     2417.0000000000        0.0000000000        0.0000000000
     2418.0000000000        0.0000000000        0.0000000000
     2419.0000000000        0.0000000000        0.0000000000
     2420.0000000000        0.0000000000        0.0000000000
     2421.0000000000        0.0000000000        0.0000000000
     2422.0000000000        0.0000000000        0.0000000000
     2423.0000000000        0.0000000000        0.0000000000
     2424.0000000000        0.0000000000        0.0000000000
     2425.0000000000        0.0000000000        0.0000000000
     2426.0000000000        0.0000000000        0.0000000000
     2427.0000000000        0.0000000000        0.0000000000
     2428.0000000000        0.0000000000        0.0000000000
     2429.0000000000        0.0000000000        0.0000000000
     2430.0000000000        0.0000000000        0.0000000000
     2431.0000000000        0.0000000000        0.0000000000
     2432.0000000000        0.0000000000        0.0000000000
     2433.0000000000        0.0000000000        0.0000000000
     2434.0000000000        0.0000000000        0.0000000000
     2435.0000000000        0.0000000000        0.0000000000
     2436.0000000000        0.0000000000        0.0000000000
     2437.0000000000        0.0000000000        0.0000000000
     2438.0000000000        0.0000000000        0.0000000000
     2439.0000000000        0.0000000000        0.0000000000
     2440.0000000000        0.0000000000        0.0000000000
     2441.0000000000        0.0000000000        0.0000000000
     2442.0000000000        0.0000000000        0.0000000000
     2443.0000000000        0.0000000000        0.0000000000
     2444.0000000000        0.0000000000        0.0000000000
     2445.0000000000        0.0000000000        0.0000000000
     2446.0000000000        0.0000000000        0.0000000000
     2447.0000000000        0.0000000000        0.0000000000
     2448.0000000000        0.0000000000        0.0000000000
     2449.0000000000        0.0000000000        0.0000000000
     2450.0000000000        0.0000000000        0.0000000000
     2451.0000000000        0.0000000000        0.0000000000
     2452.0000000000        0.0000000000        0.0000000000
     2453.0000000000        0.0000000000        0.0000000000
     2454.0000000000        0.0000000000        0.0000000000
     2455.0000000000        0.0000000000        0.0000000000
     2456.0000000000        0.0000000000        0.0000000000
     2457.0000000000        0.0000000000        0.0000000000
     2458.0000000000        0.0000000000        0.0000000000
     2459.0000000000        0.0000000000        0.0000000000
     2460.0000000000        0.0000000000        0.0000000000
     2461.0000000000        0.0000000000        0.0000000000
     2462.0000000000        0.0000000000        0.0000000000
     2463.0000000000        0.0000000000        0.0000000000
     2464.0000000000        0.0000000000        0.0000000000
     2465.0000000000        0.0000000000        0.0000000000
     2466.0000000000        0.0000000000        0.0000000000
     2467.0000000000        0.0000000000        0.0000000000
     2468.0000000000        0.0000000000        0.0000000000
     2469.0000000000        0.0000000000        0.0000000000
     2470.0000000000        0.0000000000        0.0000000000
     2471.0000000000        0.0000000000        0.0000000000
     2472.0000000000        0.0000000000        0.0000000000
     2473.0000000000        0.0000000000        0.0000000000
     2474.0000000000        0.0000000000        0.0000000000
     2475.0000000000        0.0000000000        0.0000000000
     2476.0000000000        0.0000000000        0.0000000000
     2477.0000000000        0.0000000000        0.0000000000
     2478.0000000000        0.0000000000        0.0000000000
     2479.0000000000        0.0000000000        0.0000000000
     2480.0000000000        0.0000000000        0.0000000000
     2481.0000000000        0.0000000000        0.0000000000
     2482.0000000000        0.0000000000        0.0000000000
     2483.0000000000        0.0000000000        0.0000000000
     2484.0000000000        0.0000000000        0.0000000000
     2485.0000000000        0.0000000000        0.0000000000
     2486.0000000000        0.0000000000        0.0000000000
     2487.0000000000        0.0000000000        0.0000000000
     2488.0000000000        0.0000000000        0.0000000000
     2489.0000000000        0.0000000000        0.0000000000
     2490.0000000000        0.0000000000        0.0000000000
     2491.0000000000        0.0000000000        0.0000000000
     2492.0000000000        0.0000000000        0.0000000000
     2493.0000000000        0.0000000000        0.0000000000
     2494.0000000000        0.0000000000        0.0000000000
     2495.0000000000        0.0000000000        0.0000000000
     2496.0000000000        0.0000000000        0.0000000000
     2497.0000000000        0.0000000000        0.0000000000
     2498.0000000000        0.0000000000        0.0000000000
     2499.0000000000        0.0000000000        0.0000000000
     2500.0000000000        0.0000000000        0.0000000000
     2501.0000000000        0.0000000000        0.0000000000
     2502.0000000000        0.0000000000        0.0000000000
     2503.0000000000        0.0000000000        0.0000000000
     2504.0000000000        0.0000000000        0.0000000000
     2505.0000000000        0.0000000000        0.0000000000
     2506.0000000000        0.0000000000        0.0000000000
     2507.0000000000        0.0000000000        0.0000000000
     2508.0000000000        0.0000000000        0.0000000000
     2509.0000000000        0.0000000000        0.0000000000
     2510.0000000000        0.0000000000        0.0000000000
     2511.0000000000        0.0000000000        0.0000000000
     2512.0000000000        0.0000000000        0.0000000000
     2513.0000000000        0.0000000000        0.0000000000
     2514.0000000000        0.0000000000        0.0000000000
     2515.0000000000        0.0000000000        0.0000000000
     2516.0000000000        0.0000000000        0.0000000000
     2517.0000000000        0.0000000000        0.0000000000
     2518.0000000000        0.0000000000        0.0000000000
     2519.0000000000        0.0000000000        0.0000000000
     2520.0000000000        0.0000000000        0.0000000000
     2521.0000000000        0.0000000000        0.0000000000
     2522.0000000000        0.0000000000        0.0000000000
     2523.0000000000        0.0000000000        0.0000000000
     2524.0000000000        0.0000000000        0.0000000000
     2525.0000000000        0.0000000000        0.0000000000
     2526.0000000000        0.0000000000        0.0000000000
     2527.0000000000        0.0000000000        0.0000000000
     2528.0000000000        0.0000000000        0.0000000000
     2529.0000000000        0.0000000000        0.0000000000
     2530.0000000000        0.0000000000        0.0000000000
     2531.0000000000        0.0000000000        0.0000000000
     2532.0000000000        0.0000000000        0.0000000000
     2533.0000000000        0.0000000000        0.0000000000
     2534.0000000000        0.0000000000        0.0000000000
     2535.0000000000        0.0000000000        0.0000000000
     2536.0000000000        0.0000000000        0.0000000000
     2537.0000000000        0.0000000000        0.0000000000
     2538.0000000000        0.0000000000        0.0000000000
     2539.0000000000        0.0000000000        0.0000000000
     2540.0000000000        0.0000000000        0.0000000000
     2541.0000000000        0.0000000000        0.0000000000
     2542.0000000000        0.0000000000        0.0000000000
     2543.0000000000        0.0000000000        0.0000000000
     2544.0000000000        0.0000000000        0.0000000000
     2545.0000000000        0.0000000000        0.0000000000
     2546.0000000000        0.0000000000        0.0000000000
     2547.0000000000        0.0000000000        0.0000000000
     2548.0000000000        0.0000000000        0.0000000000
     2549.0000000000        0.0000000000        0.0000000000
     2550.0000000000        0.0000000000        0.0000000000
     2551.0000000000        0.0000000000        0.0000000000
     2552.0000000000        0.0000000000        0.0000000000
     2553.0000000000        0.0000000000        0.0000000000
     2554.0000000000        0.0000000000        0.0000000000
     2555.0000000000        0.0000000000        0.0000000000
     2556.0000000000        0.0000000000        0.0000000000
     2557.0000000000        0.0000000000        0.0000000000
     2558.0000000000        0.0000000000        0.0000000000
     2559.0000000000        0.0000000000        0.0000000000
     2560.0000000000        0.0000000000        0.0000000000
     2561.0000000000        0.0000000000        0.0000000000
     2562.0000000000        0.0000000000        0.0000000000
     2563.0000000000        0.0000000000        0.0000000000
     2564.0000000000        0.0000000000        0.0000000000
     2565.0000000000        0.0000000000        0.0000000000
     2566.0000000000        0.0000000000        0.0000000000
     2567.0000000000        0.0000000000        0.0000000000
     2568.0000000000        0.0000000000        0.0000000000
     2569.0000000000        0.0000000000        0.0000000000
     2570.0000000000        0.0000000000        0.0000000000
     2571.0000000000        0.0000000000        0.0000000000
     2572.0000000000        0.0000000000        0.0000000000
     2573.0000000000        0.0000000000        0.0000000000
     2574.0000000000        0.0000000000        0.0000000000
     2575.0000000000        0.0000000000        0.0000000000
     2576.0000000000        0.0000000000        0.0000000000
     2577.0000000000        0.0000000000        0.0000000000
     2578.0000000000        0.0000000000        0.0000000000
     2579.0000000000        0.0000000000        0.0000000000
     2580.0000000000        0.0000000000        0.0000000000
     2581.0000000000        0.0000000000        0.0000000000
     2582.0000000000        0.0000000000        0.0000000000
     2583.0000000000        0.0000000000        0.0000000000
     2584.0000000000        0.0000000000        0.0000000000
     2585.0000000000        0.0000000000        0.0000000000
     2586.0000000000        0.0000000000        0.0000000000
     2587.0000000000        0.0000000000        0.0000000000
     2588.0000000000        0.0000000000        0.0000000000
     2589.0000000000        0.0000000000        0.0000000000
     2590.0000000000        0.0000000000        0.0000000000
     2591.0000000000        0.0000000000        0.0000000000
     2592.0000000000        0.0000000000        0.0000000000
     2593.0000000000        0.0000000000        0.0000000000
     2594.0000000000        0.0000000000        0.0000000000
     2595.0000000000        0.0000000000        0.0000000000
     2596.0000000000        0.0000000000        0.0000000000
     2597.0000000000        0.0000000000        0.0000000000
     2598.0000000000        0.0000000000        0.0000000000
     2599.0000000000        0.0000000000        0.0000000000
     2600.0000000000        0.0000000000        0.0000000000
     2601.0000000000        0.0000000000        0.0000000000
     2602.0000000000        0.0000000000        0.0000000000
     2603.0000000000        0.0000000000        0.0000000000
     2604.0000000000        0.0000000000        0.0000000000
     2605.0000000000        0.0000000000        0.0000000000
     2606.0000000000        0.0000000000        0.0000000000
     2607.0000000000        0.0000000000        0.0000000000
     2608.0000000000        0.0000000000        0.0000000000
     2609.0000000000        0.0000000000        0.0000000000
     2610.0000000000        0.0000000000        0.0000000000
     2611.0000000000        0.0000000000        0.0000000000
     2612.0000000000        0.0000000000        0.0000000000
     2613.0000000000        0.0000000000        0.0000000000
     2614.0000000000        0.0000000000        0.0000000000
     2615.0000000000        0.0000000000        0.0000000000
     2616.0000000000        0.0000000000        0.0000000000
     2617.0000000000        0.0000000000        0.0000000000
     2618.0000000000        0.0000000000        0.0000000000
     2619.0000000000        0.0000000000        0.0000000000
     2620.0000000000        0.0000000000        0.0000000000
     2621.0000000000        0.0000000000        0.0000000000
     2622.0000000000        0.0000000000        0.0000000000
     2623.0000000000        0.0000000000        0.0000000000
     2624.0000000000        0.0000000000        0.0000000000
     2625.0000000000        0.0000000000        0.0000000000
     2626.0000000000        0.0000000000        0.0000000000
     2627.0000000000        0.0000000000        0.0000000000
     2628.0000000000        0.0000000000        0.0000000000
     2629.0000000000        0.0000000000        0.0000000000
     2630.0000000000        0.0000000000        0.0000000000
     2631.0000000000        0.0000000000        0.0000000000
     2632.0000000000        0.0000000000        0.0000000000
     2633.0000000000        0.0000000000        0.0000000000
     2634.0000000000        0.0000000000        0.0000000000
     2635.0000000000        0.0000000000        0.0000000000
     2636.0000000000        0.0000000000        0.0000000000
     2637.0000000000        0.0000000000        0.0000000000
     2638.0000000000        0.0000000000        0.0000000000
     2639.0000000000        0.0000000000        0.0000000000
     2640.0000000000        0.0000000000        0.0000000000
     2641.0000000000        0.0000000000        0.0000000000
     2642.0000000000        0.0000000000        0.0000000000
     2643.0000000000        0.0000000000        0.0000000000
     2644.0000000000        0.0000000000        0.0000000000
     2645.0000000000        0.0000000000        0.0000000000
     2646.0000000000        0.0000000000        0.0000000000
     2647.0000000000        0.0000000000        0.0000000000
     2648.0000000000        0.0000000000        0.0000000000
     2649.0000000000        0.0000000000        0.0000000000
     2650.0000000000        0.0000000000        0.0000000000
     2651.0000000000        0.0000000000        0.0000000000
     2652.0000000000        0.0000000000        0.0000000000
     2653.0000000000        0.0000000000        0.0000000000
     2654.0000000000        0.0000000000        0.0000000000
     2655.0000000000        0.0000000000        0.0000000000
     2656.0000000000        0.0000000000        0.0000000000
     2657.0000000000        0.0000000000        0.0000000000
     2658.0000000000        0.0000000000        0.0000000000
     2659.0000000000        0.0000000000        0.0000000000
     2660.0000000000        0.0000000000        0.0000000000
     2661.0000000000        0.0000000000        0.0000000000
     2662.0000000000        0.0000000000        0.0000000000
     2663.0000000000        0.0000000000        0.0000000000
     2664.0000000000        0.0000000000        0.0000000000
     2665.0000000000        0.0000000000        0.0000000000
     2666.0000000000        0.0000000000        0.0000000000
     2667.0000000000        0.0000000000        0.0000000000
     2668.0000000000        0.0000000000        0.0000000000
     2669.0000000000        0.0000000000        0.0000000000
     2670.0000000000        0.0000000000        0.0000000000
     2671.0000000000        0.0000000000        0.0000000000
     2672.0000000000        0.0000000000        0.0000000000
     2673.0000000000        0.0000000000        0.0000000000
     2674.0000000000        0.0000000000        0.0000000000
     2675.0000000000        0.0000000000        0.0000000000
     2676.0000000000        0.0000000000        0.0000000000
     2677.0000000000        0.0000000000        0.0000000000
     2678.0000000000        0.0000000000        0.0000000000
     2679.0000000000        0.0000000000        0.0000000000
     2680.0000000000        0.0000000000        0.0000000000
     2681.0000000000        0.0000000000        0.0000000000
     2682.0000000000        0.0000000000        0.0000000000
     2683.0000000000        0.0000000000        0.0000000000
     2684.0000000000        0.0000000000        0.0000000000
     2685.0000000000        0.0000000000        0.0000000000
     2686.0000000000        0.0000000000        0.0000000000
     2687.0000000000        0.0000000000        0.0000000000
     2688.0000000000        0.0000000000        0.0000000000
     2689.0000000000        0.0000000000        0.0000000000
     2690.0000000000        0.0000000000        0.0000000000
     2691.0000000000        0.0000000000        0.0000000000
     2692.0000000000        0.0000000000        0.0000000000
     2693.0000000000        0.0000000000        0.0000000000
     2694.0000000000        0.0000000000        0.0000000000
     2695.0000000000        0.0000000000        0.0000000000
     2696.0000000000        0.0000000000        0.0000000000
     2697.0000000000        0.0000000000        0.0000000000
     2698.0000000000        0.0000000000        0.0000000000
     2699.0000000000        0.0000000000        0.0000000000
     2700.0000000000        0.0000000000        0.0000000000
     2701.0000000000        0.0000000000        0.0000000000
     2702.0000000000        0.0000000000        0.0000000000
     2703.0000000000        0.0000000000        0.0000000000
     2704.0000000000        0.0000000000        0.0000000000
     2705.0000000000        0.0000000000        0.0000000000
     2706.0000000000        0.0000000000        0.0000000000
     2707.0000000000        0.0000000000        0.0000000000
     2708.0000000000        0.0000000000        0.0000000000
     2709.0000000000        0.0000000000        0.0000000000
     2710.0000000000        0.0000000000        0.0000000000
     2711.0000000000        0.0000000000        0.0000000000
     2712.0000000000        0.0000000000        0.0000000000
     2713.0000000000        0.0000000000        0.0000000000
     2714.0000000000        0.0000000000        0.0000000000
     2715.0000000000        0.0000000000        0.0000000000
     2716.0000000000        0.0000000000        0.0000000000
     2717.0000000000        0.0000000000        0.0000000000
     2718.0000000000        0.0000000000        0.0000000000
     2719.0000000000        0.0000000000        0.0000000000
     2720.0000000000        0.0000000000        0.0000000000
     2721.0000000000        0.0000000000        0.0000000000
     2722.0000000000        0.0000000000        0.0000000000
     2723.0000000000        0.0000000000        0.0000000000
     2724.0000000000        0.0000000000        0.0000000000
     2725.0000000000        0.0000000000        0.0000000000
     2726.0000000000        0.0000000000        0.0000000000
     2727.0000000000        0.0000000000        0.0000000000
     2728.0000000000        0.0000000000        0.0000000000
     2729.0000000000        0.0000000000        0.0000000000
     2730.0000000000        0.0000000000        0.0000000000
     2731.0000000000        0.0000000000        0.0000000000
     2732.0000000000        0.0000000000        0.0000000000
     2733.0000000000        0.0000000000        0.0000000000
     2734.0000000000        0.0000000000        0.0000000000
     2735.0000000000        0.0000000000        0.0000000000
     2736.0000000000        0.0000000000        0.0000000000
     2737.0000000000        0.0000000000        0.0000000000
     2738.0000000000        0.0000000000        0.0000000000
     2739.0000000000        0.0000000000        0.0000000000
     2740.0000000000        0.0000000000        0.0000000000
     2741.0000000000        0.0000000000        0.0000000000
     2742.0000000000        0.0000000000        0.0000000000
     2743.0000000000        0.0000000000        0.0000000000
     2744.0000000000        0.0000000000        0.0000000000
     2745.0000000000        0.0000000000        0.0000000000
     2746.0000000000        0.0000000000        0.0000000000
     2747.0000000000        0.0000000000        0.0000000000
     2748.0000000000        0.0000000000        0.0000000000
     2749.0000000000        0.0000000000        0.0000000000
     2750.0000000000        0.0000000000        0.0000000000
     2751.0000000000        0.0000000000        0.0000000000
     2752.0000000000        0.0000000000        0.0000000000
     2753.0000000000        0.0000000000        0.0000000000
     2754.0000000000        0.0000000000        0.0000000000
     2755.0000000000        0.0000000000        0.0000000000
     2756.0000000000        0.0000000000        0.0000000000
     2757.0000000000        0.0000000000        0.0000000000
     2758.0000000000        0.0000000000        0.0000000000
     2759.0000000000        0.0000000000        0.0000000000
     2760.0000000000        0.0000000000        0.0000000000
     2761.0000000000        0.0000000000        0.0000000000
     2762.0000000000        0.0000000000        0.0000000000
     2763.0000000000        0.0000000000        0.0000000000
     2764.0000000000        0.0000000000        0.0000000000
     2765.0000000000        0.0000000000        0.0000000000
     2766.0000000000        0.0000000000        0.0000000000
     2767.0000000000        0.0000000000        0.0000000000
     2768.0000000000        0.0000000000        0.0000000000
     2769.0000000000        0.0000000000        0.0000000000
     2770.0000000000        0.0000000000        0.0000000000
     2771.0000000000        0.0000000000        0.0000000000
     2772.0000000000        0.0000000000        0.0000000000
     2773.0000000000        0.0000000000        0.0000000000
     2774.0000000000        0.0000000000        0.0000000000
     2775.0000000000        0.0000000000        0.0000000000
     2776.0000000000        0.0000000000        0.0000000000
     2777.0000000000        0.0000000000        0.0000000000
     2778.0000000000        0.0000000000        0.0000000000
     2779.0000000000        0.0000000000        0.0000000000
     2780.0000000000        0.0000000000        0.0000000000
     2781.0000000000        0.0000000000        0.0000000000
     2782.0000000000        0.0000000000        0.0000000000
     2783.0000000000        0.0000000000        0.0000000000
     2784.0000000000        0.0000000000        0.0000000000
     2785.0000000000        0.0000000000        0.0000000000
     2786.0000000000        0.0000000000        0.0000000000
     2787.0000000000        0.0000000000        0.0000000000
     2788.0000000000        0.0000000000        0.0000000000
     2789.0000000000        0.0000000000        0.0000000000
     2790.0000000000        0.0000000000        0.0000000000
     2791.0000000000        0.0000000000        0.0000000000
     2792.0000000000        0.0000000000        0.0000000000
     2793.0000000000        0.0000000000        0.0000000000
     2794.0000000000        0.0000000000        0.0000000000
     2795.0000000000        0.0000000000        0.0000000000
     2796.0000000000        0.0000000000        0.0000000000
     2797.0000000000        0.0000000000        0.0000000000
     2798.0000000000        0.0000000000        0.0000000000
     2799.0000000000        0.0000000000        0.0000000000
     2800.0000000000        0.0000000000        0.0000000000
     2801.0000000000        0.0000000000        0.0000000000
     2802.0000000000        0.0000000000        0.0000000000
     2803.0000000000        0.0000000000        0.0000000000
     2804.0000000000        0.0000000000        0.0000000000
     2805.0000000000        0.0000000000        0.0000000000
     2806.0000000000        0.0000000000        0.0000000000
     2807.0000000000        0.0000000000        0.0000000000
     2808.0000000000        0.0000000000        0.0000000000
     2809.0000000000        0.0000000000        0.0000000000
     2810.0000000000        0.0000000000        0.0000000000
     2811.0000000000        0.0000000000        0.0000000000
     2812.0000000000        0.0000000000        0.0000000000
     2813.0000000000        0.0000000000        0.0000000000
     2814.0000000000        0.0000000000        0.0000000000
     2815.0000000000        0.0000000000        0.0000000000
     2816.0000000000        0.0000000000        0.0000000000
     2817.0000000000        0.0000000000        0.0000000000
     2818.0000000000        0.0000000000        0.0000000000
     2819.0000000000        0.0000000000        0.0000000000
     2820.0000000000        0.0000000000        0.0000000000
     2821.0000000000        0.0000000000        0.0000000000
     2822.0000000000        0.0000000000        0.0000000000
     2823.0000000000        0.0000000000        0.0000000000
     2824.0000000000        0.0000000000        0.0000000000
     2825.0000000000        0.0000000000        0.0000000000
     2826.0000000000        0.0000000000        0.0000000000
     2827.0000000000        0.0000000000        0.0000000000
     2828.0000000000        0.0000000000        0.0000000000
     2829.0000000000        0.0000000000        0.0000000000
     2830.0000000000        0.0000000000        0.0000000000
     2831.0000000000        0.0000000000        0.0000000000
     2832.0000000000        0.0000000000        0.0000000000
     2833.0000000000        0.0000000000        0.0000000000
     2834.0000000000        0.0000000000        0.0000000000
     2835.0000000000        0.0000000000        0.0000000000
     2836.0000000000        0.0000000000        0.0000000000
     2837.0000000000        0.0000000000        0.0000000000
     2838.0000000000        0.0000000000        0.0000000000
     2839.0000000000        0.0000000000        0.0000000000
     2840.0000000000        0.0000000000        0.0000000000
     2841.0000000000        0.0000000000        0.0000000000
     2842.0000000000        0.0000000000        0.0000000000
     2843.0000000000        0.0000000000        0.0000000000
     2844.0000000000        0.0000000000        0.0000000000
     2845.0000000000        0.0000000000        0.0000000000
     2846.0000000000        0.0000000000        0.0000000000
     2847.0000000000        0.0000000000        0.0000000000
     2848.0000000000        0.0000000000        0.0000000000
     2849.0000000000        0.0000000000        0.0000000000
     2850.0000000000        0.0000000000        0.0000000000
     2851.0000000000        0.0000000000        0.0000000000
     2852.0000000000        0.0000000000        0.0000000000
     2853.0000000000        0.0000000000        0.0000000000
     2854.0000000000        0.0000000000        0.0000000000
     2855.0000000000        0.0000000000        0.0000000000
     2856.0000000000        0.0000000000        0.0000000000
     2857.0000000000        0.0000000000        0.0000000000
     2858.0000000000        0.0000000000        0.0000000000
     2859.0000000000        0.0000000000        0.0000000000
     2860.0000000000        0.0000000000        0.0000000000
     2861.0000000000        0.0000000000        0.0000000000
     2862.0000000000        0.0000000000        0.0000000000
     2863.0000000000        0.0000000000        0.0000000000
     2864.0000000000        0.0000000000        0.0000000000
     2865.0000000000        0.0000000000        0.0000000000
     2866.0000000000        0.0000000000        0.0000000000
     2867.0000000000        0.0000000000        0.0000000000
     2868.0000000000        0.0000000000        0.0000000000
     2869.0000000000        0.0000000000        0.0000000000
     2870.0000000000        0.0000000000        0.0000000000
     2871.0000000000        0.0000000000        0.0000000000
     2872.0000000000        0.0000000000        0.0000000000
     2873.0000000000        0.0000000000        0.0000000000
     2874.0000000000        0.0000000000        0.0000000000
     2875.0000000000        0.0000000000        0.0000000000
     2876.0000000000        0.0000000000        0.0000000000
     2877.0000000000        0.0000000000        0.0000000000
     2878.0000000000        0.0000000000        0.0000000000
     2879.0000000000        0.0000000000        0.0000000000
     2880.0000000000        0.0000000000        0.0000000000
     2881.0000000000        0.0000000000        0.0000000000
     2882.0000000000        0.0000000000        0.0000000000
     2883.0000000000        0.0000000000        0.0000000000
     2884.0000000000        0.0000000000        0.0000000000
     2885.0000000000        0.0000000000        0.0000000000
     2886.0000000000        0.0000000000        0.0000000000
     2887.0000000000        0.0000000000        0.0000000000
     2888.0000000000        0.0000000000        0.0000000000
     2889.0000000000        0.0000000000        0.0000000000
     2890.0000000000        0.0000000000        0.0000000000
     2891.0000000000        0.0000000000        0.0000000000
     2892.0000000000        0.0000000000        0.0000000000
     2893.0000000000        0.0000000000        0.0000000000
     2894.0000000000        0.0000000000        0.0000000000
     2895.0000000000        0.0000000000        0.0000000000
     2896.0000000000        0.0000000000        0.0000000000
     2897.0000000000        0.0000000000        0.0000000000
     2898.0000000000        0.0000000000        0.0000000000
     2899.0000000000        0.0000000000        0.0000000000
     2900.0000000000        0.0000000000        0.0000000000
     2901.0000000000        0.0000000000        0.0000000000
     2902.0000000000        0.0000000000        0.0000000000
     2903.0000000000        0.0000000000        0.0000000000
     2904.0000000000        0.0000000000        0.0000000000
     2905.0000000000        0.0000000000        0.0000000000
     2906.0000000000        0.0000000000        0.0000000000
     2907.0000000000        0.0000000000        0.0000000000
     2908.0000000000        0.0000000000        0.0000000000
     2909.0000000000        0.0000000000        0.0000000000
     2910.0000000000        0.0000000000        0.0000000000
     2911.0000000000        0.0000000000        0.0000000000
     2912.0000000000        0.0000000000        0.0000000000
     2913.0000000000        0.0000000000        0.0000000000
     2914.0000000000        0.0000000000        0.0000000000
     2915.0000000000        0.0000000000        0.0000000000
     2916.0000000000        0.0000000000        0.0000000000
     2917.0000000000        0.0000000000        0.0000000000
     2918.0000000000        0.0000000000        0.0000000000
     2919.0000000000        0.0000000000        0.0000000000
     2920.0000000000        0.0000000000        0.0000000000
     2921.0000000000        0.0000000000        0.0000000000
     2922.0000000000        0.0000000000        0.0000000000
     2923.0000000000        0.0000000000        0.0000000000
     2924.0000000000        0.0000000000        0.0000000000
     2925.0000000000        0.0000000000        0.0000000000
     2926.0000000000        0.0000000000        0.0000000000
     2927.0000000000        0.0000000000        0.0000000000
     2928.0000000000        0.0000000000        0.0000000000
     2929.0000000000        0.0000000000        0.0000000000
     2930.0000000000        0.0000000000        0.0000000000
     2931.0000000000        0.0000000000        0.0000000000
     2932.0000000000        0.0000000000        0.0000000000
     2933.0000000000        0.0000000000        0.0000000000
     2934.0000000000        0.0000000000        0.0000000000
     2935.0000000000        0.0000000000        0.0000000000
     2936.0000000000        0.0000000000        0.0000000000
     2937.0000000000        0.0000000000        0.0000000000
     2938.0000000000        0.0000000000        0.0000000000
     2939.0000000000        0.0000000000        0.0000000000
     2940.0000000000        0.0000000000        0.0000000000
     2941.0000000000        0.0000000000        0.0000000000
     2942.0000000000        0.0000000000        0.0000000000
     2943.0000000000        0.0000000000        0.0000000000
     2944.0000000000        0.0000000000        0.0000000000
     2945.0000000000        0.0000000000        0.0000000000
     2946.0000000000        0.0000000000        0.0000000000
     2947.0000000000        0.0000000000        0.0000000000
     2948.0000000000        0.0000000000        0.0000000000
     2949.0000000000        0.0000000000        0.0000000000
     2950.0000000000        0.0000000000        0.0000000000
     2951.0000000000        0.0000000000        0.0000000000
     2952.0000000000        0.0000000000        0.0000000000
     2953.0000000000        0.0000000000        0.0000000000
     2954.0000000000        0.0000000000        0.0000000000
     2955.0000000000        0.0000000000        0.0000000000
     2956.0000000000        0.0000000000        0.0000000000
     2957.0000000000        0.0000000000        0.0000000000
     2958.0000000000        0.0000000000        0.0000000000
     2959.0000000000        0.0000000000        0.0000000000
     2960.0000000000        0.0000000000        0.0000000000
     2961.0000000000        0.0000000000        0.0000000000
     2962.0000000000        0.0000000000        0.0000000000
     2963.0000000000        0.0000000000        0.0000000000
     2964.0000000000        0.0000000000        0.0000000000
     2965.0000000000        0.0000000000        0.0000000000
     2966.0000000000        0.0000000000        0.0000000000
     2967.0000000000        0.0000000000        0.0000000000
     2968.0000000000        0.0000000000        0.0000000000
     2969.0000000000        0.0000000000        0.0000000000
     2970.0000000000        0.0000000000        0.0000000000
     2971.0000000000        0.0000000000        0.0000000000
     2972.0000000000        0.0000000000        0.0000000000
     2973.0000000000        0.0000000000        0.0000000000
     2974.0000000000        0.0000000000        0.0000000000
     2975.0000000000        0.0000000000        0.0000000000
     2976.0000000000        0.0000000000        0.0000000000
     2977.0000000000        0.0000000000        0.0000000000
     2978.0000000000        0.0000000000        0.0000000000
     2979.0000000000        0.0000000000        0.0000000000
     2980.0000000000        0.0000000000        0.0000000000
     2981.0000000000        0.0000000000        0.0000000000
     2982.0000000000        0.0000000000        0.0000000000
     2983.0000000000        0.0000000000        0.0000000000
     2984.0000000000        0.0000000000        0.0000000000
     2985.0000000000        0.0000000000        0.0000000000
     2986.0000000000        0.0000000000        0.0000000000
     2987.0000000000        0.0000000000        0.0000000000
     2988.0000000000        0.0000000000        0.0000000000
     2989.0000000000        0.0000000000        0.0000000000
     2990.0000000000        0.0000000000        0.0000000000
     2991.0000000000        0.0000000000        0.0000000000
     2992.0000000000        0.0000000000        0.0000000000
     2993.0000000000        0.0000000000        0.0000000000
     2994.0000000000        0.0000000000        0.0000000000
     2995.0000000000        0.0000000000        0.0000000000
     2996.0000000000        0.0000000000        0.0000000000
     2997.0000000000        0.0000000000        0.0000000000
     2998.0000000000        0.0000000000        0.0000000000
     2999.0000000000        0.0000000000        0.0000000000
     3000.0000000000        0.0000000000        0.0000000000
     3001.0000000000        0.0000000000        0.0000000000
     3002.0000000000        0.0000000000        0.0000000000
     3003.0000000000        0.0000000000        0.0000000000
     3004.0000000000        0.0000000000        0.0000000000
     3005.0000000000        0.0000000000        0.0000000000
     3006.0000000000        0.0000000000        0.0000000000
     3007.0000000000        0.0000000000        0.0000000000
     3008.0000000000        0.0000000000        0.0000000000
     3009.0000000000        0.0000000000        0.0000000000
     3010.0000000000        0.0000000000        0.0000000000
     3011.0000000000        0.0000000000        0.0000000000
     3012.0000000000        0.0000000000        0.0000000000
     3013.0000000000        0.0000000000        0.0000000000
     3014.0000000000        0.0000000000        0.0000000000
     3015.0000000000        0.0000000000        0.0000000000
     3016.0000000000        0.0000000000        0.0000000000
     3017.0000000000        0.0000000000        0.0000000000
     3018.0000000000        0.0000000000        0.0000000000
     3019.0000000000        0.0000000000        0.0000000000
     3020.0000000000        0.0000000000        0.0000000000
     3021.0000000000        0.0000000000        0.0000000000
     3022.0000000000        0.0000000000        0.0000000000
     3023.0000000000        0.0000000000        0.0000000000
     3024.0000000000        0.0000000000        0.0000000000
     3025.0000000000        0.0000000000        0.0000000000
     3026.0000000000        0.0000000000        0.0000000000
     3027.0000000000        0.0000000000        0.0000000000
     3028.0000000000        0.0000000000        0.0000000000
     3029.0000000000        0.0000000000        0.0000000000
     3030.0000000000        0.0000000000        0.0000000000
     3031.0000000000        0.0000000000        0.0000000000
     3032.0000000000        0.0000000000        0.0000000000
     3033.0000000000        0.0000000000        0.0000000000
     3034.0000000000        0.0000000000        0.0000000000
     3035.0000000000        0.0000000000        0.0000000000
     3036.0000000000        0.0000000000        0.0000000000
     3037.0000000000        0.0000000000        0.0000000000
     3038.0000000000        0.0000000000        0.0000000000
     3039.0000000000        0.0000000000        0.0000000000
     3040.0000000000        0.0000000000        0.0000000000
     3041.0000000000        0.0000000000        0.0000000000
     3042.0000000000        0.0000000000        0.0000000000
     3043.0000000000        0.0000000000        0.0000000000
     3044.0000000000        0.0000000000        0.0000000000
     3045.0000000000        0.0000000000        0.0000000000
     3046.0000000000        0.0000000000        0.0000000000
     3047.0000000000        0.0000000000        0.0000000000
     3048.0000000000        0.0000000000        0.0000000000
     3049.0000000000        0.0000000000        0.0000000000
     3050.0000000000        0.0000000000        0.0000000000
     3051.0000000000        0.0000000000        0.0000000000
     3052.0000000000        0.0000000000        0.0000000000
     3053.0000000000        0.0000000000        0.0000000000
     3054.0000000000        0.0000000000        0.0000000000
     3055.0000000000        0.0000000000        0.0000000000
     3056.0000000000        0.0000000000        0.0000000000
     3057.0000000000        0.0000000000        0.0000000000
     3058.0000000000        0.0000000000        0.0000000000
     3059.0000000000        0.0000000000        0.0000000000
     3060.0000000000        0.0000000000        0.0000000000
     3061.0000000000        0.0000000000        0.0000000000
     3062.0000000000        0.0000000000        0.0000000000
     3063.0000000000        0.0000000000        0.0000000000
     3064.0000000000        0.0000000000        0.0000000000
     3065.0000000000        0.0000000000        0.0000000000
     3066.0000000000        0.0000000000        0.0000000000
     3067.0000000000        0.0000000000        0.0000000000
     3068.0000000000        0.0000000000        0.0000000000
     3069.0000000000        0.0000000000        0.0000000000
     3070.0000000000        0.0000000000        0.0000000000
     3071.0000000000        0.0000000000        0.0000000000
     3072.0000000000        0.0000000000        0.0000000000
     3073.0000000000        0.0000000000        0.0000000000
     3074.0000000000        0.0000000000        0.0000000000
     3075.0000000000        0.0000000000        0.0000000000
     3076.0000000000        0.0000000000        0.0000000000
     3077.0000000000        0.0000000000        0.0000000000
     3078.0000000000        0.0000000000        0.0000000000
     3079.0000000000        0.0000000000        0.0000000000
     3080.0000000000        0.0000000000        0.0000000000
     3081.0000000000        0.0000000000        0.0000000000
     3082.0000000000        0.0000000000        0.0000000000
     3083.0000000000        0.0000000000        0.0000000000
     3084.0000000000        0.0000000000        0.0000000000
     3085.0000000000        0.0000000000        0.0000000000
     3086.0000000000        0.0000000000        0.0000000000
     3087.0000000000        0.0000000000        0.0000000000
     3088.0000000000        0.0000000000        0.0000000000
     3089.0000000000        0.0000000000        0.0000000000
     3090.0000000000        0.0000000000        0.0000000000
     3091.0000000000        0.0000000000        0.0000000000
     3092.0000000000        0.0000000000        0.0000000000
     3093.0000000000        0.0000000000        0.0000000000
     3094.0000000000        0.0000000000        0.0000000000
     3095.0000000000        0.0000000000        0.0000000000
     3096.0000000000        0.0000000000        0.0000000000
     3097.0000000000        0.0000000000        0.0000000000
     3098.0000000000        0.0000000000        0.0000000000
     3099.0000000000        0.0000000000        0.0000000000
     3100.0000000000        0.0000000000        0.0000000000
     3101.0000000000        0.0000000000        0.0000000000
     3102.0000000000        0.0000000000        0.0000000000
     3103.0000000000        0.0000000000        0.0000000000
     3104.0000000000        0.0000000000        0.0000000000
     3105.0000000000        0.0000000000        0.0000000000
     3106.0000000000        0.0000000000        0.0000000000
     3107.0000000000        0.0000000000        0.0000000000
     3108.0000000000        0.0000000000        0.0000000000
     3109.0000000000        0.0000000000        0.0000000000
     3110.0000000000        0.0000000000        0.0000000000
     3111.0000000000        0.0000000000        0.0000000000
     3112.0000000000        0.0000000000        0.0000000000
     3113.0000000000        0.0000000000        0.0000000000
     3114.0000000000        0.0000000000        0.0000000000
     3115.0000000000        0.0000000000        0.0000000000
     3116.0000000000        0.0000000000        0.0000000000
     3117.0000000000        0.0000000000        0.0000000000
     3118.0000000000        0.0000000000        0.0000000000
     3119.0000000000        0.0000000000        0.0000000000
     3120.0000000000        0.0000000000        0.0000000000
     3121.0000000000        0.0000000000        0.0000000000
     3122.0000000000        0.0000000000        0.0000000000
     3123.0000000000        0.0000000000        0.0000000000
     3124.0000000000        0.0000000000        0.0000000000
     3125.0000000000        0.0000000000        0.0000000000
     3126.0000000000        0.0000000000        0.0000000000
     3127.0000000000        0.0000000000        0.0000000000
     3128.0000000000        0.0000000000        0.0000000000
     3129.0000000000        0.0000000000        0.0000000000
     3130.0000000000        0.0000000000        0.0000000000
     3131.0000000000        0.0000000000        0.0000000000
     3132.0000000000        0.0000000000        0.0000000000
     3133.0000000000        0.0000000000        0.0000000000
     3134.0000000000        0.0000000000        0.0000000000
     3135.0000000000        0.0000000000        0.0000000000
     3136.0000000000        0.0000000000        0.0000000000
     3137.0000000000        0.0000000000        0.0000000000
     3138.0000000000        0.0000000000        0.0000000000
     3139.0000000000        0.0000000000        0.0000000000
     3140.0000000000        0.0000000000        0.0000000000
     3141.0000000000        0.0000000000        0.0000000000
     3142.0000000000        0.0000000000        0.0000000000
     3143.0000000000        0.0000000000        0.0000000000
     3144.0000000000        0.0000000000        0.0000000000
     3145.0000000000        0.0000000000        0.0000000000
     3146.0000000000        0.0000000000        0.0000000000
     3147.0000000000        0.0000000000        0.0000000000
     3148.0000000000        0.0000000000        0.0000000000
     3149.0000000000        0.0000000000        0.0000000000
     3150.0000000000        0.0025616850        0.0000320245
     3151.0000000000        0.0025940122        0.0000326324
     3152.0000000000        0.0026269550        0.0000332559
     3153.0000000000        0.0026605293        0.0000338953
     3154.0000000000        0.0026947512        0.0000345513
     3155.0000000000        0.0027296375        0.0000352242
     3156.0000000000        0.0027652056        0.0000359148
     3157.0000000000        0.0028014732        0.0000366235
     3158.0000000000        0.0028384589        0.0000373510
     3159.0000000000        0.0028761817        0.0000380979
     3160.0000000000        0.0029146613        0.0000388648
     3161.0000000000        0.0029539182        0.0000396524
     3162.0000000000        0.0029939733        0.0000404615
     3163.0000000000        0.0030348486        0.0000412927
     3164.0000000000        0.0030765664        0.0000421469
     3165.0000000000        0.0031191502        0.0000430247
     3166.0000000000        0.0031626240        0.0000439271
     3167.0000000000        0.0032070129        0.0000448549
     3168.0000000000        0.0032523426        0.0000458090
     3169.0000000000        0.0032986400        0.0000467904
     3170.0000000000        0.0033459327        0.0000477999
     3171.0000000000        0.0033942496        0.0000488388
     3172.0000000000        0.0034436203        0.0000499079
     3173.0000000000        0.0034940758        0.0000510084
     3174.0000000000        0.0035456481        0.0000521416
     3175.0000000000        0.0035983703        0.0000533085
     3176.0000000000        0.0036522769        0.0000545106
     3177.0000000000        0.0037074036        0.0000557490
     3178.0000000000        0.0037637875        0.0000570252
     3179.0000000000        0.0038214671        0.0000583407
     3180.0000000000        0.0038804824        0.0000596969
     3181.0000000000        0.0039408750        0.0000610955
     3182.0000000000        0.0040026880        0.0000625380
     3183.0000000000        0.0040659663        0.0000640264
     3184.0000000000        0.0041307566        0.0000655623
     3185.0000000000        0.0041971074        0.0000671477
     3186.0000000000        0.0042650693        0.0000687847
     3187.0000000000        0.0043346947        0.0000704753
     3188.0000000000        0.0044060384        0.0000722217
     3189.0000000000        0.0044791574        0.0000740263
     3190.0000000000        0.0045541111        0.0000758914
     3191.0000000000        0.0046309614        0.0000778198
     3192.0000000000        0.0047097727        0.0000798140
     3193.0000000000        0.0047906123        0.0000818769
     3194.0000000000        0.0048735503        0.0000840115
     3195.0000000000        0.0049586601        0.0000862209
     3196.0000000000        0.0050460181        0.0000885084
     3197.0000000000        0.0051357041        0.0000908775
     3198.0000000000        0.0052278016        0.0000933319
     3199.0000000000        0.0053223977        0.0000958755
     3200.0000000000        0.0054195836        0.0000985123
     3201.0000000000        0.0055194547        0.0001012466
     3202.0000000000        0.0056221108        0.0001040830
     3203.0000000000        0.0057276563        0.0001070263
     3204.0000000000        0.0058362007        0.0001100816
     3205.0000000000        0.0059478586        0.0001132542
     3206.0000000000        0.0060627501        0.0001165499
     3207.0000000000        0.0061810013        0.0001199746
     3208.0000000000        0.0063027444        0.0001235347
     3209.0000000000        0.0064281182        0.0001272371
     3210.0000000000        0.0065572683        0.0001310888
     3211.0000000000        0.0066903480        0.0001350974
     3212.0000000000        0.0068275181        0.0001392711
     3213.0000000000        0.0069689480        0.0001436184
     3214.0000000000        0.0071148157        0.0001481484
     3215.0000000000        0.0072653089        0.0001528708
     3216.0000000000        0.0074206249        0.0001577960
     3217.0000000000        0.0075809720        0.0001629348
     3218.0000000000        0.0077465697        0.0001682992
     3219.0000000000        0.0079176497        0.0001739014
     3220.0000000000        0.0080944563        0.0001797550
     3221.0000000000        0.0082772481        0.0001858740
     3222.0000000000        0.0084662978        0.0001922737
     3223.0000000000        0.0086618945        0.0001989704
     3224.0000000000        0.0088643435        0.0002059815
     3225.0000000000        0.0090739685        0.0002133257
     3226.0000000000        0.0092911126        0.0002210229
     3227.0000000000        0.0095161392        0.0002290947
     3228.0000000000        0.0097494344        0.0002375639
     3229.0000000000        0.0111179072        0.0002605760
     3230.0000000000        0.0113832487        0.0002701853
     3231.0000000000        0.0116584393        0.0002802791
     3232.0000000000        0.0119439788        0.0002908885
     3233.0000000000        0.0122403993        0.0003020470
     3234.0000000000        0.0125482679        0.0003137909
     3235.0000000000        0.0128681892        0.0003261592
     3236.0000000000        0.0132008084        0.0003391943
     3237.0000000000        0.0135468152        0.0003529419
     3238.0000000000        0.0139069463        0.0003674518
     3239.0000000000        0.0142819907        0.0003827778
     3240.0000000000        0.0146727933        0.0003989783
     3241.0000000000        0.0150802599        0.0004161170
     3242.0000000000        0.0155053630        0.0004342632
     3243.0000000000        0.0159491472        0.0004534923
     3244.0000000000        0.0164127359        0.0004738867
     3245.0000000000        0.0168973390        0.0004955366
     3246.0000000000        0.0174042603        0.0005185404
     3247.0000000000        0.0179349070        0.0005430061
     3248.0000000000        0.0184907993        0.0005690523
     3249.0000000000        0.0190735817        0.0005968092
     3250.0000000000        0.0196850355        0.0006264201
     3251.0000000000        0.0203270923        0.0006580430
     3252.0000000000        0.0210018500        0.0006918523
     3253.0000000000        0.0217115899        0.0007280411
     3254.0000000000        0.0224587964        0.0007668231
     3255.0000000000        0.0232461792        0.0008084354
     3256.0000000000        0.0240766983        0.0008531419
     3257.0000000000        0.0249535920        0.0009012363
     3258.0000000000        0.0258804090        0.0009530464
     3259.0000000000        0.0268610452        0.0010089391
     3260.0000000000        0.0278997846        0.0010693254
     3261.0000000000        0.0290013470        0.0011346668
     3262.0000000000        0.0301709423        0.0012054830
     3263.0000000000        0.0314143326        0.0012823605
     3264.0000000000        0.0327379039        0.0013659626
     3265.0000000000        0.0341487490        0.0014570416
     3266.0000000000        0.0356547632        0.0015564529
     3267.0000000000        0.0372647558        0.0016651719
     3268.0000000000        0.0389885795        0.0017843138
     3269.0000000000        0.0408372820        0.0019151579
     3270.0000000000        0.0428232842        0.0020591763
     3271.0000000000        0.0449605893        0.0022180679
     3272.0000000000        0.0472650303        0.0023938011
     3273.0000000000        0.0497545638        0.0025886640
     3274.0000000000        0.0524496198        0.0028053268
     3275.0000000000        0.0553735206        0.0030469178
     3276.0000000000        0.0585529842        0.0033171174
     3277.0000000000        0.0620187324        0.0036202748
     3278.0000000000        0.0658062297        0.0039615528
     3279.0000000000        0.0699565843        0.0043471103
     3280.0000000000        0.0745176549        0.0047843322
     3281.0000000000        0.0795454170        0.0052821219
     3282.0000000000        0.0851056603        0.0058512750
     3283.0000000000        0.0912761119        0.0065049620
     3284.0000000000        0.0981491105        0.0072593539
     3285.0000000000        0.1058349981        0.0081344432
     3286.0000000000        0.1144664586        0.0091551273
     3287.0000000000        0.1242041090        0.0103526536
     3288.0000000000        0.1352437735        0.0117665638
     3289.0000000000        0.1478260312        0.0134473382
     3290.0000000000        0.1622488736        0.0154600297
     3291.0000000000        0.1788846613        0.0178893125
     3292.0000000000        0.1982030906        0.0208465816
     3293.0000000000        0.2208026632        0.0244800533
     3294.0000000000        0.2474543332        0.0289893136
     3295.0000000000        0.2791628088        0.0346465323
     3296.0000000000        0.3172537566        0.0418277538
     3297.0000000000        0.3634994302        0.0510595298
     3298.0000000000        0.4203017992        0.0630889090
     3299.0000000000        0.4909620888        0.0789885993
     3300.0000000000        0.5800795690        0.1003132234
     3301.0000000000        0.6941392067        0.1293229464
     3302.0000000000        0.8423574929        0.1692718176
     3303.0000000000        1.0378180680        0.2246680154
     3304.0000000000        1.2987069091        0.3010926954
     3305.0000000000        1.6486383120        0.4031859991
     3306.0000000000        2.1126071707        0.5269699935
     3307.0000000000        2.6994839196        0.6393197720
     3308.0000000000        3.3567799712        0.6460320043
     3309.0000000000        3.9095023243        0.4110977185
     3310.0000000000        4.0964090151       -0.0596728211
     3311.0000000000        3.8037807318       -0.4919433431
     3312.0000000000        3.2040520772       -0.6612072327
     3313.0000000000        2.5530459778       -0.6175600941
     3314.0000000000        1.9937702417       -0.4968091544
     3315.0000000000        1.5586037439       -0.3766974064
     3316.0000000000        1.2320823226       -0.2807816533
     3317.0000000000        0.9886803186       -0.2097894282
     3318.0000000000        0.8059468805       -0.1584767438
     3319.0000000000        0.6669834317       -0.1214386085
     3320.0000000000        0.5597260290       -0.0944724357
     3321.0000000000        0.4756894448       -0.0745842164
     3322.0000000000        0.4088957581       -0.0597027624
     3323.0000000000        0.3550946450       -0.0484035361
     3324.0000000000        0.3112260854       -0.0397018303
     3325.0000000000        0.2750565396       -0.0329100502
     3326.0000000000        0.2449328896       -0.0275420694
     3327.0000000000        0.2196149366       -0.0232496077
     3328.0000000000        0.1981601911       -0.0197797889
     3329.0000000000        0.1798436694       -0.0169465970
     3330.0000000000        0.1641013477       -0.0146114747
     3331.0000000000        0.1504897833       -0.0126699794
     3332.0000000000        0.1386569203       -0.0110424917
     3333.0000000000        0.1283207284       -0.0096676667
     3334.0000000000        0.1192533927       -0.0084977618
     3335.0000000000        0.1112694872       -0.0074952660
     3336.0000000000        0.1042170366       -0.0066304393
     3337.0000000000        0.0979706973       -0.0058794989
     3338.0000000000        0.0924265089       -0.0052232670
     3339.0000000000        0.0874978214       -0.0046461539
     3340.0000000000        0.0831121108       -0.0041353853
     3341.0000000000        0.0792084724       -0.0036804102
     3342.0000000000        0.0757356367       -0.0032724428
     3343.0000000000        0.0726503895       -0.0029041047
     3344.0000000000        0.0699163116       -0.0025691436
     3345.0000000000        0.0675027684       -0.0022622083
     3346.0000000000        0.0653841029       -0.0019786684
     3347.0000000000        0.0635389904       -0.0017144671
     3348.0000000000        0.0619499282       -0.0014659989
     3349.0000000000        0.0606028367       -0.0012300070
     3350.0000000000        0.0594867567       -0.0010034937
     3351.0000000000        0.0585936298       -0.0007836422
     3352.0000000000        0.0579181552       -0.0005677430
     3353.0000000000        0.0574577166       -0.0003531246
     3354.0000000000        0.0572123790       -0.0001370841
     3355.0000000000        0.0571849560        0.0000831853
     3356.0000000000        0.0573811529        0.0003106736
     3357.0000000000        0.0578097927        0.0005486428
     3358.0000000000        0.0584831393        0.0008007310
     3359.0000000000        0.0594173336        0.0010710777
     3360.0000000000        0.0606329696        0.0013644773
     3361.0000000000        0.0621558407        0.0016865707
     3362.0000000000        0.0640179040        0.0020440897
     3363.0000000000        0.0662585211        0.0024451715
     3364.0000000000        0.0689260593        0.0028997680
     3365.0000000000        0.0720799641        0.0034201870
     3366.0000000000        0.0757934579        0.0040218135
     3367.0000000000        0.0801570794        0.0047240822
     3368.0000000000        0.0852833612        0.0055518048
     3369.0000000000        0.0913130725        0.0065369993
     3370.0000000000        0.0984236303        0.0077214447
     3371.0000000000        0.1068405585        0.0091602884
     3372.0000000000        0.1168532803        0.0109272049
     3373.0000000000        0.1288371459        0.0131218652
     3374.0000000000        0.1432845486        0.0158808803
     3375.0000000000        0.1608494369        0.0193940199
     3376.0000000000        0.1824117822        0.0239284655
     3377.0000000000        0.2091719815        0.0298652660
     3378.0000000000        0.2427902258        0.0377539621
     3379.0000000000        0.2855926650        0.0483928259
     3380.0000000000        0.3408731814        0.0629400783
     3381.0000000000        0.4133185539        0.0830442886
     3382.0000000000        0.5095455659        0.1109128307
     3383.0000000000        0.6385637665        0.1490071754
     3384.0000000000        0.8113907213        0.1983995472
     3385.0000000000        1.0374443200        0.2534330595
     3386.0000000000        1.3123925069        0.2897386007
     3387.0000000000        1.5929178487        0.2538224657
     3388.0000000000        1.7790881122        0.0990395722
     3389.0000000000        1.7690755818       -0.1178658703
     3390.0000000000        1.5689340926       -0.2621942780
     3391.0000000000        1.2850566737       -0.2889954684
     3392.0000000000        1.0129846524       -0.2492396342
     3393.0000000000        0.7913327043       -0.1941113636
     3394.0000000000        0.6223480453       -0.1456703969
     3395.0000000000        0.4961487004       -0.1085872704
     3396.0000000000        0.4018243987       -0.0815258209
     3397.0000000000        0.3305861313       -0.0620116070
     3398.0000000000        0.2760120214       -0.0478845488
     3399.0000000000        0.2335598760       -0.0375450245
     3400.0000000000        0.2000368154       -0.0298724810
     3401.0000000000        0.1731858110       -0.0240951280
     3402.0000000000        0.1513937674       -0.0196814742
     3403.0000000000        0.1334924374       -0.0162626926
     3404.0000000000        0.1186238623       -0.0135799190
     3405.0000000000        0.1061491728       -0.0114491097
     3406.0000000000        0.0955862487       -0.0097376563
     3407.0000000000        0.0865666242       -0.0083487384
     3408.0000000000        0.0788053241       -0.0072107550
     3409.0000000000        0.0720794790       -0.0062701051
     3410.0000000000        0.0662129713       -0.0054861962
     3411.0000000000        0.0610652758       -0.0048279513
     3412.0000000000        0.0565232511       -0.0042713331
     3413.0000000000        0.0524950348       -0.0037975708
     3414.0000000000        0.0489054548       -0.0033918729
     3415.0000000000        0.0456925446       -0.0030424854
     3416.0000000000        0.0428048722       -0.0027399933
     3417.0000000000        0.0401994744       -0.0024767989
     3418.0000000000        0.0378402457       -0.0022467277
     3419.0000000000        0.0356966713       -0.0020447289
     3420.0000000000        0.0337428241       -0.0018666449
     3421.0000000000        0.0319565639       -0.0017090331
     3422.0000000000        0.0303188945       -0.0015690274
     3423.0000000000        0.0288134443       -0.0014442288
     3424.0000000000        0.0274260440       -0.0013326194
     3425.0000000000        0.0261443803       -0.0012324940
     3426.0000000000        0.0249577130       -0.0011424047
     3427.0000000000        0.0238566390       -0.0010611172
     3428.0000000000        0.0228328983       -0.0009875752
     3429.0000000000        0.0218792108       -0.0009208706
     3430.0000000000        0.0209891401       -0.0008602205
     3431.0000000000        0.0201569786       -0.0008049471
     3432.0000000000        0.0193776507       -0.0007544618
     3433.0000000000        0.0186466306       -0.0007082519
     3434.0000000000        0.0179598719       -0.0006658691
     3435.0000000000        0.0173137480       -0.0006269209
     3436.0000000000        0.0167050008       -0.0005910619
     3437.0000000000        0.0161306963       -0.0005579878
     3438.0000000000        0.0155881868       -0.0005274299
     3439.0000000000        0.0150750776       -0.0004991498
     3440.0000000000        0.0145891987       -0.0004729361
     3441.0000000000        0.0141285796       -0.0004486005
     3442.0000000000        0.0136914279       -0.0004259751
     3443.0000000000        0.0132761096       -0.0004049097
     3444.0000000000        0.0128811333       -0.0003852700
     3445.0000000000        0.0125051349       -0.0003669350
     3446.0000000000        0.0121468647       -0.0003497962
     3447.0000000000        0.0118051764       -0.0003337559
     3448.0000000000        0.0114790163       -0.0003187257
     3449.0000000000        0.0111674151       -0.0003046256
     3450.0000000000        0.0108694792       -0.0002913834
     3451.0000000000        0.0105843842       -0.0002789335
     3452.0000000000        0.0103113681       -0.0002672161
     3453.0000000000        0.0100497260       -0.0002561770
     3454.0000000000        0.0097988045       -0.0002457667
     3455.0000000000        0.0095579980       -0.0002359401
     3456.0000000000        0.0093267436       -0.0002266558
     3457.0000000000        0.0091045183       -0.0002178760
     3458.0000000000        0.0088908350       -0.0002095661
     3459.0000000000        0.0086852401       -0.0002016943
     3460.0000000000        0.0084873101       -0.0001942314
     3461.0000000000        0.0082966500       -0.0001871505
     3462.0000000000        0.0081128901       -0.0001804268
     3463.0000000000        0.0079356850       -0.0001740375
     3464.0000000000        0.0077647108       -0.0001679614
     3465.0000000000        0.0075996642       -0.0001621792
     3466.0000000000        0.0074402604       -0.0001566728
     3467.0000000000        0.0072862322       -0.0001514255
     3468.0000000000        0.0071373283       -0.0001464217
     3469.0000000000        0.0069933123       -0.0001416472
     3470.0000000000        0.0042997542       -0.0001052042
     3471.0000000000        0.0041964480       -0.0001014385
     3472.0000000000        0.0040968180       -0.0000978503
     3473.0000000000        0.0040006917       -0.0000944293
     3474.0000000000        0.0039079069       -0.0000911657
     3475.0000000000        0.0038183107       -0.0000880507
     3476.0000000000        0.0037317587       -0.0000850760
     3477.0000000000        0.0036481146       -0.0000822336
     3478.0000000000        0.0035672497       -0.0000795164
     3479.0000000000        0.0034890423       -0.0000769176
     3480.0000000000        0.0034133773       -0.0000744306
     3481.0000000000        0.0033401457       -0.0000720497
     3482.0000000000        0.0032692444       -0.0000697692
     3483.0000000000        0.0032005755       -0.0000675839
     3484.0000000000        0.0031340465       -0.0000654889
     3485.0000000000        0.0030695692       -0.0000634795
     3486.0000000000        0.0030070604       -0.0000615514
     3487.0000000000        0.0029464407       -0.0000597006
     3488.0000000000        0.0028876348       -0.0000579232
     3489.0000000000        0.0028305710       -0.0000562156
     3490.0000000000        0.0027751814       -0.0000545745
     3491.0000000000        0.0027214009       -0.0000529966
     3492.0000000000        0.0026691680       -0.0000514789
     3493.0000000000        0.0026184239       -0.0000500186
     3494.0000000000        0.0025691126       -0.0000486130
     3495.0000000000        0.0025211805       -0.0000472595
     3496.0000000000        0.0024745769       -0.0000459558
     3497.0000000000        0.0024292530       -0.0000446996
     3498.0000000000        0.0023851625       -0.0000434888
     3499.0000000000        0.0023422610       -0.0000423212
     3500.0000000000        0.0023005062       -0.0000411951
     3501.0000000000        0.0022598576       -0.0000401086
     3502.0000000000        0.0022202765       -0.0000390599
     3503.0000000000        0.0021817258       -0.0000380474
     3504.0000000000        0.0021441701       -0.0000370696
     3505.0000000000        0.0021075755       -0.0000361251
     3506.0000000000        0.0020719094       -0.0000352123
     3507.0000000000        0.0020371407       -0.0000343300
     3508.0000000000        0.0020032396       -0.0000334770
     3509.0000000000        0.0019701775       -0.0000326519
     3510.0000000000        0.0019379268       -0.0000318537
     3511.0000000000        0.0019064614       -0.0000310814
     3512.0000000000        0.0018757558       -0.0000303338
     3513.0000000000        0.0018457859       -0.0000296099
     3514.0000000000        0.0018165283       -0.0000289090
     3515.0000000000        0.0017879607       -0.0000282299
     3516.0000000000        0.0017600615       -0.0000275720
     3517.0000000000        0.0017328100       -0.0000269343
     3518.0000000000        0.0017061864       -0.0000263161
     3519.0000000000        0.0016801714       -0.0000257168
     3520.0000000000        0.0016547468       -0.0000251354
     3521.0000000000        0.0016298948       -0.0000245715
     3522.0000000000        0.0016055983       -0.0000240243
     3523.0000000000        0.0015818409       -0.0000234932
     3524.0000000000        0.0015586068       -0.0000229776
     3525.0000000000        0.0015358806       -0.0000224771
     3526.0000000000        0.0015136478       -0.0000219909
     3527.0000000000        0.0014918942       -0.0000215187
     3528.0000000000        0.0014706060       -0.0000210599
     3529.0000000000        0.0014497701       -0.0000206140
     3530.0000000000        0.0014293738       -0.0000201806
     3531.0000000000        0.0014094048       -0.0000197593
     3532.0000000000        0.0013898513       -0.0000193497
     3533.0000000000        0.0013707017       -0.0000189512
     3534.0000000000        0.0013519452       -0.0000185637
     3535.0000000000        0.0013335709       -0.0000181866
     3536.0000000000        0.0013155686       -0.0000178197
     3537.0000000000        0.0012979282       -0.0000174626
     3538.0000000000        0.0012806403       -0.0000171149
     3539.0000000000        0.0012636953       -0.0000167764
     3540.0000000000        0.0012470844       -0.0000164468
     3541.0000000000        0.0012307988       -0.0000161258
     3542.0000000000        0.0012148301       -0.0000158130
     3543.0000000000        0.0011991701       -0.0000155083
     3544.0000000000        0.0011838108       -0.0000152114
     3545.0000000000        0.0011687447       -0.0000149220
     3546.0000000000        0.0011539644       -0.0000146399
     3547.0000000000        0.0011394626       -0.0000143649
     3548.0000000000        0.0011252324       -0.0000140967
     3549.0000000000        0.0000000000        0.0000000000
     3550.0000000000        0.0000000000        0.0000000000
     3551.0000000000        0.0000000000        0.0000000000
     3552.0000000000        0.0000000000        0.0000000000
     3553.0000000000        0.0000000000        0.0000000000
     3554.0000000000        0.0000000000        0.0000000000
     3555.0000000000        0.0000000000        0.0000000000
     3556.0000000000        0.0000000000        0.0000000000
     3557.0000000000        0.0000000000        0.0000000000
     3558.0000000000        0.0000000000        0.0000000000
     3559.0000000000        0.0000000000        0.0000000000
     3560.0000000000        0.0000000000        0.0000000000
     3561.0000000000        0.0000000000        0.0000000000
     3562.0000000000        0.0000000000        0.0000000000
     3563.0000000000        0.0000000000        0.0000000000
     3564.0000000000        0.0000000000        0.0000000000
     3565.0000000000        0.0000000000        0.0000000000
     3566.0000000000        0.0000000000        0.0000000000
     3567.0000000000        0.0000000000        0.0000000000
     3568.0000000000        0.0000000000        0.0000000000
     3569.0000000000        0.0000000000        0.0000000000
     3570.0000000000        0.0000000000        0.0000000000
     3571.0000000000        0.0000000000        0.0000000000
     3572.0000000000        0.0000000000        0.0000000000
     3573.0000000000        0.0000000000        0.0000000000
     3574.0000000000        0.0000000000        0.0000000000
     3575.0000000000        0.0000000000        0.0000000000
     3576.0000000000        0.0000000000        0.0000000000
     3577.0000000000        0.0000000000        0.0000000000
     3578.0000000000        0.0000000000        0.0000000000
     3579.0000000000        0.0000000000        0.0000000000
     3580.0000000000        0.0000000000        0.0000000000
     3581.0000000000        0.0000000000        0.0000000000
     3582.0000000000        0.0000000000        0.0000000000
     3583.0000000000        0.0000000000        0.0000000000
     3584.0000000000        0.0000000000        0.0000000000
     3585.0000000000        0.0000000000        0.0000000000
     3586.0000000000        0.0000000000        0.0000000000
     3587.0000000000        0.0000000000        0.0000000000
     3588.0000000000        0.0000000000        0.0000000000
     3589.0000000000        0.0000000000        0.0000000000
     3590.0000000000        0.0000000000        0.0000000000
     3591.0000000000        0.0000000000        0.0000000000
     3592.0000000000        0.0000000000        0.0000000000
     3593.0000000000        0.0000000000        0.0000000000
     3594.0000000000        0.0000000000        0.0000000000
     3595.0000000000        0.0000000000        0.0000000000
     3596.0000000000        0.0000000000        0.0000000000
     3597.0000000000        0.0000000000        0.0000000000
     3598.0000000000        0.0000000000        0.0000000000
     3599.0000000000        0.0000000000        0.0000000000
     3600.0000000000        0.0000000000        0.0000000000
     3601.0000000000        0.0000000000        0.0000000000
     3602.0000000000        0.0000000000        0.0000000000
     3603.0000000000        0.0000000000        0.0000000000
     3604.0000000000        0.0000000000        0.0000000000
     3605.0000000000        0.0000000000        0.0000000000
     3606.0000000000        0.0000000000        0.0000000000
     3607.0000000000        0.0000000000        0.0000000000
     3608.0000000000        0.0000000000        0.0000000000
     3609.0000000000        0.0000000000        0.0000000000
     3610.0000000000        0.0000000000        0.0000000000
     3611.0000000000        0.0000000000        0.0000000000
     3612.0000000000        0.0000000000        0.0000000000
     3613.0000000000        0.0000000000        0.0000000000
     3614.0000000000        0.0000000000        0.0000000000
     3615.0000000000        0.0000000000        0.0000000000
     3616.0000000000        0.0000000000        0.0000000000
     3617.0000000000        0.0000000000        0.0000000000
     3618.0000000000        0.0000000000        0.0000000000
     3619.0000000000        0.0000000000        0.0000000000
     3620.0000000000        0.0000000000        0.0000000000
     3621.0000000000        0.0000000000        0.0000000000
     3622.0000000000        0.0000000000        0.0000000000
     3623.0000000000        0.0000000000        0.0000000000
     3624.0000000000        0.0000000000        0.0000000000
     3625.0000000000        0.0000000000        0.0000000000
     3626.0000000000        0.0000000000        0.0000000000
     3627.0000000000        0.0000000000        0.0000000000
     3628.0000000000        0.0000000000        0.0000000000
     3629.0000000000        0.0000000000        0.0000000000
     3630.0000000000        0.0000000000        0.0000000000
     3631.0000000000        0.0000000000        0.0000000000
     3632.0000000000        0.0000000000        0.0000000000
     3633.0000000000        0.0000000000        0.0000000000
     3634.0000000000        0.0000000000        0.0000000000
     3635.0000000000        0.0000000000        0.0000000000
     3636.0000000000        0.0000000000        0.0000000000
     3637.0000000000        0.0000000000        0.0000000000
     3638.0000000000        0.0000000000        0.0000000000
     3639.0000000000        0.0000000000        0.0000000000
     3640.0000000000        0.0000000000        0.0000000000
     3641.0000000000        0.0000000000        0.0000000000
     3642.0000000000        0.0000000000        0.0000000000
     3643.0000000000        0.0000000000        0.0000000000
     3644.0000000000        0.0000000000        0.0000000000
     3645.0000000000        0.0000000000        0.0000000000
     3646.0000000000        0.0000000000        0.0000000000
     3647.0000000000        0.0000000000        0.0000000000
     3648.0000000000        0.0000000000        0.0000000000
     3649.0000000000        0.0000000000        0.0000000000
     3650.0000000000        0.0000000000        0.0000000000
     3651.0000000000        0.0000000000        0.0000000000
     3652.0000000000        0.0000000000        0.0000000000
     3653.0000000000        0.0000000000        0.0000000000
     3654.0000000000        0.0000000000        0.0000000000
     3655.0000000000        0.0000000000        0.0000000000
     3656.0000000000        0.0000000000        0.0000000000
     3657.0000000000        0.0000000000        0.0000000000
     3658.0000000000        0.0000000000        0.0000000000
     3659.0000000000        0.0000000000        0.0000000000
     3660.0000000000        0.0000000000        0.0000000000
     3661.0000000000        0.0000000000        0.0000000000
     3662.0000000000        0.0000000000        0.0000000000
     3663.0000000000        0.0000000000        0.0000000000
     3664.0000000000        0.0000000000        0.0000000000
     3665.0000000000        0.0000000000        0.0000000000
     3666.0000000000        0.0000000000        0.0000000000
     3667.0000000000        0.0000000000        0.0000000000
     3668.0000000000        0.0000000000        0.0000000000
     3669.0000000000        0.0000000000        0.0000000000
     3670.0000000000        0.0000000000        0.0000000000
     3671.0000000000        0.0000000000        0.0000000000
     3672.0000000000        0.0000000000        0.0000000000
     3673.0000000000        0.0000000000        0.0000000000
     3674.0000000000        0.0000000000        0.0000000000
     3675.0000000000        0.0000000000        0.0000000000
     3676.0000000000        0.0000000000        0.0000000000
     3677.0000000000        0.0000000000        0.0000000000
     3678.0000000000        0.0000000000        0.0000000000
     3679.0000000000        0.0000000000        0.0000000000
     3680.0000000000        0.0000000000        0.0000000000
     3681.0000000000        0.0000000000        0.0000000000
     3682.0000000000        0.0000000000        0.0000000000
     3683.0000000000        0.0000000000        0.0000000000
     3684.0000000000        0.0000000000        0.0000000000
     3685.0000000000        0.0000000000        0.0000000000
     3686.0000000000        0.0000000000        0.0000000000
     3687.0000000000        0.0000000000        0.0000000000
     3688.0000000000        0.0000000000        0.0000000000
     3689.0000000000        0.0000000000        0.0000000000
     3690.0000000000        0.0000000000        0.0000000000
     3691.0000000000        0.0000000000        0.0000000000
     3692.0000000000        0.0000000000        0.0000000000
     3693.0000000000        0.0000000000        0.0000000000
     3694.0000000000        0.0000000000        0.0000000000
     3695.0000000000        0.0000000000        0.0000000000
     3696.0000000000        0.0000000000        0.0000000000
     3697.0000000000        0.0000000000        0.0000000000
     3698.0000000000        0.0000000000        0.0000000000
     3699.0000000000        0.0000000000        0.0000000000
     3700.0000000000        0.0000000000        0.0000000000
     3701.0000000000        0.0000000000        0.0000000000
     3702.0000000000        0.0000000000        0.0000000000
     3703.0000000000        0.0000000000        0.0000000000
     3704.0000000000        0.0000000000        0.0000000000
     3705.0000000000        0.0000000000        0.0000000000
     3706.0000000000        0.0000000000        0.0000000000
     3707.0000000000        0.0000000000        0.0000000000
     3708.0000000000        0.0000000000        0.0000000000
     3709.0000000000        0.0000000000        0.0000000000
     3710.0000000000        0.0000000000        0.0000000000
     3711.0000000000        0.0000000000        0.0000000000
     3712.0000000000        0.0000000000        0.0000000000
     3713.0000000000        0.0000000000        0.0000000000
     3714.0000000000        0.0000000000        0.0000000000
     3715.0000000000        0.0000000000        0.0000000000
     3716.0000000000        0.0000000000        0.0000000000
     3717.0000000000        0.0000000000        0.0000000000
     3718.0000000000        0.0000000000        0.0000000000
     3719.0000000000        0.0000000000        0.0000000000
     3720.0000000000        0.0000000000        0.0000000000
     3721.0000000000        0.0000000000        0.0000000000
     3722.0000000000        0.0000000000        0.0000000000
     3723.0000000000        0.0000000000        0.0000000000
     3724.0000000000        0.0000000000        0.0000000000
     3725.0000000000        0.0000000000        0.0000000000
     3726.0000000000        0.0000000000        0.0000000000
     3727.0000000000        0.0000000000        0.0000000000
     3728.0000000000        0.0000000000        0.0000000000
     3729.0000000000        0.0000000000        0.0000000000
     3730.0000000000        0.0000000000        0.0000000000
     3731.0000000000        0.0000000000        0.0000000000
     3732.0000000000        0.0000000000        0.0000000000
     3733.0000000000        0.0000000000        0.0000000000
     3734.0000000000        0.0000000000        0.0000000000
     3735.0000000000        0.0000000000        0.0000000000
     3736.0000000000        0.0000000000        0.0000000000
     3737.0000000000        0.0000000000        0.0000000000
     3738.0000000000        0.0000000000        0.0000000000
     3739.0000000000        0.0000000000        0.0000000000
     3740.0000000000        0.0000000000        0.0000000000
     3741.0000000000        0.0000000000        0.0000000000
     3742.0000000000        0.0000000000        0.0000000000
     3743.0000000000        0.0000000000        0.0000000000
     3744.0000000000        0.0000000000        0.0000000000
     3745.0000000000        0.0000000000        0.0000000000
     3746.0000000000        0.0000000000        0.0000000000
     3747.0000000000        0.0000000000        0.0000000000
     3748.0000000000        0.0000000000        0.0000000000
     3749.0000000000        0.0000000000        0.0000000000
     3750.0000000000        0.0000000000        0.0000000000
     3751.0000000000        0.0000000000        0.0000000000
     3752.0000000000        0.0000000000        0.0000000000
     3753.0000000000        0.0000000000        0.0000000000
     3754.0000000000        0.0000000000        0.0000000000
     3755.0000000000        0.0000000000        0.0000000000
     3756.0000000000        0.0000000000        0.0000000000
     3757.0000000000        0.0000000000        0.0000000000
     3758.0000000000        0.0000000000        0.0000000000
     3759.0000000000        0.0000000000        0.0000000000
     3760.0000000000        0.0000000000        0.0000000000
     3761.0000000000        0.0000000000        0.0000000000
     3762.0000000000        0.0000000000        0.0000000000
     3763.0000000000        0.0000000000        0.0000000000
     3764.0000000000        0.0000000000        0.0000000000
     3765.0000000000        0.0000000000        0.0000000000
     3766.0000000000        0.0000000000        0.0000000000
     3767.0000000000        0.0000000000        0.0000000000
     3768.0000000000        0.0000000000        0.0000000000
     3769.0000000000        0.0000000000        0.0000000000
     3770.0000000000        0.0000000000        0.0000000000
     3771.0000000000        0.0000000000        0.0000000000
     3772.0000000000        0.0000000000        0.0000000000
     3773.0000000000        0.0000000000        0.0000000000
     3774.0000000000        0.0000000000        0.0000000000
     3775.0000000000        0.0000000000        0.0000000000
     3776.0000000000        0.0000000000        0.0000000000
     3777.0000000000        0.0000000000        0.0000000000
     3778.0000000000        0.0000000000        0.0000000000
     3779.0000000000        0.0000000000        0.0000000000
     3780.0000000000        0.0000000000        0.0000000000
     3781.0000000000        0.0000000000        0.0000000000
     3782.0000000000        0.0000000000        0.0000000000
     3783.0000000000        0.0000000000        0.0000000000
     3784.0000000000        0.0000000000        0.0000000000
     3785.0000000000        0.0000000000        0.0000000000
     3786.0000000000        0.0000000000        0.0000000000
     3787.0000000000        0.0000000000        0.0000000000
     3788.0000000000        0.0000000000        0.0000000000
     3789.0000000000        0.0000000000        0.0000000000
     3790.0000000000        0.0000000000        0.0000000000
     3791.0000000000        0.0000000000        0.0000000000
     3792.0000000000        0.0000000000        0.0000000000
     3793.0000000000        0.0000000000        0.0000000000
     3794.0000000000        0.0000000000        0.0000000000
     3795.0000000000        0.0000000000        0.0000000000
     3796.0000000000        0.0000000000        0.0000000000
     3797.0000000000        0.0000000000        0.0000000000
     3798.0000000000        0.0000000000        0.0000000000
     3799.0000000000        0.0000000000        0.0000000000
     3800.0000000000        0.0000000000        0.0000000000
     3801.0000000000        0.0000000000        0.0000000000
     3802.0000000000        0.0000000000        0.0000000000
     3803.0000000000        0.0000000000        0.0000000000
     3804.0000000000        0.0000000000        0.0000000000
     3805.0000000000        0.0000000000        0.0000000000
     3806.0000000000        0.0000000000        0.0000000000
     3807.0000000000        0.0000000000        0.0000000000
     3808.0000000000        0.0000000000        0.0000000000
     3809.0000000000        0.0000000000        0.0000000000
     3810.0000000000        0.0000000000        0.0000000000
     3811.0000000000        0.0000000000        0.0000000000
     3812.0000000000        0.0000000000        0.0000000000
     3813.0000000000        0.0000000000        0.0000000000
     3814.0000000000        0.0000000000        0.0000000000
     3815.0000000000        0.0000000000        0.0000000000
     3816.0000000000        0.0000000000        0.0000000000
     3817.0000000000        0.0000000000        0.0000000000
     3818.0000000000        0.0000000000        0.0000000000
     3819.0000000000        0.0000000000        0.0000000000
     3820.0000000000        0.0000000000        0.0000000000
     3821.0000000000        0.0000000000        0.0000000000
     3822.0000000000        0.0000000000        0.0000000000
     3823.0000000000        0.0000000000        0.0000000000
     3824.0000000000        0.0000000000        0.0000000000
     3825.0000000000        0.0000000000        0.0000000000
     3826.0000000000        0.0000000000        0.0000000000
     3827.0000000000        0.0000000000        0.0000000000
     3828.0000000000        0.0000000000        0.0000000000
     3829.0000000000        0.0000000000        0.0000000000
     3830.0000000000        0.0000000000        0.0000000000
     3831.0000000000        0.0000000000        0.0000000000
     3832.0000000000        0.0000000000        0.0000000000
     3833.0000000000        0.0000000000        0.0000000000
     3834.0000000000        0.0000000000        0.0000000000
     3835.0000000000        0.0000000000        0.0000000000
     3836.0000000000        0.0000000000        0.0000000000
     3837.0000000000        0.0000000000        0.0000000000
     3838.0000000000        0.0000000000        0.0000000000
     3839.0000000000        0.0000000000        0.0000000000
     3840.0000000000        0.0000000000        0.0000000000
     3841.0000000000        0.0000000000        0.0000000000
     3842.0000000000        0.0000000000        0.0000000000
     3843.0000000000        0.0000000000        0.0000000000
     3844.0000000000        0.0000000000        0.0000000000
     3845.0000000000        0.0000000000        0.0000000000
     3846.0000000000        0.0000000000        0.0000000000
     3847.0000000000        0.0000000000        0.0000000000
     3848.0000000000        0.0000000000        0.0000000000
     3849.0000000000        0.0000000000        0.0000000000
     3850.0000000000        0.0000000000        0.0000000000
     3851.0000000000        0.0000000000        0.0000000000
     3852.0000000000        0.0000000000        0.0000000000
     3853.0000000000        0.0000000000        0.0000000000
     3854.0000000000        0.0000000000        0.0000000000
     3855.0000000000        0.0000000000        0.0000000000
     3856.0000000000        0.0000000000        0.0000000000
     3857.0000000000        0.0000000000        0.0000000000
     3858.0000000000        0.0000000000        0.0000000000
     3859.0000000000        0.0000000000        0.0000000000
     3860.0000000000        0.0000000000        0.0000000000
     3861.0000000000        0.0000000000        0.0000000000
     3862.0000000000        0.0000000000        0.0000000000
     3863.0000000000        0.0000000000        0.0000000000
     3864.0000000000        0.0000000000        0.0000000000
     3865.0000000000        0.0000000000        0.0000000000
     3866.0000000000        0.0000000000        0.0000000000
     3867.0000000000        0.0000000000        0.0000000000
     3868.0000000000        0.0000000000        0.0000000000
     3869.0000000000        0.0000000000        0.0000000000
     3870.0000000000        0.0000000000        0.0000000000
     3871.0000000000        0.0000000000        0.0000000000
     3872.0000000000        0.0000000000        0.0000000000
     3873.0000000000        0.0000000000        0.0000000000
     3874.0000000000        0.0000000000        0.0000000000
     3875.0000000000        0.0000000000        0.0000000000
     3876.0000000000        0.0000000000        0.0000000000
     3877.0000000000        0.0000000000        0.0000000000
     3878.0000000000        0.0000000000        0.0000000000
     3879.0000000000        0.0000000000        0.0000000000
     3880.0000000000        0.0000000000        0.0000000000
     3881.0000000000        0.0000000000        0.0000000000
     3882.0000000000        0.0000000000        0.0000000000
     3883.0000000000        0.0000000000        0.0000000000
     3884.0000000000        0.0000000000        0.0000000000
     3885.0000000000        0.0000000000        0.0000000000
     3886.0000000000        0.0000000000        0.0000000000
     3887.0000000000        0.0000000000        0.0000000000
     3888.0000000000        0.0000000000        0.0000000000
     3889.0000000000        0.0000000000        0.0000000000
     3890.0000000000        0.0000000000        0.0000000000
     3891.0000000000        0.0000000000        0.0000000000
     3892.0000000000        0.0000000000        0.0000000000
     3893.0000000000        0.0000000000        0.0000000000
     3894.0000000000        0.0000000000        0.0000000000
     3895.0000000000        0.0000000000        0.0000000000
     3896.0000000000        0.0000000000        0.0000000000
     3897.0000000000        0.0000000000        0.0000000000
     3898.0000000000        0.0000000000        0.0000000000
     3899.0000000000        0.0000000000        0.0000000000
     3900.0000000000        0.0000000000        0.0000000000
     3901.0000000000        0.0000000000        0.0000000000
     3902.0000000000        0.0000000000        0.0000000000
     3903.0000000000        0.0000000000        0.0000000000
     3904.0000000000        0.0000000000        0.0000000000
     3905.0000000000        0.0000000000        0.0000000000
     3906.0000000000        0.0000000000        0.0000000000
     3907.0000000000        0.0000000000        0.0000000000
     3908.0000000000        0.0000000000        0.0000000000
     3909.0000000000        0.0000000000        0.0000000000
     3910.0000000000        0.0000000000        0.0000000000
     3911.0000000000        0.0000000000        0.0000000000
     3912.0000000000        0.0000000000        0.0000000000
     3913.0000000000        0.0000000000        0.0000000000
     3914.0000000000        0.0000000000        0.0000000000
     3915.0000000000        0.0000000000        0.0000000000
     3916.0000000000        0.0000000000        0.0000000000
     3917.0000000000        0.0000000000        0.0000000000
     3918.0000000000        0.0000000000        0.0000000000
     3919.0000000000        0.0000000000        0.0000000000
     3920.0000000000        0.0000000000        0.0000000000
     3921.0000000000        0.0000000000        0.0000000000
     3922.0000000000        0.0000000000        0.0000000000
     3923.0000000000        0.0000000000        0.0000000000
     3924.0000000000        0.0000000000        0.0000000000
     3925.0000000000        0.0000000000        0.0000000000
     3926.0000000000        0.0000000000        0.0000000000
     3927.0000000000        0.0000000000        0.0000000000
     3928.0000000000        0.0000000000        0.0000000000
     3929.0000000000        0.0000000000        0.0000000000
     3930.0000000000        0.0000000000        0.0000000000
     3931.0000000000        0.0000000000        0.0000000000
     3932.0000000000        0.0000000000        0.0000000000
     3933.0000000000        0.0000000000        0.0000000000
     3934.0000000000        0.0000000000        0.0000000000
     3935.0000000000        0.0000000000        0.0000000000
     3936.0000000000        0.0000000000        0.0000000000
     3937.0000000000        0.0000000000        0.0000000000
     3938.0000000000        0.0000000000        0.0000000000
     3939.0000000000        0.0000000000        0.0000000000
     3940.0000000000        0.0000000000        0.0000000000
     3941.0000000000        0.0000000000        0.0000000000
     3942.0000000000        0.0000000000        0.0000000000
     3943.0000000000        0.0000000000        0.0000000000
     3944.0000000000        0.0000000000        0.0000000000
     3945.0000000000        0.0000000000        0.0000000000
     3946.0000000000        0.0000000000        0.0000000000
     3947.0000000000        0.0000000000        0.0000000000
     3948.0000000000        0.0000000000        0.0000000000
     3949.0000000000        0.0000000000        0.0000000000
     3950.0000000000        0.0000000000        0.0000000000
     3951.0000000000        0.0000000000        0.0000000000
     3952.0000000000        0.0000000000        0.0000000000
     3953.0000000000        0.0000000000        0.0000000000
     3954.0000000000        0.0000000000        0.0000000000
     3955.0000000000        0.0000000000        0.0000000000
     3956.0000000000        0.0000000000        0.0000000000
     3957.0000000000        0.0000000000        0.0000000000
     3958.0000000000        0.0000000000        0.0000000000
     3959.0000000000        0.0000000000        0.0000000000
     3960.0000000000        0.0000000000        0.0000000000
     3961.0000000000        0.0000000000        0.0000000000
     3962.0000000000        0.0000000000        0.0000000000
     3963.0000000000        0.0000000000        0.0000000000
     3964.0000000000        0.0000000000        0.0000000000
     3965.0000000000        0.0000000000        0.0000000000
     3966.0000000000        0.0000000000        0.0000000000
     3967.0000000000        0.0000000000        0.0000000000
     3968.0000000000        0.0000000000        0.0000000000
     3969.0000000000        0.0000000000        0.0000000000
     3970.0000000000        0.0000000000        0.0000000000
     3971.0000000000        0.0000000000        0.0000000000
     3972.0000000000        0.0000000000        0.0000000000
     3973.0000000000        0.0000000000        0.0000000000
     3974.0000000000        0.0000000000        0.0000000000
     3975.0000000000        0.0000000000        0.0000000000
     3976.0000000000        0.0000000000        0.0000000000
     3977.0000000000        0.0000000000        0.0000000000
     3978.0000000000        0.0000000000        0.0000000000
     3979.0000000000        0.0000000000        0.0000000000
     3980.0000000000        0.0000000000        0.0000000000
     3981.0000000000        0.0000000000        0.0000000000
     3982.0000000000        0.0000000000        0.0000000000
     3983.0000000000        0.0000000000        0.0000000000
     3984.0000000000        0.0000000000        0.0000000000
     3985.0000000000        0.0000000000        0.0000000000
     3986.0000000000        0.0000000000        0.0000000000
     3987.0000000000        0.0000000000        0.0000000000
     3988.0000000000        0.0000000000        0.0000000000
     3989.0000000000        0.0000000000        0.0000000000
     3990.0000000000        0.0000000000        0.0000000000
     3991.0000000000        0.0000000000        0.0000000000
     3992.0000000000        0.0000000000        0.0000000000
     3993.0000000000        0.0000000000        0.0000000000
     3994.0000000000        0.0000000000        0.0000000000
     3995.0000000000        0.0000000000        0.0000000000
     3996.0000000000        0.0000000000        0.0000000000
     3997.0000000000        0.0000000000        0.0000000000
     3998.0000000000        0.0000000000        0.0000000000
     3999.0000000000        0.0000000000        0.0000000000
