# IR Spectrum
# X-Axis:  Frequency (cm-1)
# Y-Axis:  &epsilon; (M-1 cm-1)

# Peak information
#                  X                   Y
#     520.3788000000       37.4868372518
#    1086.2256000000      971.4240187650
#    1114.9659000000      367.9141953124
#    1169.5203000000       53.5569436025
#    1259.0618000000        0.0000000000
#    1435.0887000000       29.4560564398
#    1505.3933000000        0.1743745961
#    3076.9531000000       54.2517047082
#    3162.4452000000       36.0565776947

# Spectra
#                  X                   Y               DY/DX
        0.0000000000        0.0000000000        0.0000000000
        1.0000000000        0.0000000000        0.0000000000
        2.0000000000        0.0000000000        0.0000000000
        3.0000000000        0.0000000000        0.0000000000
        4.0000000000        0.0000000000        0.0000000000
        5.0000000000        0.0000000000        0.0000000000
        6.0000000000        0.0000000000        0.0000000000
        7.0000000000        0.0000000000        0.0000000000
        8.0000000000        0.0000000000        0.0000000000
        9.0000000000        0.0000000000        0.0000000000
       10.0000000000        0.0000000000        0.0000000000
       11.0000000000        0.0000000000        0.0000000000
       12.0000000000        0.0000000000        0.0000000000
       13.0000000000        0.0000000000        0.0000000000
       14.0000000000        0.0000000000        0.0000000000
       15.0000000000        0.0000000000        0.0000000000
       16.0000000000        0.0000000000        0.0000000000
       17.0000000000        0.0000000000        0.0000000000
       18.0000000000        0.0000000000        0.0000000000
       19.0000000000        0.0000000000        0.0000000000
       20.0000000000        0.0000000000        0.0000000000
       21.0000000000        0.0000000000        0.0000000000
       22.0000000000        0.0000000000        0.0000000000
       23.0000000000        0.0000000000        0.0000000000
       24.0000000000        0.0000000000        0.0000000000
       25.0000000000        0.0000000000        0.0000000000
       26.0000000000        0.0000000000        0.0000000000
       27.0000000000        0.0000000000        0.0000000000
       28.0000000000        0.0000000000        0.0000000000
       29.0000000000        0.0000000000        0.0000000000
       30.0000000000        0.0000000000        0.0000000000
       31.0000000000        0.0000000000        0.0000000000
       32.0000000000        0.0000000000        0.0000000000
       33.0000000000        0.0000000000        0.0000000000
       34.0000000000        0.0000000000        0.0000000000
       35.0000000000        0.0000000000        0.0000000000
       36.0000000000        0.0000000000        0.0000000000
       37.0000000000        0.0000000000        0.0000000000
       38.0000000000        0.0000000000        0.0000000000
       39.0000000000        0.0000000000        0.0000000000
       40.0000000000        0.0000000000        0.0000000000
       41.0000000000        0.0000000000        0.0000000000
       42.0000000000        0.0000000000        0.0000000000
       43.0000000000        0.0000000000        0.0000000000
       44.0000000000        0.0000000000        0.0000000000
       45.0000000000        0.0000000000        0.0000000000
       46.0000000000        0.0000000000        0.0000000000
       47.0000000000        0.0000000000        0.0000000000
       48.0000000000        0.0000000000        0.0000000000
       49.0000000000        0.0000000000        0.0000000000
       50.0000000000        0.0000000000        0.0000000000
       51.0000000000        0.0000000000        0.0000000000
       52.0000000000        0.0000000000        0.0000000000
       53.0000000000        0.0000000000        0.0000000000
       54.0000000000        0.0000000000        0.0000000000
       55.0000000000        0.0000000000        0.0000000000
       56.0000000000        0.0000000000        0.0000000000
       57.0000000000        0.0000000000        0.0000000000
       58.0000000000        0.0000000000        0.0000000000
       59.0000000000        0.0000000000        0.0000000000
       60.0000000000        0.0000000000        0.0000000000
       61.0000000000        0.0000000000        0.0000000000
       62.0000000000        0.0000000000        0.0000000000
       63.0000000000        0.0000000000        0.0000000000
       64.0000000000        0.0000000000        0.0000000000
       65.0000000000        0.0000000000        0.0000000000
       66.0000000000        0.0000000000        0.0000000000
       67.0000000000        0.0000000000        0.0000000000
       68.0000000000        0.0000000000        0.0000000000
       69.0000000000        0.0000000000        0.0000000000
       70.0000000000        0.0000000000        0.0000000000
       71.0000000000        0.0000000000        0.0000000000
       72.0000000000        0.0000000000        0.0000000000
       73.0000000000        0.0000000000        0.0000000000
       74.0000000000        0.0000000000        0.0000000000
       75.0000000000        0.0000000000        0.0000000000
       76.0000000000        0.0000000000        0.0000000000
       77.0000000000        0.0000000000        0.0000000000
       78.0000000000        0.0000000000        0.0000000000
       79.0000000000        0.0000000000        0.0000000000
       80.0000000000        0.0000000000        0.0000000000
       81.0000000000        0.0000000000        0.0000000000
       82.0000000000        0.0000000000        0.0000000000
       83.0000000000        0.0000000000        0.0000000000
       84.0000000000        0.0000000000        0.0000000000
       85.0000000000        0.0000000000        0.0000000000
       86.0000000000        0.0000000000        0.0000000000
       87.0000000000        0.0000000000        0.0000000000
       88.0000000000        0.0000000000        0.0000000000
       89.0000000000        0.0000000000        0.0000000000
       90.0000000000        0.0000000000        0.0000000000
       91.0000000000        0.0000000000        0.0000000000
       92.0000000000        0.0000000000        0.0000000000
       93.0000000000        0.0000000000        0.0000000000
       94.0000000000        0.0000000000        0.0000000000
       95.0000000000        0.0000000000        0.0000000000
       96.0000000000        0.0000000000        0.0000000000
       97.0000000000        0.0000000000        0.0000000000
       98.0000000000        0.0000000000        0.0000000000
       99.0000000000        0.0000000000        0.0000000000
      100.0000000000        0.0000000000        0.0000000000
      101.0000000000        0.0000000000        0.0000000000
      102.0000000000        0.0000000000        0.0000000000
      103.0000000000        0.0000000000        0.0000000000
      104.0000000000        0.0000000000        0.0000000000
      105.0000000000        0.0000000000        0.0000000000
      106.0000000000        0.0000000000        0.0000000000
      107.0000000000        0.0000000000        0.0000000000
      108.0000000000        0.0000000000        0.0000000000
      109.0000000000        0.0000000000        0.0000000000
      110.0000000000        0.0000000000        0.0000000000
      111.0000000000        0.0000000000        0.0000000000
      112.0000000000        0.0000000000        0.0000000000
      113.0000000000        0.0000000000        0.0000000000
      114.0000000000        0.0000000000        0.0000000000
      115.0000000000        0.0000000000        0.0000000000
      116.0000000000        0.0000000000        0.0000000000
      117.0000000000        0.0000000000        0.0000000000
      118.0000000000        0.0000000000        0.0000000000
      119.0000000000        0.0000000000        0.0000000000
      120.0000000000        0.0000000000        0.0000000000
      121.0000000000        0.0000000000        0.0000000000
      122.0000000000        0.0000000000        0.0000000000
      123.0000000000        0.0000000000        0.0000000000
      124.0000000000        0.0000000000        0.0000000000
      125.0000000000        0.0000000000        0.0000000000
      126.0000000000        0.0000000000        0.0000000000
      127.0000000000        0.0000000000        0.0000000000
      128.0000000000        0.0000000000        0.0000000000
      129.0000000000        0.0000000000        0.0000000000
      130.0000000000        0.0000000000        0.0000000000
      131.0000000000        0.0000000000        0.0000000000
      132.0000000000        0.0000000000        0.0000000000
      133.0000000000        0.0000000000        0.0000000000
      134.0000000000        0.0000000000        0.0000000000
      135.0000000000        0.0000000000        0.0000000000
      136.0000000000        0.0000000000        0.0000000000
      137.0000000000        0.0000000000        0.0000000000
      138.0000000000        0.0000000000        0.0000000000
      139.0000000000        0.0000000000        0.0000000000
      140.0000000000        0.0000000000        0.0000000000
      141.0000000000        0.0000000000        0.0000000000
      142.0000000000        0.0000000000        0.0000000000
      143.0000000000        0.0000000000        0.0000000000
      144.0000000000        0.0000000000        0.0000000000
      145.0000000000        0.0000000000        0.0000000000
      146.0000000000        0.0000000000        0.0000000000
      147.0000000000        0.0000000000        0.0000000000
      148.0000000000        0.0000000000        0.0000000000
      149.0000000000        0.0000000000        0.0000000000
      150.0000000000        0.0000000000        0.0000000000
      151.0000000000        0.0000000000        0.0000000000
      152.0000000000        0.0000000000        0.0000000000
      153.0000000000        0.0000000000        0.0000000000
      154.0000000000        0.0000000000        0.0000000000
      155.0000000000        0.0000000000        0.0000000000
      156.0000000000        0.0000000000        0.0000000000
      157.0000000000        0.0000000000        0.0000000000
      158.0000000000        0.0000000000        0.0000000000
      159.0000000000        0.0000000000        0.0000000000
      160.0000000000        0.0000000000        0.0000000000
      161.0000000000        0.0000000000        0.0000000000
      162.0000000000        0.0000000000        0.0000000000
      163.0000000000        0.0000000000        0.0000000000
      164.0000000000        0.0000000000        0.0000000000
      165.0000000000        0.0000000000        0.0000000000
      166.0000000000        0.0000000000        0.0000000000
      167.0000000000        0.0000000000        0.0000000000
      168.0000000000        0.0000000000        0.0000000000
      169.0000000000        0.0000000000        0.0000000000
      170.0000000000        0.0000000000        0.0000000000
      171.0000000000        0.0000000000        0.0000000000
      172.0000000000        0.0000000000        0.0000000000
      173.0000000000        0.0000000000        0.0000000000
      174.0000000000        0.0000000000        0.0000000000
      175.0000000000        0.0000000000        0.0000000000
      176.0000000000        0.0000000000        0.0000000000
      177.0000000000        0.0000000000        0.0000000000
      178.0000000000        0.0000000000        0.0000000000
      179.0000000000        0.0000000000        0.0000000000
      180.0000000000        0.0000000000        0.0000000000
      181.0000000000        0.0000000000        0.0000000000
      182.0000000000        0.0000000000        0.0000000000
      183.0000000000        0.0000000000        0.0000000000
      184.0000000000        0.0000000000        0.0000000000
      185.0000000000        0.0000000000        0.0000000000
      186.0000000000        0.0000000000        0.0000000000
      187.0000000000        0.0000000000        0.0000000000
      188.0000000000        0.0000000000        0.0000000000
      189.0000000000        0.0000000000        0.0000000000
      190.0000000000        0.0000000000        0.0000000000
      191.0000000000        0.0000000000        0.0000000000
      192.0000000000        0.0000000000        0.0000000000
      193.0000000000        0.0000000000        0.0000000000
      194.0000000000        0.0000000000        0.0000000000
      195.0000000000        0.0000000000        0.0000000000
      196.0000000000        0.0000000000        0.0000000000
      197.0000000000        0.0000000000        0.0000000000
      198.0000000000        0.0000000000        0.0000000000
      199.0000000000        0.0000000000        0.0000000000
      200.0000000000        0.0000000000        0.0000000000
      201.0000000000        0.0000000000        0.0000000000
      202.0000000000        0.0000000000        0.0000000000
      203.0000000000        0.0000000000        0.0000000000
      204.0000000000        0.0000000000        0.0000000000
      205.0000000000        0.0000000000        0.0000000000
      206.0000000000        0.0000000000        0.0000000000
      207.0000000000        0.0000000000        0.0000000000
      208.0000000000        0.0000000000        0.0000000000
      209.0000000000        0.0000000000        0.0000000000
      210.0000000000        0.0000000000        0.0000000000
      211.0000000000        0.0000000000        0.0000000000
      212.0000000000        0.0000000000        0.0000000000
      213.0000000000        0.0000000000        0.0000000000
      214.0000000000        0.0000000000        0.0000000000
      215.0000000000        0.0000000000        0.0000000000
      216.0000000000        0.0000000000        0.0000000000
      217.0000000000        0.0000000000        0.0000000000
      218.0000000000        0.0000000000        0.0000000000
      219.0000000000        0.0000000000        0.0000000000
      220.0000000000        0.0000000000        0.0000000000
      221.0000000000        0.0000000000        0.0000000000
      222.0000000000        0.0000000000        0.0000000000
      223.0000000000        0.0000000000        0.0000000000
      224.0000000000        0.0000000000        0.0000000000
      225.0000000000        0.0000000000        0.0000000000
      226.0000000000        0.0000000000        0.0000000000
      227.0000000000        0.0000000000        0.0000000000
      228.0000000000        0.0000000000        0.0000000000
      229.0000000000        0.0000000000        0.0000000000
      230.0000000000        0.0000000000        0.0000000000
      231.0000000000        0.0000000000        0.0000000000
      232.0000000000        0.0000000000        0.0000000000
      233.0000000000        0.0000000000        0.0000000000
      234.0000000000        0.0000000000        0.0000000000
      235.0000000000        0.0000000000        0.0000000000
      236.0000000000        0.0000000000        0.0000000000
      237.0000000000        0.0000000000        0.0000000000
      238.0000000000        0.0000000000        0.0000000000
      239.0000000000        0.0000000000        0.0000000000
      240.0000000000        0.0000000000        0.0000000000
      241.0000000000        0.0000000000        0.0000000000
      242.0000000000        0.0000000000        0.0000000000
      243.0000000000        0.0000000000        0.0000000000
      244.0000000000        0.0000000000        0.0000000000
      245.0000000000        0.0000000000        0.0000000000
      246.0000000000        0.0000000000        0.0000000000
      247.0000000000        0.0000000000        0.0000000000
      248.0000000000        0.0000000000        0.0000000000
      249.0000000000        0.0000000000        0.0000000000
      250.0000000000        0.0000000000        0.0000000000
      251.0000000000        0.0000000000        0.0000000000
      252.0000000000        0.0000000000        0.0000000000
      253.0000000000        0.0000000000        0.0000000000
      254.0000000000        0.0000000000        0.0000000000
      255.0000000000        0.0000000000        0.0000000000
      256.0000000000        0.0000000000        0.0000000000
      257.0000000000        0.0000000000        0.0000000000
      258.0000000000        0.0000000000        0.0000000000
      259.0000000000        0.0000000000        0.0000000000
      260.0000000000        0.0000000000        0.0000000000
      261.0000000000        0.0000000000        0.0000000000
      262.0000000000        0.0000000000        0.0000000000
      263.0000000000        0.0000000000        0.0000000000
      264.0000000000        0.0000000000        0.0000000000
      265.0000000000        0.0000000000        0.0000000000
      266.0000000000        0.0000000000        0.0000000000
      267.0000000000        0.0000000000        0.0000000000
      268.0000000000        0.0000000000        0.0000000000
      269.0000000000        0.0000000000        0.0000000000
      270.0000000000        0.0000000000        0.0000000000
      271.0000000000        0.0000000000        0.0000000000
      272.0000000000        0.0000000000        0.0000000000
      273.0000000000        0.0000000000        0.0000000000
      274.0000000000        0.0000000000        0.0000000000
      275.0000000000        0.0000000000        0.0000000000
      276.0000000000        0.0000000000        0.0000000000
      277.0000000000        0.0000000000        0.0000000000
      278.0000000000        0.0000000000        0.0000000000
      279.0000000000        0.0000000000        0.0000000000
      280.0000000000        0.0000000000        0.0000000000
      281.0000000000        0.0000000000        0.0000000000
      282.0000000000        0.0000000000        0.0000000000
      283.0000000000        0.0000000000        0.0000000000
      284.0000000000        0.0000000000        0.0000000000
      285.0000000000        0.0000000000        0.0000000000
      286.0000000000        0.0000000000        0.0000000000
      287.0000000000        0.0000000000        0.0000000000
      288.0000000000        0.0000000000        0.0000000000
      289.0000000000        0.0000000000        0.0000000000
      290.0000000000        0.0000000000        0.0000000000
      291.0000000000        0.0000000000        0.0000000000
      292.0000000000        0.0000000000        0.0000000000
      293.0000000000        0.0000000000        0.0000000000
      294.0000000000        0.0000000000        0.0000000000
      295.0000000000        0.0000000000        0.0000000000
      296.0000000000        0.0000000000        0.0000000000
      297.0000000000        0.0000000000        0.0000000000
      298.0000000000        0.0000000000        0.0000000000
      299.0000000000        0.0000000000        0.0000000000
      300.0000000000        0.0000000000        0.0000000000
      301.0000000000        0.0000000000        0.0000000000
      302.0000000000        0.0000000000        0.0000000000
      303.0000000000        0.0000000000        0.0000000000
      304.0000000000        0.0000000000        0.0000000000
      305.0000000000        0.0000000000        0.0000000000
      306.0000000000        0.0000000000        0.0000000000
      307.0000000000        0.0000000000        0.0000000000
      308.0000000000        0.0000000000        0.0000000000
      309.0000000000        0.0000000000        0.0000000000
      310.0000000000        0.0000000000        0.0000000000
      311.0000000000        0.0000000000        0.0000000000
      312.0000000000        0.0000000000        0.0000000000
      313.0000000000        0.0000000000        0.0000000000
      314.0000000000        0.0000000000        0.0000000000
      315.0000000000        0.0000000000        0.0000000000
      316.0000000000        0.0000000000        0.0000000000
      317.0000000000        0.0000000000        0.0000000000
      318.0000000000        0.0000000000        0.0000000000
      319.0000000000        0.0000000000        0.0000000000
      320.0000000000        0.0000000000        0.0000000000
      321.0000000000        0.0000000000        0.0000000000
      322.0000000000        0.0000000000        0.0000000000
      323.0000000000        0.0000000000        0.0000000000
      324.0000000000        0.0000000000        0.0000000000
      325.0000000000        0.0000000000        0.0000000000
      326.0000000000        0.0000000000        0.0000000000
      327.0000000000        0.0000000000        0.0000000000
      328.0000000000        0.0000000000        0.0000000000
      329.0000000000        0.0000000000        0.0000000000
      330.0000000000        0.0000000000        0.0000000000
      331.0000000000        0.0000000000        0.0000000000
      332.0000000000        0.0000000000        0.0000000000
      333.0000000000        0.0000000000        0.0000000000
      334.0000000000        0.0000000000        0.0000000000
      335.0000000000        0.0000000000        0.0000000000
      336.0000000000        0.0000000000        0.0000000000
      337.0000000000        0.0000000000        0.0000000000
      338.0000000000        0.0000000000        0.0000000000
      339.0000000000        0.0000000000        0.0000000000
      340.0000000000        0.0000000000        0.0000000000
      341.0000000000        0.0000000000        0.0000000000
      342.0000000000        0.0000000000        0.0000000000
      343.0000000000        0.0000000000        0.0000000000
      344.0000000000        0.0000000000        0.0000000000
      345.0000000000        0.0000000000        0.0000000000
      346.0000000000        0.0000000000        0.0000000000
      347.0000000000        0.0000000000        0.0000000000
      348.0000000000        0.0000000000        0.0000000000
      349.0000000000        0.0000000000        0.0000000000
      350.0000000000        0.0000000000        0.0000000000
      351.0000000000        0.0000000000        0.0000000000
      352.0000000000        0.0000000000        0.0000000000
      353.0000000000        0.0000000000        0.0000000000
      354.0000000000        0.0000000000        0.0000000000
      355.0000000000        0.0000000000        0.0000000000
      356.0000000000        0.0000000000        0.0000000000
      357.0000000000        0.0000000000        0.0000000000
      358.0000000000        0.0000000000        0.0000000000
      359.0000000000        0.0000000000        0.0000000000
      360.0000000000        0.0000000000        0.0000000000
      361.0000000000        0.0106377799        0.0001334065
      362.0000000000        0.0107724515        0.0001359473
      363.0000000000        0.0109096961        0.0001385530
      364.0000000000        0.0110495798        0.0001412257
      365.0000000000        0.0111921706        0.0001439676
      366.0000000000        0.0113375389        0.0001467809
      367.0000000000        0.0114857571        0.0001496680
      368.0000000000        0.0116369003        0.0001526313
      369.0000000000        0.0117910459        0.0001556733
      370.0000000000        0.0119482740        0.0001587967
      371.0000000000        0.0121086673        0.0001620041
      372.0000000000        0.0122723113        0.0001652985
      373.0000000000        0.0124392943        0.0001686828
      374.0000000000        0.0126097080        0.0001721602
      375.0000000000        0.0127836467        0.0001757337
      376.0000000000        0.0129612085        0.0001794068
      377.0000000000        0.0131424946        0.0001831829
      378.0000000000        0.0133276099        0.0001870658
      379.0000000000        0.0135166630        0.0001910591
      380.0000000000        0.0137097662        0.0001951668
      381.0000000000        0.0139070362        0.0001993932
      382.0000000000        0.0141085936        0.0002037424
      383.0000000000        0.0143145635        0.0002082190
      384.0000000000        0.0145250756        0.0002128277
      385.0000000000        0.0147402645        0.0002175733
      386.0000000000        0.0149602696        0.0002224611
      387.0000000000        0.0151852358        0.0002274963
      388.0000000000        0.0154153132        0.0002326846
      389.0000000000        0.0156506578        0.0002380318
      390.0000000000        0.0158914317        0.0002435440
      391.0000000000        0.0161378030        0.0002492277
      392.0000000000        0.0163899466        0.0002550896
      393.0000000000        0.0166480440        0.0002611368
      394.0000000000        0.0169122843        0.0002673765
      395.0000000000        0.0171828637        0.0002738165
      396.0000000000        0.0174599868        0.0002804650
      397.0000000000        0.0177438660        0.0002873303
      398.0000000000        0.0180347227        0.0002944215
      399.0000000000        0.0183327874        0.0003017479
      400.0000000000        0.0186383001        0.0003093193
      401.0000000000        0.0189515111        0.0003171461
      402.0000000000        0.0192726810        0.0003252390
      403.0000000000        0.0196020816        0.0003336096
      404.0000000000        0.0199399966        0.0003422697
      405.0000000000        0.0202867218        0.0003512321
      406.0000000000        0.0206425660        0.0003605100
      407.0000000000        0.0210078516        0.0003701175
      408.0000000000        0.0213829156        0.0003800692
      409.0000000000        0.0217681099        0.0003903808
      410.0000000000        0.0221638025        0.0004010686
      411.0000000000        0.0225703783        0.0004121500
      412.0000000000        0.0229882397        0.0004236432
      413.0000000000        0.0234178083        0.0004355675
      414.0000000000        0.0238595252        0.0004479434
      415.0000000000        0.0243138527        0.0004607923
      416.0000000000        0.0247812751        0.0004741372
      417.0000000000        0.0252623004        0.0004880021
      418.0000000000        0.0257574612        0.0005024126
      419.0000000000        0.0262673166        0.0005173959
      420.0000000000        0.0267924535        0.0005329806
      421.0000000000        0.0273334884        0.0005491972
      422.0000000000        0.0278910692        0.0005660780
      423.0000000000        0.0284658772        0.0005836574
      424.0000000000        0.0290586289        0.0006019718
      425.0000000000        0.0296700788        0.0006210602
      426.0000000000        0.0303010210        0.0006409636
      427.0000000000        0.0309522924        0.0006617262
      428.0000000000        0.0316247754        0.0006833947
      429.0000000000        0.0323194005        0.0007060191
      430.0000000000        0.0330371499        0.0007296526
      431.0000000000        0.0337790610        0.0007543521
      432.0000000000        0.0345462296        0.0007801782
      433.0000000000        0.0353398146        0.0008071961
      434.0000000000        0.0361610421        0.0008354750
      435.0000000000        0.0370112098        0.0008650895
      436.0000000000        0.0378916927        0.0008961192
      437.0000000000        0.0388039483        0.0009286496
      438.0000000000        0.0397495227        0.0009627726
      439.0000000000        0.0407300571        0.0009985866
      440.0000000000        0.0417472949        0.0010361977
      441.0000000000        0.0428030894        0.0010757199
      442.0000000000        0.0438994125        0.0011172759
      443.0000000000        0.0450383633        0.0011609984
      444.0000000000        0.0462221789        0.0012070300
      445.0000000000        0.0474532445        0.0012555253
      446.0000000000        0.0487341061        0.0013066510
      447.0000000000        0.0500674833        0.0013605877
      448.0000000000        0.0514562836        0.0014175312
      449.0000000000        0.0529036185        0.0014776937
      450.0000000000        0.0544128206        0.0015413056
      451.0000000000        0.0559874628        0.0016086175
      452.0000000000        0.0576313795        0.0016799019
      453.0000000000        0.0593486896        0.0017554561
      454.0000000000        0.0611438225        0.0018356040
      455.0000000000        0.0630215465        0.0019206997
      456.0000000000        0.0649870000        0.0020111306
      457.0000000000        0.0670457270        0.0021073207
      458.0000000000        0.0692037158        0.0022097354
      459.0000000000        0.0714674423        0.0023188854
      460.0000000000        0.0738439186        0.0024353331
      461.0000000000        0.0763407467        0.0025596975
      462.0000000000        0.0789661795        0.0026926620
      463.0000000000        0.0817291882        0.0028349817
      464.0000000000        0.0846395388        0.0029874925
      465.0000000000        0.0877078782        0.0031511217
      466.0000000000        0.0909458303        0.0033268991
      467.0000000000        0.0943661064        0.0035159711
      468.0000000000        0.0979826286        0.0037196163
      469.0000000000        0.1018106709        0.0039392630
      470.0000000000        0.1058670195        0.0041765108
      471.0000000000        0.1101701554        0.0044331546
      472.0000000000        0.1147404640        0.0047112128
      473.0000000000        0.1196004742        0.0050129605
      474.0000000000        0.1247751346        0.0053409686
      475.0000000000        0.1302921311        0.0056981490
      476.0000000000        0.1361822541        0.0060878089
      477.0000000000        0.1424798249        0.0065137142
      478.0000000000        0.1492231910        0.0069801655
      479.0000000000        0.1564553051        0.0074920885
      480.0000000000        0.1642244021        0.0080551422
      481.0000000000        0.1725847957        0.0086758486
      482.0000000000        0.1815978177        0.0093617505
      483.0000000000        0.1913329304        0.0101216012
      484.0000000000        0.2018690493        0.0109655966
      485.0000000000        0.2132961231        0.0119056591
      486.0000000000        0.2257170281        0.0129557865
      487.0000000000        0.2392498525        0.0141324839
      488.0000000000        0.2540306612        0.0154553003
      489.0000000000        0.2702168639        0.0169475004
      490.0000000000        0.2879913359        0.0186369089
      491.0000000000        0.3075674924        0.0205569812
      492.0000000000        0.3291955732        0.0227481678
      493.0000000000        0.3531704772        0.0252596667
      494.0000000000        0.3798415946        0.0281516917
      495.0000000000        0.4096252350        0.0314984304
      496.0000000000        0.4430204571        0.0353919350
      497.0000000000        0.4806293913        0.0399472868
      498.0000000000        0.5231835564        0.0453095124
      499.0000000000        0.5715782447        0.0516629412
      500.0000000000        0.6269178814        0.0592439960
      501.0000000000        0.6905764724        0.0683588675
      502.0000000000        0.7642790245        0.0794082189
      503.0000000000        0.8502124643        0.0929221270
      504.0000000000        0.9511785462        0.1096101051
      505.0000000000        1.0708072663        0.1304336028
      506.0000000000        1.2138585351        0.1567123481
      507.0000000000        1.3866540840        0.1902820641
      508.0000000000        1.5977034933        0.2337304730
      509.0000000000        1.8586215571        0.2907520773
      510.0000000000        2.1854831096        0.3666793680
      511.0000000000        2.6008266679        0.4692610587
      512.0000000000        3.1365823703        0.6097329155
      513.0000000000        3.8381768774        0.8040445837
      514.0000000000        4.7696453968        1.0733851737
      515.0000000000        6.0177585446        1.4407855187
      516.0000000000        7.6871468809        1.9139469247
      517.0000000000        9.8622702058        2.4308642236
      518.0000000000       12.4839896360        2.7422632961
      519.0000000000       15.1044915676        2.3267939131
      520.0000000000       16.7489721168        0.7860147785
      521.0000000000       16.5012009563       -1.2511430730
      522.0000000000       14.5148514773       -2.5264238341
      523.0000000000       11.8224181745       -2.7099246483
      524.0000000000        9.2874668989       -2.3104229596
      525.0000000000        7.2382093917       -1.7908593218
      526.0000000000        5.6806479800       -1.3417426193
      527.0000000000        4.5184750446       -0.9999191931
      528.0000000000        3.6497980371       -0.7509403616
      529.0000000000        2.9934855993       -0.5714345418
      530.0000000000        2.4904955976       -0.4414131038
      531.0000000000        2.0991156477       -0.3461710466
      532.0000000000        1.7900215581       -0.2754304302
      533.0000000000        1.5424703131       -0.2221154146
      534.0000000000        1.3416232975       -0.1813514258
      535.0000000000        1.1767231930       -0.1497531846
      536.0000000000        1.0398618942       -0.1249424859
      537.0000000000        0.9251450289       -0.1052268177
      538.0000000000        0.8281204130       -0.0893854607
      539.0000000000        0.7453825864       -0.0765262746
      540.0000000000        0.6742957435       -0.0659888900
      541.0000000000        0.6127971150       -0.0572785190
      542.0000000000        0.5592556665       -0.0500201515
      543.0000000000        0.5123692981       -0.0439264654
      544.0000000000        0.4710891722       -0.0387750729
      545.0000000000        0.4345633849       -0.0343921955
      546.0000000000        0.4020945904       -0.0306408176
      547.0000000000        0.3731078016       -0.0274119992
      548.0000000000        0.3471256919       -0.0246184373
      549.0000000000        0.3237494813       -0.0221896485
      550.0000000000        0.3026440192       -0.0200683313
      551.0000000000        0.2835260501       -0.0182075941
      552.0000000000        0.2661549143       -0.0165688264
      553.0000000000        0.2503251257       -0.0151200505
      554.0000000000        0.2358604076       -0.0138346355
      555.0000000000        0.2226088713       -0.0126902879
      556.0000000000        0.2104390933       -0.0116682523
      557.0000000000        0.1992369066       -0.0107526763
      558.0000000000        0.1889027622       -0.0099301014
      559.0000000000        0.1793495466       -0.0091890529
      560.0000000000        0.1705007703       -0.0085197085
      561.0000000000        0.1622890545       -0.0079136280
      562.0000000000        0.1546548636       -0.0073635321
      563.0000000000        0.1475454378       -0.0068631212
      564.0000000000        0.1409138908       -0.0064069251
      565.0000000000        0.1347184444       -0.0059901788
      566.0000000000        0.1289217767       -0.0056087191
      567.0000000000        0.1234904650       -0.0052588977
      568.0000000000        0.1183945081       -0.0049375087
      569.0000000000        0.1136069154       -0.0046417274
      570.0000000000        0.1091033523       -0.0043690586
      571.0000000000        0.1048618332       -0.0041172928
      572.0000000000        0.1008624553       -0.0038844684
      573.0000000000        0.0970871664       -0.0036688404
      574.0000000000        0.0935195628       -0.0034688529
      575.0000000000        0.0901447121       -0.0032831156
      576.0000000000        0.0869489980       -0.0031103835
      577.0000000000        0.0839199836       -0.0029495399
      578.0000000000        0.0810462911       -0.0027995808
      579.0000000000        0.0783174960       -0.0026596024
      580.0000000000        0.0757240322       -0.0025287890
      581.0000000000        0.0732571093       -0.0024064038
      582.0000000000        0.0709086383       -0.0022917797
      583.0000000000        0.0686711652       -0.0021843118
      584.0000000000        0.0665378128       -0.0020834511
      585.0000000000        0.0645022275       -0.0019886981
      586.0000000000        0.0625585326       -0.0018995980
      587.0000000000        0.0607012860       -0.0018157358
      588.0000000000        0.0589254417       -0.0017367327
      589.0000000000        0.0572263166       -0.0016622423
      590.0000000000        0.0555995591       -0.0015919471
      591.0000000000        0.0540411213       -0.0015255562
      592.0000000000        0.0525472344       -0.0014628027
      593.0000000000        0.0511143856       -0.0014034409
      594.0000000000        0.0497392975       -0.0013472451
      595.0000000000        0.0484189097       -0.0012940071
      596.0000000000        0.0471503615       -0.0012435351
      597.0000000000        0.0459309767       -0.0011956518
      598.0000000000        0.0447582496       -0.0011501936
      599.0000000000        0.0436298317       -0.0011070090
      600.0000000000        0.0425435205       -0.0010659578
      601.0000000000        0.0414972485       -0.0010269098
      602.0000000000        0.0404890735       -0.0009897445
      603.0000000000        0.0395171695       -0.0009543498
      604.0000000000        0.0385798185       -0.0009206216
      605.0000000000        0.0376754031       -0.0008884631
      606.0000000000        0.0368023992       -0.0008577841
      607.0000000000        0.0359593698       -0.0008285005
      608.0000000000        0.0351449593       -0.0008005339
      609.0000000000        0.0343578875       -0.0007738111
      610.0000000000        0.0335969453       -0.0007482638
      611.0000000000        0.0328609893       -0.0007238282
      612.0000000000        0.0321489383       -0.0007004444
      613.0000000000        0.0314597686       -0.0006780565
      614.0000000000        0.0307925109       -0.0006566120
      615.0000000000        0.0301462465       -0.0006360619
      616.0000000000        0.0295201044       -0.0006163599
      617.0000000000        0.0289132584       -0.0005974629
      618.0000000000        0.0283249240       -0.0005793301
      619.0000000000        0.0277543563       -0.0005619233
      620.0000000000        0.0272008474       -0.0005452065
      621.0000000000        0.0266637245       -0.0005291460
      622.0000000000        0.0261423473       -0.0005137099
      623.0000000000        0.0256361067       -0.0004988680
      624.0000000000        0.0251444226       -0.0004845921
      625.0000000000        0.0246667426       -0.0004708556
      626.0000000000        0.0242025401       -0.0004576331
      627.0000000000        0.0237513130       -0.0004449008
      628.0000000000        0.0233125825       -0.0004326364
      629.0000000000        0.0228858915       -0.0004208184
      630.0000000000        0.0224708037       -0.0004094267
      631.0000000000        0.0220669023       -0.0003984424
      632.0000000000        0.0216737891       -0.0003878473
      633.0000000000        0.0212910836       -0.0003776244
      634.0000000000        0.0209184216       -0.0003677576
      635.0000000000        0.0205554549       -0.0003582313
      636.0000000000        0.0202018503       -0.0003490312
      637.0000000000        0.0198572885       -0.0003401432
      638.0000000000        0.0195214641       -0.0003315544
      639.0000000000        0.0191940842       -0.0003232522
      640.0000000000        0.0188748681       -0.0003152248
      641.0000000000        0.0185635467       -0.0003074610
      642.0000000000        0.0182598619       -0.0002999499
      643.0000000000        0.0179635661       -0.0002926814
      644.0000000000        0.0176744215       -0.0002856458
      645.0000000000        0.0173922000       -0.0002788338
      646.0000000000        0.0171166823       -0.0002722366
      647.0000000000        0.0168476580       -0.0002658459
      648.0000000000        0.0165849245       -0.0002596535
      649.0000000000        0.0163282873       -0.0002536520
      650.0000000000        0.0160775594       -0.0002478339
      651.0000000000        0.0158325607       -0.0002421923
      652.0000000000        0.0155931180       -0.0002367207
      653.0000000000        0.0153590648       -0.0002314126
      654.0000000000        0.0151302404       -0.0002262619
      655.0000000000        0.0149064904       -0.0002212629
      656.0000000000        0.0146876658       -0.0002164101
      657.0000000000        0.0144736232       -0.0002116981
      658.0000000000        0.0142642243       -0.0002071219
      659.0000000000        0.0140593357       -0.0002026766
      660.0000000000        0.0138588290       -0.0001983576
      661.0000000000        0.0136625799       -0.0001941604
      662.0000000000        0.0134704690       -0.0001900807
      663.0000000000        0.0132823806       -0.0001861146
      664.0000000000        0.0130982033       -0.0001822579
      665.0000000000        0.0129178295       -0.0001785071
      666.0000000000        0.0127411551       -0.0001748585
      667.0000000000        0.0125680797       -0.0001713086
      668.0000000000        0.0123985062       -0.0001678541
      669.0000000000        0.0122323408       -0.0001644918
      670.0000000000        0.0120694928       -0.0001612188
      671.0000000000        0.0119098745       -0.0001580319
      672.0000000000        0.0117534011       -0.0001549286
      673.0000000000        0.0115999905       -0.0001519059
      674.0000000000        0.0114495633       -0.0001489613
      675.0000000000        0.0113020427       -0.0001460923
      676.0000000000        0.0111573543       -0.0001432965
      677.0000000000        0.0110154261       -0.0001405716
      678.0000000000        0.0108761882       -0.0001379153
      679.0000000000        0.0107395733       -0.0001353255
      680.0000000000        0.0106055157       -0.0001328002
      681.0000000000        0.0000000000        0.0000000000
      682.0000000000        0.0000000000        0.0000000000
      683.0000000000        0.0000000000        0.0000000000
      684.0000000000        0.0000000000        0.0000000000
      685.0000000000        0.0000000000        0.0000000000
      686.0000000000        0.0000000000        0.0000000000
      687.0000000000        0.0000000000        0.0000000000
      688.0000000000        0.0000000000        0.0000000000
      689.0000000000        0.0000000000        0.0000000000
      690.0000000000        0.0000000000        0.0000000000
      691.0000000000        0.0000000000        0.0000000000
      692.0000000000        0.0000000000        0.0000000000
      693.0000000000        0.0000000000        0.0000000000
      694.0000000000        0.0000000000        0.0000000000
      695.0000000000        0.0000000000        0.0000000000
      696.0000000000        0.0000000000        0.0000000000
      697.0000000000        0.0000000000        0.0000000000
      698.0000000000        0.0000000000        0.0000000000
      699.0000000000        0.0000000000        0.0000000000
      700.0000000000        0.0000000000        0.0000000000
      701.0000000000        0.0000000000        0.0000000000
      702.0000000000        0.0000000000        0.0000000000
      703.0000000000        0.0000000000        0.0000000000
      704.0000000000        0.0000000000        0.0000000000
      705.0000000000        0.0000000000        0.0000000000
      706.0000000000        0.0000000000        0.0000000000
      707.0000000000        0.0000000000        0.0000000000
      708.0000000000        0.0000000000        0.0000000000
      709.0000000000        0.0000000000        0.0000000000
      710.0000000000        0.0000000000        0.0000000000
      711.0000000000        0.0000000000        0.0000000000
      712.0000000000        0.0000000000        0.0000000000
      713.0000000000        0.0000000000        0.0000000000
      714.0000000000        0.0000000000        0.0000000000
      715.0000000000        0.0000000000        0.0000000000
      716.0000000000        0.0000000000        0.0000000000
      717.0000000000        0.0000000000        0.0000000000
      718.0000000000        0.0000000000        0.0000000000
      719.0000000000        0.0000000000        0.0000000000
      720.0000000000        0.0000000000        0.0000000000
      721.0000000000        0.0000000000        0.0000000000
      722.0000000000        0.0000000000        0.0000000000
      723.0000000000        0.0000000000        0.0000000000
      724.0000000000        0.0000000000        0.0000000000
      725.0000000000        0.0000000000        0.0000000000
      726.0000000000        0.0000000000        0.0000000000
      727.0000000000        0.0000000000        0.0000000000
      728.0000000000        0.0000000000        0.0000000000
      729.0000000000        0.0000000000        0.0000000000
      730.0000000000        0.0000000000        0.0000000000
      731.0000000000        0.0000000000        0.0000000000
      732.0000000000        0.0000000000        0.0000000000
      733.0000000000        0.0000000000        0.0000000000
      734.0000000000        0.0000000000        0.0000000000
      735.0000000000        0.0000000000        0.0000000000
      736.0000000000        0.0000000000        0.0000000000
      737.0000000000        0.0000000000        0.0000000000
      738.0000000000        0.0000000000        0.0000000000
      739.0000000000        0.0000000000        0.0000000000
      740.0000000000        0.0000000000        0.0000000000
      741.0000000000        0.0000000000        0.0000000000
      742.0000000000        0.0000000000        0.0000000000
      743.0000000000        0.0000000000        0.0000000000
      744.0000000000        0.0000000000        0.0000000000
      745.0000000000        0.0000000000        0.0000000000
      746.0000000000        0.0000000000        0.0000000000
      747.0000000000        0.0000000000        0.0000000000
      748.0000000000        0.0000000000        0.0000000000
      749.0000000000        0.0000000000        0.0000000000
      750.0000000000        0.0000000000        0.0000000000
      751.0000000000        0.0000000000        0.0000000000
      752.0000000000        0.0000000000        0.0000000000
      753.0000000000        0.0000000000        0.0000000000
      754.0000000000        0.0000000000        0.0000000000
      755.0000000000        0.0000000000        0.0000000000
      756.0000000000        0.0000000000        0.0000000000
      757.0000000000        0.0000000000        0.0000000000
      758.0000000000        0.0000000000        0.0000000000
      759.0000000000        0.0000000000        0.0000000000
      760.0000000000        0.0000000000        0.0000000000
      761.0000000000        0.0000000000        0.0000000000
      762.0000000000        0.0000000000        0.0000000000
      763.0000000000        0.0000000000        0.0000000000
      764.0000000000        0.0000000000        0.0000000000
      765.0000000000        0.0000000000        0.0000000000
      766.0000000000        0.0000000000        0.0000000000
      767.0000000000        0.0000000000        0.0000000000
      768.0000000000        0.0000000000        0.0000000000
      769.0000000000        0.0000000000        0.0000000000
      770.0000000000        0.0000000000        0.0000000000
      771.0000000000        0.0000000000        0.0000000000
      772.0000000000        0.0000000000        0.0000000000
      773.0000000000        0.0000000000        0.0000000000
      774.0000000000        0.0000000000        0.0000000000
      775.0000000000        0.0000000000        0.0000000000
      776.0000000000        0.0000000000        0.0000000000
      777.0000000000        0.0000000000        0.0000000000
      778.0000000000        0.0000000000        0.0000000000
      779.0000000000        0.0000000000        0.0000000000
      780.0000000000        0.0000000000        0.0000000000
      781.0000000000        0.0000000000        0.0000000000
      782.0000000000        0.0000000000        0.0000000000
      783.0000000000        0.0000000000        0.0000000000
      784.0000000000        0.0000000000        0.0000000000
      785.0000000000        0.0000000000        0.0000000000
      786.0000000000        0.0000000000        0.0000000000
      787.0000000000        0.0000000000        0.0000000000
      788.0000000000        0.0000000000        0.0000000000
      789.0000000000        0.0000000000        0.0000000000
      790.0000000000        0.0000000000        0.0000000000
      791.0000000000        0.0000000000        0.0000000000
      792.0000000000        0.0000000000        0.0000000000
      793.0000000000        0.0000000000        0.0000000000
      794.0000000000        0.0000000000        0.0000000000
      795.0000000000        0.0000000000        0.0000000000
      796.0000000000        0.0000000000        0.0000000000
      797.0000000000        0.0000000000        0.0000000000
      798.0000000000        0.0000000000        0.0000000000
      799.0000000000        0.0000000000        0.0000000000
      800.0000000000        0.0000000000        0.0000000000
      801.0000000000        0.0000000000        0.0000000000
      802.0000000000        0.0000000000        0.0000000000
      803.0000000000        0.0000000000        0.0000000000
      804.0000000000        0.0000000000        0.0000000000
      805.0000000000        0.0000000000        0.0000000000
      806.0000000000        0.0000000000        0.0000000000
      807.0000000000        0.0000000000        0.0000000000
      808.0000000000        0.0000000000        0.0000000000
      809.0000000000        0.0000000000        0.0000000000
      810.0000000000        0.0000000000        0.0000000000
      811.0000000000        0.0000000000        0.0000000000
      812.0000000000        0.0000000000        0.0000000000
      813.0000000000        0.0000000000        0.0000000000
      814.0000000000        0.0000000000        0.0000000000
      815.0000000000        0.0000000000        0.0000000000
      816.0000000000        0.0000000000        0.0000000000
      817.0000000000        0.0000000000        0.0000000000
      818.0000000000        0.0000000000        0.0000000000
      819.0000000000        0.0000000000        0.0000000000
      820.0000000000        0.0000000000        0.0000000000
      821.0000000000        0.0000000000        0.0000000000
      822.0000000000        0.0000000000        0.0000000000
      823.0000000000        0.0000000000        0.0000000000
      824.0000000000        0.0000000000        0.0000000000
      825.0000000000        0.0000000000        0.0000000000
      826.0000000000        0.0000000000        0.0000000000
      827.0000000000        0.0000000000        0.0000000000
      828.0000000000        0.0000000000        0.0000000000
      829.0000000000        0.0000000000        0.0000000000
      830.0000000000        0.0000000000        0.0000000000
      831.0000000000        0.0000000000        0.0000000000
      832.0000000000        0.0000000000        0.0000000000
      833.0000000000        0.0000000000        0.0000000000
      834.0000000000        0.0000000000        0.0000000000
      835.0000000000        0.0000000000        0.0000000000
      836.0000000000        0.0000000000        0.0000000000
      837.0000000000        0.0000000000        0.0000000000
      838.0000000000        0.0000000000        0.0000000000
      839.0000000000        0.0000000000        0.0000000000
      840.0000000000        0.0000000000        0.0000000000
      841.0000000000        0.0000000000        0.0000000000
      842.0000000000        0.0000000000        0.0000000000
      843.0000000000        0.0000000000        0.0000000000
      844.0000000000        0.0000000000        0.0000000000
      845.0000000000        0.0000000000        0.0000000000
      846.0000000000        0.0000000000        0.0000000000
      847.0000000000        0.0000000000        0.0000000000
      848.0000000000        0.0000000000        0.0000000000
      849.0000000000        0.0000000000        0.0000000000
      850.0000000000        0.0000000000        0.0000000000
      851.0000000000        0.0000000000        0.0000000000
      852.0000000000        0.0000000000        0.0000000000
      853.0000000000        0.0000000000        0.0000000000
      854.0000000000        0.0000000000        0.0000000000
      855.0000000000        0.0000000000        0.0000000000
      856.0000000000        0.0000000000        0.0000000000
      857.0000000000        0.0000000000        0.0000000000
      858.0000000000        0.0000000000        0.0000000000
      859.0000000000        0.0000000000        0.0000000000
      860.0000000000        0.0000000000        0.0000000000
      861.0000000000        0.0000000000        0.0000000000
      862.0000000000        0.0000000000        0.0000000000
      863.0000000000        0.0000000000        0.0000000000
      864.0000000000        0.0000000000        0.0000000000
      865.0000000000        0.0000000000        0.0000000000
      866.0000000000        0.0000000000        0.0000000000
      867.0000000000        0.0000000000        0.0000000000
      868.0000000000        0.0000000000        0.0000000000
      869.0000000000        0.0000000000        0.0000000000
      870.0000000000        0.0000000000        0.0000000000
      871.0000000000        0.0000000000        0.0000000000
      872.0000000000        0.0000000000        0.0000000000
      873.0000000000        0.0000000000        0.0000000000
      874.0000000000        0.0000000000        0.0000000000
      875.0000000000        0.0000000000        0.0000000000
      876.0000000000        0.0000000000        0.0000000000
      877.0000000000        0.0000000000        0.0000000000
      878.0000000000        0.0000000000        0.0000000000
      879.0000000000        0.0000000000        0.0000000000
      880.0000000000        0.0000000000        0.0000000000
      881.0000000000        0.0000000000        0.0000000000
      882.0000000000        0.0000000000        0.0000000000
      883.0000000000        0.0000000000        0.0000000000
      884.0000000000        0.0000000000        0.0000000000
      885.0000000000        0.0000000000        0.0000000000
      886.0000000000        0.0000000000        0.0000000000
      887.0000000000        0.0000000000        0.0000000000
      888.0000000000        0.0000000000        0.0000000000
      889.0000000000        0.0000000000        0.0000000000
      890.0000000000        0.0000000000        0.0000000000
      891.0000000000        0.0000000000        0.0000000000
      892.0000000000        0.0000000000        0.0000000000
      893.0000000000        0.0000000000        0.0000000000
      894.0000000000        0.0000000000        0.0000000000
      895.0000000000        0.0000000000        0.0000000000
      896.0000000000        0.0000000000        0.0000000000
      897.0000000000        0.0000000000        0.0000000000
      898.0000000000        0.0000000000        0.0000000000
      899.0000000000        0.0000000000        0.0000000000
      900.0000000000        0.0000000000        0.0000000000
      901.0000000000        0.0000000000        0.0000000000
      902.0000000000        0.0000000000        0.0000000000
      903.0000000000        0.0000000000        0.0000000000
      904.0000000000        0.0000000000        0.0000000000
      905.0000000000        0.0000000000        0.0000000000
      906.0000000000        0.0000000000        0.0000000000
      907.0000000000        0.0000000000        0.0000000000
      908.0000000000        0.0000000000        0.0000000000
      909.0000000000        0.0000000000        0.0000000000
      910.0000000000        0.0000000000        0.0000000000
      911.0000000000        0.0000000000        0.0000000000
      912.0000000000        0.0000000000        0.0000000000
      913.0000000000        0.0000000000        0.0000000000
      914.0000000000        0.0000000000        0.0000000000
      915.0000000000        0.0000000000        0.0000000000
      916.0000000000        0.0000000000        0.0000000000
      917.0000000000        0.0000000000        0.0000000000
      918.0000000000        0.0000000000        0.0000000000
      919.0000000000        0.0000000000        0.0000000000
      920.0000000000        0.0000000000        0.0000000000
      921.0000000000        0.0000000000        0.0000000000
      922.0000000000        0.0000000000        0.0000000000
      923.0000000000        0.0000000000        0.0000000000
      924.0000000000        0.0000000000        0.0000000000
      925.0000000000        0.0000000000        0.0000000000
      926.0000000000        0.0000000000        0.0000000000
      927.0000000000        0.5765225068        0.0072370133
      928.0000000000        0.5838282141        0.0073749802
      929.0000000000        0.5912736433        0.0075164755
      930.0000000000        0.5988623792        0.0076616130
      931.0000000000        0.6065981225        0.0078105104
      932.0000000000        0.6144846942        0.0079632904
      933.0000000000        0.6225260399        0.0081200803
      934.0000000000        0.6307262354        0.0082810124
      935.0000000000        0.6390894913        0.0084462244
      936.0000000000        0.6476201586        0.0086158596
      937.0000000000        0.6563227344        0.0087900668
      938.0000000000        0.6652018678        0.0089690012
      939.0000000000        0.6742623663        0.0091528242
      940.0000000000        0.6835092017        0.0093417037
      941.0000000000        0.6929475176        0.0095358149
      942.0000000000        0.7025826361        0.0097353400
      943.0000000000        0.7124200656        0.0099404692
      944.0000000000        0.7224655084        0.0101514004
      945.0000000000        0.7327248691        0.0103683402
      946.0000000000        0.7432042634        0.0105915041
      947.0000000000        0.7539100268        0.0108211168
      948.0000000000        0.7648487246        0.0110574128
      949.0000000000        0.7760271618        0.0113006371
      950.0000000000        0.7874523934        0.0115510454
      951.0000000000        0.7991317361        0.0118089048
      952.0000000000        0.8110727796        0.0120744944
      953.0000000000        0.8232833987        0.0123481060
      954.0000000000        0.8357717670        0.0126300446
      955.0000000000        1.0706056946        0.0156952279
      956.0000000000        1.0864761563        0.0160474405
      957.0000000000        1.1027041320        0.0164103228
      958.0000000000        1.1193004945        0.0167842836
      959.0000000000        1.1362765345        0.0171697508
      960.0000000000        1.1536439807        0.0175671723
      961.0000000000        1.1714150200        0.0179770171
      962.0000000000        1.1896023196        0.0183997767
      963.0000000000        1.2082190496        0.0188359659
      964.0000000000        1.2272789077        0.0192861248
      965.0000000000        1.2467961443        0.0197508196
      966.0000000000        1.2667855900        0.0202306446
      967.0000000000        1.2872626843        0.0207262232
      968.0000000000        1.3082435057        0.0212382106
      969.0000000000        1.3297448039        0.0217672945
      970.0000000000        1.3517840340        0.0223141980
      971.0000000000        1.3743793926        0.0228796812
      972.0000000000        1.3975498557        0.0234645437
      973.0000000000        1.4213152197        0.0240696268
      974.0000000000        1.4456961442        0.0246958163
      975.0000000000        1.4707141981        0.0253440450
      976.0000000000        1.4963919077        0.0260152960
      977.0000000000        1.5227528090        0.0267106056
      978.0000000000        1.5498215022        0.0274310669
      979.0000000000        1.5776237105        0.0281778333
      980.0000000000        1.6061863424        0.0289521226
      981.0000000000        1.6355375580        0.0297552211
      982.0000000000        1.6657068399        0.0305884882
      983.0000000000        1.6967250689        0.0314533615
      984.0000000000        1.7286246043        0.0323513617
      985.0000000000        1.7614393703        0.0332840988
      986.0000000000        1.7952049481        0.0342532779
      987.0000000000        1.8299586745        0.0352607059
      988.0000000000        1.8657397469        0.0363082987
      989.0000000000        1.9025893365        0.0373980894
      990.0000000000        1.9405507094        0.0385322359
      991.0000000000        1.9796693562        0.0397130310
      992.0000000000        2.0199931314        0.0409429113
      993.0000000000        2.0615724027        0.0422244688
      994.0000000000        2.1044602123        0.0435604622
      995.0000000000        2.1487124495        0.0449538294
      996.0000000000        2.1943880372        0.0464077018
      997.0000000000        2.2415491323        0.0479254190
      998.0000000000        2.2902613421        0.0495105450
      999.0000000000        2.3405939579        0.0511668867
     1000.0000000000        2.3926202071        0.0528985129
     1001.0000000000        2.4464175260        0.0547097761
     1002.0000000000        2.5020678544        0.0566053355
     1003.0000000000        2.5596579556        0.0585901828
     1004.0000000000        2.6192797624        0.0606696703
     1005.0000000000        2.6810307529        0.0628495419
     1006.0000000000        2.7450143589        0.0651359669
     1007.0000000000        2.8113404095        0.0675355772
     1008.0000000000        2.8801256143        0.0700555088
     1009.0000000000        2.9514940894        0.0727034469
     1010.0000000000        3.0596741193        0.0759148915
     1011.0000000000        3.1370452948        0.0788524805
     1012.0000000000        3.2174307696        0.0819451635
     1013.0000000000        3.3009907925        0.0852033872
     1014.0000000000        3.3878964828        0.0886384587
     1015.0000000000        3.4783307314        0.0922626292
     1016.0000000000        3.5724891914        0.0960891880
     1017.0000000000        3.6705813667        0.1001325665
     1018.0000000000        3.7728318123        0.1044084550
     1019.0000000000        3.8794814562        0.1089339330
     1020.0000000000        3.9907890610        0.1137276157
     1021.0000000000        4.1070328396        0.1188098172
     1022.0000000000        4.2285122446        0.1242027358
     1023.0000000000        4.3555499542        0.1299306607
     1024.0000000000        4.4884940778        0.1360202069
     1025.0000000000        4.6277206113        0.1425005794
     1026.0000000000        4.7736361744        0.1494038732
     1027.0000000000        4.9266810664        0.1567654135
     1028.0000000000        5.0873326860        0.1646241423
     1029.0000000000        5.2561093631        0.1730230590
     1030.0000000000        5.4335746628        0.1820097234
     1031.0000000000        5.6203422269        0.1916368318
     1032.0000000000        5.8170812326        0.2019628771
     1033.0000000000        6.0245225606        0.2130529083
     1034.0000000000        6.2434657778        0.2249794059
     1035.0000000000        6.4747870625        0.2378232932
     1036.0000000000        6.7194482184        0.2516751082
     1037.0000000000        6.9785069537        0.2666363656
     1038.0000000000        7.2531286300        0.2828211434
     1039.0000000000        7.5445997287        0.3003579372
     1040.0000000000        7.8543433264        0.3193918335
     1041.0000000000        8.1839369291        0.3400870665
     1042.0000000000        8.5351330858        0.3626300338
     1043.0000000000        8.9098832868        0.3872328674
     1044.0000000000        9.3103657581        0.4141376774
     1045.0000000000        9.7390178948        0.4436216123
     1046.0000000000       10.1985742378        0.4760029194
     1047.0000000000       10.6921111018        0.5116482298
     1048.0000000000       11.2230992182        0.5509813550
     1049.0000000000       11.7954660754        0.5944939544
     1050.0000000000       12.4136700496        0.6427585326
     1051.0000000000       13.0827889348        0.6964443531
     1052.0000000000       13.8086261507        0.7563370207
     1053.0000000000       14.5978387630        0.8233627091
     1054.0000000000       15.4580925675        0.8986183027
     1055.0000000000       16.3982509489        0.9834091194
     1056.0000000000       17.4286061408        1.0792964125
     1057.0000000000       18.5611640602        1.1881575779
     1058.0000000000       19.8099972867        1.3122629911
     1059.0000000000       21.1916853320        1.4543747762
     1060.0000000000       22.7258675597        1.6178747406
     1061.0000000000       24.4359426268        1.8069314206
     1062.0000000000       26.3499600827        2.0267200565
     1063.0000000000       28.5017661899        2.2837148681
     1064.0000000000       30.9324891832        2.5860810800
     1065.0000000000       33.6924821790        2.9442059982
     1066.0000000000       36.8438894571        3.3714260329
     1067.0000000000       40.4640710329        3.8850329642
     1068.0000000000       44.6502223519        4.5076827859
     1069.0000000000       49.5256777479        5.2693918118
     1070.0000000000       55.2486149497        6.2103995596
     1071.0000000000       62.0242257584        7.3853254558
     1072.0000000000       70.1219515887        8.8692763841
     1073.0000000000       79.9002049661       10.7669183536
     1074.0000000000       91.8422633323       13.2260650830
     1075.0000000000      106.6089397922       16.4581068208
     1076.0000000000      125.1164241137       20.7685410402
     1077.0000000000      148.6513133511       26.6014315397
     1078.0000000000      179.0380616932       34.5995789695
     1079.0000000000      218.8711472006       45.6697885436
     1080.0000000000      271.7948147124       60.9954075268
     1081.0000000000      342.6933144693       81.7867772011
     1082.0000000000      437.2697278423      108.1486357261
     1083.0000000000      559.5030713623      135.6722629957
     1084.0000000000      703.9640886674      148.6552922872
     1085.0000000000      841.9954569961      117.4455250143
     1086.0000000000      917.9805583083       26.0680736380
     1087.0000000000      888.3326938456      -81.7050847637
     1088.0000000000      771.5842993079     -140.9975711062
     1089.0000000000      625.5589222772     -143.8934423828
     1090.0000000000      492.5868185434     -119.9874773006
     1091.0000000000      386.7716326927      -92.0075806334
     1092.0000000000      307.0111455795      -68.4848110991
     1093.0000000000      247.8615647453      -50.7207799204
     1094.0000000000      203.9647385021      -37.7657957151
     1095.0000000000      171.1508379872      -28.3569985602
     1096.0000000000      146.4202126655      -21.4494945856
     1097.0000000000      127.6752431974      -16.2793507871
     1098.0000000000      113.4634211982      -12.3087321140
     1099.0000000000      102.7851924418       -9.1593498494
     1100.0000000000       94.9624401297       -6.5590069443
     1101.0000000000       89.5529494138       -4.3026161590
     1102.0000000000       86.2982090293       -2.2237610541
     1103.0000000000       85.0961963771       -0.1724941670
     1104.0000000000       85.9948258165        2.0043623017
     1105.0000000000       89.2052073656        4.4836403072
     1106.0000000000       95.1368448485        7.4896478763
     1107.0000000000      104.4588696810       11.3222308956
     1108.0000000000      118.1893974115       16.3826559100
     1109.0000000000      137.7984590807       23.1655257053
     1110.0000000000      165.2459487330       32.1069824948
     1111.0000000000      202.6801195173       42.9807447835
     1112.0000000000      251.0592620579       53.2328878465
     1113.0000000000      306.4550471587       55.2039471535
     1114.0000000000      354.6402563126       37.0078944038
     1115.0000000000      372.9599373684       -2.6856122067
     1116.0000000000      349.6094603620      -41.4182437079
     1117.0000000000      297.8499397067      -57.9992802837
     1118.0000000000      240.1628895924      -55.1780181126
     1119.0000000000      189.9285926828      -44.8354120221
     1120.0000000000      150.5274225632      -34.2177914396
     1121.0000000000      120.7902051613      -25.6432020441
     1122.0000000000       98.5039493872      -19.2639917111
     1123.0000000000       81.6773798280      -14.6395746486
     1124.0000000000       68.7997654911      -11.2940511900
     1125.0000000000       58.7890844414       -8.8527377031
     1126.0000000000       50.8831862284       -7.0474695881
     1127.0000000000       44.5447112905       -5.6924085159
     1128.0000000000       39.3913628252       -4.6596594021
     1129.0000000000       35.1477199533       -3.8608004947
     1130.0000000000       31.6125781452       -3.2340842833
     1131.0000000000       28.6368600756       -2.7358468857
     1132.0000000000       26.1085837771       -2.3347915972
     1133.0000000000       23.9425291674       -2.0081759756
     1134.0000000000       22.0730489605       -1.7392484863
     1135.0000000000       20.4490037225       -1.5155067155
     1136.0000000000       19.0301483303       -1.3274994880
     1137.0000000000       17.7845225296       -1.1679925341
     1138.0000000000       16.6865451252       -1.0313797841
     1139.0000000000       15.7156077404       -0.9132624569
     1140.0000000000       14.8550280504       -0.8101439872
     1141.0000000000       14.0912653331       -0.7192056655
     1142.0000000000       13.4133304096       -0.6381389053
     1143.0000000000       12.8123422360       -0.5650173355
     1144.0000000000       12.2811976315       -0.4981967441
     1145.0000000000       11.8143309051       -0.4362340681
     1146.0000000000       11.4075478546       -0.3778186525
     1147.0000000000       11.0579247323       -0.3217101830
     1148.0000000000       10.7637680685       -0.2666782023
     1149.0000000000       10.5246363382       -0.2114379889
     1150.0000000000       10.3414300270       -0.1545767671
     1151.0000000000       10.2165634399       -0.0944625241
     1152.0000000000       10.1542406548       -0.0291248086
     1153.0000000000       10.1608708230        0.0439078457
     1154.0000000000       10.2456768522        0.1278367442
     1155.0000000000       10.4215798614        0.2269228380
     1156.0000000000       10.7064851187        0.3469707661
     1157.0000000000       11.1251616433        0.4960487689
     1158.0000000000       11.7120088657        0.6855676366
     1159.0000000000       12.5151532122        0.9318959334
     1160.0000000000       13.6025207757        1.2587357188
     1161.0000000000       15.0707473578        1.7004332436
     1162.0000000000       17.0577883189        2.3059303168
     1163.0000000000       19.7590337675        3.1411302604
     1164.0000000000       23.4418763832        4.2809785635
     1165.0000000000       28.4371545481        5.7639322357
     1166.0000000000       35.0400640357        7.4406637912
     1167.0000000000       43.1653376482        8.6241794636
     1168.0000000000       51.6043862149        7.7442204176
     1169.0000000000       57.4250369946        3.2899341676
     1170.0000000000       57.4387106051       -3.2790741043
     1171.0000000000       51.5620923438       -7.8773318334
     1172.0000000000       42.9204934072       -8.8836245028
     1173.0000000000       34.5055085235       -7.7495957268
     1174.0000000000       27.5893750765       -6.0771750845
     1175.0000000000       22.2851181778       -4.5850137144
     1176.0000000000       18.3030739972       -3.4359785460
     1177.0000000000       15.3100755897       -2.5952671731
     1178.0000000000       13.0348060442       -1.9881613594
     1179.0000000000       11.2782474661       -1.5481698051
     1180.0000000000        9.8994407452       -1.2257510387
     1181.0000000000        8.7992665298       -0.9861258701
     1182.0000000000        7.9076620735       -0.8053263931
     1183.0000000000        7.1745613411       -0.6668495914
     1184.0000000000        6.5637082767       -0.5592484150
     1185.0000000000        6.0484745480       -0.4744931786
     1186.0000000000        5.6090259137       -0.4068782501
     1187.0000000000        5.2303864099       -0.3522946295
     1188.0000000000        4.9011010592       -0.3077434512
     1189.0000000000        4.6123005043       -0.2710076013
     1190.0000000000        4.3570383334       -0.2404275658
     1191.0000000000        4.1298155898       -0.2147465710
     1192.0000000000        3.9262353505       -0.1930022730
     1193.0000000000        3.7427487986       -0.1744500792
     1194.0000000000        3.5764664344       -0.1585082177
     1195.0000000000        3.4250162024       -0.1447179379
     1196.0000000000        3.2864357886       -0.1327143569
     1197.0000000000        3.1590900713       -0.1222048846
     1198.0000000000        3.0416072763       -0.1129530969
     1199.0000000000        2.9328291738       -0.1047665701
     1200.0000000000        2.8317719151       -0.0974876212
     1201.0000000000        2.7375949998       -0.0909862002
     1202.0000000000        2.6495765076       -0.0851543920
     1203.0000000000        2.5670931938       -0.0799021299
     1204.0000000000        2.4896043911       -0.0751538300
     1205.0000000000        2.4166389075       -0.0708457312
     1206.0000000000        2.3477843018       -0.0669237786
     1207.0000000000        2.2826780561       -0.0633419290
     1208.0000000000        2.2210002695       -0.0600607864
     1209.0000000000        2.1624675835       -0.0570464974
     1210.0000000000        2.1068281036       -0.0542698516
     1211.0000000000        2.0538571369       -0.0517055457
     1212.0000000000        2.0033535971       -0.0493315783
     1213.0000000000        1.9551369605       -0.0471287498
     1214.0000000000        1.9090446778       -0.0450802481
     1215.0000000000        1.8649299651       -0.0431713022
     1216.0000000000        1.8226599110       -0.0413888936
     1217.0000000000        1.7821138498       -0.0397215127
     1218.0000000000        1.7431819574       -0.0381589541
     1219.0000000000        1.7057640364       -0.0366921436
     1220.0000000000        1.6697684608       -0.0353129898
     1221.0000000000        1.6351112572       -0.0340142597
     1222.0000000000        1.6017153017       -0.0327894706
     1223.0000000000        1.5695096168       -0.0316327983
     1224.0000000000        1.5384287534       -0.0305389979
     1225.0000000000        1.5084122468       -0.0295033352
     1226.0000000000        1.4794041358       -0.0285215279
     1227.0000000000        1.4513525372       -0.0275896940
     1228.0000000000        1.4242092688       -0.0267043075
     1229.0000000000        1.3979295128       -0.0258621588
     1230.0000000000        1.3724715169       -0.0250603215
     1231.0000000000        1.3477963265       -0.0242961218
     1232.0000000000        1.3238675454       -0.0235671126
     1233.0000000000        1.3006511210       -0.0228710505
     1234.0000000000        1.2781151506       -0.0222058753
     1235.0000000000        1.2562297081       -0.0215696918
     1236.0000000000        1.2349666865       -0.0209607542
     1237.0000000000        1.2142996562       -0.0203774515
     1238.0000000000        1.1942037361       -0.0198182951
     1239.0000000000        1.1746554775       -0.0192819077
     1240.0000000000        1.1556327576       -0.0187670127
     1241.0000000000        1.1371146835       -0.0182724260
     1242.0000000000        1.1190815038       -0.0177970471
     1243.0000000000        1.1015145287       -0.0173398525
     1244.0000000000        1.0843960560       -0.0168998886
     1245.0000000000        1.0677093048       -0.0164762666
     1246.0000000000        1.0514383528       -0.0160681564
     1247.0000000000        0.4700929474       -0.0086447413
     1248.0000000000        0.4615740301       -0.0083948357
     1249.0000000000        0.4532998857       -0.0081551022
     1250.0000000000        0.4452606160       -0.0079249992
     1251.0000000000        0.4374468462       -0.0077040208
     1252.0000000000        0.4298496909       -0.0074916941
     1253.0000000000        0.4224607219       -0.0072875767
     1254.0000000000        0.4152719395       -0.0070912540
     1255.0000000000        0.4082757454       -0.0069023376
     1256.0000000000        0.4014649173       -0.0067204629
     1257.0000000000        0.3948325866       -0.0065452877
     1258.0000000000        0.3883722163       -0.0063764902
     1259.0000000000        0.3820775813       -0.0062137681
     1260.0000000000        0.3759427502       -0.0060568365
     1261.0000000000        0.3699620677       -0.0059054273
     1262.0000000000        0.3641301392       -0.0057592877
     1263.0000000000        0.3584418155       -0.0056181791
     1264.0000000000        0.3528921791       -0.0054818766
     1265.0000000000        0.3474765313       -0.0053501675
     1266.0000000000        0.3421903801       -0.0052228508
     1267.0000000000        0.3370294291       -0.0050997364
     1268.0000000000        0.3319895667       -0.0049806444
     1269.0000000000        0.3270668565       -0.0048654044
     1270.0000000000        0.3222575278       -0.0047538550
     1271.0000000000        0.3175579673       -0.0046458432
     1272.0000000000        0.3129647107       -0.0045412236
     1273.0000000000        0.3084744353       -0.0044398585
     1274.0000000000        0.3040839526       -0.0043416169
     1275.0000000000        0.0779199840       -0.0014753188
     1276.0000000000        0.0996012972       -0.0011435464
     1277.0000000000        0.0984804294       -0.0010984121
     1278.0000000000        0.0974040394       -0.0010545788
     1279.0000000000        0.0963708614       -0.0010119768
     1280.0000000000        0.0953796975       -0.0009705399
     1281.0000000000        0.0944294145       -0.0009302046
     1282.0000000000        0.0935189412       -0.0008909106
     1283.0000000000        0.0926472654       -0.0008526002
     1284.0000000000        0.0918134314       -0.0008152181
     1285.0000000000        0.0910165374       -0.0007787115
     1286.0000000000        0.0902557335       -0.0007430296
     1287.0000000000        0.0895302196       -0.0007081237
     1288.0000000000        0.0888392431       -0.0006739469
     1289.0000000000        0.0881820977       -0.0006404542
     1290.0000000000        0.0875581211       -0.0006076021
     1291.0000000000        0.0869666940       -0.0005753485
     1292.0000000000        0.0864072381       -0.0005436529
     1293.0000000000        0.0858792154       -0.0005124757
     1294.0000000000        0.0853821266       -0.0004817788
     1295.0000000000        0.0849155101       -0.0004515251
     1296.0000000000        0.0844789408       -0.0004216783
     1297.0000000000        0.0840720297       -0.0003922030
     1298.0000000000        0.0836944225       -0.0003630648
     1299.0000000000        0.0833457991       -0.0003342297
     1300.0000000000        0.0830258731       -0.0003056646
     1301.0000000000        0.0827343909       -0.0002773366
     1302.0000000000        0.0824711316       -0.0002492135
     1303.0000000000        0.0822359062       -0.0002212635
     1304.0000000000        0.0820285574       -0.0001934549
     1305.0000000000        0.0818489596       -0.0001657565
     1306.0000000000        0.0816970182       -0.0001381368
     1307.0000000000        0.0815726700       -0.0001105649
     1308.0000000000        0.0814758828       -0.0000830096
     1309.0000000000        0.0814066556       -0.0000554397
     1310.0000000000        0.0813650187       -0.0000278239
     1311.0000000000        0.0813510337       -0.0000001305
     1312.0000000000        0.0813647942        0.0000276723
     1313.0000000000        0.0814064256        0.0000556168
     1314.0000000000        0.0814760858        0.0000837356
     1315.0000000000        0.0815739659        0.0001120619
     1316.0000000000        0.0817002902        0.0001406298
     1317.0000000000        0.0818553174        0.0001694736
     1318.0000000000        0.0820393411        0.0001986288
     1319.0000000000        0.0822526909        0.0002281317
     1320.0000000000        0.0824957328        0.0002580194
     1321.0000000000        0.0827688708        0.0002883305
     1322.0000000000        0.0830725480        0.0003191044
     1323.0000000000        0.0834072474        0.0003503819
     1324.0000000000        0.0837734938        0.0003822055
     1325.0000000000        0.0841718551        0.0004146190
     1326.0000000000        0.0846029437        0.0004476681
     1327.0000000000        0.0850674189        0.0004814000
     1328.0000000000        0.0855659879        0.0005158643
     1329.0000000000        0.0860994088        0.0005511126
     1330.0000000000        0.0529785096        0.0010068041
     1331.0000000000        0.0539998405        0.0010360435
     1332.0000000000        0.0550509776        0.0010664257
     1333.0000000000        0.0561330915        0.0010980069
     1334.0000000000        0.0572474109        0.0011308468
     1335.0000000000        0.0583952258        0.0011650088
     1336.0000000000        0.0595778915        0.0012005600
     1337.0000000000        0.0607968325        0.0012375717
     1338.0000000000        0.0620535468        0.0012761196
     1339.0000000000        0.0633496105        0.0013162843
     1340.0000000000        0.0646866827        0.0013581513
     1341.0000000000        0.0660665108        0.0014018117
     1342.0000000000        0.0674909362        0.0014473626
     1343.0000000000        0.0689619005        0.0014949073
     1344.0000000000        0.0704814520        0.0015445560
     1345.0000000000        0.0720517529        0.0015964264
     1346.0000000000        0.0738182092        0.0016524387
     1347.0000000000        0.0754988018        0.0017091719
     1348.0000000000        0.0772374280        0.0017685308
     1349.0000000000        0.0790367897        0.0018306692
     1350.0000000000        0.0808997475        0.0018957514
     1351.0000000000        0.0828293324        0.0019639538
     1352.0000000000        0.0848287580        0.0020354655
     1353.0000000000        0.0869014340        0.0021104895
     1354.0000000000        0.0890509803        0.0021892440
     1355.0000000000        0.0912812434        0.0022719636
     1356.0000000000        0.0935963131        0.0023589008
     1357.0000000000        0.0960005413        0.0024503277
     1358.0000000000        0.0984985625        0.0025465376
     1359.0000000000        0.1010953161        0.0026478472
     1360.0000000000        0.1037960705        0.0027545986
     1361.0000000000        0.1066064501        0.0028671618
     1362.0000000000        0.1095324645        0.0029859374
     1363.0000000000        0.1125805402        0.0031113596
     1364.0000000000        0.1157575559        0.0032438994
     1365.0000000000        0.1190708816        0.0033840685
     1366.0000000000        0.1225284208        0.0035324230
     1367.0000000000        0.1261386575        0.0036895689
     1368.0000000000        0.1299107083        0.0038561662
     1369.0000000000        0.1338543797        0.0040329355
     1370.0000000000        0.1379802316        0.0042206642
     1371.0000000000        0.1422996477        0.0044202140
     1372.0000000000        0.1468249136        0.0046325288
     1373.0000000000        0.1515693044        0.0048586445
     1374.0000000000        0.1565471812        0.0050996994
     1375.0000000000        0.1617740992        0.0053569461
     1376.0000000000        0.1672669292        0.0056317651
     1377.0000000000        0.1730439931        0.0059256806
     1378.0000000000        0.1791252156        0.0062403776
     1379.0000000000        0.1855322954        0.0065777227
     1380.0000000000        0.1922888982        0.0069397870
     1381.0000000000        0.1994208735        0.0073288723
     1382.0000000000        0.2069565011        0.0077475425
     1383.0000000000        0.2149267698        0.0081986578
     1384.0000000000        0.2233656937        0.0086854167
     1385.0000000000        0.2323106739        0.0092114023
     1386.0000000000        0.2418029094        0.0097806379
     1387.0000000000        0.2518878692        0.0103976512
     1388.0000000000        0.2626158326        0.0110675491
     1389.0000000000        0.2740425120        0.0117961063
     1390.0000000000        0.2862297704        0.0125898686
     1391.0000000000        0.2992464527        0.0134562758
     1392.0000000000        0.3131693498        0.0144038066
     1393.0000000000        0.3280843218        0.0154421520
     1394.0000000000        0.3440876098        0.0165824208
     1395.0000000000        0.3612873741        0.0178373872
     1396.0000000000        0.3798055036        0.0192217888
     1397.0000000000        0.3997797528        0.0207526853
     1398.0000000000        0.4213662757        0.0224498959
     1399.0000000000        0.4447426427        0.0243365317
     1400.0000000000        0.4701114468        0.0264396481
     1401.0000000000        0.4977046369        0.0287910492
     1402.0000000000        0.5277887458        0.0314282839
     1403.0000000000        0.5606712327        0.0343958859
     1404.0000000000        0.5967082152        0.0377469285
     1405.0000000000        0.6363139505        0.0415449837
     1406.0000000000        0.6799725276        0.0458666091
     1407.0000000000        0.7282523755        0.0508045250
     1408.0000000000        0.7818243835        0.0564717041
     1409.0000000000        0.8414846894        0.0630066751
     1410.0000000000        0.9081835456        0.0705804579
     1411.0000000000        0.9830621686        0.0794057080
     1412.0000000000        1.0675001653        0.0897488849
     1413.0000000000        1.1631771015        0.1019465968
     1414.0000000000        1.2721531668        0.1164277781
     1415.0000000000        1.3969758935        0.1337440976
     1416.0000000000        1.5408228047        0.1546121165
     1417.0000000000        1.7076941780        0.1799724129
     1418.0000000000        1.9026765366        0.2110734993
     1419.0000000000        2.1323071750        0.2495923903
     1420.0000000000        2.4050847958        0.2978099630
     1421.0000000000        2.7321940054        0.3588690349
     1422.0000000000        3.1285463762        0.4371582241
     1423.0000000000        3.6142945067        0.5388874519
     1424.0000000000        4.2170566713        0.6729530863
     1425.0000000000        4.9752065135        0.8522283116
     1426.0000000000        5.9427301791        1.0954305276
     1427.0000000000        7.1962686718        1.4296055430
     1428.0000000000        8.8447705318        1.8926630031
     1429.0000000000       11.0407185459        2.5331598220
     1430.0000000000       13.9861932133        3.3974876087
     1431.0000000000       17.9092228422        4.4760827637
     1432.0000000000       22.9419976377        5.5488577773
     1433.0000000000       28.7750640053        5.9030796460
     1434.0000000000       34.0952036323        4.3198447517
     1435.0000000000       36.6029192494        0.4056480207
     1436.0000000000       34.8139848327       -3.7699625023
     1437.0000000000       29.8140837996       -5.7987847640
     1438.0000000000       23.9397967872       -5.6949063299
     1439.0000000000       18.7214423014       -4.6789537962
     1440.0000000000       14.6047933529       -3.5753882891
     1441.0000000000       11.5023089101       -2.6691446710
     1442.0000000000        9.1895344541       -1.9917958154
     1443.0000000000        7.4564964745       -1.5010319099
     1444.0000000000        6.1419861707       -1.1470978026
     1445.0000000000        5.1301460974       -0.8900110548
     1446.0000000000        4.3393823062       -0.7009627172
     1447.0000000000        3.7122758730       -0.5599541878
     1448.0000000000        3.2080922576       -0.4532303082
     1449.0000000000        2.7975828099       -0.3712979839
     1450.0000000000        2.4594580990       -0.3075440313
     1451.0000000000        2.1780041305       -0.2573055167
     1452.0000000000        1.9414624123       -0.2172510829
     1453.0000000000        1.7409183090       -0.1849686931
     1454.0000000000        1.5695291334       -0.1586889195
     1455.0000000000        1.4219813267       -0.1370972979
     1456.0000000000        1.2941038304       -0.1192055887
     1457.0000000000        1.1825892294       -0.1042623674
     1458.0000000000        1.0847901756       -0.0916901652
     1459.0000000000        0.9985690393       -0.0810407424
     1460.0000000000        0.9221856434       -0.0719628910
     1461.0000000000        0.8542125583       -0.0641789978
     1462.0000000000        0.7934705613       -0.0574678027
     1463.0000000000        0.7389790015       -0.0516515838
     1464.0000000000        0.6899172946       -0.0465865436
     1465.0000000000        0.6455948055       -0.0421555276
     1466.0000000000        0.6054271072       -0.0382624643
     1467.0000000000        0.5689171317       -0.0348280827
     1468.0000000000        0.5356400994       -0.0317865888
     1469.0000000000        0.5052313944       -0.0290830665
     1470.0000000000        0.4773767503       -0.0266714312
     1471.0000000000        0.4518042608       -0.0245128058
     1472.0000000000        0.4282778445       -0.0225742246
     1473.0000000000        0.4065918734       -0.0208275914
     1474.0000000000        0.3865667398       -0.0192488348
     1475.0000000000        0.3680451870       -0.0178172205
     1476.0000000000        0.3508892648       -0.0165147847
     1477.0000000000        0.3349778005       -0.0153258636
     1478.0000000000        0.3202043030       -0.0142366982
     1479.0000000000        0.3064752306       -0.0132350957
     1480.0000000000        0.2937085755       -0.0123101350
     1481.0000000000        0.2818327268       -0.0114519010
     1482.0000000000        0.2707855890       -0.0106512376
     1483.0000000000        0.2605139442       -0.0098995052
     1484.0000000000        0.2509730598       -0.0091883290
     1485.0000000000        0.2421265600       -0.0085093206
     1486.0000000000        0.2339465974       -0.0078537513
     1487.0000000000        0.2264143898       -0.0072121430
     1488.0000000000        0.2195212227       -0.0065737353
     1489.0000000000        0.2132700756       -0.0059257591
     1490.0000000000        0.2076781106       -0.0052524173
     1491.0000000000        0.2027803869       -0.0045334205
     1492.0000000000        0.1986353570       -0.0037418404
     1493.0000000000        0.1953329932       -0.0028409216
     1494.0000000000        0.1930068417       -0.0017793078
     1495.0000000000        0.1918519532       -0.0004839116
     1496.0000000000        0.1921515191        0.0011505245
     1497.0000000000        0.1943159079        0.0032758008
     1498.0000000000        0.1989375251        0.0061067983
     1499.0000000000        0.2068593756        0.0099288893
     1500.0000000000        0.2192311392        0.0150536189
     1501.0000000000        0.2374467831        0.0215920515
     1502.0000000000        0.2626432447        0.0287334891
     1503.0000000000        0.2940622909        0.0331746730
     1504.0000000000        0.3257693797        0.0279414098
     1505.0000000000        0.3447163167        0.0075595973
     1506.0000000000        0.3384441860       -0.0197445289
     1507.0000000000        0.3087670690       -0.0369947268
     1508.0000000000        0.2695052461       -0.0395114145
     1509.0000000000        0.2323712057       -0.0340754101
     1510.0000000000        0.2018657615       -0.0269680194
     1511.0000000000        0.1781010964       -0.0207965797
     1512.0000000000        0.1597828680       -0.0160743638
     1513.0000000000        0.1455318356       -0.0126110634
     1514.0000000000        0.1342466933       -0.0100918584
     1515.0000000000        0.1251243426       -0.0082464668
     1516.0000000000        0.1175962014       -0.0068757530
     1517.0000000000        0.1112615220       -0.0058404123
     1518.0000000000        0.1058359025       -0.0050444719
     1519.0000000000        0.1011150542       -0.0044217633
     1520.0000000000        0.0969501133       -0.0039262886
     1521.0000000000        0.0932309520       -0.0035256926
     1522.0000000000        0.0898748599       -0.0031969108
     1523.0000000000        0.0868187977       -0.0029232736
     1524.0000000000        0.0840140369       -0.0026925669
     1525.0000000000        0.0814224015       -0.0024957211
     1526.0000000000        0.0790135994       -0.0023259147
     1527.0000000000        0.0767633031       -0.0021779546
     1528.0000000000        0.0746517512       -0.0020478406
     1529.0000000000        0.0726627187       -0.0019324579
     1530.0000000000        0.0707827477       -0.0018293550
     1531.0000000000        0.0690005690       -0.0017365840
     1532.0000000000        0.0673066600       -0.0016525819
     1533.0000000000        0.0656929064       -0.0015760837
     1534.0000000000        0.0641523376       -0.0015060567
     1535.0000000000        0.0626789209       -0.0014416509
     1536.0000000000        0.0612673983       -0.0013821614
     1537.0000000000        0.0599131566       -0.0013269994
     1538.0000000000        0.0586121230       -0.0012756695
     1539.0000000000        0.0573606809       -0.0012277519
     1540.0000000000        0.0561556015       -0.0011828891
     1541.0000000000        0.0549939873       -0.0011407742
     1542.0000000000        0.0538732257       -0.0011011427
     1543.0000000000        0.0527909509       -0.0010637651
     1544.0000000000        0.0517450112       -0.0010284412
     1545.0000000000        0.0507334425       -0.0009949957
     1546.0000000000        0.0497544453       -0.0009632742
     1547.0000000000        0.0488063653       -0.0009331399
     1548.0000000000        0.0478876771       -0.0009044714
     1549.0000000000        0.0469969700       -0.0008771606
     1550.0000000000        0.0461329358       -0.0008511103
     1551.0000000000        0.0452943584       -0.0008262334
     1552.0000000000        0.0444801043       -0.0008024511
     1553.0000000000        0.0436891152       -0.0007796921
     1554.0000000000        0.0429204006       -0.0007578918
     1555.0000000000        0.0421730317       -0.0007369913
     1556.0000000000        0.0414461361       -0.0007169366
     1557.0000000000        0.0407388930       -0.0006976784
     1558.0000000000        0.0400505289       -0.0006791714
     1559.0000000000        0.0393803138       -0.0006613739
     1560.0000000000        0.0387275575       -0.0006442474
     1561.0000000000        0.0380916072       -0.0006277563
     1562.0000000000        0.0374718442       -0.0006118675
     1563.0000000000        0.0368676816       -0.0005965505
     1564.0000000000        0.0362785622       -0.0005817766
     1565.0000000000        0.0357039561       -0.0005675195
     1566.0000000000        0.0351433593       -0.0005537541
     1567.0000000000        0.0345962917       -0.0005404574
     1568.0000000000        0.0340622955       -0.0005276077
     1569.0000000000        0.0335409342       -0.0005151844
     1570.0000000000        0.0330317909       -0.0005031687
     1571.0000000000        0.0325344671       -0.0004915424
     1572.0000000000        0.0320485820       -0.0004802886
     1573.0000000000        0.0315737711       -0.0004693913
     1574.0000000000        0.0311096855       -0.0004588356
     1575.0000000000        0.0306559908       -0.0004486072
     1576.0000000000        0.0302123665       -0.0004386926
     1577.0000000000        0.0297785051       -0.0004290792
     1578.0000000000        0.0293541117       -0.0004197549
     1579.0000000000        0.0289389029       -0.0004107081
     1580.0000000000        0.0285326065       -0.0004019282
     1581.0000000000        0.0281349609       -0.0003934048
     1582.0000000000        0.0277457146       -0.0003851281
     1583.0000000000        0.0273646255       -0.0003770889
     1584.0000000000        0.0269914607       -0.0003692781
     1585.0000000000        0.0266259959       -0.0003616875
     1586.0000000000        0.0262680150       -0.0003543090
     1587.0000000000        0.0259173098       -0.0003471348
     1588.0000000000        0.0255736797       -0.0003401578
     1589.0000000000        0.0252369309       -0.0003333708
     1590.0000000000        0.0249068769       -0.0003267673
     1591.0000000000        0.0245833373       -0.0003203408
     1592.0000000000        0.0242661383       -0.0003140853
     1593.0000000000        0.0239551117       -0.0003079949
     1594.0000000000        0.0236500954       -0.0003020640
     1595.0000000000        0.0233509324       -0.0002962872
     1596.0000000000        0.0004423379       -0.0000097449
     1597.0000000000        0.0004327516       -0.0000094301
     1598.0000000000        0.0004234733       -0.0000091286
     1599.0000000000        0.0004144901       -0.0000088399
     1600.0000000000        0.0004057896       -0.0000085631
     1601.0000000000        0.0003973600       -0.0000082979
     1602.0000000000        0.0003891903       -0.0000080434
     1603.0000000000        0.0003812698       -0.0000077993
     1604.0000000000        0.0003735885       -0.0000075649
     1605.0000000000        0.0003661369       -0.0000073398
     1606.0000000000        0.0003589059       -0.0000071236
     1607.0000000000        0.0003518869       -0.0000069157
     1608.0000000000        0.0003450718       -0.0000067159
     1609.0000000000        0.0003384526       -0.0000065237
     1610.0000000000        0.0003320220       -0.0000063387
     1611.0000000000        0.0003257728       -0.0000061607
     1612.0000000000        0.0003196983       -0.0000059893
     1613.0000000000        0.0003137921       -0.0000058242
     1614.0000000000        0.0003080480       -0.0000056650
     1615.0000000000        0.0003024601       -0.0000055117
     1616.0000000000        0.0002970229       -0.0000053638
     1617.0000000000        0.0002917308       -0.0000052211
     1618.0000000000        0.0002865789       -0.0000050835
     1619.0000000000        0.0002815622       -0.0000049507
     1620.0000000000        0.0002766761       -0.0000048224
     1621.0000000000        0.0002719160       -0.0000046985
     1622.0000000000        0.0002672776       -0.0000045789
     1623.0000000000        0.0002627569       -0.0000044632
     1624.0000000000        0.0002583499       -0.0000043515
     1625.0000000000        0.0002540527       -0.0000042434
     1626.0000000000        0.0002498619       -0.0000041389
     1627.0000000000        0.0002457739       -0.0000040377
     1628.0000000000        0.0002417853       -0.0000039399
     1629.0000000000        0.0002378931       -0.0000038452
     1630.0000000000        0.0002340940       -0.0000037535
     1631.0000000000        0.0002303852       -0.0000036646
     1632.0000000000        0.0002267638       -0.0000035786
     1633.0000000000        0.0002232271       -0.0000034952
     1634.0000000000        0.0002197725       -0.0000034144
     1635.0000000000        0.0002163974       -0.0000033361
     1636.0000000000        0.0002130994       -0.0000032602
     1637.0000000000        0.0002098763       -0.0000031865
     1638.0000000000        0.0002067257       -0.0000031150
     1639.0000000000        0.0002036455       -0.0000030457
     1640.0000000000        0.0002006336       -0.0000029784
     1641.0000000000        0.0001976880       -0.0000029131
     1642.0000000000        0.0001948068       -0.0000028496
     1643.0000000000        0.0001919881       -0.0000027880
     1644.0000000000        0.0001892302       -0.0000027282
     1645.0000000000        0.0001865312       -0.0000026700
     1646.0000000000        0.0001838895       -0.0000026135
     1647.0000000000        0.0001813036       -0.0000025586
     1648.0000000000        0.0001787718       -0.0000025052
     1649.0000000000        0.0001762926       -0.0000024533
     1650.0000000000        0.0001738647       -0.0000024028
     1651.0000000000        0.0001714865       -0.0000023537
     1652.0000000000        0.0001691568       -0.0000023059
     1653.0000000000        0.0001668743       -0.0000022594
     1654.0000000000        0.0001646376       -0.0000022141
     1655.0000000000        0.0001624456       -0.0000021701
     1656.0000000000        0.0001602971       -0.0000021272
     1657.0000000000        0.0001581909       -0.0000020854
     1658.0000000000        0.0001561259       -0.0000020447
     1659.0000000000        0.0001541011       -0.0000020051
     1660.0000000000        0.0001521154       -0.0000019665
     1661.0000000000        0.0001501678       -0.0000019288
     1662.0000000000        0.0001482574       -0.0000018921
     1663.0000000000        0.0001463832       -0.0000018564
     1664.0000000000        0.0001445444       -0.0000018215
     1665.0000000000        0.0001427399       -0.0000017875
     1666.0000000000        0.0000000000        0.0000000000
     1667.0000000000        0.0000000000        0.0000000000
     1668.0000000000        0.0000000000        0.0000000000
     1669.0000000000        0.0000000000        0.0000000000
     1670.0000000000        0.0000000000        0.0000000000
     1671.0000000000        0.0000000000        0.0000000000
     1672.0000000000        0.0000000000        0.0000000000
     1673.0000000000        0.0000000000        0.0000000000
     1674.0000000000        0.0000000000        0.0000000000
     1675.0000000000        0.0000000000        0.0000000000
     1676.0000000000        0.0000000000        0.0000000000
     1677.0000000000        0.0000000000        0.0000000000
     1678.0000000000        0.0000000000        0.0000000000
     1679.0000000000        0.0000000000        0.0000000000
     1680.0000000000        0.0000000000        0.0000000000
     1681.0000000000        0.0000000000        0.0000000000
     1682.0000000000        0.0000000000        0.0000000000
     1683.0000000000        0.0000000000        0.0000000000
     1684.0000000000        0.0000000000        0.0000000000
     1685.0000000000        0.0000000000        0.0000000000
     1686.0000000000        0.0000000000        0.0000000000
     1687.0000000000        0.0000000000        0.0000000000
     1688.0000000000        0.0000000000        0.0000000000
     1689.0000000000        0.0000000000        0.0000000000
     1690.0000000000        0.0000000000        0.0000000000
     1691.0000000000        0.0000000000        0.0000000000
     1692.0000000000        0.0000000000        0.0000000000
     1693.0000000000        0.0000000000        0.0000000000
     1694.0000000000        0.0000000000        0.0000000000
     1695.0000000000        0.0000000000        0.0000000000
     1696.0000000000        0.0000000000        0.0000000000
     1697.0000000000        0.0000000000        0.0000000000
     1698.0000000000        0.0000000000        0.0000000000
     1699.0000000000        0.0000000000        0.0000000000
     1700.0000000000        0.0000000000        0.0000000000
     1701.0000000000        0.0000000000        0.0000000000
     1702.0000000000        0.0000000000        0.0000000000
     1703.0000000000        0.0000000000        0.0000000000
     1704.0000000000        0.0000000000        0.0000000000
     1705.0000000000        0.0000000000        0.0000000000
     1706.0000000000        0.0000000000        0.0000000000
     1707.0000000000        0.0000000000        0.0000000000
     1708.0000000000        0.0000000000        0.0000000000
     1709.0000000000        0.0000000000        0.0000000000
     1710.0000000000        0.0000000000        0.0000000000
     1711.0000000000        0.0000000000        0.0000000000
     1712.0000000000        0.0000000000        0.0000000000
     1713.0000000000        0.0000000000        0.0000000000
     1714.0000000000        0.0000000000        0.0000000000
     1715.0000000000        0.0000000000        0.0000000000
     1716.0000000000        0.0000000000        0.0000000000
     1717.0000000000        0.0000000000        0.0000000000
     1718.0000000000        0.0000000000        0.0000000000
     1719.0000000000        0.0000000000        0.0000000000
     1720.0000000000        0.0000000000        0.0000000000
     1721.0000000000        0.0000000000        0.0000000000
     1722.0000000000        0.0000000000        0.0000000000
     1723.0000000000        0.0000000000        0.0000000000
     1724.0000000000        0.0000000000        0.0000000000
     1725.0000000000        0.0000000000        0.0000000000
     1726.0000000000        0.0000000000        0.0000000000
     1727.0000000000        0.0000000000        0.0000000000
     1728.0000000000        0.0000000000        0.0000000000
     1729.0000000000        0.0000000000        0.0000000000
     1730.0000000000        0.0000000000        0.0000000000
     1731.0000000000        0.0000000000        0.0000000000
     1732.0000000000        0.0000000000        0.0000000000
     1733.0000000000        0.0000000000        0.0000000000
     1734.0000000000        0.0000000000        0.0000000000
     1735.0000000000        0.0000000000        0.0000000000
     1736.0000000000        0.0000000000        0.0000000000
     1737.0000000000        0.0000000000        0.0000000000
     1738.0000000000        0.0000000000        0.0000000000
     1739.0000000000        0.0000000000        0.0000000000
     1740.0000000000        0.0000000000        0.0000000000
     1741.0000000000        0.0000000000        0.0000000000
     1742.0000000000        0.0000000000        0.0000000000
     1743.0000000000        0.0000000000        0.0000000000
     1744.0000000000        0.0000000000        0.0000000000
     1745.0000000000        0.0000000000        0.0000000000
     1746.0000000000        0.0000000000        0.0000000000
     1747.0000000000        0.0000000000        0.0000000000
     1748.0000000000        0.0000000000        0.0000000000
     1749.0000000000        0.0000000000        0.0000000000
     1750.0000000000        0.0000000000        0.0000000000
     1751.0000000000        0.0000000000        0.0000000000
     1752.0000000000        0.0000000000        0.0000000000
     1753.0000000000        0.0000000000        0.0000000000
     1754.0000000000        0.0000000000        0.0000000000
     1755.0000000000        0.0000000000        0.0000000000
     1756.0000000000        0.0000000000        0.0000000000
     1757.0000000000        0.0000000000        0.0000000000
     1758.0000000000        0.0000000000        0.0000000000
     1759.0000000000        0.0000000000        0.0000000000
     1760.0000000000        0.0000000000        0.0000000000
     1761.0000000000        0.0000000000        0.0000000000
     1762.0000000000        0.0000000000        0.0000000000
     1763.0000000000        0.0000000000        0.0000000000
     1764.0000000000        0.0000000000        0.0000000000
     1765.0000000000        0.0000000000        0.0000000000
     1766.0000000000        0.0000000000        0.0000000000
     1767.0000000000        0.0000000000        0.0000000000
     1768.0000000000        0.0000000000        0.0000000000
     1769.0000000000        0.0000000000        0.0000000000
     1770.0000000000        0.0000000000        0.0000000000
     1771.0000000000        0.0000000000        0.0000000000
     1772.0000000000        0.0000000000        0.0000000000
     1773.0000000000        0.0000000000        0.0000000000
     1774.0000000000        0.0000000000        0.0000000000
     1775.0000000000        0.0000000000        0.0000000000
     1776.0000000000        0.0000000000        0.0000000000
     1777.0000000000        0.0000000000        0.0000000000
     1778.0000000000        0.0000000000        0.0000000000
     1779.0000000000        0.0000000000        0.0000000000
     1780.0000000000        0.0000000000        0.0000000000
     1781.0000000000        0.0000000000        0.0000000000
     1782.0000000000        0.0000000000        0.0000000000
     1783.0000000000        0.0000000000        0.0000000000
     1784.0000000000        0.0000000000        0.0000000000
     1785.0000000000        0.0000000000        0.0000000000
     1786.0000000000        0.0000000000        0.0000000000
     1787.0000000000        0.0000000000        0.0000000000
     1788.0000000000        0.0000000000        0.0000000000
     1789.0000000000        0.0000000000        0.0000000000
     1790.0000000000        0.0000000000        0.0000000000
     1791.0000000000        0.0000000000        0.0000000000
     1792.0000000000        0.0000000000        0.0000000000
     1793.0000000000        0.0000000000        0.0000000000
     1794.0000000000        0.0000000000        0.0000000000
     1795.0000000000        0.0000000000        0.0000000000
     1796.0000000000        0.0000000000        0.0000000000
     1797.0000000000        0.0000000000        0.0000000000
     1798.0000000000        0.0000000000        0.0000000000
     1799.0000000000        0.0000000000        0.0000000000
     1800.0000000000        0.0000000000        0.0000000000
     1801.0000000000        0.0000000000        0.0000000000
     1802.0000000000        0.0000000000        0.0000000000
     1803.0000000000        0.0000000000        0.0000000000
     1804.0000000000        0.0000000000        0.0000000000
     1805.0000000000        0.0000000000        0.0000000000
     1806.0000000000        0.0000000000        0.0000000000
     1807.0000000000        0.0000000000        0.0000000000
     1808.0000000000        0.0000000000        0.0000000000
     1809.0000000000        0.0000000000        0.0000000000
     1810.0000000000        0.0000000000        0.0000000000
     1811.0000000000        0.0000000000        0.0000000000
     1812.0000000000        0.0000000000        0.0000000000
     1813.0000000000        0.0000000000        0.0000000000
     1814.0000000000        0.0000000000        0.0000000000
     1815.0000000000        0.0000000000        0.0000000000
     1816.0000000000        0.0000000000        0.0000000000
     1817.0000000000        0.0000000000        0.0000000000
     1818.0000000000        0.0000000000        0.0000000000
     1819.0000000000        0.0000000000        0.0000000000
     1820.0000000000        0.0000000000        0.0000000000
     1821.0000000000        0.0000000000        0.0000000000
     1822.0000000000        0.0000000000        0.0000000000
     1823.0000000000        0.0000000000        0.0000000000
     1824.0000000000        0.0000000000        0.0000000000
     1825.0000000000        0.0000000000        0.0000000000
     1826.0000000000        0.0000000000        0.0000000000
     1827.0000000000        0.0000000000        0.0000000000
     1828.0000000000        0.0000000000        0.0000000000
     1829.0000000000        0.0000000000        0.0000000000
     1830.0000000000        0.0000000000        0.0000000000
     1831.0000000000        0.0000000000        0.0000000000
     1832.0000000000        0.0000000000        0.0000000000
     1833.0000000000        0.0000000000        0.0000000000
     1834.0000000000        0.0000000000        0.0000000000
     1835.0000000000        0.0000000000        0.0000000000
     1836.0000000000        0.0000000000        0.0000000000
     1837.0000000000        0.0000000000        0.0000000000
     1838.0000000000        0.0000000000        0.0000000000
     1839.0000000000        0.0000000000        0.0000000000
     1840.0000000000        0.0000000000        0.0000000000
     1841.0000000000        0.0000000000        0.0000000000
     1842.0000000000        0.0000000000        0.0000000000
     1843.0000000000        0.0000000000        0.0000000000
     1844.0000000000        0.0000000000        0.0000000000
     1845.0000000000        0.0000000000        0.0000000000
     1846.0000000000        0.0000000000        0.0000000000
     1847.0000000000        0.0000000000        0.0000000000
     1848.0000000000        0.0000000000        0.0000000000
     1849.0000000000        0.0000000000        0.0000000000
     1850.0000000000        0.0000000000        0.0000000000
     1851.0000000000        0.0000000000        0.0000000000
     1852.0000000000        0.0000000000        0.0000000000
     1853.0000000000        0.0000000000        0.0000000000
     1854.0000000000        0.0000000000        0.0000000000
     1855.0000000000        0.0000000000        0.0000000000
     1856.0000000000        0.0000000000        0.0000000000
     1857.0000000000        0.0000000000        0.0000000000
     1858.0000000000        0.0000000000        0.0000000000
     1859.0000000000        0.0000000000        0.0000000000
     1860.0000000000        0.0000000000        0.0000000000
     1861.0000000000        0.0000000000        0.0000000000
     1862.0000000000        0.0000000000        0.0000000000
     1863.0000000000        0.0000000000        0.0000000000
     1864.0000000000        0.0000000000        0.0000000000
     1865.0000000000        0.0000000000        0.0000000000
     1866.0000000000        0.0000000000        0.0000000000
     1867.0000000000        0.0000000000        0.0000000000
     1868.0000000000        0.0000000000        0.0000000000
     1869.0000000000        0.0000000000        0.0000000000
     1870.0000000000        0.0000000000        0.0000000000
     1871.0000000000        0.0000000000        0.0000000000
     1872.0000000000        0.0000000000        0.0000000000
     1873.0000000000        0.0000000000        0.0000000000
     1874.0000000000        0.0000000000        0.0000000000
     1875.0000000000        0.0000000000        0.0000000000
     1876.0000000000        0.0000000000        0.0000000000
     1877.0000000000        0.0000000000        0.0000000000
     1878.0000000000        0.0000000000        0.0000000000
     1879.0000000000        0.0000000000        0.0000000000
     1880.0000000000        0.0000000000        0.0000000000
     1881.0000000000        0.0000000000        0.0000000000
     1882.0000000000        0.0000000000        0.0000000000
     1883.0000000000        0.0000000000        0.0000000000
     1884.0000000000        0.0000000000        0.0000000000
     1885.0000000000        0.0000000000        0.0000000000
     1886.0000000000        0.0000000000        0.0000000000
     1887.0000000000        0.0000000000        0.0000000000
     1888.0000000000        0.0000000000        0.0000000000
     1889.0000000000        0.0000000000        0.0000000000
     1890.0000000000        0.0000000000        0.0000000000
     1891.0000000000        0.0000000000        0.0000000000
     1892.0000000000        0.0000000000        0.0000000000
     1893.0000000000        0.0000000000        0.0000000000
     1894.0000000000        0.0000000000        0.0000000000
     1895.0000000000        0.0000000000        0.0000000000
     1896.0000000000        0.0000000000        0.0000000000
     1897.0000000000        0.0000000000        0.0000000000
     1898.0000000000        0.0000000000        0.0000000000
     1899.0000000000        0.0000000000        0.0000000000
     1900.0000000000        0.0000000000        0.0000000000
     1901.0000000000        0.0000000000        0.0000000000
     1902.0000000000        0.0000000000        0.0000000000
     1903.0000000000        0.0000000000        0.0000000000
     1904.0000000000        0.0000000000        0.0000000000
     1905.0000000000        0.0000000000        0.0000000000
     1906.0000000000        0.0000000000        0.0000000000
     1907.0000000000        0.0000000000        0.0000000000
     1908.0000000000        0.0000000000        0.0000000000
     1909.0000000000        0.0000000000        0.0000000000
     1910.0000000000        0.0000000000        0.0000000000
     1911.0000000000        0.0000000000        0.0000000000
     1912.0000000000        0.0000000000        0.0000000000
     1913.0000000000        0.0000000000        0.0000000000
     1914.0000000000        0.0000000000        0.0000000000
     1915.0000000000        0.0000000000        0.0000000000
     1916.0000000000        0.0000000000        0.0000000000
     1917.0000000000        0.0000000000        0.0000000000
     1918.0000000000        0.0000000000        0.0000000000
     1919.0000000000        0.0000000000        0.0000000000
     1920.0000000000        0.0000000000        0.0000000000
     1921.0000000000        0.0000000000        0.0000000000
     1922.0000000000        0.0000000000        0.0000000000
     1923.0000000000        0.0000000000        0.0000000000
     1924.0000000000        0.0000000000        0.0000000000
     1925.0000000000        0.0000000000        0.0000000000
     1926.0000000000        0.0000000000        0.0000000000
     1927.0000000000        0.0000000000        0.0000000000
     1928.0000000000        0.0000000000        0.0000000000
     1929.0000000000        0.0000000000        0.0000000000
     1930.0000000000        0.0000000000        0.0000000000
     1931.0000000000        0.0000000000        0.0000000000
     1932.0000000000        0.0000000000        0.0000000000
     1933.0000000000        0.0000000000        0.0000000000
     1934.0000000000        0.0000000000        0.0000000000
     1935.0000000000        0.0000000000        0.0000000000
     1936.0000000000        0.0000000000        0.0000000000
     1937.0000000000        0.0000000000        0.0000000000
     1938.0000000000        0.0000000000        0.0000000000
     1939.0000000000        0.0000000000        0.0000000000
     1940.0000000000        0.0000000000        0.0000000000
     1941.0000000000        0.0000000000        0.0000000000
     1942.0000000000        0.0000000000        0.0000000000
     1943.0000000000        0.0000000000        0.0000000000
     1944.0000000000        0.0000000000        0.0000000000
     1945.0000000000        0.0000000000        0.0000000000
     1946.0000000000        0.0000000000        0.0000000000
     1947.0000000000        0.0000000000        0.0000000000
     1948.0000000000        0.0000000000        0.0000000000
     1949.0000000000        0.0000000000        0.0000000000
     1950.0000000000        0.0000000000        0.0000000000
     1951.0000000000        0.0000000000        0.0000000000
     1952.0000000000        0.0000000000        0.0000000000
     1953.0000000000        0.0000000000        0.0000000000
     1954.0000000000        0.0000000000        0.0000000000
     1955.0000000000        0.0000000000        0.0000000000
     1956.0000000000        0.0000000000        0.0000000000
     1957.0000000000        0.0000000000        0.0000000000
     1958.0000000000        0.0000000000        0.0000000000
     1959.0000000000        0.0000000000        0.0000000000
     1960.0000000000        0.0000000000        0.0000000000
     1961.0000000000        0.0000000000        0.0000000000
     1962.0000000000        0.0000000000        0.0000000000
     1963.0000000000        0.0000000000        0.0000000000
     1964.0000000000        0.0000000000        0.0000000000
     1965.0000000000        0.0000000000        0.0000000000
     1966.0000000000        0.0000000000        0.0000000000
     1967.0000000000        0.0000000000        0.0000000000
     1968.0000000000        0.0000000000        0.0000000000
     1969.0000000000        0.0000000000        0.0000000000
     1970.0000000000        0.0000000000        0.0000000000
     1971.0000000000        0.0000000000        0.0000000000
     1972.0000000000        0.0000000000        0.0000000000
     1973.0000000000        0.0000000000        0.0000000000
     1974.0000000000        0.0000000000        0.0000000000
     1975.0000000000        0.0000000000        0.0000000000
     1976.0000000000        0.0000000000        0.0000000000
     1977.0000000000        0.0000000000        0.0000000000
     1978.0000000000        0.0000000000        0.0000000000
     1979.0000000000        0.0000000000        0.0000000000
     1980.0000000000        0.0000000000        0.0000000000
     1981.0000000000        0.0000000000        0.0000000000
     1982.0000000000        0.0000000000        0.0000000000
     1983.0000000000        0.0000000000        0.0000000000
     1984.0000000000        0.0000000000        0.0000000000
     1985.0000000000        0.0000000000        0.0000000000
     1986.0000000000        0.0000000000        0.0000000000
     1987.0000000000        0.0000000000        0.0000000000
     1988.0000000000        0.0000000000        0.0000000000
     1989.0000000000        0.0000000000        0.0000000000
     1990.0000000000        0.0000000000        0.0000000000
     1991.0000000000        0.0000000000        0.0000000000
     1992.0000000000        0.0000000000        0.0000000000
     1993.0000000000        0.0000000000        0.0000000000
     1994.0000000000        0.0000000000        0.0000000000
     1995.0000000000        0.0000000000        0.0000000000
     1996.0000000000        0.0000000000        0.0000000000
     1997.0000000000        0.0000000000        0.0000000000
     1998.0000000000        0.0000000000        0.0000000000
     1999.0000000000        0.0000000000        0.0000000000
     2000.0000000000        0.0000000000        0.0000000000
     2001.0000000000        0.0000000000        0.0000000000
     2002.0000000000        0.0000000000        0.0000000000
     2003.0000000000        0.0000000000        0.0000000000
     2004.0000000000        0.0000000000        0.0000000000
     2005.0000000000        0.0000000000        0.0000000000
     2006.0000000000        0.0000000000        0.0000000000
     2007.0000000000        0.0000000000        0.0000000000
     2008.0000000000        0.0000000000        0.0000000000
     2009.0000000000        0.0000000000        0.0000000000
     2010.0000000000        0.0000000000        0.0000000000
     2011.0000000000        0.0000000000        0.0000000000
     2012.0000000000        0.0000000000        0.0000000000
     2013.0000000000        0.0000000000        0.0000000000
     2014.0000000000        0.0000000000        0.0000000000
     2015.0000000000        0.0000000000        0.0000000000
     2016.0000000000        0.0000000000        0.0000000000
     2017.0000000000        0.0000000000        0.0000000000
     2018.0000000000        0.0000000000        0.0000000000
     2019.0000000000        0.0000000000        0.0000000000
     2020.0000000000        0.0000000000        0.0000000000
     2021.0000000000        0.0000000000        0.0000000000
     2022.0000000000        0.0000000000        0.0000000000
     2023.0000000000        0.0000000000        0.0000000000
     2024.0000000000        0.0000000000        0.0000000000
     2025.0000000000        0.0000000000        0.0000000000
     2026.0000000000        0.0000000000        0.0000000000
     2027.0000000000        0.0000000000        0.0000000000
     2028.0000000000        0.0000000000        0.0000000000
     2029.0000000000        0.0000000000        0.0000000000
     2030.0000000000        0.0000000000        0.0000000000
     2031.0000000000        0.0000000000        0.0000000000
     2032.0000000000        0.0000000000        0.0000000000
     2033.0000000000        0.0000000000        0.0000000000
     2034.0000000000        0.0000000000        0.0000000000
     2035.0000000000        0.0000000000        0.0000000000
     2036.0000000000        0.0000000000        0.0000000000
     2037.0000000000        0.0000000000        0.0000000000
     2038.0000000000        0.0000000000        0.0000000000
     2039.0000000000        0.0000000000        0.0000000000
     2040.0000000000        0.0000000000        0.0000000000
     2041.0000000000        0.0000000000        0.0000000000
     2042.0000000000        0.0000000000        0.0000000000
     2043.0000000000        0.0000000000        0.0000000000
     2044.0000000000        0.0000000000        0.0000000000
     2045.0000000000        0.0000000000        0.0000000000
     2046.0000000000        0.0000000000        0.0000000000
     2047.0000000000        0.0000000000        0.0000000000
     2048.0000000000        0.0000000000        0.0000000000
     2049.0000000000        0.0000000000        0.0000000000
     2050.0000000000        0.0000000000        0.0000000000
     2051.0000000000        0.0000000000        0.0000000000
     2052.0000000000        0.0000000000        0.0000000000
     2053.0000000000        0.0000000000        0.0000000000
     2054.0000000000        0.0000000000        0.0000000000
     2055.0000000000        0.0000000000        0.0000000000
     2056.0000000000        0.0000000000        0.0000000000
     2057.0000000000        0.0000000000        0.0000000000
     2058.0000000000        0.0000000000        0.0000000000
     2059.0000000000        0.0000000000        0.0000000000
     2060.0000000000        0.0000000000        0.0000000000
     2061.0000000000        0.0000000000        0.0000000000
     2062.0000000000        0.0000000000        0.0000000000
     2063.0000000000        0.0000000000        0.0000000000
     2064.0000000000        0.0000000000        0.0000000000
     2065.0000000000        0.0000000000        0.0000000000
     2066.0000000000        0.0000000000        0.0000000000
     2067.0000000000        0.0000000000        0.0000000000
     2068.0000000000        0.0000000000        0.0000000000
     2069.0000000000        0.0000000000        0.0000000000
     2070.0000000000        0.0000000000        0.0000000000
     2071.0000000000        0.0000000000        0.0000000000
     2072.0000000000        0.0000000000        0.0000000000
     2073.0000000000        0.0000000000        0.0000000000
     2074.0000000000        0.0000000000        0.0000000000
     2075.0000000000        0.0000000000        0.0000000000
     2076.0000000000        0.0000000000        0.0000000000
     2077.0000000000        0.0000000000        0.0000000000
     2078.0000000000        0.0000000000        0.0000000000
     2079.0000000000        0.0000000000        0.0000000000
     2080.0000000000        0.0000000000        0.0000000000
     2081.0000000000        0.0000000000        0.0000000000
     2082.0000000000        0.0000000000        0.0000000000
     2083.0000000000        0.0000000000        0.0000000000
     2084.0000000000        0.0000000000        0.0000000000
     2085.0000000000        0.0000000000        0.0000000000
     2086.0000000000        0.0000000000        0.0000000000
     2087.0000000000        0.0000000000        0.0000000000
     2088.0000000000        0.0000000000        0.0000000000
     2089.0000000000        0.0000000000        0.0000000000
     2090.0000000000        0.0000000000        0.0000000000
     2091.0000000000        0.0000000000        0.0000000000
     2092.0000000000        0.0000000000        0.0000000000
     2093.0000000000        0.0000000000        0.0000000000
     2094.0000000000        0.0000000000        0.0000000000
     2095.0000000000        0.0000000000        0.0000000000
     2096.0000000000        0.0000000000        0.0000000000
     2097.0000000000        0.0000000000        0.0000000000
     2098.0000000000        0.0000000000        0.0000000000
     2099.0000000000        0.0000000000        0.0000000000
     2100.0000000000        0.0000000000        0.0000000000
     2101.0000000000        0.0000000000        0.0000000000
     2102.0000000000        0.0000000000        0.0000000000
     2103.0000000000        0.0000000000        0.0000000000
     2104.0000000000        0.0000000000        0.0000000000
     2105.0000000000        0.0000000000        0.0000000000
     2106.0000000000        0.0000000000        0.0000000000
     2107.0000000000        0.0000000000        0.0000000000
     2108.0000000000        0.0000000000        0.0000000000
     2109.0000000000        0.0000000000        0.0000000000
     2110.0000000000        0.0000000000        0.0000000000
     2111.0000000000        0.0000000000        0.0000000000
     2112.0000000000        0.0000000000        0.0000000000
     2113.0000000000        0.0000000000        0.0000000000
     2114.0000000000        0.0000000000        0.0000000000
     2115.0000000000        0.0000000000        0.0000000000
     2116.0000000000        0.0000000000        0.0000000000
     2117.0000000000        0.0000000000        0.0000000000
     2118.0000000000        0.0000000000        0.0000000000
     2119.0000000000        0.0000000000        0.0000000000
     2120.0000000000        0.0000000000        0.0000000000
     2121.0000000000        0.0000000000        0.0000000000
     2122.0000000000        0.0000000000        0.0000000000
     2123.0000000000        0.0000000000        0.0000000000
     2124.0000000000        0.0000000000        0.0000000000
     2125.0000000000        0.0000000000        0.0000000000
     2126.0000000000        0.0000000000        0.0000000000
     2127.0000000000        0.0000000000        0.0000000000
     2128.0000000000        0.0000000000        0.0000000000
     2129.0000000000        0.0000000000        0.0000000000
     2130.0000000000        0.0000000000        0.0000000000
     2131.0000000000        0.0000000000        0.0000000000
     2132.0000000000        0.0000000000        0.0000000000
     2133.0000000000        0.0000000000        0.0000000000
     2134.0000000000        0.0000000000        0.0000000000
     2135.0000000000        0.0000000000        0.0000000000
     2136.0000000000        0.0000000000        0.0000000000
     2137.0000000000        0.0000000000        0.0000000000
     2138.0000000000        0.0000000000        0.0000000000
     2139.0000000000        0.0000000000        0.0000000000
     2140.0000000000        0.0000000000        0.0000000000
     2141.0000000000        0.0000000000        0.0000000000
     2142.0000000000        0.0000000000        0.0000000000
     2143.0000000000        0.0000000000        0.0000000000
     2144.0000000000        0.0000000000        0.0000000000
     2145.0000000000        0.0000000000        0.0000000000
     2146.0000000000        0.0000000000        0.0000000000
     2147.0000000000        0.0000000000        0.0000000000
     2148.0000000000        0.0000000000        0.0000000000
     2149.0000000000        0.0000000000        0.0000000000
     2150.0000000000        0.0000000000        0.0000000000
     2151.0000000000        0.0000000000        0.0000000000
     2152.0000000000        0.0000000000        0.0000000000
     2153.0000000000        0.0000000000        0.0000000000
     2154.0000000000        0.0000000000        0.0000000000
     2155.0000000000        0.0000000000        0.0000000000
     2156.0000000000        0.0000000000        0.0000000000
     2157.0000000000        0.0000000000        0.0000000000
     2158.0000000000        0.0000000000        0.0000000000
     2159.0000000000        0.0000000000        0.0000000000
     2160.0000000000        0.0000000000        0.0000000000
     2161.0000000000        0.0000000000        0.0000000000
     2162.0000000000        0.0000000000        0.0000000000
     2163.0000000000        0.0000000000        0.0000000000
     2164.0000000000        0.0000000000        0.0000000000
     2165.0000000000        0.0000000000        0.0000000000
     2166.0000000000        0.0000000000        0.0000000000
     2167.0000000000        0.0000000000        0.0000000000
     2168.0000000000        0.0000000000        0.0000000000
     2169.0000000000        0.0000000000        0.0000000000
     2170.0000000000        0.0000000000        0.0000000000
     2171.0000000000        0.0000000000        0.0000000000
     2172.0000000000        0.0000000000        0.0000000000
     2173.0000000000        0.0000000000        0.0000000000
     2174.0000000000        0.0000000000        0.0000000000
     2175.0000000000        0.0000000000        0.0000000000
     2176.0000000000        0.0000000000        0.0000000000
     2177.0000000000        0.0000000000        0.0000000000
     2178.0000000000        0.0000000000        0.0000000000
     2179.0000000000        0.0000000000        0.0000000000
     2180.0000000000        0.0000000000        0.0000000000
     2181.0000000000        0.0000000000        0.0000000000
     2182.0000000000        0.0000000000        0.0000000000
     2183.0000000000        0.0000000000        0.0000000000
     2184.0000000000        0.0000000000        0.0000000000
     2185.0000000000        0.0000000000        0.0000000000
     2186.0000000000        0.0000000000        0.0000000000
     2187.0000000000        0.0000000000        0.0000000000
     2188.0000000000        0.0000000000        0.0000000000
     2189.0000000000        0.0000000000        0.0000000000
     2190.0000000000        0.0000000000        0.0000000000
     2191.0000000000        0.0000000000        0.0000000000
     2192.0000000000        0.0000000000        0.0000000000
     2193.0000000000        0.0000000000        0.0000000000
     2194.0000000000        0.0000000000        0.0000000000
     2195.0000000000        0.0000000000        0.0000000000
     2196.0000000000        0.0000000000        0.0000000000
     2197.0000000000        0.0000000000        0.0000000000
     2198.0000000000        0.0000000000        0.0000000000
     2199.0000000000        0.0000000000        0.0000000000
     2200.0000000000        0.0000000000        0.0000000000
     2201.0000000000        0.0000000000        0.0000000000
     2202.0000000000        0.0000000000        0.0000000000
     2203.0000000000        0.0000000000        0.0000000000
     2204.0000000000        0.0000000000        0.0000000000
     2205.0000000000        0.0000000000        0.0000000000
     2206.0000000000        0.0000000000        0.0000000000
     2207.0000000000        0.0000000000        0.0000000000
     2208.0000000000        0.0000000000        0.0000000000
     2209.0000000000        0.0000000000        0.0000000000
     2210.0000000000        0.0000000000        0.0000000000
     2211.0000000000        0.0000000000        0.0000000000
     2212.0000000000        0.0000000000        0.0000000000
     2213.0000000000        0.0000000000        0.0000000000
     2214.0000000000        0.0000000000        0.0000000000
     2215.0000000000        0.0000000000        0.0000000000
     2216.0000000000        0.0000000000        0.0000000000
     2217.0000000000        0.0000000000        0.0000000000
     2218.0000000000        0.0000000000        0.0000000000
     2219.0000000000        0.0000000000        0.0000000000
     2220.0000000000        0.0000000000        0.0000000000
     2221.0000000000        0.0000000000        0.0000000000
     2222.0000000000        0.0000000000        0.0000000000
     2223.0000000000        0.0000000000        0.0000000000
     2224.0000000000        0.0000000000        0.0000000000
     2225.0000000000        0.0000000000        0.0000000000
     2226.0000000000        0.0000000000        0.0000000000
     2227.0000000000        0.0000000000        0.0000000000
     2228.0000000000        0.0000000000        0.0000000000
     2229.0000000000        0.0000000000        0.0000000000
     2230.0000000000        0.0000000000        0.0000000000
     2231.0000000000        0.0000000000        0.0000000000
     2232.0000000000        0.0000000000        0.0000000000
     2233.0000000000        0.0000000000        0.0000000000
     2234.0000000000        0.0000000000        0.0000000000
     2235.0000000000        0.0000000000        0.0000000000
     2236.0000000000        0.0000000000        0.0000000000
     2237.0000000000        0.0000000000        0.0000000000
     2238.0000000000        0.0000000000        0.0000000000
     2239.0000000000        0.0000000000        0.0000000000
     2240.0000000000        0.0000000000        0.0000000000
     2241.0000000000        0.0000000000        0.0000000000
     2242.0000000000        0.0000000000        0.0000000000
     2243.0000000000        0.0000000000        0.0000000000
     2244.0000000000        0.0000000000        0.0000000000
     2245.0000000000        0.0000000000        0.0000000000
     2246.0000000000        0.0000000000        0.0000000000
     2247.0000000000        0.0000000000        0.0000000000
     2248.0000000000        0.0000000000        0.0000000000
     2249.0000000000        0.0000000000        0.0000000000
     2250.0000000000        0.0000000000        0.0000000000
     2251.0000000000        0.0000000000        0.0000000000
     2252.0000000000        0.0000000000        0.0000000000
     2253.0000000000        0.0000000000        0.0000000000
     2254.0000000000        0.0000000000        0.0000000000
     2255.0000000000        0.0000000000        0.0000000000
     2256.0000000000        0.0000000000        0.0000000000
     2257.0000000000        0.0000000000        0.0000000000
     2258.0000000000        0.0000000000        0.0000000000
     2259.0000000000        0.0000000000        0.0000000000
     2260.0000000000        0.0000000000        0.0000000000
     2261.0000000000        0.0000000000        0.0000000000
     2262.0000000000        0.0000000000        0.0000000000
     2263.0000000000        0.0000000000        0.0000000000
     2264.0000000000        0.0000000000        0.0000000000
     2265.0000000000        0.0000000000        0.0000000000
     2266.0000000000        0.0000000000        0.0000000000
     2267.0000000000        0.0000000000        0.0000000000
     2268.0000000000        0.0000000000        0.0000000000
     2269.0000000000        0.0000000000        0.0000000000
     2270.0000000000        0.0000000000        0.0000000000
     2271.0000000000        0.0000000000        0.0000000000
     2272.0000000000        0.0000000000        0.0000000000
     2273.0000000000        0.0000000000        0.0000000000
     2274.0000000000        0.0000000000        0.0000000000
     2275.0000000000        0.0000000000        0.0000000000
     2276.0000000000        0.0000000000        0.0000000000
     2277.0000000000        0.0000000000        0.0000000000
     2278.0000000000        0.0000000000        0.0000000000
     2279.0000000000        0.0000000000        0.0000000000
     2280.0000000000        0.0000000000        0.0000000000
     2281.0000000000        0.0000000000        0.0000000000
     2282.0000000000        0.0000000000        0.0000000000
     2283.0000000000        0.0000000000        0.0000000000
     2284.0000000000        0.0000000000        0.0000000000
     2285.0000000000        0.0000000000        0.0000000000
     2286.0000000000        0.0000000000        0.0000000000
     2287.0000000000        0.0000000000        0.0000000000
     2288.0000000000        0.0000000000        0.0000000000
     2289.0000000000        0.0000000000        0.0000000000
     2290.0000000000        0.0000000000        0.0000000000
     2291.0000000000        0.0000000000        0.0000000000
     2292.0000000000        0.0000000000        0.0000000000
     2293.0000000000        0.0000000000        0.0000000000
     2294.0000000000        0.0000000000        0.0000000000
     2295.0000000000        0.0000000000        0.0000000000
     2296.0000000000        0.0000000000        0.0000000000
     2297.0000000000        0.0000000000        0.0000000000
     2298.0000000000        0.0000000000        0.0000000000
     2299.0000000000        0.0000000000        0.0000000000
     2300.0000000000        0.0000000000        0.0000000000
     2301.0000000000        0.0000000000        0.0000000000
     2302.0000000000        0.0000000000        0.0000000000
     2303.0000000000        0.0000000000        0.0000000000
     2304.0000000000        0.0000000000        0.0000000000
     2305.0000000000        0.0000000000        0.0000000000
     2306.0000000000        0.0000000000        0.0000000000
     2307.0000000000        0.0000000000        0.0000000000
     2308.0000000000        0.0000000000        0.0000000000
     2309.0000000000        0.0000000000        0.0000000000
     2310.0000000000        0.0000000000        0.0000000000
     2311.0000000000        0.0000000000        0.0000000000
     2312.0000000000        0.0000000000        0.0000000000
     2313.0000000000        0.0000000000        0.0000000000
     2314.0000000000        0.0000000000        0.0000000000
     2315.0000000000        0.0000000000        0.0000000000
     2316.0000000000        0.0000000000        0.0000000000
     2317.0000000000        0.0000000000        0.0000000000
     2318.0000000000        0.0000000000        0.0000000000
     2319.0000000000        0.0000000000        0.0000000000
     2320.0000000000        0.0000000000        0.0000000000
     2321.0000000000        0.0000000000        0.0000000000
     2322.0000000000        0.0000000000        0.0000000000
     2323.0000000000        0.0000000000        0.0000000000
     2324.0000000000        0.0000000000        0.0000000000
     2325.0000000000        0.0000000000        0.0000000000
     2326.0000000000        0.0000000000        0.0000000000
     2327.0000000000        0.0000000000        0.0000000000
     2328.0000000000        0.0000000000        0.0000000000
     2329.0000000000        0.0000000000        0.0000000000
     2330.0000000000        0.0000000000        0.0000000000
     2331.0000000000        0.0000000000        0.0000000000
     2332.0000000000        0.0000000000        0.0000000000
     2333.0000000000        0.0000000000        0.0000000000
     2334.0000000000        0.0000000000        0.0000000000
     2335.0000000000        0.0000000000        0.0000000000
     2336.0000000000        0.0000000000        0.0000000000
     2337.0000000000        0.0000000000        0.0000000000
     2338.0000000000        0.0000000000        0.0000000000
     2339.0000000000        0.0000000000        0.0000000000
     2340.0000000000        0.0000000000        0.0000000000
     2341.0000000000        0.0000000000        0.0000000000
     2342.0000000000        0.0000000000        0.0000000000
     2343.0000000000        0.0000000000        0.0000000000
     2344.0000000000        0.0000000000        0.0000000000
     2345.0000000000        0.0000000000        0.0000000000
     2346.0000000000        0.0000000000        0.0000000000
     2347.0000000000        0.0000000000        0.0000000000
     2348.0000000000        0.0000000000        0.0000000000
     2349.0000000000        0.0000000000        0.0000000000
     2350.0000000000        0.0000000000        0.0000000000
     2351.0000000000        0.0000000000        0.0000000000
     2352.0000000000        0.0000000000        0.0000000000
     2353.0000000000        0.0000000000        0.0000000000
     2354.0000000000        0.0000000000        0.0000000000
     2355.0000000000        0.0000000000        0.0000000000
     2356.0000000000        0.0000000000        0.0000000000
     2357.0000000000        0.0000000000        0.0000000000
     2358.0000000000        0.0000000000        0.0000000000
     2359.0000000000        0.0000000000        0.0000000000
     2360.0000000000        0.0000000000        0.0000000000
     2361.0000000000        0.0000000000        0.0000000000
     2362.0000000000        0.0000000000        0.0000000000
     2363.0000000000        0.0000000000        0.0000000000
     2364.0000000000        0.0000000000        0.0000000000
     2365.0000000000        0.0000000000        0.0000000000
     2366.0000000000        0.0000000000        0.0000000000
     2367.0000000000        0.0000000000        0.0000000000
     2368.0000000000        0.0000000000        0.0000000000
     2369.0000000000        0.0000000000        0.0000000000
     2370.0000000000        0.0000000000        0.0000000000
     2371.0000000000        0.0000000000        0.0000000000
     2372.0000000000        0.0000000000        0.0000000000
     2373.0000000000        0.0000000000        0.0000000000
     2374.0000000000        0.0000000000        0.0000000000
     2375.0000000000        0.0000000000        0.0000000000
     2376.0000000000        0.0000000000        0.0000000000
     2377.0000000000        0.0000000000        0.0000000000
     2378.0000000000        0.0000000000        0.0000000000
     2379.0000000000        0.0000000000        0.0000000000
     2380.0000000000        0.0000000000        0.0000000000
     2381.0000000000        0.0000000000        0.0000000000
     2382.0000000000        0.0000000000        0.0000000000
     2383.0000000000        0.0000000000        0.0000000000
     2384.0000000000        0.0000000000        0.0000000000
     2385.0000000000        0.0000000000        0.0000000000
     2386.0000000000        0.0000000000        0.0000000000
     2387.0000000000        0.0000000000        0.0000000000
     2388.0000000000        0.0000000000        0.0000000000
     2389.0000000000        0.0000000000        0.0000000000
     2390.0000000000        0.0000000000        0.0000000000
     2391.0000000000        0.0000000000        0.0000000000
     2392.0000000000        0.0000000000        0.0000000000
     2393.0000000000        0.0000000000        0.0000000000
     2394.0000000000        0.0000000000        0.0000000000
     2395.0000000000        0.0000000000        0.0000000000
     2396.0000000000        0.0000000000        0.0000000000
     2397.0000000000        0.0000000000        0.0000000000
     2398.0000000000        0.0000000000        0.0000000000
     2399.0000000000        0.0000000000        0.0000000000
     2400.0000000000        0.0000000000        0.0000000000
     2401.0000000000        0.0000000000        0.0000000000
     2402.0000000000        0.0000000000        0.0000000000
     2403.0000000000        0.0000000000        0.0000000000
     2404.0000000000        0.0000000000        0.0000000000
     2405.0000000000        0.0000000000        0.0000000000
     2406.0000000000        0.0000000000        0.0000000000
     2407.0000000000        0.0000000000        0.0000000000
     2408.0000000000        0.0000000000        0.0000000000
     2409.0000000000        0.0000000000        0.0000000000
     2410.0000000000        0.0000000000        0.0000000000
     2411.0000000000        0.0000000000        0.0000000000
     2412.0000000000        0.0000000000        0.0000000000
     2413.0000000000        0.0000000000        0.0000000000
     2414.0000000000        0.0000000000        0.0000000000
     2415.0000000000        0.0000000000        0.0000000000
     2416.0000000000        0.0000000000        0.0000000000
     2417.0000000000        0.0000000000        0.0000000000
     2418.0000000000        0.0000000000        0.0000000000
     2419.0000000000        0.0000000000        0.0000000000
     2420.0000000000        0.0000000000        0.0000000000
     2421.0000000000        0.0000000000        0.0000000000
     2422.0000000000        0.0000000000        0.0000000000
     2423.0000000000        0.0000000000        0.0000000000
     2424.0000000000        0.0000000000        0.0000000000
     2425.0000000000        0.0000000000        0.0000000000
     2426.0000000000        0.0000000000        0.0000000000
     2427.0000000000        0.0000000000        0.0000000000
     2428.0000000000        0.0000000000        0.0000000000
     2429.0000000000        0.0000000000        0.0000000000
     2430.0000000000        0.0000000000        0.0000000000
     2431.0000000000        0.0000000000        0.0000000000
     2432.0000000000        0.0000000000        0.0000000000
     2433.0000000000        0.0000000000        0.0000000000
     2434.0000000000        0.0000000000        0.0000000000
     2435.0000000000        0.0000000000        0.0000000000
     2436.0000000000        0.0000000000        0.0000000000
     2437.0000000000        0.0000000000        0.0000000000
     2438.0000000000        0.0000000000        0.0000000000
     2439.0000000000        0.0000000000        0.0000000000
     2440.0000000000        0.0000000000        0.0000000000
     2441.0000000000        0.0000000000        0.0000000000
     2442.0000000000        0.0000000000        0.0000000000
     2443.0000000000        0.0000000000        0.0000000000
     2444.0000000000        0.0000000000        0.0000000000
     2445.0000000000        0.0000000000        0.0000000000
     2446.0000000000        0.0000000000        0.0000000000
     2447.0000000000        0.0000000000        0.0000000000
     2448.0000000000        0.0000000000        0.0000000000
     2449.0000000000        0.0000000000        0.0000000000
     2450.0000000000        0.0000000000        0.0000000000
     2451.0000000000        0.0000000000        0.0000000000
     2452.0000000000        0.0000000000        0.0000000000
     2453.0000000000        0.0000000000        0.0000000000
     2454.0000000000        0.0000000000        0.0000000000
     2455.0000000000        0.0000000000        0.0000000000
     2456.0000000000        0.0000000000        0.0000000000
     2457.0000000000        0.0000000000        0.0000000000
     2458.0000000000        0.0000000000        0.0000000000
     2459.0000000000        0.0000000000        0.0000000000
     2460.0000000000        0.0000000000        0.0000000000
     2461.0000000000        0.0000000000        0.0000000000
     2462.0000000000        0.0000000000        0.0000000000
     2463.0000000000        0.0000000000        0.0000000000
     2464.0000000000        0.0000000000        0.0000000000
     2465.0000000000        0.0000000000        0.0000000000
     2466.0000000000        0.0000000000        0.0000000000
     2467.0000000000        0.0000000000        0.0000000000
     2468.0000000000        0.0000000000        0.0000000000
     2469.0000000000        0.0000000000        0.0000000000
     2470.0000000000        0.0000000000        0.0000000000
     2471.0000000000        0.0000000000        0.0000000000
     2472.0000000000        0.0000000000        0.0000000000
     2473.0000000000        0.0000000000        0.0000000000
     2474.0000000000        0.0000000000        0.0000000000
     2475.0000000000        0.0000000000        0.0000000000
     2476.0000000000        0.0000000000        0.0000000000
     2477.0000000000        0.0000000000        0.0000000000
     2478.0000000000        0.0000000000        0.0000000000
     2479.0000000000        0.0000000000        0.0000000000
     2480.0000000000        0.0000000000        0.0000000000
     2481.0000000000        0.0000000000        0.0000000000
     2482.0000000000        0.0000000000        0.0000000000
     2483.0000000000        0.0000000000        0.0000000000
     2484.0000000000        0.0000000000        0.0000000000
     2485.0000000000        0.0000000000        0.0000000000
     2486.0000000000        0.0000000000        0.0000000000
     2487.0000000000        0.0000000000        0.0000000000
     2488.0000000000        0.0000000000        0.0000000000
     2489.0000000000        0.0000000000        0.0000000000
     2490.0000000000        0.0000000000        0.0000000000
     2491.0000000000        0.0000000000        0.0000000000
     2492.0000000000        0.0000000000        0.0000000000
     2493.0000000000        0.0000000000        0.0000000000
     2494.0000000000        0.0000000000        0.0000000000
     2495.0000000000        0.0000000000        0.0000000000
     2496.0000000000        0.0000000000        0.0000000000
     2497.0000000000        0.0000000000        0.0000000000
     2498.0000000000        0.0000000000        0.0000000000
     2499.0000000000        0.0000000000        0.0000000000
     2500.0000000000        0.0000000000        0.0000000000
     2501.0000000000        0.0000000000        0.0000000000
     2502.0000000000        0.0000000000        0.0000000000
     2503.0000000000        0.0000000000        0.0000000000
     2504.0000000000        0.0000000000        0.0000000000
     2505.0000000000        0.0000000000        0.0000000000
     2506.0000000000        0.0000000000        0.0000000000
     2507.0000000000        0.0000000000        0.0000000000
     2508.0000000000        0.0000000000        0.0000000000
     2509.0000000000        0.0000000000        0.0000000000
     2510.0000000000        0.0000000000        0.0000000000
     2511.0000000000        0.0000000000        0.0000000000
     2512.0000000000        0.0000000000        0.0000000000
     2513.0000000000        0.0000000000        0.0000000000
     2514.0000000000        0.0000000000        0.0000000000
     2515.0000000000        0.0000000000        0.0000000000
     2516.0000000000        0.0000000000        0.0000000000
     2517.0000000000        0.0000000000        0.0000000000
     2518.0000000000        0.0000000000        0.0000000000
     2519.0000000000        0.0000000000        0.0000000000
     2520.0000000000        0.0000000000        0.0000000000
     2521.0000000000        0.0000000000        0.0000000000
     2522.0000000000        0.0000000000        0.0000000000
     2523.0000000000        0.0000000000        0.0000000000
     2524.0000000000        0.0000000000        0.0000000000
     2525.0000000000        0.0000000000        0.0000000000
     2526.0000000000        0.0000000000        0.0000000000
     2527.0000000000        0.0000000000        0.0000000000
     2528.0000000000        0.0000000000        0.0000000000
     2529.0000000000        0.0000000000        0.0000000000
     2530.0000000000        0.0000000000        0.0000000000
     2531.0000000000        0.0000000000        0.0000000000
     2532.0000000000        0.0000000000        0.0000000000
     2533.0000000000        0.0000000000        0.0000000000
     2534.0000000000        0.0000000000        0.0000000000
     2535.0000000000        0.0000000000        0.0000000000
     2536.0000000000        0.0000000000        0.0000000000
     2537.0000000000        0.0000000000        0.0000000000
     2538.0000000000        0.0000000000        0.0000000000
     2539.0000000000        0.0000000000        0.0000000000
     2540.0000000000        0.0000000000        0.0000000000
     2541.0000000000        0.0000000000        0.0000000000
     2542.0000000000        0.0000000000        0.0000000000
     2543.0000000000        0.0000000000        0.0000000000
     2544.0000000000        0.0000000000        0.0000000000
     2545.0000000000        0.0000000000        0.0000000000
     2546.0000000000        0.0000000000        0.0000000000
     2547.0000000000        0.0000000000        0.0000000000
     2548.0000000000        0.0000000000        0.0000000000
     2549.0000000000        0.0000000000        0.0000000000
     2550.0000000000        0.0000000000        0.0000000000
     2551.0000000000        0.0000000000        0.0000000000
     2552.0000000000        0.0000000000        0.0000000000
     2553.0000000000        0.0000000000        0.0000000000
     2554.0000000000        0.0000000000        0.0000000000
     2555.0000000000        0.0000000000        0.0000000000
     2556.0000000000        0.0000000000        0.0000000000
     2557.0000000000        0.0000000000        0.0000000000
     2558.0000000000        0.0000000000        0.0000000000
     2559.0000000000        0.0000000000        0.0000000000
     2560.0000000000        0.0000000000        0.0000000000
     2561.0000000000        0.0000000000        0.0000000000
     2562.0000000000        0.0000000000        0.0000000000
     2563.0000000000        0.0000000000        0.0000000000
     2564.0000000000        0.0000000000        0.0000000000
     2565.0000000000        0.0000000000        0.0000000000
     2566.0000000000        0.0000000000        0.0000000000
     2567.0000000000        0.0000000000        0.0000000000
     2568.0000000000        0.0000000000        0.0000000000
     2569.0000000000        0.0000000000        0.0000000000
     2570.0000000000        0.0000000000        0.0000000000
     2571.0000000000        0.0000000000        0.0000000000
     2572.0000000000        0.0000000000        0.0000000000
     2573.0000000000        0.0000000000        0.0000000000
     2574.0000000000        0.0000000000        0.0000000000
     2575.0000000000        0.0000000000        0.0000000000
     2576.0000000000        0.0000000000        0.0000000000
     2577.0000000000        0.0000000000        0.0000000000
     2578.0000000000        0.0000000000        0.0000000000
     2579.0000000000        0.0000000000        0.0000000000
     2580.0000000000        0.0000000000        0.0000000000
     2581.0000000000        0.0000000000        0.0000000000
     2582.0000000000        0.0000000000        0.0000000000
     2583.0000000000        0.0000000000        0.0000000000
     2584.0000000000        0.0000000000        0.0000000000
     2585.0000000000        0.0000000000        0.0000000000
     2586.0000000000        0.0000000000        0.0000000000
     2587.0000000000        0.0000000000        0.0000000000
     2588.0000000000        0.0000000000        0.0000000000
     2589.0000000000        0.0000000000        0.0000000000
     2590.0000000000        0.0000000000        0.0000000000
     2591.0000000000        0.0000000000        0.0000000000
     2592.0000000000        0.0000000000        0.0000000000
     2593.0000000000        0.0000000000        0.0000000000
     2594.0000000000        0.0000000000        0.0000000000
     2595.0000000000        0.0000000000        0.0000000000
     2596.0000000000        0.0000000000        0.0000000000
     2597.0000000000        0.0000000000        0.0000000000
     2598.0000000000        0.0000000000        0.0000000000
     2599.0000000000        0.0000000000        0.0000000000
     2600.0000000000        0.0000000000        0.0000000000
     2601.0000000000        0.0000000000        0.0000000000
     2602.0000000000        0.0000000000        0.0000000000
     2603.0000000000        0.0000000000        0.0000000000
     2604.0000000000        0.0000000000        0.0000000000
     2605.0000000000        0.0000000000        0.0000000000
     2606.0000000000        0.0000000000        0.0000000000
     2607.0000000000        0.0000000000        0.0000000000
     2608.0000000000        0.0000000000        0.0000000000
     2609.0000000000        0.0000000000        0.0000000000
     2610.0000000000        0.0000000000        0.0000000000
     2611.0000000000        0.0000000000        0.0000000000
     2612.0000000000        0.0000000000        0.0000000000
     2613.0000000000        0.0000000000        0.0000000000
     2614.0000000000        0.0000000000        0.0000000000
     2615.0000000000        0.0000000000        0.0000000000
     2616.0000000000        0.0000000000        0.0000000000
     2617.0000000000        0.0000000000        0.0000000000
     2618.0000000000        0.0000000000        0.0000000000
     2619.0000000000        0.0000000000        0.0000000000
     2620.0000000000        0.0000000000        0.0000000000
     2621.0000000000        0.0000000000        0.0000000000
     2622.0000000000        0.0000000000        0.0000000000
     2623.0000000000        0.0000000000        0.0000000000
     2624.0000000000        0.0000000000        0.0000000000
     2625.0000000000        0.0000000000        0.0000000000
     2626.0000000000        0.0000000000        0.0000000000
     2627.0000000000        0.0000000000        0.0000000000
     2628.0000000000        0.0000000000        0.0000000000
     2629.0000000000        0.0000000000        0.0000000000
     2630.0000000000        0.0000000000        0.0000000000
     2631.0000000000        0.0000000000        0.0000000000
     2632.0000000000        0.0000000000        0.0000000000
     2633.0000000000        0.0000000000        0.0000000000
     2634.0000000000        0.0000000000        0.0000000000
     2635.0000000000        0.0000000000        0.0000000000
     2636.0000000000        0.0000000000        0.0000000000
     2637.0000000000        0.0000000000        0.0000000000
     2638.0000000000        0.0000000000        0.0000000000
     2639.0000000000        0.0000000000        0.0000000000
     2640.0000000000        0.0000000000        0.0000000000
     2641.0000000000        0.0000000000        0.0000000000
     2642.0000000000        0.0000000000        0.0000000000
     2643.0000000000        0.0000000000        0.0000000000
     2644.0000000000        0.0000000000        0.0000000000
     2645.0000000000        0.0000000000        0.0000000000
     2646.0000000000        0.0000000000        0.0000000000
     2647.0000000000        0.0000000000        0.0000000000
     2648.0000000000        0.0000000000        0.0000000000
     2649.0000000000        0.0000000000        0.0000000000
     2650.0000000000        0.0000000000        0.0000000000
     2651.0000000000        0.0000000000        0.0000000000
     2652.0000000000        0.0000000000        0.0000000000
     2653.0000000000        0.0000000000        0.0000000000
     2654.0000000000        0.0000000000        0.0000000000
     2655.0000000000        0.0000000000        0.0000000000
     2656.0000000000        0.0000000000        0.0000000000
     2657.0000000000        0.0000000000        0.0000000000
     2658.0000000000        0.0000000000        0.0000000000
     2659.0000000000        0.0000000000        0.0000000000
     2660.0000000000        0.0000000000        0.0000000000
     2661.0000000000        0.0000000000        0.0000000000
     2662.0000000000        0.0000000000        0.0000000000
     2663.0000000000        0.0000000000        0.0000000000
     2664.0000000000        0.0000000000        0.0000000000
     2665.0000000000        0.0000000000        0.0000000000
     2666.0000000000        0.0000000000        0.0000000000
     2667.0000000000        0.0000000000        0.0000000000
     2668.0000000000        0.0000000000        0.0000000000
     2669.0000000000        0.0000000000        0.0000000000
     2670.0000000000        0.0000000000        0.0000000000
     2671.0000000000        0.0000000000        0.0000000000
     2672.0000000000        0.0000000000        0.0000000000
     2673.0000000000        0.0000000000        0.0000000000
     2674.0000000000        0.0000000000        0.0000000000
     2675.0000000000        0.0000000000        0.0000000000
     2676.0000000000        0.0000000000        0.0000000000
     2677.0000000000        0.0000000000        0.0000000000
     2678.0000000000        0.0000000000        0.0000000000
     2679.0000000000        0.0000000000        0.0000000000
     2680.0000000000        0.0000000000        0.0000000000
     2681.0000000000        0.0000000000        0.0000000000
     2682.0000000000        0.0000000000        0.0000000000
     2683.0000000000        0.0000000000        0.0000000000
     2684.0000000000        0.0000000000        0.0000000000
     2685.0000000000        0.0000000000        0.0000000000
     2686.0000000000        0.0000000000        0.0000000000
     2687.0000000000        0.0000000000        0.0000000000
     2688.0000000000        0.0000000000        0.0000000000
     2689.0000000000        0.0000000000        0.0000000000
     2690.0000000000        0.0000000000        0.0000000000
     2691.0000000000        0.0000000000        0.0000000000
     2692.0000000000        0.0000000000        0.0000000000
     2693.0000000000        0.0000000000        0.0000000000
     2694.0000000000        0.0000000000        0.0000000000
     2695.0000000000        0.0000000000        0.0000000000
     2696.0000000000        0.0000000000        0.0000000000
     2697.0000000000        0.0000000000        0.0000000000
     2698.0000000000        0.0000000000        0.0000000000
     2699.0000000000        0.0000000000        0.0000000000
     2700.0000000000        0.0000000000        0.0000000000
     2701.0000000000        0.0000000000        0.0000000000
     2702.0000000000        0.0000000000        0.0000000000
     2703.0000000000        0.0000000000        0.0000000000
     2704.0000000000        0.0000000000        0.0000000000
     2705.0000000000        0.0000000000        0.0000000000
     2706.0000000000        0.0000000000        0.0000000000
     2707.0000000000        0.0000000000        0.0000000000
     2708.0000000000        0.0000000000        0.0000000000
     2709.0000000000        0.0000000000        0.0000000000
     2710.0000000000        0.0000000000        0.0000000000
     2711.0000000000        0.0000000000        0.0000000000
     2712.0000000000        0.0000000000        0.0000000000
     2713.0000000000        0.0000000000        0.0000000000
     2714.0000000000        0.0000000000        0.0000000000
     2715.0000000000        0.0000000000        0.0000000000
     2716.0000000000        0.0000000000        0.0000000000
     2717.0000000000        0.0000000000        0.0000000000
     2718.0000000000        0.0000000000        0.0000000000
     2719.0000000000        0.0000000000        0.0000000000
     2720.0000000000        0.0000000000        0.0000000000
     2721.0000000000        0.0000000000        0.0000000000
     2722.0000000000        0.0000000000        0.0000000000
     2723.0000000000        0.0000000000        0.0000000000
     2724.0000000000        0.0000000000        0.0000000000
     2725.0000000000        0.0000000000        0.0000000000
     2726.0000000000        0.0000000000        0.0000000000
     2727.0000000000        0.0000000000        0.0000000000
     2728.0000000000        0.0000000000        0.0000000000
     2729.0000000000        0.0000000000        0.0000000000
     2730.0000000000        0.0000000000        0.0000000000
     2731.0000000000        0.0000000000        0.0000000000
     2732.0000000000        0.0000000000        0.0000000000
     2733.0000000000        0.0000000000        0.0000000000
     2734.0000000000        0.0000000000        0.0000000000
     2735.0000000000        0.0000000000        0.0000000000
     2736.0000000000        0.0000000000        0.0000000000
     2737.0000000000        0.0000000000        0.0000000000
     2738.0000000000        0.0000000000        0.0000000000
     2739.0000000000        0.0000000000        0.0000000000
     2740.0000000000        0.0000000000        0.0000000000
     2741.0000000000        0.0000000000        0.0000000000
     2742.0000000000        0.0000000000        0.0000000000
     2743.0000000000        0.0000000000        0.0000000000
     2744.0000000000        0.0000000000        0.0000000000
     2745.0000000000        0.0000000000        0.0000000000
     2746.0000000000        0.0000000000        0.0000000000
     2747.0000000000        0.0000000000        0.0000000000
     2748.0000000000        0.0000000000        0.0000000000
     2749.0000000000        0.0000000000        0.0000000000
     2750.0000000000        0.0000000000        0.0000000000
     2751.0000000000        0.0000000000        0.0000000000
     2752.0000000000        0.0000000000        0.0000000000
     2753.0000000000        0.0000000000        0.0000000000
     2754.0000000000        0.0000000000        0.0000000000
     2755.0000000000        0.0000000000        0.0000000000
     2756.0000000000        0.0000000000        0.0000000000
     2757.0000000000        0.0000000000        0.0000000000
     2758.0000000000        0.0000000000        0.0000000000
     2759.0000000000        0.0000000000        0.0000000000
     2760.0000000000        0.0000000000        0.0000000000
     2761.0000000000        0.0000000000        0.0000000000
     2762.0000000000        0.0000000000        0.0000000000
     2763.0000000000        0.0000000000        0.0000000000
     2764.0000000000        0.0000000000        0.0000000000
     2765.0000000000        0.0000000000        0.0000000000
     2766.0000000000        0.0000000000        0.0000000000
     2767.0000000000        0.0000000000        0.0000000000
     2768.0000000000        0.0000000000        0.0000000000
     2769.0000000000        0.0000000000        0.0000000000
     2770.0000000000        0.0000000000        0.0000000000
     2771.0000000000        0.0000000000        0.0000000000
     2772.0000000000        0.0000000000        0.0000000000
     2773.0000000000        0.0000000000        0.0000000000
     2774.0000000000        0.0000000000        0.0000000000
     2775.0000000000        0.0000000000        0.0000000000
     2776.0000000000        0.0000000000        0.0000000000
     2777.0000000000        0.0000000000        0.0000000000
     2778.0000000000        0.0000000000        0.0000000000
     2779.0000000000        0.0000000000        0.0000000000
     2780.0000000000        0.0000000000        0.0000000000
     2781.0000000000        0.0000000000        0.0000000000
     2782.0000000000        0.0000000000        0.0000000000
     2783.0000000000        0.0000000000        0.0000000000
     2784.0000000000        0.0000000000        0.0000000000
     2785.0000000000        0.0000000000        0.0000000000
     2786.0000000000        0.0000000000        0.0000000000
     2787.0000000000        0.0000000000        0.0000000000
     2788.0000000000        0.0000000000        0.0000000000
     2789.0000000000        0.0000000000        0.0000000000
     2790.0000000000        0.0000000000        0.0000000000
     2791.0000000000        0.0000000000        0.0000000000
     2792.0000000000        0.0000000000        0.0000000000
     2793.0000000000        0.0000000000        0.0000000000
     2794.0000000000        0.0000000000        0.0000000000
     2795.0000000000        0.0000000000        0.0000000000
     2796.0000000000        0.0000000000        0.0000000000
     2797.0000000000        0.0000000000        0.0000000000
     2798.0000000000        0.0000000000        0.0000000000
     2799.0000000000        0.0000000000        0.0000000000
     2800.0000000000        0.0000000000        0.0000000000
     2801.0000000000        0.0000000000        0.0000000000
     2802.0000000000        0.0000000000        0.0000000000
     2803.0000000000        0.0000000000        0.0000000000
     2804.0000000000        0.0000000000        0.0000000000
     2805.0000000000        0.0000000000        0.0000000000
     2806.0000000000        0.0000000000        0.0000000000
     2807.0000000000        0.0000000000        0.0000000000
     2808.0000000000        0.0000000000        0.0000000000
     2809.0000000000        0.0000000000        0.0000000000
     2810.0000000000        0.0000000000        0.0000000000
     2811.0000000000        0.0000000000        0.0000000000
     2812.0000000000        0.0000000000        0.0000000000
     2813.0000000000        0.0000000000        0.0000000000
     2814.0000000000        0.0000000000        0.0000000000
     2815.0000000000        0.0000000000        0.0000000000
     2816.0000000000        0.0000000000        0.0000000000
     2817.0000000000        0.0000000000        0.0000000000
     2818.0000000000        0.0000000000        0.0000000000
     2819.0000000000        0.0000000000        0.0000000000
     2820.0000000000        0.0000000000        0.0000000000
     2821.0000000000        0.0000000000        0.0000000000
     2822.0000000000        0.0000000000        0.0000000000
     2823.0000000000        0.0000000000        0.0000000000
     2824.0000000000        0.0000000000        0.0000000000
     2825.0000000000        0.0000000000        0.0000000000
     2826.0000000000        0.0000000000        0.0000000000
     2827.0000000000        0.0000000000        0.0000000000
     2828.0000000000        0.0000000000        0.0000000000
     2829.0000000000        0.0000000000        0.0000000000
     2830.0000000000        0.0000000000        0.0000000000
     2831.0000000000        0.0000000000        0.0000000000
     2832.0000000000        0.0000000000        0.0000000000
     2833.0000000000        0.0000000000        0.0000000000
     2834.0000000000        0.0000000000        0.0000000000
     2835.0000000000        0.0000000000        0.0000000000
     2836.0000000000        0.0000000000        0.0000000000
     2837.0000000000        0.0000000000        0.0000000000
     2838.0000000000        0.0000000000        0.0000000000
     2839.0000000000        0.0000000000        0.0000000000
     2840.0000000000        0.0000000000        0.0000000000
     2841.0000000000        0.0000000000        0.0000000000
     2842.0000000000        0.0000000000        0.0000000000
     2843.0000000000        0.0000000000        0.0000000000
     2844.0000000000        0.0000000000        0.0000000000
     2845.0000000000        0.0000000000        0.0000000000
     2846.0000000000        0.0000000000        0.0000000000
     2847.0000000000        0.0000000000        0.0000000000
     2848.0000000000        0.0000000000        0.0000000000
     2849.0000000000        0.0000000000        0.0000000000
     2850.0000000000        0.0000000000        0.0000000000
     2851.0000000000        0.0000000000        0.0000000000
     2852.0000000000        0.0000000000        0.0000000000
     2853.0000000000        0.0000000000        0.0000000000
     2854.0000000000        0.0000000000        0.0000000000
     2855.0000000000        0.0000000000        0.0000000000
     2856.0000000000        0.0000000000        0.0000000000
     2857.0000000000        0.0000000000        0.0000000000
     2858.0000000000        0.0000000000        0.0000000000
     2859.0000000000        0.0000000000        0.0000000000
     2860.0000000000        0.0000000000        0.0000000000
     2861.0000000000        0.0000000000        0.0000000000
     2862.0000000000        0.0000000000        0.0000000000
     2863.0000000000        0.0000000000        0.0000000000
     2864.0000000000        0.0000000000        0.0000000000
     2865.0000000000        0.0000000000        0.0000000000
     2866.0000000000        0.0000000000        0.0000000000
     2867.0000000000        0.0000000000        0.0000000000
     2868.0000000000        0.0000000000        0.0000000000
     2869.0000000000        0.0000000000        0.0000000000
     2870.0000000000        0.0000000000        0.0000000000
     2871.0000000000        0.0000000000        0.0000000000
     2872.0000000000        0.0000000000        0.0000000000
     2873.0000000000        0.0000000000        0.0000000000
     2874.0000000000        0.0000000000        0.0000000000
     2875.0000000000        0.0000000000        0.0000000000
     2876.0000000000        0.0000000000        0.0000000000
     2877.0000000000        0.0000000000        0.0000000000
     2878.0000000000        0.0000000000        0.0000000000
     2879.0000000000        0.0000000000        0.0000000000
     2880.0000000000        0.0000000000        0.0000000000
     2881.0000000000        0.0000000000        0.0000000000
     2882.0000000000        0.0000000000        0.0000000000
     2883.0000000000        0.0000000000        0.0000000000
     2884.0000000000        0.0000000000        0.0000000000
     2885.0000000000        0.0000000000        0.0000000000
     2886.0000000000        0.0000000000        0.0000000000
     2887.0000000000        0.0000000000        0.0000000000
     2888.0000000000        0.0000000000        0.0000000000
     2889.0000000000        0.0000000000        0.0000000000
     2890.0000000000        0.0000000000        0.0000000000
     2891.0000000000        0.0000000000        0.0000000000
     2892.0000000000        0.0000000000        0.0000000000
     2893.0000000000        0.0000000000        0.0000000000
     2894.0000000000        0.0000000000        0.0000000000
     2895.0000000000        0.0000000000        0.0000000000
     2896.0000000000        0.0000000000        0.0000000000
     2897.0000000000        0.0000000000        0.0000000000
     2898.0000000000        0.0000000000        0.0000000000
     2899.0000000000        0.0000000000        0.0000000000
     2900.0000000000        0.0000000000        0.0000000000
     2901.0000000000        0.0000000000        0.0000000000
     2902.0000000000        0.0000000000        0.0000000000
     2903.0000000000        0.0000000000        0.0000000000
     2904.0000000000        0.0000000000        0.0000000000
     2905.0000000000        0.0000000000        0.0000000000
     2906.0000000000        0.0000000000        0.0000000000
     2907.0000000000        0.0000000000        0.0000000000
     2908.0000000000        0.0000000000        0.0000000000
     2909.0000000000        0.0000000000        0.0000000000
     2910.0000000000        0.0000000000        0.0000000000
     2911.0000000000        0.0000000000        0.0000000000
     2912.0000000000        0.0000000000        0.0000000000
     2913.0000000000        0.0000000000        0.0000000000
     2914.0000000000        0.0000000000        0.0000000000
     2915.0000000000        0.0000000000        0.0000000000
     2916.0000000000        0.0000000000        0.0000000000
     2917.0000000000        0.0903783924        0.0011293549
     2918.0000000000        0.0915184181        0.0011507860
     2919.0000000000        0.0926801462        0.0011727627
     2920.0000000000        0.0938641311        0.0011953024
     2921.0000000000        0.0950709447        0.0012184233
     2922.0000000000        0.0963011776        0.0012421442
     2923.0000000000        0.0975554396        0.0012664848
     2924.0000000000        0.0988343605        0.0012914653
     2925.0000000000        0.1001385906        0.0013171070
     2926.0000000000        0.1014688022        0.0013434319
     2927.0000000000        0.1028256898        0.0013704628
     2928.0000000000        0.1042099712        0.0013982237
     2929.0000000000        0.1056223887        0.0014267392
     2930.0000000000        0.1070637097        0.0014560352
     2931.0000000000        0.1085347282        0.0014861386
     2932.0000000000        0.1100362654        0.0015170774
     2933.0000000000        0.1115691712        0.0015488808
     2934.0000000000        0.1131343253        0.0015815791
     2935.0000000000        0.1147326383        0.0016152040
     2936.0000000000        0.1163650533        0.0016497887
     2937.0000000000        0.1180325471        0.0016853676
     2938.0000000000        0.1197361318        0.0017219766
     2939.0000000000        0.1214768561        0.0017596533
     2940.0000000000        0.1232558073        0.0017984369
     2941.0000000000        0.1250741125        0.0018383683
     2942.0000000000        0.1269329408        0.0018794904
     2943.0000000000        0.1288335049        0.0019218477
     2944.0000000000        0.1307770635        0.0019654870
     2945.0000000000        0.1327649226        0.0020104573
     2946.0000000000        0.1347984386        0.0020568095
     2947.0000000000        0.1368790200        0.0021045971
     2948.0000000000        0.1390081299        0.0021538762
     2949.0000000000        0.1411872891        0.0022047054
     2950.0000000000        0.1434180778        0.0022571460
     2951.0000000000        0.1457021397        0.0023112625
     2952.0000000000        0.1480411839        0.0023671222
     2953.0000000000        0.1504369888        0.0024247960
     2954.0000000000        0.1528914053        0.0024843580
     2955.0000000000        0.1554063602        0.0025458861
     2956.0000000000        0.1579838601        0.0026094621
     2957.0000000000        0.1606259956        0.0026751719
     2958.0000000000        0.1633349452        0.0027431057
     2959.0000000000        0.1661129799        0.0028133583
     2960.0000000000        0.1689624680        0.0028860296
     2961.0000000000        0.1718858802        0.0029612244
     2962.0000000000        0.1748857948        0.0030390533
     2963.0000000000        0.1779649034        0.0031196324
     2964.0000000000        0.1811260171        0.0032030844
     2965.0000000000        0.1843720727        0.0032895383
     2966.0000000000        0.1877061397        0.0033791304
     2967.0000000000        0.1911314273        0.0034720042
     2968.0000000000        0.1946512924        0.0035683112
     2969.0000000000        0.1982692475        0.0036682117
     2970.0000000000        0.2019889697        0.0037718745
     2971.0000000000        0.2058143101        0.0038794786
     2972.0000000000        0.2097493035        0.0039912127
     2973.0000000000        0.2137981789        0.0041072771
     2974.0000000000        0.2179653714        0.0042278832
     2975.0000000000        0.2222555339        0.0043532555
     2976.0000000000        0.2266735501        0.0044836314
     2977.0000000000        0.2312245485        0.0046192631
     2978.0000000000        0.2359139172        0.0047604179
     2979.0000000000        0.2407473198        0.0049073797
     2980.0000000000        0.2457307125        0.0050604499
     2981.0000000000        0.2508703624        0.0052199492
     2982.0000000000        0.2561728673        0.0053862184
     2983.0000000000        0.2616451765        0.0055596203
     2984.0000000000        0.2672946139        0.0057405413
     2985.0000000000        0.2731289024        0.0059293931
     2986.0000000000        0.2791561899        0.0061266149
     2987.0000000000        0.2853850780        0.0063326751
     2988.0000000000        0.2918246527        0.0065480742
     2989.0000000000        0.2984845173        0.0067733469
     2990.0000000000        0.3053748280        0.0070090651
     2991.0000000000        0.3125063328        0.0072558407
     2992.0000000000        0.3198904133        0.0075143295
     2993.0000000000        0.3275391298        0.0077852340
     2994.0000000000        0.3354652706        0.0080693082
     2995.0000000000        0.3436824053        0.0083673616
     2996.0000000000        0.3522049427        0.0086802639
     2997.0000000000        0.3610481938        0.0090089508
     2998.0000000000        0.3702284405        0.0093544292
     2999.0000000000        0.3797630103        0.0097177845
     3000.0000000000        0.3896703576        0.0101001869
     3001.0000000000        0.3999701532        0.0105028999
     3002.0000000000        0.4106833814        0.0109272885
     3003.0000000000        0.4839620453        0.0121536617
     3004.0000000000        0.4963571030        0.0126407812
     3005.0000000000        0.5092525605        0.0131547640
     3006.0000000000        0.5226762145        0.0136975028
     3007.0000000000        0.5366578348        0.0142710536
     3008.0000000000        0.5512293352        0.0148776515
     3009.0000000000        0.5664249622        0.0155197297
     3010.0000000000        0.5822815027        0.0161999402
     3011.0000000000        0.5988385150        0.0169211771
     3012.0000000000        0.6161385832        0.0176866029
     3013.0000000000        0.6342276001        0.0184996777
     3014.0000000000        0.6531550813        0.0193641928
     3015.0000000000        0.6729745145        0.0202843080
     3016.0000000000        0.6937437491        0.0212645941
     3017.0000000000        0.7155254307        0.0223100814
     3018.0000000000        0.7383874872        0.0234263138
     3019.0000000000        0.7624036730        0.0246194117
     3020.0000000000        0.7876541804        0.0258961430
     3021.0000000000        0.8142263264        0.0272640038
     3022.0000000000        0.8422153270        0.0287313124
     3023.0000000000        0.8717251711        0.0303073156
     3024.0000000000        0.9028696094        0.0320023120
     3025.0000000000        0.9357732753        0.0338277941
     3026.0000000000        0.9705729594        0.0357966131
     3027.0000000000        1.0074190610        0.0379231692
     3028.0000000000        1.0464772449        0.0402236339
     3029.0000000000        1.0879303396        0.0427162088
     3030.0000000000        1.1319805146        0.0454214293
     3031.0000000000        1.1788517870        0.0483625196
     3032.0000000000        1.2287929148        0.0515658127
     3033.0000000000        1.2820807457        0.0550612449
     3034.0000000000        1.3390241060        0.0588829436
     3035.0000000000        1.3999683305        0.0630699254
     3036.0000000000        1.4653005572        0.0676669318
     3037.0000000000        1.5354559366        0.0727254292
     3038.0000000000        1.6109249412        0.0783048151
     3039.0000000000        1.6922620016        0.0844738757
     3040.0000000000        1.7800957520        0.0913125567
     3041.0000000000        1.8751412341        0.0989141248
     3042.0000000000        1.9782144974        0.1073878185
     3043.0000000000        2.0902501482        0.1168621159
     3044.0000000000        2.2123225403        0.1274887860
     3045.0000000000        2.3456714974        0.1394479369
     3046.0000000000        2.4917336964        0.1529543481
     3047.0000000000        2.6521811772        0.1682654591
     3048.0000000000        2.8289688709        0.1856915169
     3049.0000000000        3.0243936274        0.2056085545
     3050.0000000000        3.2411680041        0.2284751124
     3051.0000000000        3.4825131496        0.2548539482
     3052.0000000000        3.7522765830        0.2854404548
     3053.0000000000        4.0550827080        0.3211001787
     3054.0000000000        4.3965267460        0.3629188044
     3055.0000000000        4.7834268056        0.4122693877
     3056.0000000000        5.2241545606        0.4709037045
     3057.0000000000        5.7290733245        0.5410776887
     3058.0000000000        6.3111244599        0.6257256057
     3059.0000000000        6.9866210096        0.7287047139
     3060.0000000000        7.7763342559        0.8551430896
     3061.0000000000        8.7069994265        1.0119401986
     3062.0000000000        9.8134285470        1.2084961432
     3063.0000000000       11.1415133836        1.4577865461
     3064.0000000000       12.7525478008        1.7779633438
     3065.0000000000       14.7295235564        2.1947565907
     3066.0000000000       17.1863915734        2.7450840340
     3067.0000000000       20.2817622635        3.4824219750
     3068.0000000000       24.2391092731        4.4845230281
     3069.0000000000       29.3759273726        5.8634820028
     3070.0000000000       36.1431771201        7.7752598811
     3071.0000000000       45.1692757857       10.4153669939
     3072.0000000000       57.2763252574       13.9553013668
     3073.0000000000       73.3554312297       18.2926961130
     3074.0000000000       93.7979852147       22.3662371638
     3075.0000000000      116.9775672702       23.0247074933
     3076.0000000000      137.0529003565       15.4319939866
     3077.0000000000      144.8071733854       -0.8425042042
     3078.0000000000      135.5613826558      -16.5703124606
     3079.0000000000      114.8277330876      -23.2317981366
     3080.0000000000       91.7449224509      -22.0506437238
     3081.0000000000       71.7004029762      -17.8586407704
     3082.0000000000       56.0359995867      -13.5734318484
     3083.0000000000       44.2672209190      -10.1209629184
     3084.0000000000       35.4955734554       -7.5576972867
     3085.0000000000       28.9154731045       -5.7036373810
     3086.0000000000       23.9167455826       -4.3657820923
     3087.0000000000       20.0628753911       -3.3924997994
     3088.0000000000       17.0467285256       -2.6753766322
     3089.0000000000       14.6520188145       -2.1393341044
     3090.0000000000       12.7250863373       -1.7327363138
     3091.0000000000       11.1554065303       -1.4199102542
     3092.0000000000        9.8623847325       -1.1759665926
     3093.0000000000        8.7864272582       -0.9833247846
     3094.0000000000        7.8828667720       -0.8294013853
     3095.0000000000        7.1177874312       -0.7050685248
     3096.0000000000        6.4651210907       -0.6036179077
     3097.0000000000        5.9046018172       -0.5200571977
     3098.0000000000        5.4203065240       -0.4506264843
     3099.0000000000        4.9996007071       -0.3924619034
     3100.0000000000        4.6323676295       -0.3433587465
     3101.0000000000        4.3104382552       -0.3016026239
     3102.0000000000        4.0271650513       -0.2658477290
     3103.0000000000        3.7771000751       -0.2350280829
     3104.0000000000        3.5557494792       -0.2082921333
     3105.0000000000        3.3593846027       -0.1849540713
     3106.0000000000        3.1848953778       -0.1644572399
     3107.0000000000        3.0296756845       -0.1463463762
     3108.0000000000        2.8915330448       -0.1302463652
     3109.0000000000        2.7686170219       -0.1158458392
     3110.0000000000        2.6593621202       -0.1028844084
     3111.0000000000        2.5624420167       -0.0911426374
     3112.0000000000        2.4767327258       -0.0804341099
     3113.0000000000        2.4012828657       -0.0705990913
     3114.0000000000        2.3352896198       -0.0614994206
     3115.0000000000        2.2780793127       -0.0530143495
     3116.0000000000        2.2290917650       -0.0450371149
     3117.0000000000        2.1878677810       -0.0374720747
     3118.0000000000        2.1540392746       -0.0302322760
     3119.0000000000        2.1273216577       -0.0232373474
     3120.0000000000        2.1075082093       -0.0164116301
     3121.0000000000        2.0944662270       -0.0096824710
     3122.0000000000        2.0881348313       -0.0029786143
     3123.0000000000        2.0885243548        0.0037713704
     3124.0000000000        2.0957173095        0.0106406817
     3125.0000000000        2.1098709833        0.0177059628
     3126.0000000000        2.1312217817        0.0250491260
     3127.0000000000        2.1600914994        0.0327594023
     3128.0000000000        2.1968957903        0.0409357041
     3129.0000000000        2.2421552012        0.0496894112
     3130.0000000000        2.2965092597        0.0591477189
     3131.0000000000        2.3607342618        0.0694577219
     3132.0000000000        2.4357656055        0.0807914664
     3133.0000000000        2.5227257805        0.0933522681
     3134.0000000000        2.6229594728        0.1073826998
     3135.0000000000        2.7380777082        0.1231747864
     3136.0000000000        2.8700135894        0.1410831387
     3137.0000000000        3.0210930409        0.1615420306
     3138.0000000000        3.1941251612        0.1850878073
     3139.0000000000        3.3925184304        0.2123885697
     3140.0000000000        3.6204313402        0.2442838779
     3141.0000000000        3.8829693114        0.2818383985
     3142.0000000000        4.1864444960        0.3264151560
     3143.0000000000        4.5387219397        0.3797766598
     3144.0000000000        4.9496856870        0.4442261208
     3145.0000000000        5.4318734230        0.5228070025
     3146.0000000000        6.0013508090        0.6195884598
     3147.0000000000        6.6789309182        0.7400786778
     3148.0000000000        7.4918966335        0.8918306727
     3149.0000000000        8.4764646720        1.0853401252
     3150.0000000000        9.6813543617        1.3353882143
     3151.0000000000       11.1730139200        1.6630600585
     3152.0000000000       13.0433362260        2.0987689197
     3153.0000000000       15.4210721829        2.6866970579
     3154.0000000000       18.4885333659        3.4909454181
     3155.0000000000       22.5051095294        4.6027233892
     3156.0000000000       27.8369251070        6.1440378875
     3157.0000000000       34.9821905984        8.2505099585
     3158.0000000000       44.5490821338       10.9795294774
     3159.0000000000       57.0538620418       14.0128162393
     3160.0000000000       72.2442810708       15.9920725489
     3161.0000000000       87.7023075501       13.9540783131
     3162.0000000000       97.8917807419        5.3559842390
     3163.0000000000       97.2286638359       -6.6015553077
     3164.0000000000       86.1203291117      -14.4961206236
     3165.0000000000       70.4581234453      -15.9205833548
     3166.0000000000       55.4828375515      -13.7089342931
     3167.0000000000       43.2960573311      -10.6690587726
     3168.0000000000       34.0097445256       -8.0038304295
     3169.0000000000       27.0764383384       -5.9651336438
     3170.0000000000       21.8952293979       -4.4778074485
     3171.0000000000       17.9828010189       -3.4053540729
     3172.0000000000       14.9862003637       -2.6289470506
     3173.0000000000       12.6558250142       -2.0606688701
     3174.0000000000       10.8162199787       -1.6389510614
     3175.0000000000        9.3433480976       -1.3213905908
     3176.0000000000        8.1485511392       -1.0787854988
     3177.0000000000        7.1676133531       -0.8908692413
     3178.0000000000        6.3533698383       -0.7434159547
     3179.0000000000        5.6706964259       -0.6263102832
     3180.0000000000        5.0930846479       -0.5322629603
     3181.0000000000        4.6002737766       -0.4559513133
     3182.0000000000        4.1765931881       -0.3934386717
     3183.0000000000        3.8097870401       -0.3417777274
     3184.0000000000        3.4901703109       -0.2987362704
     3185.0000000000        3.2100152868       -0.2626052045
     3186.0000000000        2.9631002906       -0.2320625204
     3187.0000000000        2.7443740068       -0.2060757758
     3188.0000000000        2.5497031254       -0.1838313875
     3189.0000000000        2.3756807132       -0.1646828056
     3190.0000000000        2.2194793117       -0.1481121356
     3191.0000000000        2.0787373139       -0.1337014396
     3192.0000000000        1.9514703368       -0.1211110760
     3193.0000000000        1.8360015393       -0.1100632072
     3194.0000000000        1.7309064237       -0.1003291377
     3195.0000000000        1.6349687982       -0.0917195159
     3196.0000000000        1.5471454090       -0.0840766948
     3197.0000000000        1.4665373533       -0.0772687346
     3198.0000000000        1.3923668342       -0.0711846613
     3199.0000000000        1.3239581518       -0.0657306948
     3200.0000000000        1.2607220737       -0.0608272306
     3201.0000000000        1.2021429178       -0.0564064093
     3202.0000000000        1.1477678250       -0.0524101496
     3203.0000000000        1.0971978087       -0.0487885477
     3204.0000000000        1.0500802527       -0.0454985687
     3205.0000000000        1.0061025986       -0.0425029705
     3206.0000000000        0.9649870100       -0.0397694161
     3207.0000000000        0.9264858470       -0.0372697381
     3208.0000000000        0.8903778126       -0.0349793251
     3209.0000000000        0.8564646597       -0.0328766103
     3210.0000000000        0.8245683685       -0.0309426410
     3211.0000000000        0.7945287175       -0.0291607171
     3212.0000000000        0.7662011889       -0.0275160853
     3213.0000000000        0.7394551546       -0.0259956792
     3214.0000000000        0.7141723027       -0.0245878990
     3215.0000000000        0.6902452677       -0.0232824229
     3216.0000000000        0.6675764346       -0.0220700463
     3217.0000000000        0.6460768936       -0.0209425426
     3218.0000000000        0.6256655225       -0.0198925447
     3219.0000000000        0.6062681800       -0.0189134417
     3220.0000000000        0.5878169952       -0.0179992900
     3221.0000000000        0.5702497399       -0.0171447359
     3222.0000000000        0.5535092729       -0.0163449486
     3223.0000000000        0.5375430473       -0.0155955612
     3224.0000000000        0.5223026726       -0.0148926197
     3225.0000000000        0.5077435248       -0.0142325383
     3226.0000000000        0.4938243984       -0.0136120595
     3227.0000000000        0.4805071956       -0.0130282200
     3228.0000000000        0.4677566478       -0.0124783200
     3229.0000000000        0.4555400661       -0.0119598958
     3230.0000000000        0.4438271167       -0.0114706967
     3231.0000000000        0.4325896193       -0.0110086634
     3232.0000000000        0.4218013653       -0.0105719091
     3233.0000000000        0.4114379531       -0.0101587033
     3234.0000000000        0.4014766404       -0.0097674565
     3235.0000000000        0.3918962090       -0.0093967069
     3236.0000000000        0.3826768439       -0.0090451089
     3237.0000000000        0.2835274698       -0.0075840502
     3238.0000000000        0.2760927614       -0.0072879839
     3239.0000000000        0.2689464366       -0.0070071162
     3240.0000000000        0.2620737842       -0.0067404850
     3241.0000000000        0.2554610185       -0.0064872004
     3242.0000000000        0.2490952100       -0.0062464382
     3243.0000000000        0.2429642231       -0.0060174347
     3244.0000000000        0.2370566579       -0.0057994812
     3245.0000000000        0.2313617972       -0.0055919198
     3246.0000000000        0.2258695586       -0.0053941388
     3247.0000000000        0.2205704495       -0.0052055693
     3248.0000000000        0.2154555265       -0.0050256815
     3249.0000000000        0.2105163575       -0.0048539820
     3250.0000000000        0.2057449870       -0.0046900102
     3251.0000000000        0.2011339046       -0.0045333368
     3252.0000000000        0.1966760148       -0.0043835602
     3253.0000000000        0.1923646105       -0.0042403054
     3254.0000000000        0.1881933473       -0.0041032215
     3255.0000000000        0.1841562204       -0.0039719799
     3256.0000000000        0.1802475429       -0.0038462728
     3257.0000000000        0.1764619262       -0.0037258118
     3258.0000000000        0.1727942610       -0.0036103262
     3259.0000000000        0.1692397003       -0.0034995618
     3260.0000000000        0.1657936433       -0.0033932800
     3261.0000000000        0.1624517210       -0.0032912564
     3262.0000000000        0.1592097816       -0.0031932800
     3263.0000000000        0.1560638782       -0.0030991522
     3264.0000000000        0.1530102568       -0.0030086859
     3265.0000000000        0.1500453448       -0.0029217049
     3266.0000000000        0.1471657407       -0.0028380431
     3267.0000000000        0.1443682046       -0.0027575436
     3268.0000000000        0.1416496487       -0.0026800586
     3269.0000000000        0.1390071291       -0.0026054484
     3270.0000000000        0.1364378378       -0.0025335808
     3271.0000000000        0.1339390950       -0.0024643311
     3272.0000000000        0.1315083424       -0.0023975812
     3273.0000000000        0.1291431366       -0.0023332194
     3274.0000000000        0.1268411430       -0.0022711398
     3275.0000000000        0.1246001298       -0.0022112422
     3276.0000000000        0.1224179630       -0.0021534317
     3277.0000000000        0.1202926008       -0.0020976181
     3278.0000000000        0.1182220896       -0.0020437161
     3279.0000000000        0.1162045586       -0.0019916444
     3280.0000000000        0.1142382164       -0.0019413261
     3281.0000000000        0.1123213463       -0.0018926881
     3282.0000000000        0.1104523033       -0.0018456608
     3283.0000000000        0.1086295100       -0.0018001780
     3284.0000000000        0.1068514534       -0.0017561770
     3285.0000000000        0.1051166820       -0.0017135979
     3286.0000000000        0.1034238027       -0.0016723837
     3287.0000000000        0.1017714777       -0.0016324803
     3288.0000000000        0.1001584225       -0.0015938358
     3289.0000000000        0.0985834029       -0.0015564011
     3290.0000000000        0.0970452327       -0.0015201293
     3291.0000000000        0.0955427717       -0.0014849755
     3292.0000000000        0.0940749234       -0.0014508969
     3293.0000000000        0.0926406330       -0.0014178529
     3294.0000000000        0.0912388857       -0.0013858044
     3295.0000000000        0.0898687047       -0.0013547143
     3296.0000000000        0.0885291494       -0.0013245471
     3297.0000000000        0.0872193143       -0.0012952686
     3298.0000000000        0.0859383268       -0.0012668465
     3299.0000000000        0.0846853462       -0.0012392497
     3300.0000000000        0.0834595623       -0.0012124484
     3301.0000000000        0.0822601938       -0.0011864142
     3302.0000000000        0.0810864873       -0.0011611199
     3303.0000000000        0.0799377161       -0.0011365393
     3304.0000000000        0.0788131791       -0.0011126475
     3305.0000000000        0.0777121995       -0.0010894205
     3306.0000000000        0.0766341241       -0.0010668354
     3307.0000000000        0.0755783221       -0.0010448701
     3308.0000000000        0.0745441843       -0.0010235036
     3309.0000000000        0.0735311221       -0.0010027155
     3310.0000000000        0.0725385669       -0.0009824865
     3311.0000000000        0.0715659690       -0.0009627978
     3312.0000000000        0.0706127971       -0.0009436316
     3313.0000000000        0.0696785373       -0.0009249707
     3314.0000000000        0.0687626928       -0.0009067984
     3315.0000000000        0.0678647829       -0.0008890990
     3316.0000000000        0.0669843423       -0.0008718571
     3317.0000000000        0.0661209211       -0.0008550580
     3318.0000000000        0.0652740834       -0.0008386877
     3319.0000000000        0.0644434073       -0.0008227326
     3320.0000000000        0.0636284842       -0.0008071795
     3321.0000000000        0.0628289185       -0.0007920158
     3322.0000000000        0.0620443268       -0.0007772296
     3323.0000000000        0.0000000000        0.0000000000
     3324.0000000000        0.0000000000        0.0000000000
     3325.0000000000        0.0000000000        0.0000000000
     3326.0000000000        0.0000000000        0.0000000000
     3327.0000000000        0.0000000000        0.0000000000
     3328.0000000000        0.0000000000        0.0000000000
     3329.0000000000        0.0000000000        0.0000000000
     3330.0000000000        0.0000000000        0.0000000000
     3331.0000000000        0.0000000000        0.0000000000
     3332.0000000000        0.0000000000        0.0000000000
     3333.0000000000        0.0000000000        0.0000000000
     3334.0000000000        0.0000000000        0.0000000000
     3335.0000000000        0.0000000000        0.0000000000
     3336.0000000000        0.0000000000        0.0000000000
     3337.0000000000        0.0000000000        0.0000000000
     3338.0000000000        0.0000000000        0.0000000000
     3339.0000000000        0.0000000000        0.0000000000
     3340.0000000000        0.0000000000        0.0000000000
     3341.0000000000        0.0000000000        0.0000000000
     3342.0000000000        0.0000000000        0.0000000000
     3343.0000000000        0.0000000000        0.0000000000
     3344.0000000000        0.0000000000        0.0000000000
     3345.0000000000        0.0000000000        0.0000000000
     3346.0000000000        0.0000000000        0.0000000000
     3347.0000000000        0.0000000000        0.0000000000
     3348.0000000000        0.0000000000        0.0000000000
     3349.0000000000        0.0000000000        0.0000000000
     3350.0000000000        0.0000000000        0.0000000000
     3351.0000000000        0.0000000000        0.0000000000
     3352.0000000000        0.0000000000        0.0000000000
     3353.0000000000        0.0000000000        0.0000000000
     3354.0000000000        0.0000000000        0.0000000000
     3355.0000000000        0.0000000000        0.0000000000
     3356.0000000000        0.0000000000        0.0000000000
     3357.0000000000        0.0000000000        0.0000000000
     3358.0000000000        0.0000000000        0.0000000000
     3359.0000000000        0.0000000000        0.0000000000
     3360.0000000000        0.0000000000        0.0000000000
     3361.0000000000        0.0000000000        0.0000000000
     3362.0000000000        0.0000000000        0.0000000000
     3363.0000000000        0.0000000000        0.0000000000
     3364.0000000000        0.0000000000        0.0000000000
     3365.0000000000        0.0000000000        0.0000000000
     3366.0000000000        0.0000000000        0.0000000000
     3367.0000000000        0.0000000000        0.0000000000
     3368.0000000000        0.0000000000        0.0000000000
     3369.0000000000        0.0000000000        0.0000000000
     3370.0000000000        0.0000000000        0.0000000000
     3371.0000000000        0.0000000000        0.0000000000
     3372.0000000000        0.0000000000        0.0000000000
     3373.0000000000        0.0000000000        0.0000000000
     3374.0000000000        0.0000000000        0.0000000000
     3375.0000000000        0.0000000000        0.0000000000
     3376.0000000000        0.0000000000        0.0000000000
     3377.0000000000        0.0000000000        0.0000000000
     3378.0000000000        0.0000000000        0.0000000000
     3379.0000000000        0.0000000000        0.0000000000
     3380.0000000000        0.0000000000        0.0000000000
     3381.0000000000        0.0000000000        0.0000000000
     3382.0000000000        0.0000000000        0.0000000000
     3383.0000000000        0.0000000000        0.0000000000
     3384.0000000000        0.0000000000        0.0000000000
     3385.0000000000        0.0000000000        0.0000000000
     3386.0000000000        0.0000000000        0.0000000000
     3387.0000000000        0.0000000000        0.0000000000
     3388.0000000000        0.0000000000        0.0000000000
     3389.0000000000        0.0000000000        0.0000000000
     3390.0000000000        0.0000000000        0.0000000000
     3391.0000000000        0.0000000000        0.0000000000
     3392.0000000000        0.0000000000        0.0000000000
     3393.0000000000        0.0000000000        0.0000000000
     3394.0000000000        0.0000000000        0.0000000000
     3395.0000000000        0.0000000000        0.0000000000
     3396.0000000000        0.0000000000        0.0000000000
     3397.0000000000        0.0000000000        0.0000000000
     3398.0000000000        0.0000000000        0.0000000000
     3399.0000000000        0.0000000000        0.0000000000
     3400.0000000000        0.0000000000        0.0000000000
     3401.0000000000        0.0000000000        0.0000000000
     3402.0000000000        0.0000000000        0.0000000000
     3403.0000000000        0.0000000000        0.0000000000
     3404.0000000000        0.0000000000        0.0000000000
     3405.0000000000        0.0000000000        0.0000000000
     3406.0000000000        0.0000000000        0.0000000000
     3407.0000000000        0.0000000000        0.0000000000
     3408.0000000000        0.0000000000        0.0000000000
     3409.0000000000        0.0000000000        0.0000000000
     3410.0000000000        0.0000000000        0.0000000000
     3411.0000000000        0.0000000000        0.0000000000
     3412.0000000000        0.0000000000        0.0000000000
     3413.0000000000        0.0000000000        0.0000000000
     3414.0000000000        0.0000000000        0.0000000000
     3415.0000000000        0.0000000000        0.0000000000
     3416.0000000000        0.0000000000        0.0000000000
     3417.0000000000        0.0000000000        0.0000000000
     3418.0000000000        0.0000000000        0.0000000000
     3419.0000000000        0.0000000000        0.0000000000
     3420.0000000000        0.0000000000        0.0000000000
     3421.0000000000        0.0000000000        0.0000000000
     3422.0000000000        0.0000000000        0.0000000000
     3423.0000000000        0.0000000000        0.0000000000
     3424.0000000000        0.0000000000        0.0000000000
     3425.0000000000        0.0000000000        0.0000000000
     3426.0000000000        0.0000000000        0.0000000000
     3427.0000000000        0.0000000000        0.0000000000
     3428.0000000000        0.0000000000        0.0000000000
     3429.0000000000        0.0000000000        0.0000000000
     3430.0000000000        0.0000000000        0.0000000000
     3431.0000000000        0.0000000000        0.0000000000
     3432.0000000000        0.0000000000        0.0000000000
     3433.0000000000        0.0000000000        0.0000000000
     3434.0000000000        0.0000000000        0.0000000000
     3435.0000000000        0.0000000000        0.0000000000
     3436.0000000000        0.0000000000        0.0000000000
     3437.0000000000        0.0000000000        0.0000000000
     3438.0000000000        0.0000000000        0.0000000000
     3439.0000000000        0.0000000000        0.0000000000
     3440.0000000000        0.0000000000        0.0000000000
     3441.0000000000        0.0000000000        0.0000000000
     3442.0000000000        0.0000000000        0.0000000000
     3443.0000000000        0.0000000000        0.0000000000
     3444.0000000000        0.0000000000        0.0000000000
     3445.0000000000        0.0000000000        0.0000000000
     3446.0000000000        0.0000000000        0.0000000000
     3447.0000000000        0.0000000000        0.0000000000
     3448.0000000000        0.0000000000        0.0000000000
     3449.0000000000        0.0000000000        0.0000000000
     3450.0000000000        0.0000000000        0.0000000000
     3451.0000000000        0.0000000000        0.0000000000
     3452.0000000000        0.0000000000        0.0000000000
     3453.0000000000        0.0000000000        0.0000000000
     3454.0000000000        0.0000000000        0.0000000000
     3455.0000000000        0.0000000000        0.0000000000
     3456.0000000000        0.0000000000        0.0000000000
     3457.0000000000        0.0000000000        0.0000000000
     3458.0000000000        0.0000000000        0.0000000000
     3459.0000000000        0.0000000000        0.0000000000
     3460.0000000000        0.0000000000        0.0000000000
     3461.0000000000        0.0000000000        0.0000000000
     3462.0000000000        0.0000000000        0.0000000000
     3463.0000000000        0.0000000000        0.0000000000
     3464.0000000000        0.0000000000        0.0000000000
     3465.0000000000        0.0000000000        0.0000000000
     3466.0000000000        0.0000000000        0.0000000000
     3467.0000000000        0.0000000000        0.0000000000
     3468.0000000000        0.0000000000        0.0000000000
     3469.0000000000        0.0000000000        0.0000000000
     3470.0000000000        0.0000000000        0.0000000000
     3471.0000000000        0.0000000000        0.0000000000
     3472.0000000000        0.0000000000        0.0000000000
     3473.0000000000        0.0000000000        0.0000000000
     3474.0000000000        0.0000000000        0.0000000000
     3475.0000000000        0.0000000000        0.0000000000
     3476.0000000000        0.0000000000        0.0000000000
     3477.0000000000        0.0000000000        0.0000000000
     3478.0000000000        0.0000000000        0.0000000000
     3479.0000000000        0.0000000000        0.0000000000
     3480.0000000000        0.0000000000        0.0000000000
     3481.0000000000        0.0000000000        0.0000000000
     3482.0000000000        0.0000000000        0.0000000000
     3483.0000000000        0.0000000000        0.0000000000
     3484.0000000000        0.0000000000        0.0000000000
     3485.0000000000        0.0000000000        0.0000000000
     3486.0000000000        0.0000000000        0.0000000000
     3487.0000000000        0.0000000000        0.0000000000
     3488.0000000000        0.0000000000        0.0000000000
     3489.0000000000        0.0000000000        0.0000000000
     3490.0000000000        0.0000000000        0.0000000000
     3491.0000000000        0.0000000000        0.0000000000
     3492.0000000000        0.0000000000        0.0000000000
     3493.0000000000        0.0000000000        0.0000000000
     3494.0000000000        0.0000000000        0.0000000000
     3495.0000000000        0.0000000000        0.0000000000
     3496.0000000000        0.0000000000        0.0000000000
     3497.0000000000        0.0000000000        0.0000000000
     3498.0000000000        0.0000000000        0.0000000000
     3499.0000000000        0.0000000000        0.0000000000
     3500.0000000000        0.0000000000        0.0000000000
     3501.0000000000        0.0000000000        0.0000000000
     3502.0000000000        0.0000000000        0.0000000000
     3503.0000000000        0.0000000000        0.0000000000
     3504.0000000000        0.0000000000        0.0000000000
     3505.0000000000        0.0000000000        0.0000000000
     3506.0000000000        0.0000000000        0.0000000000
     3507.0000000000        0.0000000000        0.0000000000
     3508.0000000000        0.0000000000        0.0000000000
     3509.0000000000        0.0000000000        0.0000000000
     3510.0000000000        0.0000000000        0.0000000000
     3511.0000000000        0.0000000000        0.0000000000
     3512.0000000000        0.0000000000        0.0000000000
     3513.0000000000        0.0000000000        0.0000000000
     3514.0000000000        0.0000000000        0.0000000000
     3515.0000000000        0.0000000000        0.0000000000
     3516.0000000000        0.0000000000        0.0000000000
     3517.0000000000        0.0000000000        0.0000000000
     3518.0000000000        0.0000000000        0.0000000000
     3519.0000000000        0.0000000000        0.0000000000
     3520.0000000000        0.0000000000        0.0000000000
     3521.0000000000        0.0000000000        0.0000000000
     3522.0000000000        0.0000000000        0.0000000000
     3523.0000000000        0.0000000000        0.0000000000
     3524.0000000000        0.0000000000        0.0000000000
     3525.0000000000        0.0000000000        0.0000000000
     3526.0000000000        0.0000000000        0.0000000000
     3527.0000000000        0.0000000000        0.0000000000
     3528.0000000000        0.0000000000        0.0000000000
     3529.0000000000        0.0000000000        0.0000000000
     3530.0000000000        0.0000000000        0.0000000000
     3531.0000000000        0.0000000000        0.0000000000
     3532.0000000000        0.0000000000        0.0000000000
     3533.0000000000        0.0000000000        0.0000000000
     3534.0000000000        0.0000000000        0.0000000000
     3535.0000000000        0.0000000000        0.0000000000
     3536.0000000000        0.0000000000        0.0000000000
     3537.0000000000        0.0000000000        0.0000000000
     3538.0000000000        0.0000000000        0.0000000000
     3539.0000000000        0.0000000000        0.0000000000
     3540.0000000000        0.0000000000        0.0000000000
     3541.0000000000        0.0000000000        0.0000000000
     3542.0000000000        0.0000000000        0.0000000000
     3543.0000000000        0.0000000000        0.0000000000
     3544.0000000000        0.0000000000        0.0000000000
     3545.0000000000        0.0000000000        0.0000000000
     3546.0000000000        0.0000000000        0.0000000000
     3547.0000000000        0.0000000000        0.0000000000
     3548.0000000000        0.0000000000        0.0000000000
     3549.0000000000        0.0000000000        0.0000000000
     3550.0000000000        0.0000000000        0.0000000000
     3551.0000000000        0.0000000000        0.0000000000
     3552.0000000000        0.0000000000        0.0000000000
     3553.0000000000        0.0000000000        0.0000000000
     3554.0000000000        0.0000000000        0.0000000000
     3555.0000000000        0.0000000000        0.0000000000
     3556.0000000000        0.0000000000        0.0000000000
     3557.0000000000        0.0000000000        0.0000000000
     3558.0000000000        0.0000000000        0.0000000000
     3559.0000000000        0.0000000000        0.0000000000
     3560.0000000000        0.0000000000        0.0000000000
     3561.0000000000        0.0000000000        0.0000000000
     3562.0000000000        0.0000000000        0.0000000000
     3563.0000000000        0.0000000000        0.0000000000
     3564.0000000000        0.0000000000        0.0000000000
     3565.0000000000        0.0000000000        0.0000000000
     3566.0000000000        0.0000000000        0.0000000000
     3567.0000000000        0.0000000000        0.0000000000
     3568.0000000000        0.0000000000        0.0000000000
     3569.0000000000        0.0000000000        0.0000000000
     3570.0000000000        0.0000000000        0.0000000000
     3571.0000000000        0.0000000000        0.0000000000
     3572.0000000000        0.0000000000        0.0000000000
     3573.0000000000        0.0000000000        0.0000000000
     3574.0000000000        0.0000000000        0.0000000000
     3575.0000000000        0.0000000000        0.0000000000
     3576.0000000000        0.0000000000        0.0000000000
     3577.0000000000        0.0000000000        0.0000000000
     3578.0000000000        0.0000000000        0.0000000000
     3579.0000000000        0.0000000000        0.0000000000
     3580.0000000000        0.0000000000        0.0000000000
     3581.0000000000        0.0000000000        0.0000000000
     3582.0000000000        0.0000000000        0.0000000000
     3583.0000000000        0.0000000000        0.0000000000
     3584.0000000000        0.0000000000        0.0000000000
     3585.0000000000        0.0000000000        0.0000000000
     3586.0000000000        0.0000000000        0.0000000000
     3587.0000000000        0.0000000000        0.0000000000
     3588.0000000000        0.0000000000        0.0000000000
     3589.0000000000        0.0000000000        0.0000000000
     3590.0000000000        0.0000000000        0.0000000000
     3591.0000000000        0.0000000000        0.0000000000
     3592.0000000000        0.0000000000        0.0000000000
     3593.0000000000        0.0000000000        0.0000000000
     3594.0000000000        0.0000000000        0.0000000000
     3595.0000000000        0.0000000000        0.0000000000
     3596.0000000000        0.0000000000        0.0000000000
     3597.0000000000        0.0000000000        0.0000000000
     3598.0000000000        0.0000000000        0.0000000000
     3599.0000000000        0.0000000000        0.0000000000
     3600.0000000000        0.0000000000        0.0000000000
     3601.0000000000        0.0000000000        0.0000000000
     3602.0000000000        0.0000000000        0.0000000000
     3603.0000000000        0.0000000000        0.0000000000
     3604.0000000000        0.0000000000        0.0000000000
     3605.0000000000        0.0000000000        0.0000000000
     3606.0000000000        0.0000000000        0.0000000000
     3607.0000000000        0.0000000000        0.0000000000
     3608.0000000000        0.0000000000        0.0000000000
     3609.0000000000        0.0000000000        0.0000000000
     3610.0000000000        0.0000000000        0.0000000000
     3611.0000000000        0.0000000000        0.0000000000
     3612.0000000000        0.0000000000        0.0000000000
     3613.0000000000        0.0000000000        0.0000000000
     3614.0000000000        0.0000000000        0.0000000000
     3615.0000000000        0.0000000000        0.0000000000
     3616.0000000000        0.0000000000        0.0000000000
     3617.0000000000        0.0000000000        0.0000000000
     3618.0000000000        0.0000000000        0.0000000000
     3619.0000000000        0.0000000000        0.0000000000
     3620.0000000000        0.0000000000        0.0000000000
     3621.0000000000        0.0000000000        0.0000000000
     3622.0000000000        0.0000000000        0.0000000000
     3623.0000000000        0.0000000000        0.0000000000
     3624.0000000000        0.0000000000        0.0000000000
     3625.0000000000        0.0000000000        0.0000000000
     3626.0000000000        0.0000000000        0.0000000000
     3627.0000000000        0.0000000000        0.0000000000
     3628.0000000000        0.0000000000        0.0000000000
     3629.0000000000        0.0000000000        0.0000000000
     3630.0000000000        0.0000000000        0.0000000000
     3631.0000000000        0.0000000000        0.0000000000
     3632.0000000000        0.0000000000        0.0000000000
     3633.0000000000        0.0000000000        0.0000000000
     3634.0000000000        0.0000000000        0.0000000000
     3635.0000000000        0.0000000000        0.0000000000
     3636.0000000000        0.0000000000        0.0000000000
     3637.0000000000        0.0000000000        0.0000000000
     3638.0000000000        0.0000000000        0.0000000000
     3639.0000000000        0.0000000000        0.0000000000
     3640.0000000000        0.0000000000        0.0000000000
     3641.0000000000        0.0000000000        0.0000000000
     3642.0000000000        0.0000000000        0.0000000000
     3643.0000000000        0.0000000000        0.0000000000
     3644.0000000000        0.0000000000        0.0000000000
     3645.0000000000        0.0000000000        0.0000000000
     3646.0000000000        0.0000000000        0.0000000000
     3647.0000000000        0.0000000000        0.0000000000
     3648.0000000000        0.0000000000        0.0000000000
     3649.0000000000        0.0000000000        0.0000000000
     3650.0000000000        0.0000000000        0.0000000000
     3651.0000000000        0.0000000000        0.0000000000
     3652.0000000000        0.0000000000        0.0000000000
     3653.0000000000        0.0000000000        0.0000000000
     3654.0000000000        0.0000000000        0.0000000000
     3655.0000000000        0.0000000000        0.0000000000
     3656.0000000000        0.0000000000        0.0000000000
     3657.0000000000        0.0000000000        0.0000000000
     3658.0000000000        0.0000000000        0.0000000000
     3659.0000000000        0.0000000000        0.0000000000
     3660.0000000000        0.0000000000        0.0000000000
     3661.0000000000        0.0000000000        0.0000000000
     3662.0000000000        0.0000000000        0.0000000000
     3663.0000000000        0.0000000000        0.0000000000
     3664.0000000000        0.0000000000        0.0000000000
     3665.0000000000        0.0000000000        0.0000000000
     3666.0000000000        0.0000000000        0.0000000000
     3667.0000000000        0.0000000000        0.0000000000
     3668.0000000000        0.0000000000        0.0000000000
     3669.0000000000        0.0000000000        0.0000000000
     3670.0000000000        0.0000000000        0.0000000000
     3671.0000000000        0.0000000000        0.0000000000
     3672.0000000000        0.0000000000        0.0000000000
     3673.0000000000        0.0000000000        0.0000000000
     3674.0000000000        0.0000000000        0.0000000000
     3675.0000000000        0.0000000000        0.0000000000
     3676.0000000000        0.0000000000        0.0000000000
     3677.0000000000        0.0000000000        0.0000000000
     3678.0000000000        0.0000000000        0.0000000000
     3679.0000000000        0.0000000000        0.0000000000
     3680.0000000000        0.0000000000        0.0000000000
     3681.0000000000        0.0000000000        0.0000000000
     3682.0000000000        0.0000000000        0.0000000000
     3683.0000000000        0.0000000000        0.0000000000
     3684.0000000000        0.0000000000        0.0000000000
     3685.0000000000        0.0000000000        0.0000000000
     3686.0000000000        0.0000000000        0.0000000000
     3687.0000000000        0.0000000000        0.0000000000
     3688.0000000000        0.0000000000        0.0000000000
     3689.0000000000        0.0000000000        0.0000000000
     3690.0000000000        0.0000000000        0.0000000000
     3691.0000000000        0.0000000000        0.0000000000
     3692.0000000000        0.0000000000        0.0000000000
     3693.0000000000        0.0000000000        0.0000000000
     3694.0000000000        0.0000000000        0.0000000000
     3695.0000000000        0.0000000000        0.0000000000
     3696.0000000000        0.0000000000        0.0000000000
     3697.0000000000        0.0000000000        0.0000000000
     3698.0000000000        0.0000000000        0.0000000000
     3699.0000000000        0.0000000000        0.0000000000
     3700.0000000000        0.0000000000        0.0000000000
     3701.0000000000        0.0000000000        0.0000000000
     3702.0000000000        0.0000000000        0.0000000000
     3703.0000000000        0.0000000000        0.0000000000
     3704.0000000000        0.0000000000        0.0000000000
     3705.0000000000        0.0000000000        0.0000000000
     3706.0000000000        0.0000000000        0.0000000000
     3707.0000000000        0.0000000000        0.0000000000
     3708.0000000000        0.0000000000        0.0000000000
     3709.0000000000        0.0000000000        0.0000000000
     3710.0000000000        0.0000000000        0.0000000000
     3711.0000000000        0.0000000000        0.0000000000
     3712.0000000000        0.0000000000        0.0000000000
     3713.0000000000        0.0000000000        0.0000000000
     3714.0000000000        0.0000000000        0.0000000000
     3715.0000000000        0.0000000000        0.0000000000
     3716.0000000000        0.0000000000        0.0000000000
     3717.0000000000        0.0000000000        0.0000000000
     3718.0000000000        0.0000000000        0.0000000000
     3719.0000000000        0.0000000000        0.0000000000
     3720.0000000000        0.0000000000        0.0000000000
     3721.0000000000        0.0000000000        0.0000000000
     3722.0000000000        0.0000000000        0.0000000000
     3723.0000000000        0.0000000000        0.0000000000
     3724.0000000000        0.0000000000        0.0000000000
     3725.0000000000        0.0000000000        0.0000000000
     3726.0000000000        0.0000000000        0.0000000000
     3727.0000000000        0.0000000000        0.0000000000
     3728.0000000000        0.0000000000        0.0000000000
     3729.0000000000        0.0000000000        0.0000000000
     3730.0000000000        0.0000000000        0.0000000000
     3731.0000000000        0.0000000000        0.0000000000
     3732.0000000000        0.0000000000        0.0000000000
     3733.0000000000        0.0000000000        0.0000000000
     3734.0000000000        0.0000000000        0.0000000000
     3735.0000000000        0.0000000000        0.0000000000
     3736.0000000000        0.0000000000        0.0000000000
     3737.0000000000        0.0000000000        0.0000000000
     3738.0000000000        0.0000000000        0.0000000000
     3739.0000000000        0.0000000000        0.0000000000
     3740.0000000000        0.0000000000        0.0000000000
     3741.0000000000        0.0000000000        0.0000000000
     3742.0000000000        0.0000000000        0.0000000000
     3743.0000000000        0.0000000000        0.0000000000
     3744.0000000000        0.0000000000        0.0000000000
     3745.0000000000        0.0000000000        0.0000000000
     3746.0000000000        0.0000000000        0.0000000000
     3747.0000000000        0.0000000000        0.0000000000
     3748.0000000000        0.0000000000        0.0000000000
     3749.0000000000        0.0000000000        0.0000000000
     3750.0000000000        0.0000000000        0.0000000000
     3751.0000000000        0.0000000000        0.0000000000
     3752.0000000000        0.0000000000        0.0000000000
     3753.0000000000        0.0000000000        0.0000000000
     3754.0000000000        0.0000000000        0.0000000000
     3755.0000000000        0.0000000000        0.0000000000
     3756.0000000000        0.0000000000        0.0000000000
     3757.0000000000        0.0000000000        0.0000000000
     3758.0000000000        0.0000000000        0.0000000000
     3759.0000000000        0.0000000000        0.0000000000
     3760.0000000000        0.0000000000        0.0000000000
     3761.0000000000        0.0000000000        0.0000000000
     3762.0000000000        0.0000000000        0.0000000000
     3763.0000000000        0.0000000000        0.0000000000
     3764.0000000000        0.0000000000        0.0000000000
     3765.0000000000        0.0000000000        0.0000000000
     3766.0000000000        0.0000000000        0.0000000000
     3767.0000000000        0.0000000000        0.0000000000
     3768.0000000000        0.0000000000        0.0000000000
     3769.0000000000        0.0000000000        0.0000000000
     3770.0000000000        0.0000000000        0.0000000000
     3771.0000000000        0.0000000000        0.0000000000
     3772.0000000000        0.0000000000        0.0000000000
     3773.0000000000        0.0000000000        0.0000000000
     3774.0000000000        0.0000000000        0.0000000000
     3775.0000000000        0.0000000000        0.0000000000
     3776.0000000000        0.0000000000        0.0000000000
     3777.0000000000        0.0000000000        0.0000000000
     3778.0000000000        0.0000000000        0.0000000000
     3779.0000000000        0.0000000000        0.0000000000
     3780.0000000000        0.0000000000        0.0000000000
     3781.0000000000        0.0000000000        0.0000000000
     3782.0000000000        0.0000000000        0.0000000000
     3783.0000000000        0.0000000000        0.0000000000
     3784.0000000000        0.0000000000        0.0000000000
     3785.0000000000        0.0000000000        0.0000000000
     3786.0000000000        0.0000000000        0.0000000000
     3787.0000000000        0.0000000000        0.0000000000
     3788.0000000000        0.0000000000        0.0000000000
     3789.0000000000        0.0000000000        0.0000000000
     3790.0000000000        0.0000000000        0.0000000000
     3791.0000000000        0.0000000000        0.0000000000
     3792.0000000000        0.0000000000        0.0000000000
     3793.0000000000        0.0000000000        0.0000000000
     3794.0000000000        0.0000000000        0.0000000000
     3795.0000000000        0.0000000000        0.0000000000
     3796.0000000000        0.0000000000        0.0000000000
     3797.0000000000        0.0000000000        0.0000000000
     3798.0000000000        0.0000000000        0.0000000000
     3799.0000000000        0.0000000000        0.0000000000
     3800.0000000000        0.0000000000        0.0000000000
     3801.0000000000        0.0000000000        0.0000000000
     3802.0000000000        0.0000000000        0.0000000000
     3803.0000000000        0.0000000000        0.0000000000
     3804.0000000000        0.0000000000        0.0000000000
     3805.0000000000        0.0000000000        0.0000000000
     3806.0000000000        0.0000000000        0.0000000000
     3807.0000000000        0.0000000000        0.0000000000
     3808.0000000000        0.0000000000        0.0000000000
     3809.0000000000        0.0000000000        0.0000000000
     3810.0000000000        0.0000000000        0.0000000000
     3811.0000000000        0.0000000000        0.0000000000
     3812.0000000000        0.0000000000        0.0000000000
     3813.0000000000        0.0000000000        0.0000000000
     3814.0000000000        0.0000000000        0.0000000000
     3815.0000000000        0.0000000000        0.0000000000
     3816.0000000000        0.0000000000        0.0000000000
     3817.0000000000        0.0000000000        0.0000000000
     3818.0000000000        0.0000000000        0.0000000000
     3819.0000000000        0.0000000000        0.0000000000
     3820.0000000000        0.0000000000        0.0000000000
     3821.0000000000        0.0000000000        0.0000000000
     3822.0000000000        0.0000000000        0.0000000000
     3823.0000000000        0.0000000000        0.0000000000
     3824.0000000000        0.0000000000        0.0000000000
     3825.0000000000        0.0000000000        0.0000000000
     3826.0000000000        0.0000000000        0.0000000000
     3827.0000000000        0.0000000000        0.0000000000
     3828.0000000000        0.0000000000        0.0000000000
     3829.0000000000        0.0000000000        0.0000000000
     3830.0000000000        0.0000000000        0.0000000000
     3831.0000000000        0.0000000000        0.0000000000
     3832.0000000000        0.0000000000        0.0000000000
     3833.0000000000        0.0000000000        0.0000000000
     3834.0000000000        0.0000000000        0.0000000000
     3835.0000000000        0.0000000000        0.0000000000
     3836.0000000000        0.0000000000        0.0000000000
     3837.0000000000        0.0000000000        0.0000000000
     3838.0000000000        0.0000000000        0.0000000000
     3839.0000000000        0.0000000000        0.0000000000
     3840.0000000000        0.0000000000        0.0000000000
     3841.0000000000        0.0000000000        0.0000000000
     3842.0000000000        0.0000000000        0.0000000000
     3843.0000000000        0.0000000000        0.0000000000
     3844.0000000000        0.0000000000        0.0000000000
     3845.0000000000        0.0000000000        0.0000000000
     3846.0000000000        0.0000000000        0.0000000000
     3847.0000000000        0.0000000000        0.0000000000
     3848.0000000000        0.0000000000        0.0000000000
     3849.0000000000        0.0000000000        0.0000000000
     3850.0000000000        0.0000000000        0.0000000000
     3851.0000000000        0.0000000000        0.0000000000
     3852.0000000000        0.0000000000        0.0000000000
     3853.0000000000        0.0000000000        0.0000000000
     3854.0000000000        0.0000000000        0.0000000000
     3855.0000000000        0.0000000000        0.0000000000
     3856.0000000000        0.0000000000        0.0000000000
     3857.0000000000        0.0000000000        0.0000000000
     3858.0000000000        0.0000000000        0.0000000000
     3859.0000000000        0.0000000000        0.0000000000
     3860.0000000000        0.0000000000        0.0000000000
     3861.0000000000        0.0000000000        0.0000000000
     3862.0000000000        0.0000000000        0.0000000000
     3863.0000000000        0.0000000000        0.0000000000
     3864.0000000000        0.0000000000        0.0000000000
     3865.0000000000        0.0000000000        0.0000000000
     3866.0000000000        0.0000000000        0.0000000000
     3867.0000000000        0.0000000000        0.0000000000
     3868.0000000000        0.0000000000        0.0000000000
     3869.0000000000        0.0000000000        0.0000000000
     3870.0000000000        0.0000000000        0.0000000000
     3871.0000000000        0.0000000000        0.0000000000
     3872.0000000000        0.0000000000        0.0000000000
     3873.0000000000        0.0000000000        0.0000000000
     3874.0000000000        0.0000000000        0.0000000000
     3875.0000000000        0.0000000000        0.0000000000
     3876.0000000000        0.0000000000        0.0000000000
     3877.0000000000        0.0000000000        0.0000000000
     3878.0000000000        0.0000000000        0.0000000000
     3879.0000000000        0.0000000000        0.0000000000
     3880.0000000000        0.0000000000        0.0000000000
     3881.0000000000        0.0000000000        0.0000000000
     3882.0000000000        0.0000000000        0.0000000000
     3883.0000000000        0.0000000000        0.0000000000
     3884.0000000000        0.0000000000        0.0000000000
     3885.0000000000        0.0000000000        0.0000000000
     3886.0000000000        0.0000000000        0.0000000000
     3887.0000000000        0.0000000000        0.0000000000
     3888.0000000000        0.0000000000        0.0000000000
     3889.0000000000        0.0000000000        0.0000000000
     3890.0000000000        0.0000000000        0.0000000000
     3891.0000000000        0.0000000000        0.0000000000
     3892.0000000000        0.0000000000        0.0000000000
     3893.0000000000        0.0000000000        0.0000000000
     3894.0000000000        0.0000000000        0.0000000000
     3895.0000000000        0.0000000000        0.0000000000
     3896.0000000000        0.0000000000        0.0000000000
     3897.0000000000        0.0000000000        0.0000000000
     3898.0000000000        0.0000000000        0.0000000000
     3899.0000000000        0.0000000000        0.0000000000
     3900.0000000000        0.0000000000        0.0000000000
     3901.0000000000        0.0000000000        0.0000000000
     3902.0000000000        0.0000000000        0.0000000000
     3903.0000000000        0.0000000000        0.0000000000
     3904.0000000000        0.0000000000        0.0000000000
     3905.0000000000        0.0000000000        0.0000000000
     3906.0000000000        0.0000000000        0.0000000000
     3907.0000000000        0.0000000000        0.0000000000
     3908.0000000000        0.0000000000        0.0000000000
     3909.0000000000        0.0000000000        0.0000000000
     3910.0000000000        0.0000000000        0.0000000000
     3911.0000000000        0.0000000000        0.0000000000
     3912.0000000000        0.0000000000        0.0000000000
     3913.0000000000        0.0000000000        0.0000000000
     3914.0000000000        0.0000000000        0.0000000000
     3915.0000000000        0.0000000000        0.0000000000
     3916.0000000000        0.0000000000        0.0000000000
     3917.0000000000        0.0000000000        0.0000000000
     3918.0000000000        0.0000000000        0.0000000000
     3919.0000000000        0.0000000000        0.0000000000
     3920.0000000000        0.0000000000        0.0000000000
     3921.0000000000        0.0000000000        0.0000000000
     3922.0000000000        0.0000000000        0.0000000000
     3923.0000000000        0.0000000000        0.0000000000
     3924.0000000000        0.0000000000        0.0000000000
     3925.0000000000        0.0000000000        0.0000000000
     3926.0000000000        0.0000000000        0.0000000000
     3927.0000000000        0.0000000000        0.0000000000
     3928.0000000000        0.0000000000        0.0000000000
     3929.0000000000        0.0000000000        0.0000000000
     3930.0000000000        0.0000000000        0.0000000000
     3931.0000000000        0.0000000000        0.0000000000
     3932.0000000000        0.0000000000        0.0000000000
     3933.0000000000        0.0000000000        0.0000000000
     3934.0000000000        0.0000000000        0.0000000000
     3935.0000000000        0.0000000000        0.0000000000
     3936.0000000000        0.0000000000        0.0000000000
     3937.0000000000        0.0000000000        0.0000000000
     3938.0000000000        0.0000000000        0.0000000000
     3939.0000000000        0.0000000000        0.0000000000
     3940.0000000000        0.0000000000        0.0000000000
     3941.0000000000        0.0000000000        0.0000000000
     3942.0000000000        0.0000000000        0.0000000000
     3943.0000000000        0.0000000000        0.0000000000
     3944.0000000000        0.0000000000        0.0000000000
     3945.0000000000        0.0000000000        0.0000000000
     3946.0000000000        0.0000000000        0.0000000000
     3947.0000000000        0.0000000000        0.0000000000
     3948.0000000000        0.0000000000        0.0000000000
     3949.0000000000        0.0000000000        0.0000000000
     3950.0000000000        0.0000000000        0.0000000000
     3951.0000000000        0.0000000000        0.0000000000
     3952.0000000000        0.0000000000        0.0000000000
     3953.0000000000        0.0000000000        0.0000000000
     3954.0000000000        0.0000000000        0.0000000000
     3955.0000000000        0.0000000000        0.0000000000
     3956.0000000000        0.0000000000        0.0000000000
     3957.0000000000        0.0000000000        0.0000000000
     3958.0000000000        0.0000000000        0.0000000000
     3959.0000000000        0.0000000000        0.0000000000
     3960.0000000000        0.0000000000        0.0000000000
     3961.0000000000        0.0000000000        0.0000000000
     3962.0000000000        0.0000000000        0.0000000000
     3963.0000000000        0.0000000000        0.0000000000
     3964.0000000000        0.0000000000        0.0000000000
     3965.0000000000        0.0000000000        0.0000000000
     3966.0000000000        0.0000000000        0.0000000000
     3967.0000000000        0.0000000000        0.0000000000
     3968.0000000000        0.0000000000        0.0000000000
     3969.0000000000        0.0000000000        0.0000000000
     3970.0000000000        0.0000000000        0.0000000000
     3971.0000000000        0.0000000000        0.0000000000
     3972.0000000000        0.0000000000        0.0000000000
     3973.0000000000        0.0000000000        0.0000000000
     3974.0000000000        0.0000000000        0.0000000000
     3975.0000000000        0.0000000000        0.0000000000
     3976.0000000000        0.0000000000        0.0000000000
     3977.0000000000        0.0000000000        0.0000000000
     3978.0000000000        0.0000000000        0.0000000000
     3979.0000000000        0.0000000000        0.0000000000
     3980.0000000000        0.0000000000        0.0000000000
     3981.0000000000        0.0000000000        0.0000000000
     3982.0000000000        0.0000000000        0.0000000000
     3983.0000000000        0.0000000000        0.0000000000
     3984.0000000000        0.0000000000        0.0000000000
     3985.0000000000        0.0000000000        0.0000000000
     3986.0000000000        0.0000000000        0.0000000000
     3987.0000000000        0.0000000000        0.0000000000
     3988.0000000000        0.0000000000        0.0000000000
     3989.0000000000        0.0000000000        0.0000000000
     3990.0000000000        0.0000000000        0.0000000000
     3991.0000000000        0.0000000000        0.0000000000
     3992.0000000000        0.0000000000        0.0000000000
     3993.0000000000        0.0000000000        0.0000000000
     3994.0000000000        0.0000000000        0.0000000000
     3995.0000000000        0.0000000000        0.0000000000
     3996.0000000000        0.0000000000        0.0000000000
     3997.0000000000        0.0000000000        0.0000000000
     3998.0000000000        0.0000000000        0.0000000000
     3999.0000000000        0.0000000000        0.0000000000
