# IR Spectrum
# X-Axis:  Frequency (cm-1)
# Y-Axis:  &epsilon; (M-1 cm-1)

# Peak information
#                  X                   Y
#     568.9234000000       55.3268583976
#    1221.4924000000      466.7045911658
#    1224.0051000000      966.7038807699
#    1289.2032000000       90.2755190964
#    1401.9566000000        0.0000000000
#    1609.3674000000      111.3062932279
#    1692.2258000000       11.1497265805
#    3309.8830000000       55.4691680889
#    3388.4551000000       54.2919617499

# Spectra
#                  X                   Y               DY/DX
        0.0000000000        0.0000000000        0.0000000000
        1.0000000000        0.0000000000        0.0000000000
        2.0000000000        0.0000000000        0.0000000000
        3.0000000000        0.0000000000        0.0000000000
        4.0000000000        0.0000000000        0.0000000000
        5.0000000000        0.0000000000        0.0000000000
        6.0000000000        0.0000000000        0.0000000000
        7.0000000000        0.0000000000        0.0000000000
        8.0000000000        0.0000000000        0.0000000000
        9.0000000000        0.0000000000        0.0000000000
       10.0000000000        0.0000000000        0.0000000000
       11.0000000000        0.0000000000        0.0000000000
       12.0000000000        0.0000000000        0.0000000000
       13.0000000000        0.0000000000        0.0000000000
       14.0000000000        0.0000000000        0.0000000000
       15.0000000000        0.0000000000        0.0000000000
       16.0000000000        0.0000000000        0.0000000000
       17.0000000000        0.0000000000        0.0000000000
       18.0000000000        0.0000000000        0.0000000000
       19.0000000000        0.0000000000        0.0000000000
       20.0000000000        0.0000000000        0.0000000000
       21.0000000000        0.0000000000        0.0000000000
       22.0000000000        0.0000000000        0.0000000000
       23.0000000000        0.0000000000        0.0000000000
       24.0000000000        0.0000000000        0.0000000000
       25.0000000000        0.0000000000        0.0000000000
       26.0000000000        0.0000000000        0.0000000000
       27.0000000000        0.0000000000        0.0000000000
       28.0000000000        0.0000000000        0.0000000000
       29.0000000000        0.0000000000        0.0000000000
       30.0000000000        0.0000000000        0.0000000000
       31.0000000000        0.0000000000        0.0000000000
       32.0000000000        0.0000000000        0.0000000000
       33.0000000000        0.0000000000        0.0000000000
       34.0000000000        0.0000000000        0.0000000000
       35.0000000000        0.0000000000        0.0000000000
       36.0000000000        0.0000000000        0.0000000000
       37.0000000000        0.0000000000        0.0000000000
       38.0000000000        0.0000000000        0.0000000000
       39.0000000000        0.0000000000        0.0000000000
       40.0000000000        0.0000000000        0.0000000000
       41.0000000000        0.0000000000        0.0000000000
       42.0000000000        0.0000000000        0.0000000000
       43.0000000000        0.0000000000        0.0000000000
       44.0000000000        0.0000000000        0.0000000000
       45.0000000000        0.0000000000        0.0000000000
       46.0000000000        0.0000000000        0.0000000000
       47.0000000000        0.0000000000        0.0000000000
       48.0000000000        0.0000000000        0.0000000000
       49.0000000000        0.0000000000        0.0000000000
       50.0000000000        0.0000000000        0.0000000000
       51.0000000000        0.0000000000        0.0000000000
       52.0000000000        0.0000000000        0.0000000000
       53.0000000000        0.0000000000        0.0000000000
       54.0000000000        0.0000000000        0.0000000000
       55.0000000000        0.0000000000        0.0000000000
       56.0000000000        0.0000000000        0.0000000000
       57.0000000000        0.0000000000        0.0000000000
       58.0000000000        0.0000000000        0.0000000000
       59.0000000000        0.0000000000        0.0000000000
       60.0000000000        0.0000000000        0.0000000000
       61.0000000000        0.0000000000        0.0000000000
       62.0000000000        0.0000000000        0.0000000000
       63.0000000000        0.0000000000        0.0000000000
       64.0000000000        0.0000000000        0.0000000000
       65.0000000000        0.0000000000        0.0000000000
       66.0000000000        0.0000000000        0.0000000000
       67.0000000000        0.0000000000        0.0000000000
       68.0000000000        0.0000000000        0.0000000000
       69.0000000000        0.0000000000        0.0000000000
       70.0000000000        0.0000000000        0.0000000000
       71.0000000000        0.0000000000        0.0000000000
       72.0000000000        0.0000000000        0.0000000000
       73.0000000000        0.0000000000        0.0000000000
       74.0000000000        0.0000000000        0.0000000000
       75.0000000000        0.0000000000        0.0000000000
       76.0000000000        0.0000000000        0.0000000000
       77.0000000000        0.0000000000        0.0000000000
       78.0000000000        0.0000000000        0.0000000000
       79.0000000000        0.0000000000        0.0000000000
       80.0000000000        0.0000000000        0.0000000000
       81.0000000000        0.0000000000        0.0000000000
       82.0000000000        0.0000000000        0.0000000000
       83.0000000000        0.0000000000        0.0000000000
       84.0000000000        0.0000000000        0.0000000000
       85.0000000000        0.0000000000        0.0000000000
       86.0000000000        0.0000000000        0.0000000000
       87.0000000000        0.0000000000        0.0000000000
       88.0000000000        0.0000000000        0.0000000000
       89.0000000000        0.0000000000        0.0000000000
       90.0000000000        0.0000000000        0.0000000000
       91.0000000000        0.0000000000        0.0000000000
       92.0000000000        0.0000000000        0.0000000000
       93.0000000000        0.0000000000        0.0000000000
       94.0000000000        0.0000000000        0.0000000000
       95.0000000000        0.0000000000        0.0000000000
       96.0000000000        0.0000000000        0.0000000000
       97.0000000000        0.0000000000        0.0000000000
       98.0000000000        0.0000000000        0.0000000000
       99.0000000000        0.0000000000        0.0000000000
      100.0000000000        0.0000000000        0.0000000000
      101.0000000000        0.0000000000        0.0000000000
      102.0000000000        0.0000000000        0.0000000000
      103.0000000000        0.0000000000        0.0000000000
      104.0000000000        0.0000000000        0.0000000000
      105.0000000000        0.0000000000        0.0000000000
      106.0000000000        0.0000000000        0.0000000000
      107.0000000000        0.0000000000        0.0000000000
      108.0000000000        0.0000000000        0.0000000000
      109.0000000000        0.0000000000        0.0000000000
      110.0000000000        0.0000000000        0.0000000000
      111.0000000000        0.0000000000        0.0000000000
      112.0000000000        0.0000000000        0.0000000000
      113.0000000000        0.0000000000        0.0000000000
      114.0000000000        0.0000000000        0.0000000000
      115.0000000000        0.0000000000        0.0000000000
      116.0000000000        0.0000000000        0.0000000000
      117.0000000000        0.0000000000        0.0000000000
      118.0000000000        0.0000000000        0.0000000000
      119.0000000000        0.0000000000        0.0000000000
      120.0000000000        0.0000000000        0.0000000000
      121.0000000000        0.0000000000        0.0000000000
      122.0000000000        0.0000000000        0.0000000000
      123.0000000000        0.0000000000        0.0000000000
      124.0000000000        0.0000000000        0.0000000000
      125.0000000000        0.0000000000        0.0000000000
      126.0000000000        0.0000000000        0.0000000000
      127.0000000000        0.0000000000        0.0000000000
      128.0000000000        0.0000000000        0.0000000000
      129.0000000000        0.0000000000        0.0000000000
      130.0000000000        0.0000000000        0.0000000000
      131.0000000000        0.0000000000        0.0000000000
      132.0000000000        0.0000000000        0.0000000000
      133.0000000000        0.0000000000        0.0000000000
      134.0000000000        0.0000000000        0.0000000000
      135.0000000000        0.0000000000        0.0000000000
      136.0000000000        0.0000000000        0.0000000000
      137.0000000000        0.0000000000        0.0000000000
      138.0000000000        0.0000000000        0.0000000000
      139.0000000000        0.0000000000        0.0000000000
      140.0000000000        0.0000000000        0.0000000000
      141.0000000000        0.0000000000        0.0000000000
      142.0000000000        0.0000000000        0.0000000000
      143.0000000000        0.0000000000        0.0000000000
      144.0000000000        0.0000000000        0.0000000000
      145.0000000000        0.0000000000        0.0000000000
      146.0000000000        0.0000000000        0.0000000000
      147.0000000000        0.0000000000        0.0000000000
      148.0000000000        0.0000000000        0.0000000000
      149.0000000000        0.0000000000        0.0000000000
      150.0000000000        0.0000000000        0.0000000000
      151.0000000000        0.0000000000        0.0000000000
      152.0000000000        0.0000000000        0.0000000000
      153.0000000000        0.0000000000        0.0000000000
      154.0000000000        0.0000000000        0.0000000000
      155.0000000000        0.0000000000        0.0000000000
      156.0000000000        0.0000000000        0.0000000000
      157.0000000000        0.0000000000        0.0000000000
      158.0000000000        0.0000000000        0.0000000000
      159.0000000000        0.0000000000        0.0000000000
      160.0000000000        0.0000000000        0.0000000000
      161.0000000000        0.0000000000        0.0000000000
      162.0000000000        0.0000000000        0.0000000000
      163.0000000000        0.0000000000        0.0000000000
      164.0000000000        0.0000000000        0.0000000000
      165.0000000000        0.0000000000        0.0000000000
      166.0000000000        0.0000000000        0.0000000000
      167.0000000000        0.0000000000        0.0000000000
      168.0000000000        0.0000000000        0.0000000000
      169.0000000000        0.0000000000        0.0000000000
      170.0000000000        0.0000000000        0.0000000000
      171.0000000000        0.0000000000        0.0000000000
      172.0000000000        0.0000000000        0.0000000000
      173.0000000000        0.0000000000        0.0000000000
      174.0000000000        0.0000000000        0.0000000000
      175.0000000000        0.0000000000        0.0000000000
      176.0000000000        0.0000000000        0.0000000000
      177.0000000000        0.0000000000        0.0000000000
      178.0000000000        0.0000000000        0.0000000000
      179.0000000000        0.0000000000        0.0000000000
      180.0000000000        0.0000000000        0.0000000000
      181.0000000000        0.0000000000        0.0000000000
      182.0000000000        0.0000000000        0.0000000000
      183.0000000000        0.0000000000        0.0000000000
      184.0000000000        0.0000000000        0.0000000000
      185.0000000000        0.0000000000        0.0000000000
      186.0000000000        0.0000000000        0.0000000000
      187.0000000000        0.0000000000        0.0000000000
      188.0000000000        0.0000000000        0.0000000000
      189.0000000000        0.0000000000        0.0000000000
      190.0000000000        0.0000000000        0.0000000000
      191.0000000000        0.0000000000        0.0000000000
      192.0000000000        0.0000000000        0.0000000000
      193.0000000000        0.0000000000        0.0000000000
      194.0000000000        0.0000000000        0.0000000000
      195.0000000000        0.0000000000        0.0000000000
      196.0000000000        0.0000000000        0.0000000000
      197.0000000000        0.0000000000        0.0000000000
      198.0000000000        0.0000000000        0.0000000000
      199.0000000000        0.0000000000        0.0000000000
      200.0000000000        0.0000000000        0.0000000000
      201.0000000000        0.0000000000        0.0000000000
      202.0000000000        0.0000000000        0.0000000000
      203.0000000000        0.0000000000        0.0000000000
      204.0000000000        0.0000000000        0.0000000000
      205.0000000000        0.0000000000        0.0000000000
      206.0000000000        0.0000000000        0.0000000000
      207.0000000000        0.0000000000        0.0000000000
      208.0000000000        0.0000000000        0.0000000000
      209.0000000000        0.0000000000        0.0000000000
      210.0000000000        0.0000000000        0.0000000000
      211.0000000000        0.0000000000        0.0000000000
      212.0000000000        0.0000000000        0.0000000000
      213.0000000000        0.0000000000        0.0000000000
      214.0000000000        0.0000000000        0.0000000000
      215.0000000000        0.0000000000        0.0000000000
      216.0000000000        0.0000000000        0.0000000000
      217.0000000000        0.0000000000        0.0000000000
      218.0000000000        0.0000000000        0.0000000000
      219.0000000000        0.0000000000        0.0000000000
      220.0000000000        0.0000000000        0.0000000000
      221.0000000000        0.0000000000        0.0000000000
      222.0000000000        0.0000000000        0.0000000000
      223.0000000000        0.0000000000        0.0000000000
      224.0000000000        0.0000000000        0.0000000000
      225.0000000000        0.0000000000        0.0000000000
      226.0000000000        0.0000000000        0.0000000000
      227.0000000000        0.0000000000        0.0000000000
      228.0000000000        0.0000000000        0.0000000000
      229.0000000000        0.0000000000        0.0000000000
      230.0000000000        0.0000000000        0.0000000000
      231.0000000000        0.0000000000        0.0000000000
      232.0000000000        0.0000000000        0.0000000000
      233.0000000000        0.0000000000        0.0000000000
      234.0000000000        0.0000000000        0.0000000000
      235.0000000000        0.0000000000        0.0000000000
      236.0000000000        0.0000000000        0.0000000000
      237.0000000000        0.0000000000        0.0000000000
      238.0000000000        0.0000000000        0.0000000000
      239.0000000000        0.0000000000        0.0000000000
      240.0000000000        0.0000000000        0.0000000000
      241.0000000000        0.0000000000        0.0000000000
      242.0000000000        0.0000000000        0.0000000000
      243.0000000000        0.0000000000        0.0000000000
      244.0000000000        0.0000000000        0.0000000000
      245.0000000000        0.0000000000        0.0000000000
      246.0000000000        0.0000000000        0.0000000000
      247.0000000000        0.0000000000        0.0000000000
      248.0000000000        0.0000000000        0.0000000000
      249.0000000000        0.0000000000        0.0000000000
      250.0000000000        0.0000000000        0.0000000000
      251.0000000000        0.0000000000        0.0000000000
      252.0000000000        0.0000000000        0.0000000000
      253.0000000000        0.0000000000        0.0000000000
      254.0000000000        0.0000000000        0.0000000000
      255.0000000000        0.0000000000        0.0000000000
      256.0000000000        0.0000000000        0.0000000000
      257.0000000000        0.0000000000        0.0000000000
      258.0000000000        0.0000000000        0.0000000000
      259.0000000000        0.0000000000        0.0000000000
      260.0000000000        0.0000000000        0.0000000000
      261.0000000000        0.0000000000        0.0000000000
      262.0000000000        0.0000000000        0.0000000000
      263.0000000000        0.0000000000        0.0000000000
      264.0000000000        0.0000000000        0.0000000000
      265.0000000000        0.0000000000        0.0000000000
      266.0000000000        0.0000000000        0.0000000000
      267.0000000000        0.0000000000        0.0000000000
      268.0000000000        0.0000000000        0.0000000000
      269.0000000000        0.0000000000        0.0000000000
      270.0000000000        0.0000000000        0.0000000000
      271.0000000000        0.0000000000        0.0000000000
      272.0000000000        0.0000000000        0.0000000000
      273.0000000000        0.0000000000        0.0000000000
      274.0000000000        0.0000000000        0.0000000000
      275.0000000000        0.0000000000        0.0000000000
      276.0000000000        0.0000000000        0.0000000000
      277.0000000000        0.0000000000        0.0000000000
      278.0000000000        0.0000000000        0.0000000000
      279.0000000000        0.0000000000        0.0000000000
      280.0000000000        0.0000000000        0.0000000000
      281.0000000000        0.0000000000        0.0000000000
      282.0000000000        0.0000000000        0.0000000000
      283.0000000000        0.0000000000        0.0000000000
      284.0000000000        0.0000000000        0.0000000000
      285.0000000000        0.0000000000        0.0000000000
      286.0000000000        0.0000000000        0.0000000000
      287.0000000000        0.0000000000        0.0000000000
      288.0000000000        0.0000000000        0.0000000000
      289.0000000000        0.0000000000        0.0000000000
      290.0000000000        0.0000000000        0.0000000000
      291.0000000000        0.0000000000        0.0000000000
      292.0000000000        0.0000000000        0.0000000000
      293.0000000000        0.0000000000        0.0000000000
      294.0000000000        0.0000000000        0.0000000000
      295.0000000000        0.0000000000        0.0000000000
      296.0000000000        0.0000000000        0.0000000000
      297.0000000000        0.0000000000        0.0000000000
      298.0000000000        0.0000000000        0.0000000000
      299.0000000000        0.0000000000        0.0000000000
      300.0000000000        0.0000000000        0.0000000000
      301.0000000000        0.0000000000        0.0000000000
      302.0000000000        0.0000000000        0.0000000000
      303.0000000000        0.0000000000        0.0000000000
      304.0000000000        0.0000000000        0.0000000000
      305.0000000000        0.0000000000        0.0000000000
      306.0000000000        0.0000000000        0.0000000000
      307.0000000000        0.0000000000        0.0000000000
      308.0000000000        0.0000000000        0.0000000000
      309.0000000000        0.0000000000        0.0000000000
      310.0000000000        0.0000000000        0.0000000000
      311.0000000000        0.0000000000        0.0000000000
      312.0000000000        0.0000000000        0.0000000000
      313.0000000000        0.0000000000        0.0000000000
      314.0000000000        0.0000000000        0.0000000000
      315.0000000000        0.0000000000        0.0000000000
      316.0000000000        0.0000000000        0.0000000000
      317.0000000000        0.0000000000        0.0000000000
      318.0000000000        0.0000000000        0.0000000000
      319.0000000000        0.0000000000        0.0000000000
      320.0000000000        0.0000000000        0.0000000000
      321.0000000000        0.0000000000        0.0000000000
      322.0000000000        0.0000000000        0.0000000000
      323.0000000000        0.0000000000        0.0000000000
      324.0000000000        0.0000000000        0.0000000000
      325.0000000000        0.0000000000        0.0000000000
      326.0000000000        0.0000000000        0.0000000000
      327.0000000000        0.0000000000        0.0000000000
      328.0000000000        0.0000000000        0.0000000000
      329.0000000000        0.0000000000        0.0000000000
      330.0000000000        0.0000000000        0.0000000000
      331.0000000000        0.0000000000        0.0000000000
      332.0000000000        0.0000000000        0.0000000000
      333.0000000000        0.0000000000        0.0000000000
      334.0000000000        0.0000000000        0.0000000000
      335.0000000000        0.0000000000        0.0000000000
      336.0000000000        0.0000000000        0.0000000000
      337.0000000000        0.0000000000        0.0000000000
      338.0000000000        0.0000000000        0.0000000000
      339.0000000000        0.0000000000        0.0000000000
      340.0000000000        0.0000000000        0.0000000000
      341.0000000000        0.0000000000        0.0000000000
      342.0000000000        0.0000000000        0.0000000000
      343.0000000000        0.0000000000        0.0000000000
      344.0000000000        0.0000000000        0.0000000000
      345.0000000000        0.0000000000        0.0000000000
      346.0000000000        0.0000000000        0.0000000000
      347.0000000000        0.0000000000        0.0000000000
      348.0000000000        0.0000000000        0.0000000000
      349.0000000000        0.0000000000        0.0000000000
      350.0000000000        0.0000000000        0.0000000000
      351.0000000000        0.0000000000        0.0000000000
      352.0000000000        0.0000000000        0.0000000000
      353.0000000000        0.0000000000        0.0000000000
      354.0000000000        0.0000000000        0.0000000000
      355.0000000000        0.0000000000        0.0000000000
      356.0000000000        0.0000000000        0.0000000000
      357.0000000000        0.0000000000        0.0000000000
      358.0000000000        0.0000000000        0.0000000000
      359.0000000000        0.0000000000        0.0000000000
      360.0000000000        0.0000000000        0.0000000000
      361.0000000000        0.0000000000        0.0000000000
      362.0000000000        0.0000000000        0.0000000000
      363.0000000000        0.0000000000        0.0000000000
      364.0000000000        0.0000000000        0.0000000000
      365.0000000000        0.0000000000        0.0000000000
      366.0000000000        0.0000000000        0.0000000000
      367.0000000000        0.0000000000        0.0000000000
      368.0000000000        0.0000000000        0.0000000000
      369.0000000000        0.0000000000        0.0000000000
      370.0000000000        0.0000000000        0.0000000000
      371.0000000000        0.0000000000        0.0000000000
      372.0000000000        0.0000000000        0.0000000000
      373.0000000000        0.0000000000        0.0000000000
      374.0000000000        0.0000000000        0.0000000000
      375.0000000000        0.0000000000        0.0000000000
      376.0000000000        0.0000000000        0.0000000000
      377.0000000000        0.0000000000        0.0000000000
      378.0000000000        0.0000000000        0.0000000000
      379.0000000000        0.0000000000        0.0000000000
      380.0000000000        0.0000000000        0.0000000000
      381.0000000000        0.0000000000        0.0000000000
      382.0000000000        0.0000000000        0.0000000000
      383.0000000000        0.0000000000        0.0000000000
      384.0000000000        0.0000000000        0.0000000000
      385.0000000000        0.0000000000        0.0000000000
      386.0000000000        0.0000000000        0.0000000000
      387.0000000000        0.0000000000        0.0000000000
      388.0000000000        0.0000000000        0.0000000000
      389.0000000000        0.0000000000        0.0000000000
      390.0000000000        0.0000000000        0.0000000000
      391.0000000000        0.0000000000        0.0000000000
      392.0000000000        0.0000000000        0.0000000000
      393.0000000000        0.0000000000        0.0000000000
      394.0000000000        0.0000000000        0.0000000000
      395.0000000000        0.0000000000        0.0000000000
      396.0000000000        0.0000000000        0.0000000000
      397.0000000000        0.0000000000        0.0000000000
      398.0000000000        0.0000000000        0.0000000000
      399.0000000000        0.0000000000        0.0000000000
      400.0000000000        0.0000000000        0.0000000000
      401.0000000000        0.0000000000        0.0000000000
      402.0000000000        0.0000000000        0.0000000000
      403.0000000000        0.0000000000        0.0000000000
      404.0000000000        0.0000000000        0.0000000000
      405.0000000000        0.0000000000        0.0000000000
      406.0000000000        0.0000000000        0.0000000000
      407.0000000000        0.0000000000        0.0000000000
      408.0000000000        0.0000000000        0.0000000000
      409.0000000000        0.0170483105        0.0002130727
      410.0000000000        0.0172633968        0.0002171168
      411.0000000000        0.0174825784        0.0002212638
      412.0000000000        0.0177059599        0.0002255172
      413.0000000000        0.0179336493        0.0002298802
      414.0000000000        0.0181657581        0.0002343565
      415.0000000000        0.0184024014        0.0002389498
      416.0000000000        0.0186436980        0.0002436638
      417.0000000000        0.0188897707        0.0002485027
      418.0000000000        0.0191407463        0.0002534704
      419.0000000000        0.0193967560        0.0002585715
      420.0000000000        0.0196579352        0.0002638103
      421.0000000000        0.0199244241        0.0002691916
      422.0000000000        0.0201963674        0.0002747201
      423.0000000000        0.0204739151        0.0002804011
      424.0000000000        0.0207572222        0.0002862398
      425.0000000000        0.0210464491        0.0002922416
      426.0000000000        0.0213417618        0.0002984124
      427.0000000000        0.0216433322        0.0003047581
      428.0000000000        0.0219513384        0.0003112850
      429.0000000000        0.0222659647        0.0003179995
      430.0000000000        0.0225874022        0.0003249084
      431.0000000000        0.0229158488        0.0003320189
      432.0000000000        0.0232515097        0.0003393384
      433.0000000000        0.0235945978        0.0003468745
      434.0000000000        0.0239453336        0.0003546354
      435.0000000000        0.0243039463        0.0003626294
      436.0000000000        0.0246706732        0.0003708655
      437.0000000000        0.0250457610        0.0003793528
      438.0000000000        0.0254294658        0.0003881010
      439.0000000000        0.0258220533        0.0003971202
      440.0000000000        0.0262238000        0.0004064209
      441.0000000000        0.0266349926        0.0004160142
      442.0000000000        0.0270559298        0.0004259118
      443.0000000000        0.0274869216        0.0004361257
      444.0000000000        0.0279282908        0.0004466687
      445.0000000000        0.0283803732        0.0004575542
      446.0000000000        0.0288435180        0.0004687961
      447.0000000000        0.0293180892        0.0004804093
      448.0000000000        0.0298044655        0.0004924091
      449.0000000000        0.0303030416        0.0005048117
      450.0000000000        0.0308142288        0.0005176342
      451.0000000000        0.0313384558        0.0005308945
      452.0000000000        0.0318761699        0.0005446114
      453.0000000000        0.0324278374        0.0005588048
      454.0000000000        0.0329939451        0.0005734954
      455.0000000000        0.0335750014        0.0005887054
      456.0000000000        0.0341715368        0.0006044578
      457.0000000000        0.0347841058        0.0006207770
      458.0000000000        0.0354132882        0.0006376887
      459.0000000000        0.0360596897        0.0006552200
      460.0000000000        0.0367239442        0.0006733996
      461.0000000000        0.0374067150        0.0006922577
      462.0000000000        0.0381086963        0.0007118262
      463.0000000000        0.0388306154        0.0007321389
      464.0000000000        0.0395732340        0.0007532315
      465.0000000000        0.0403373508        0.0007751417
      466.0000000000        0.0411238033        0.0007979096
      467.0000000000        0.0419334700        0.0008215775
      468.0000000000        0.0427672731        0.0008461902
      469.0000000000        0.0436261812        0.0008717955
      470.0000000000        0.0445112117        0.0008984437
      471.0000000000        0.0454234342        0.0009261886
      472.0000000000        0.0463639734        0.0009550870
      473.0000000000        0.0473340129        0.0009851996
      474.0000000000        0.0483347987        0.0010165907
      475.0000000000        0.0493676432        0.0010493288
      476.0000000000        0.0504339297        0.0010834870
      477.0000000000        0.0515351165        0.0011191431
      478.0000000000        0.0526727427        0.0011563799
      479.0000000000        0.0538484327        0.0011952861
      480.0000000000        0.0550639028        0.0012359561
      481.0000000000        0.0563209665        0.0012784910
      482.0000000000        0.0576215424        0.0013229989
      483.0000000000        0.0589676604        0.0013695953
      484.0000000000        0.0603614704        0.0014184042
      485.0000000000        0.0618052504        0.0014695583
      486.0000000000        0.0633014161        0.0015232001
      487.0000000000        0.0648525307        0.0015794826
      488.0000000000        0.0664613161        0.0016385700
      489.0000000000        0.0681306645        0.0017006393
      490.0000000000        0.0698636519        0.0017658807
      491.0000000000        0.0716635515        0.0018344993
      492.0000000000        0.0735338498        0.0019067163
      493.0000000000        0.0754782631        0.0019827705
      494.0000000000        0.0775007557        0.0020629199
      495.0000000000        0.0796055607        0.0021474435
      496.0000000000        0.0817972013        0.0022366437
      497.0000000000        0.0840805158        0.0023308480
      498.0000000000        0.0864606836        0.0024304119
      499.0000000000        0.0889432546        0.0025357217
      500.0000000000        0.0915341818        0.0026471973
      501.0000000000        0.0942398565        0.0027652962
      502.0000000000        0.0970671477        0.0028905171
      503.0000000000        0.1000234456        0.0030234043
      504.0000000000        0.1031167095        0.0031645529
      505.0000000000        0.1063555215        0.0033146140
      506.0000000000        0.1097491455        0.0034743014
      507.0000000000        0.1133075933        0.0036443983
      508.0000000000        0.1170416980        0.0038257657
      509.0000000000        0.1209631963        0.0040193513
      510.0000000000        0.1250848203        0.0042261998
      511.0000000000        0.1294204001        0.0044474649
      512.0000000000        0.1339849795        0.0046844226
      513.0000000000        0.1387949458        0.0049384866
      514.0000000000        0.1438681759        0.0052112259
      515.0000000000        0.1492242020        0.0055043851
      516.0000000000        0.1548843981        0.0058199076
      517.0000000000        0.1608721920        0.0061599628
      518.0000000000        0.1672133068        0.0065269769
      519.0000000000        0.1739360347        0.0069236690
      520.0000000000        0.1810715513        0.0073530935
      521.0000000000        0.1886542737        0.0078186888
      522.0000000000        0.1967222736        0.0083243351
      523.0000000000        0.2053177507        0.0088744213
      524.0000000000        0.2144875810        0.0094739248
      525.0000000000        0.2242839504        0.0101285052
      526.0000000000        0.2347650911        0.0108446156
      527.0000000000        0.2459961394        0.0116296352
      528.0000000000        0.2580501381        0.0124920269
      529.0000000000        0.2710092130        0.0134415280
      530.0000000000        0.2849659574        0.0144893780
      531.0000000000        0.3000250681        0.0156485955
      532.0000000000        0.3163052873        0.0169343136
      533.0000000000        0.3339417148        0.0183641906
      534.0000000000        0.3530885763        0.0199589120
      535.0000000000        0.3739225492        0.0217428113
      536.0000000000        0.3966467820        0.0237446384
      537.0000000000        0.4214957708        0.0259985180
      538.0000000000        0.4487413134        0.0285451519
      539.0000000000        0.4786998139        0.0314333354
      540.0000000000        0.5117413017        0.0347218849
      541.0000000000        0.5483006340        0.0384821036
      542.0000000000        0.5888915026        0.0428009580
      543.0000000000        0.6341240696        0.0477852044
      544.0000000000        0.6847273354        0.0535667910
      545.0000000000        0.7415777292        0.0603099919
      546.0000000000        0.8057359587        0.0682209143
      547.0000000000        0.8784949172        0.0775602901
      548.0000000000        0.9614425506        0.0886608613
      549.0000000000        1.0565451659        0.1019512605
      550.0000000000        1.1662589854        0.1179891808
      551.0000000000        1.2936811718        0.1375079865
      552.0000000000        1.4427566687        0.1614830008
      553.0000000000        1.6185649386        0.1912269387
      554.0000000000        1.8277224727        0.2285289867
      555.0000000000        2.0789550869        0.2758598686
      556.0000000000        2.3839219738        0.3366773274
      557.0000000000        2.7584163841        0.4158845358
      558.0000000000        3.2241322912        0.5205189614
      559.0000000000        3.8112780083        0.6607767693
      560.0000000000        4.5624292900        0.8514823797
      561.0000000000        5.5380839322        1.1139960700
      562.0000000000        6.8241525230        1.4779845167
      563.0000000000        8.5402269279        1.9804454900
      564.0000000000       10.8422755940        2.6531329697
      565.0000000000       13.8977095219        3.4737779883
      566.0000000000       17.7742596867        4.2337410884
      567.0000000000       22.1473871120        4.3248158095
      568.0000000000       25.8885860293        2.8370013536
      569.0000000000       27.2582371631       -0.2609019422
      570.0000000000       25.4263078355       -3.1906119514
      571.0000000000       21.4792234625       -4.3918046383
      572.0000000000       17.1326810679       -4.1397556475
      573.0000000000       13.3755228704       -3.3432792086
      574.0000000000       10.4446307871       -2.5387044320
      575.0000000000        8.2435744358       -1.8929746045
      576.0000000000        6.6026509178       -1.4142113954
      577.0000000000        5.3709694907       -1.0680386183
      578.0000000000        4.4345500653       -0.8182298751
      579.0000000000        3.7119248716       -0.6364516039
      580.0000000000        3.1457810631       -0.5024773280
      581.0000000000        2.6957503069       -0.4023064721
      582.0000000000        2.3331424732       -0.3263099898
      583.0000000000        2.0373120426       -0.2678341097
      584.0000000000        1.7931968708       -0.2222349543
      585.0000000000        1.5896538494       -0.1862311603
      586.0000000000        1.4183263043       -0.1574732284
      587.0000000000        1.2728653291       -0.1342562997
      588.0000000000        1.1483879787       -0.1153270703
      589.0000000000        1.0410954538       -0.0997526122
      590.0000000000        0.9480005778       -0.0868301934
      591.0000000000        0.8667308375       -0.0760245218
      592.0000000000        0.7953843134       -0.0669235355
      593.0000000000        0.7324230798       -0.0592068847
      594.0000000000        0.6765934649       -0.0526232008
      595.0000000000        0.6268657861       -0.0469735205
      596.0000000000        0.5823883564       -0.0420990705
      597.0000000000        0.5424520609       -0.0378721755
      598.0000000000        0.5064628345       -0.0341894249
      599.0000000000        0.4739201052       -0.0309664926
      600.0000000000        0.4443997779       -0.0281341744
      601.0000000000        0.4175407043       -0.0256353339
      602.0000000000        0.3930338515       -0.0234225291
      603.0000000000        0.3706135728       -0.0214561555
      604.0000000000        0.3500505311       -0.0197029830
      605.0000000000        0.3311459260       -0.0181349952
      606.0000000000        0.3137267613       -0.0167284632
      607.0000000000        0.2976419419       -0.0154632021
      608.0000000000        0.2827590411       -0.0143219707
      609.0000000000        0.2689616083       -0.0132899843
      610.0000000000        0.2561469187       -0.0123545170
      611.0000000000        0.2442240818       -0.0115045761
      612.0000000000        0.2331124475       -0.0107306334
      613.0000000000        0.2227402559       -0.0100244032
      614.0000000000        0.2130434895       -0.0093786579
      615.0000000000        0.2039648948       -0.0087870741
      616.0000000000        0.1954531444       -0.0082441033
      617.0000000000        0.1874621175       -0.0077448640
      618.0000000000        0.1799502802       -0.0072850499
      619.0000000000        0.1728801501       -0.0068608529
      620.0000000000        0.1662178317       -0.0064688967
      621.0000000000        0.1599326134       -0.0061061814
      622.0000000000        0.1539966157       -0.0057700352
      623.0000000000        0.1483844844       -0.0054580734
      624.0000000000        0.1430731208       -0.0051681634
      625.0000000000        0.1380414463       -0.0048983937
      626.0000000000        0.1332701940       -0.0046470481
      627.0000000000        0.1287417252       -0.0044125825
      628.0000000000        0.1244398675       -0.0041936056
      629.0000000000        0.1203497712       -0.0039888609
      630.0000000000        0.1164577815       -0.0037972124
      631.0000000000        0.1127513252       -0.0036176308
      632.0000000000        0.1092188097       -0.0034491824
      633.0000000000        0.1058495329       -0.0032910188
      634.0000000000        0.1026336021       -0.0031423677
      635.0000000000        0.0995618618       -0.0030025256
      636.0000000000        0.0966258293       -0.0028708501
      637.0000000000        0.0938176355       -0.0027467544
      638.0000000000        0.0911299733       -0.0026297015
      639.0000000000        0.0885560495       -0.0025191992
      640.0000000000        0.0860895423       -0.0024147960
      641.0000000000        0.0837245629       -0.0023160775
      642.0000000000        0.0814556200       -0.0022226621
      643.0000000000        0.0792775882       -0.0021341990
      644.0000000000        0.0771856794       -0.0020503645
      645.0000000000        0.0751754162       -0.0019708601
      646.0000000000        0.0732426081       -0.0018954100
      647.0000000000        0.0713833300       -0.0018237593
      648.0000000000        0.0695939020       -0.0017556720
      649.0000000000        0.0678708713       -0.0016909294
      650.0000000000        0.0662109959       -0.0016293290
      651.0000000000        0.0646112289       -0.0015706824
      652.0000000000        0.0630687049       -0.0015148148
      653.0000000000        0.0615807272       -0.0014615638
      654.0000000000        0.0601447557       -0.0014107780
      655.0000000000        0.0587583966       -0.0013623164
      656.0000000000        0.0574193920       -0.0013160478
      657.0000000000        0.0561256110       -0.0012718495
      658.0000000000        0.0548750412       -0.0012296071
      659.0000000000        0.0536657806       -0.0011892137
      660.0000000000        0.0524960309       -0.0011505692
      661.0000000000        0.0513640904       -0.0011135802
      662.0000000000        0.0502683480       -0.0010781588
      663.0000000000        0.0492072776       -0.0010442231
      664.0000000000        0.0481794323       -0.0010116959
      665.0000000000        0.0471834403       -0.0009805051
      666.0000000000        0.0462179994       -0.0009505826
      667.0000000000        0.0452818736       -0.0009218647
      668.0000000000        0.0443738885       -0.0008942915
      669.0000000000        0.0434929280       -0.0008678064
      670.0000000000        0.0426379308       -0.0008423564
      671.0000000000        0.0418078869       -0.0008178914
      672.0000000000        0.0410018354       -0.0007943643
      673.0000000000        0.0402188607       -0.0007717304
      674.0000000000        0.0394580907       -0.0007499480
      675.0000000000        0.0387186941       -0.0007289773
      676.0000000000        0.0379998780       -0.0007087809
      677.0000000000        0.0373008861       -0.0006893233
      678.0000000000        0.0366209962       -0.0006705712
      679.0000000000        0.0359595191       -0.0006524929
      680.0000000000        0.0353157959       -0.0006350583
      681.0000000000        0.0346891974       -0.0006182391
      682.0000000000        0.0340791216       -0.0006020084
      683.0000000000        0.0334849930       -0.0005863407
      684.0000000000        0.0329062607       -0.0005712117
      685.0000000000        0.0323423976       -0.0005565986
      686.0000000000        0.0317928989       -0.0005424795
      687.0000000000        0.0312572808       -0.0005288338
      688.0000000000        0.0307350800       -0.0005156418
      689.0000000000        0.0302258521       -0.0005028848
      690.0000000000        0.0297291713       -0.0004905450
      691.0000000000        0.0292446288       -0.0004786055
      692.0000000000        0.0287718323       -0.0004670502
      693.0000000000        0.0283104055       -0.0004558638
      694.0000000000        0.0278599867       -0.0004450316
      695.0000000000        0.0274202287       -0.0004345399
      696.0000000000        0.0269907979       -0.0004243752
      697.0000000000        0.0265713734       -0.0004145251
      698.0000000000        0.0261616469       -0.0004049773
      699.0000000000        0.0257613218       -0.0003957204
      700.0000000000        0.0253701128       -0.0003867435
      701.0000000000        0.0249877451       -0.0003780359
      702.0000000000        0.0246139546       -0.0003695877
      703.0000000000        0.0242484865       -0.0003613893
      704.0000000000        0.0238910958       -0.0003534315
      705.0000000000        0.0235415462       -0.0003457056
      706.0000000000        0.0231996101       -0.0003382032
      707.0000000000        0.0228650680       -0.0003309162
      708.0000000000        0.0225377083       -0.0003238371
      709.0000000000        0.0222173270       -0.0003169584
      710.0000000000        0.0219037271       -0.0003102730
      711.0000000000        0.0215967187       -0.0003037744
      712.0000000000        0.0212961184       -0.0002974559
      713.0000000000        0.0210017490       -0.0002913113
      714.0000000000        0.0207134397       -0.0002853349
      715.0000000000        0.0204310252       -0.0002795207
      716.0000000000        0.0201543460       -0.0002738634
      717.0000000000        0.0198832478       -0.0002683577
      718.0000000000        0.0196175817       -0.0002629986
      719.0000000000        0.0193572034       -0.0002577812
      720.0000000000        0.0191019736       -0.0002527008
      721.0000000000        0.0188517575       -0.0002477531
      722.0000000000        0.0186064247       -0.0002429337
      723.0000000000        0.0183658488       -0.0002382384
      724.0000000000        0.0181299079       -0.0002336633
      725.0000000000        0.0178984835       -0.0002292046
      726.0000000000        0.0176714611       -0.0002248586
      727.0000000000        0.0174487300       -0.0002206217
      728.0000000000        0.0172301825       -0.0002164906
      729.0000000000        0.0000000000        0.0000000000
      730.0000000000        0.0000000000        0.0000000000
      731.0000000000        0.0000000000        0.0000000000
      732.0000000000        0.0000000000        0.0000000000
      733.0000000000        0.0000000000        0.0000000000
      734.0000000000        0.0000000000        0.0000000000
      735.0000000000        0.0000000000        0.0000000000
      736.0000000000        0.0000000000        0.0000000000
      737.0000000000        0.0000000000        0.0000000000
      738.0000000000        0.0000000000        0.0000000000
      739.0000000000        0.0000000000        0.0000000000
      740.0000000000        0.0000000000        0.0000000000
      741.0000000000        0.0000000000        0.0000000000
      742.0000000000        0.0000000000        0.0000000000
      743.0000000000        0.0000000000        0.0000000000
      744.0000000000        0.0000000000        0.0000000000
      745.0000000000        0.0000000000        0.0000000000
      746.0000000000        0.0000000000        0.0000000000
      747.0000000000        0.0000000000        0.0000000000
      748.0000000000        0.0000000000        0.0000000000
      749.0000000000        0.0000000000        0.0000000000
      750.0000000000        0.0000000000        0.0000000000
      751.0000000000        0.0000000000        0.0000000000
      752.0000000000        0.0000000000        0.0000000000
      753.0000000000        0.0000000000        0.0000000000
      754.0000000000        0.0000000000        0.0000000000
      755.0000000000        0.0000000000        0.0000000000
      756.0000000000        0.0000000000        0.0000000000
      757.0000000000        0.0000000000        0.0000000000
      758.0000000000        0.0000000000        0.0000000000
      759.0000000000        0.0000000000        0.0000000000
      760.0000000000        0.0000000000        0.0000000000
      761.0000000000        0.0000000000        0.0000000000
      762.0000000000        0.0000000000        0.0000000000
      763.0000000000        0.0000000000        0.0000000000
      764.0000000000        0.0000000000        0.0000000000
      765.0000000000        0.0000000000        0.0000000000
      766.0000000000        0.0000000000        0.0000000000
      767.0000000000        0.0000000000        0.0000000000
      768.0000000000        0.0000000000        0.0000000000
      769.0000000000        0.0000000000        0.0000000000
      770.0000000000        0.0000000000        0.0000000000
      771.0000000000        0.0000000000        0.0000000000
      772.0000000000        0.0000000000        0.0000000000
      773.0000000000        0.0000000000        0.0000000000
      774.0000000000        0.0000000000        0.0000000000
      775.0000000000        0.0000000000        0.0000000000
      776.0000000000        0.0000000000        0.0000000000
      777.0000000000        0.0000000000        0.0000000000
      778.0000000000        0.0000000000        0.0000000000
      779.0000000000        0.0000000000        0.0000000000
      780.0000000000        0.0000000000        0.0000000000
      781.0000000000        0.0000000000        0.0000000000
      782.0000000000        0.0000000000        0.0000000000
      783.0000000000        0.0000000000        0.0000000000
      784.0000000000        0.0000000000        0.0000000000
      785.0000000000        0.0000000000        0.0000000000
      786.0000000000        0.0000000000        0.0000000000
      787.0000000000        0.0000000000        0.0000000000
      788.0000000000        0.0000000000        0.0000000000
      789.0000000000        0.0000000000        0.0000000000
      790.0000000000        0.0000000000        0.0000000000
      791.0000000000        0.0000000000        0.0000000000
      792.0000000000        0.0000000000        0.0000000000
      793.0000000000        0.0000000000        0.0000000000
      794.0000000000        0.0000000000        0.0000000000
      795.0000000000        0.0000000000        0.0000000000
      796.0000000000        0.0000000000        0.0000000000
      797.0000000000        0.0000000000        0.0000000000
      798.0000000000        0.0000000000        0.0000000000
      799.0000000000        0.0000000000        0.0000000000
      800.0000000000        0.0000000000        0.0000000000
      801.0000000000        0.0000000000        0.0000000000
      802.0000000000        0.0000000000        0.0000000000
      803.0000000000        0.0000000000        0.0000000000
      804.0000000000        0.0000000000        0.0000000000
      805.0000000000        0.0000000000        0.0000000000
      806.0000000000        0.0000000000        0.0000000000
      807.0000000000        0.0000000000        0.0000000000
      808.0000000000        0.0000000000        0.0000000000
      809.0000000000        0.0000000000        0.0000000000
      810.0000000000        0.0000000000        0.0000000000
      811.0000000000        0.0000000000        0.0000000000
      812.0000000000        0.0000000000        0.0000000000
      813.0000000000        0.0000000000        0.0000000000
      814.0000000000        0.0000000000        0.0000000000
      815.0000000000        0.0000000000        0.0000000000
      816.0000000000        0.0000000000        0.0000000000
      817.0000000000        0.0000000000        0.0000000000
      818.0000000000        0.0000000000        0.0000000000
      819.0000000000        0.0000000000        0.0000000000
      820.0000000000        0.0000000000        0.0000000000
      821.0000000000        0.0000000000        0.0000000000
      822.0000000000        0.0000000000        0.0000000000
      823.0000000000        0.0000000000        0.0000000000
      824.0000000000        0.0000000000        0.0000000000
      825.0000000000        0.0000000000        0.0000000000
      826.0000000000        0.0000000000        0.0000000000
      827.0000000000        0.0000000000        0.0000000000
      828.0000000000        0.0000000000        0.0000000000
      829.0000000000        0.0000000000        0.0000000000
      830.0000000000        0.0000000000        0.0000000000
      831.0000000000        0.0000000000        0.0000000000
      832.0000000000        0.0000000000        0.0000000000
      833.0000000000        0.0000000000        0.0000000000
      834.0000000000        0.0000000000        0.0000000000
      835.0000000000        0.0000000000        0.0000000000
      836.0000000000        0.0000000000        0.0000000000
      837.0000000000        0.0000000000        0.0000000000
      838.0000000000        0.0000000000        0.0000000000
      839.0000000000        0.0000000000        0.0000000000
      840.0000000000        0.0000000000        0.0000000000
      841.0000000000        0.0000000000        0.0000000000
      842.0000000000        0.0000000000        0.0000000000
      843.0000000000        0.0000000000        0.0000000000
      844.0000000000        0.0000000000        0.0000000000
      845.0000000000        0.0000000000        0.0000000000
      846.0000000000        0.0000000000        0.0000000000
      847.0000000000        0.0000000000        0.0000000000
      848.0000000000        0.0000000000        0.0000000000
      849.0000000000        0.0000000000        0.0000000000
      850.0000000000        0.0000000000        0.0000000000
      851.0000000000        0.0000000000        0.0000000000
      852.0000000000        0.0000000000        0.0000000000
      853.0000000000        0.0000000000        0.0000000000
      854.0000000000        0.0000000000        0.0000000000
      855.0000000000        0.0000000000        0.0000000000
      856.0000000000        0.0000000000        0.0000000000
      857.0000000000        0.0000000000        0.0000000000
      858.0000000000        0.0000000000        0.0000000000
      859.0000000000        0.0000000000        0.0000000000
      860.0000000000        0.0000000000        0.0000000000
      861.0000000000        0.0000000000        0.0000000000
      862.0000000000        0.0000000000        0.0000000000
      863.0000000000        0.0000000000        0.0000000000
      864.0000000000        0.0000000000        0.0000000000
      865.0000000000        0.0000000000        0.0000000000
      866.0000000000        0.0000000000        0.0000000000
      867.0000000000        0.0000000000        0.0000000000
      868.0000000000        0.0000000000        0.0000000000
      869.0000000000        0.0000000000        0.0000000000
      870.0000000000        0.0000000000        0.0000000000
      871.0000000000        0.0000000000        0.0000000000
      872.0000000000        0.0000000000        0.0000000000
      873.0000000000        0.0000000000        0.0000000000
      874.0000000000        0.0000000000        0.0000000000
      875.0000000000        0.0000000000        0.0000000000
      876.0000000000        0.0000000000        0.0000000000
      877.0000000000        0.0000000000        0.0000000000
      878.0000000000        0.0000000000        0.0000000000
      879.0000000000        0.0000000000        0.0000000000
      880.0000000000        0.0000000000        0.0000000000
      881.0000000000        0.0000000000        0.0000000000
      882.0000000000        0.0000000000        0.0000000000
      883.0000000000        0.0000000000        0.0000000000
      884.0000000000        0.0000000000        0.0000000000
      885.0000000000        0.0000000000        0.0000000000
      886.0000000000        0.0000000000        0.0000000000
      887.0000000000        0.0000000000        0.0000000000
      888.0000000000        0.0000000000        0.0000000000
      889.0000000000        0.0000000000        0.0000000000
      890.0000000000        0.0000000000        0.0000000000
      891.0000000000        0.0000000000        0.0000000000
      892.0000000000        0.0000000000        0.0000000000
      893.0000000000        0.0000000000        0.0000000000
      894.0000000000        0.0000000000        0.0000000000
      895.0000000000        0.0000000000        0.0000000000
      896.0000000000        0.0000000000        0.0000000000
      897.0000000000        0.0000000000        0.0000000000
      898.0000000000        0.0000000000        0.0000000000
      899.0000000000        0.0000000000        0.0000000000
      900.0000000000        0.0000000000        0.0000000000
      901.0000000000        0.0000000000        0.0000000000
      902.0000000000        0.0000000000        0.0000000000
      903.0000000000        0.0000000000        0.0000000000
      904.0000000000        0.0000000000        0.0000000000
      905.0000000000        0.0000000000        0.0000000000
      906.0000000000        0.0000000000        0.0000000000
      907.0000000000        0.0000000000        0.0000000000
      908.0000000000        0.0000000000        0.0000000000
      909.0000000000        0.0000000000        0.0000000000
      910.0000000000        0.0000000000        0.0000000000
      911.0000000000        0.0000000000        0.0000000000
      912.0000000000        0.0000000000        0.0000000000
      913.0000000000        0.0000000000        0.0000000000
      914.0000000000        0.0000000000        0.0000000000
      915.0000000000        0.0000000000        0.0000000000
      916.0000000000        0.0000000000        0.0000000000
      917.0000000000        0.0000000000        0.0000000000
      918.0000000000        0.0000000000        0.0000000000
      919.0000000000        0.0000000000        0.0000000000
      920.0000000000        0.0000000000        0.0000000000
      921.0000000000        0.0000000000        0.0000000000
      922.0000000000        0.0000000000        0.0000000000
      923.0000000000        0.0000000000        0.0000000000
      924.0000000000        0.0000000000        0.0000000000
      925.0000000000        0.0000000000        0.0000000000
      926.0000000000        0.0000000000        0.0000000000
      927.0000000000        0.0000000000        0.0000000000
      928.0000000000        0.0000000000        0.0000000000
      929.0000000000        0.0000000000        0.0000000000
      930.0000000000        0.0000000000        0.0000000000
      931.0000000000        0.0000000000        0.0000000000
      932.0000000000        0.0000000000        0.0000000000
      933.0000000000        0.0000000000        0.0000000000
      934.0000000000        0.0000000000        0.0000000000
      935.0000000000        0.0000000000        0.0000000000
      936.0000000000        0.0000000000        0.0000000000
      937.0000000000        0.0000000000        0.0000000000
      938.0000000000        0.0000000000        0.0000000000
      939.0000000000        0.0000000000        0.0000000000
      940.0000000000        0.0000000000        0.0000000000
      941.0000000000        0.0000000000        0.0000000000
      942.0000000000        0.0000000000        0.0000000000
      943.0000000000        0.0000000000        0.0000000000
      944.0000000000        0.0000000000        0.0000000000
      945.0000000000        0.0000000000        0.0000000000
      946.0000000000        0.0000000000        0.0000000000
      947.0000000000        0.0000000000        0.0000000000
      948.0000000000        0.0000000000        0.0000000000
      949.0000000000        0.0000000000        0.0000000000
      950.0000000000        0.0000000000        0.0000000000
      951.0000000000        0.0000000000        0.0000000000
      952.0000000000        0.0000000000        0.0000000000
      953.0000000000        0.0000000000        0.0000000000
      954.0000000000        0.0000000000        0.0000000000
      955.0000000000        0.0000000000        0.0000000000
      956.0000000000        0.0000000000        0.0000000000
      957.0000000000        0.0000000000        0.0000000000
      958.0000000000        0.0000000000        0.0000000000
      959.0000000000        0.0000000000        0.0000000000
      960.0000000000        0.0000000000        0.0000000000
      961.0000000000        0.0000000000        0.0000000000
      962.0000000000        0.0000000000        0.0000000000
      963.0000000000        0.0000000000        0.0000000000
      964.0000000000        0.0000000000        0.0000000000
      965.0000000000        0.0000000000        0.0000000000
      966.0000000000        0.0000000000        0.0000000000
      967.0000000000        0.0000000000        0.0000000000
      968.0000000000        0.0000000000        0.0000000000
      969.0000000000        0.0000000000        0.0000000000
      970.0000000000        0.0000000000        0.0000000000
      971.0000000000        0.0000000000        0.0000000000
      972.0000000000        0.0000000000        0.0000000000
      973.0000000000        0.0000000000        0.0000000000
      974.0000000000        0.0000000000        0.0000000000
      975.0000000000        0.0000000000        0.0000000000
      976.0000000000        0.0000000000        0.0000000000
      977.0000000000        0.0000000000        0.0000000000
      978.0000000000        0.0000000000        0.0000000000
      979.0000000000        0.0000000000        0.0000000000
      980.0000000000        0.0000000000        0.0000000000
      981.0000000000        0.0000000000        0.0000000000
      982.0000000000        0.0000000000        0.0000000000
      983.0000000000        0.0000000000        0.0000000000
      984.0000000000        0.0000000000        0.0000000000
      985.0000000000        0.0000000000        0.0000000000
      986.0000000000        0.0000000000        0.0000000000
      987.0000000000        0.0000000000        0.0000000000
      988.0000000000        0.0000000000        0.0000000000
      989.0000000000        0.0000000000        0.0000000000
      990.0000000000        0.0000000000        0.0000000000
      991.0000000000        0.0000000000        0.0000000000
      992.0000000000        0.0000000000        0.0000000000
      993.0000000000        0.0000000000        0.0000000000
      994.0000000000        0.0000000000        0.0000000000
      995.0000000000        0.0000000000        0.0000000000
      996.0000000000        0.0000000000        0.0000000000
      997.0000000000        0.0000000000        0.0000000000
      998.0000000000        0.0000000000        0.0000000000
      999.0000000000        0.0000000000        0.0000000000
     1000.0000000000        0.0000000000        0.0000000000
     1001.0000000000        0.0000000000        0.0000000000
     1002.0000000000        0.0000000000        0.0000000000
     1003.0000000000        0.0000000000        0.0000000000
     1004.0000000000        0.0000000000        0.0000000000
     1005.0000000000        0.0000000000        0.0000000000
     1006.0000000000        0.0000000000        0.0000000000
     1007.0000000000        0.0000000000        0.0000000000
     1008.0000000000        0.0000000000        0.0000000000
     1009.0000000000        0.0000000000        0.0000000000
     1010.0000000000        0.0000000000        0.0000000000
     1011.0000000000        0.0000000000        0.0000000000
     1012.0000000000        0.0000000000        0.0000000000
     1013.0000000000        0.0000000000        0.0000000000
     1014.0000000000        0.0000000000        0.0000000000
     1015.0000000000        0.0000000000        0.0000000000
     1016.0000000000        0.0000000000        0.0000000000
     1017.0000000000        0.0000000000        0.0000000000
     1018.0000000000        0.0000000000        0.0000000000
     1019.0000000000        0.0000000000        0.0000000000
     1020.0000000000        0.0000000000        0.0000000000
     1021.0000000000        0.0000000000        0.0000000000
     1022.0000000000        0.0000000000        0.0000000000
     1023.0000000000        0.0000000000        0.0000000000
     1024.0000000000        0.0000000000        0.0000000000
     1025.0000000000        0.0000000000        0.0000000000
     1026.0000000000        0.0000000000        0.0000000000
     1027.0000000000        0.0000000000        0.0000000000
     1028.0000000000        0.0000000000        0.0000000000
     1029.0000000000        0.0000000000        0.0000000000
     1030.0000000000        0.0000000000        0.0000000000
     1031.0000000000        0.0000000000        0.0000000000
     1032.0000000000        0.0000000000        0.0000000000
     1033.0000000000        0.0000000000        0.0000000000
     1034.0000000000        0.0000000000        0.0000000000
     1035.0000000000        0.0000000000        0.0000000000
     1036.0000000000        0.0000000000        0.0000000000
     1037.0000000000        0.0000000000        0.0000000000
     1038.0000000000        0.0000000000        0.0000000000
     1039.0000000000        0.0000000000        0.0000000000
     1040.0000000000        0.0000000000        0.0000000000
     1041.0000000000        0.0000000000        0.0000000000
     1042.0000000000        0.0000000000        0.0000000000
     1043.0000000000        0.0000000000        0.0000000000
     1044.0000000000        0.0000000000        0.0000000000
     1045.0000000000        0.0000000000        0.0000000000
     1046.0000000000        0.0000000000        0.0000000000
     1047.0000000000        0.0000000000        0.0000000000
     1048.0000000000        0.0000000000        0.0000000000
     1049.0000000000        0.0000000000        0.0000000000
     1050.0000000000        0.0000000000        0.0000000000
     1051.0000000000        0.0000000000        0.0000000000
     1052.0000000000        0.0000000000        0.0000000000
     1053.0000000000        0.0000000000        0.0000000000
     1054.0000000000        0.0000000000        0.0000000000
     1055.0000000000        0.0000000000        0.0000000000
     1056.0000000000        0.0000000000        0.0000000000
     1057.0000000000        0.0000000000        0.0000000000
     1058.0000000000        0.0000000000        0.0000000000
     1059.0000000000        0.0000000000        0.0000000000
     1060.0000000000        0.0000000000        0.0000000000
     1061.0000000000        0.0000000000        0.0000000000
     1062.0000000000        0.3104323373        0.0038903070
     1063.0000000000        0.3143595091        0.0039643466
     1064.0000000000        0.3183616607        0.0040402766
     1065.0000000000        0.9707272513        0.0122672866
     1066.0000000000        0.9831117748        0.0125027551
     1067.0000000000        0.9957347828        0.0127442877
     1068.0000000000        1.0086024369        0.0129920808
     1069.0000000000        1.0217210993        0.0132463387
     1070.0000000000        1.0350973400        0.0135072735
     1071.0000000000        1.0487379454        0.0137751058
     1072.0000000000        1.0626499271        0.0140500649
     1073.0000000000        1.0768405303        0.0143323895
     1074.0000000000        1.0913172439        0.0146223278
     1075.0000000000        1.1060878098        0.0149201381
     1076.0000000000        1.1211602337        0.0152260895
     1077.0000000000        1.1365427956        0.0155404618
     1078.0000000000        1.1522440614        0.0158635469
     1079.0000000000        1.1682728947        0.0161956485
     1080.0000000000        1.1846384694        0.0165370834
     1081.0000000000        1.2013502825        0.0168881817
     1082.0000000000        1.2184181685        0.0172492877
     1083.0000000000        1.2358523132        0.0176207603
     1084.0000000000        1.2536632693        0.0180029742
     1085.0000000000        1.2718619722        0.0183963204
     1086.0000000000        1.2904597568        0.0188012071
     1087.0000000000        1.3094683752        0.0192180605
     1088.0000000000        1.3289000150        0.0196473260
     1089.0000000000        1.3487673194        0.0200894688
     1090.0000000000        1.3690834069        0.0205449753
     1091.0000000000        1.3898618939        0.0210143543
     1092.0000000000        1.4111169167        0.0214981377
     1093.0000000000        1.4328631560        0.0219968821
     1094.0000000000        1.4551158619        0.0225111704
     1095.0000000000        1.4778908811        0.0230416127
     1096.0000000000        1.5012046846        0.0235888480
     1097.0000000000        1.5250743977        0.0241535461
     1098.0000000000        1.5495178313        0.0247364089
     1099.0000000000        1.5745535153        0.0253381725
     1100.0000000000        1.6002007336        0.0259596092
     1101.0000000000        1.6264795610        0.0266015292
     1102.0000000000        1.6534109030        0.0272647834
     1103.0000000000        1.6810165365        0.0279502651
     1104.0000000000        1.7093191546        0.0286589130
     1105.0000000000        1.7383424130        0.0293917140
     1106.0000000000        1.7681109788        0.0301497054
     1107.0000000000        1.7986505839        0.0309339789
     1108.0000000000        1.8299880795        0.0317456830
     1109.0000000000        1.8621514959        0.0325860273
     1110.0000000000        1.8951701048        0.0334562858
     1111.0000000000        1.9290744856        0.0343578010
     1112.0000000000        1.9638965966        0.0352919884
     1113.0000000000        1.9996698500        0.0362603413
     1114.0000000000        2.0364291920        0.0372644354
     1115.0000000000        2.0742111880        0.0383059343
     1116.0000000000        2.1130541136        0.0393865957
     1117.0000000000        2.1529980515        0.0405082770
     1118.0000000000        2.1940849944        0.0416729424
     1119.0000000000        2.2363589558        0.0428826702
     1120.0000000000        2.2798660873        0.0441396599
     1121.0000000000        2.3246548048        0.0454462417
     1122.0000000000        2.3707759227        0.0468048844
     1123.0000000000        2.4182827982        0.0482182062
     1124.0000000000        2.4672314853        0.0496889844
     1125.0000000000        2.5176809000        0.0512201676
     1126.0000000000        2.5696929974        0.0528148876
     1127.0000000000        2.6233329614        0.0544764730
     1128.0000000000        2.6786694093        0.0562084638
     1129.0000000000        2.7357746105        0.0580146273
     1130.0000000000        2.8583311331        0.0606975303
     1131.0000000000        2.9200125907        0.0626795628
     1132.0000000000        2.9837193908        0.0647490017
     1133.0000000000        3.0495413514        0.0669107233
     1134.0000000000        3.1175733298        0.0691699339
     1135.0000000000        3.1879155657        0.0715321967
     1136.0000000000        3.2606740520        0.0740034599
     1137.0000000000        3.3359609358        0.0765900890
     1138.0000000000        3.4138949522        0.0792989008
     1139.0000000000        3.4946018944        0.0821372013
     1140.0000000000        3.5782151235        0.0851128272
     1141.0000000000        3.6648761213        0.0882341913
     1142.0000000000        3.7547350911        0.0915103329
     1143.0000000000        3.8479516113        0.0949509721
     1144.0000000000        3.9446953463        0.0985665713
     1145.0000000000        4.0451468212        0.1023684017
     1146.0000000000        4.1494982672        0.1063686168
     1147.0000000000        4.2579545441        0.1105803349
     1148.0000000000        4.3707341495        0.1150177289
     1149.0000000000        4.4880703225        0.1196961268
     1150.0000000000        4.6102122538        0.1246321230
     1151.0000000000        4.7374264125        0.1298437019
     1152.0000000000        4.8699980039        0.1353503757
     1153.0000000000        5.0082325728        0.1411733378
     1154.0000000000        5.1524577683        0.1473356343
     1155.0000000000        5.3030252912        0.1538623555
     1156.0000000000        5.4603130430        0.1607808508
     1157.0000000000        5.6247275030        0.1681209689
     1158.0000000000        5.7967063605        0.1759153285
     1159.0000000000        5.9767214338        0.1841996230
     1160.0000000000        6.1652819129        0.1930129632
     1161.0000000000        6.3629379670        0.2023982651
     1162.0000000000        6.5702847643        0.2124026886
     1163.0000000000        6.7879669596        0.2230781350
     1164.0000000000        7.0166837117        0.2344818116
     1165.0000000000        7.2571943045        0.2466768756
     1166.0000000000        7.5103244552        0.2597331670
     1167.0000000000        7.7769734077        0.2737280482
     1168.0000000000        8.0581219240        0.2887473653
     1169.0000000000        8.3548413076        0.3048865517
     1170.0000000000        8.6683036112        0.3222518998
     1171.0000000000        8.9997932118        0.3409620282
     1172.0000000000        9.3507199646        0.3611495794
     1173.0000000000        9.7226341878        0.3829631902
     1174.0000000000       10.1172437737        0.4065697838
     1175.0000000000       10.5364337775        0.4321572445
     1176.0000000000       10.9822889030        0.4599375492
     1177.0000000000       11.4571193829        0.4901504420
     1178.0000000000       11.9634908512        0.5230677642
     1179.0000000000       12.5042589267        0.5589985706
     1180.0000000000       13.0826093732        0.5982951972
     1181.0000000000       13.7021048863        0.6413604839
     1182.0000000000       14.3667397831        0.6886564047
     1183.0000000000       15.0810041531        0.7407144192
     1184.0000000000       15.8499593839        0.7981479430
     1185.0000000000       16.6793274181        0.8616674336
     1186.0000000000       17.5755966604        0.9320987239
     1187.0000000000       18.5461481702        1.0104054094
     1188.0000000000       19.5994066856        1.0977163196
     1189.0000000000       20.7450222027        1.1953594075
     1190.0000000000       21.9940893515        1.3049037820
     1191.0000000000       23.3594137921        1.4282121450
     1192.0000000000       24.8558374522        1.5675066026
     1193.0000000000       26.5006378547        1.7254517906
     1194.0000000000       28.3140213551        1.9052605769
     1195.0000000000       30.3197362288        2.1108294274
     1196.0000000000       32.5458398359        2.3469130589
     1197.0000000000       35.0256653956        2.6193515693
     1198.0000000000       37.7990494660        2.9353682809
     1199.0000000000       40.9139028623        3.3039637735
     1200.0000000000       44.4282381281        3.7364420424
     1201.0000000000       48.4128097729        4.2471200277
     1202.0000000000       52.9545853022        4.8542943838
     1203.0000000000       58.1613547066        5.5815731861
     1204.0000000000       64.1679175442        6.4597313669
     1205.0000000000       71.1444817756        7.5293266736
     1206.0000000000       79.3082010069        8.8444330302
     1207.0000000000       88.9392199102       10.4780342398
     1208.0000000000      100.4032743590       12.5299096136
     1209.0000000000      114.1839309367       15.1382874487
     1210.0000000000      130.9291383197       18.4972086205
     1211.0000000000      151.5191502385       22.8824760622
     1212.0000000000      177.1662986907       28.6901443384
     1213.0000000000      209.5613875457       36.4919208928
     1214.0000000000      251.0847236354       47.1084366298
     1215.0000000000      305.0938565328       61.6834401896
     1216.0000000000      376.2571538569       81.6774185589
     1217.0000000000      470.7402503141      108.5059735168
     1218.0000000000      595.5784352728      142.1020039637
     1219.0000000000      755.5862664036      177.2660309610
     1220.0000000000      945.7158591248      198.9664592068
     1221.0000000000     1142.0568401825      186.8354101301
     1222.0000000000     1305.5859199046      133.7512028929
     1223.0000000000     1396.9648375448       42.5980093168
     1224.0000000000     1379.9493564644      -79.1094346320
     1225.0000000000     1244.8974521070     -182.2413688471
     1226.0000000000     1038.8430423015     -217.9162932482
     1227.0000000000      827.7876139782     -198.0947700876
     1228.0000000000      649.0278454792     -158.4872185523
     1229.0000000000      510.1530937382     -120.3512570557
     1230.0000000000      405.6354044695      -90.0915461197
     1231.0000000000      327.3385236967      -67.6827775843
     1232.0000000000      268.2178958968      -51.4342280033
     1233.0000000000      222.9851718155      -39.6543976877
     1234.0000000000      187.8596459424      -31.0356860240
     1235.0000000000      160.1737249849      -24.6466706292
     1236.0000000000      138.0404886910      -19.8416811819
     1237.0000000000      120.1123382896      -16.1752316388
     1238.0000000000      105.4145502624      -13.3382304316
     1239.0000000000       93.2323145696      -11.1139747345
     1240.0000000000       83.0341063565       -9.3486158493
     1241.0000000000       74.4193408755       -7.9314658883
     1242.0000000000       67.0822367893       -6.7818215370
     1243.0000000000       60.7865634398       -5.8400740522
     1244.0000000000       55.3477677948       -5.0616458959
     1245.0000000000       50.6201626012       -4.4128056199
     1246.0000000000       46.4876281291       -3.8677434419
     1247.0000000000       42.8567833252       -3.4065025908
     1248.0000000000       39.6519136841       -3.0134984009
     1249.0000000000       36.8111636514       -2.6764458415
     1250.0000000000       34.2836496631       -2.3855741579
     1251.0000000000       32.0272508081       -2.1330455853
     1252.0000000000       30.0069035093       -1.9125206564
     1253.0000000000       28.1932749256       -1.7188298610
     1254.0000000000       26.5617237672       -1.5477231754
     1255.0000000000       25.0914814072       -1.3956770758
     1256.0000000000       23.7650035705       -1.2597442816
     1257.0000000000       22.5674555473       -1.1374354239
     1258.0000000000       21.4863032094       -1.0266246182
     1259.0000000000       20.5109890893       -0.9254728909
     1260.0000000000       19.6326780922       -0.8323647991
     1261.0000000000       18.8440615661       -0.7458545403
     1262.0000000000       18.1392118125       -0.6646184890
     1263.0000000000       17.5134819802       -0.5874114634
     1264.0000000000       16.9634488918       -0.5130241648
     1265.0000000000       16.4868989440       -0.4402391269
     1266.0000000000       16.0828600401       -0.3677821484
     1267.0000000000       15.7516858672       -0.2942654688
     1268.0000000000       15.4952031055       -0.2181177794
     1269.0000000000       15.3169379248       -0.1374943127
     1270.0000000000       15.2224462009       -0.0501574040
     1271.0000000000       15.2197835277        0.0466864713
     1272.0000000000       15.3201682434        0.1566139587
     1273.0000000000       15.5389163337        0.2843076801
     1274.0000000000       15.8967659658        0.4360223777
     1275.0000000000       16.4217689549        0.6202676333
     1276.0000000000       17.1520181565        0.8488201009
     1277.0000000000       18.1396207536        1.1382382070
     1278.0000000000       19.4565409613        1.5121378206
     1279.0000000000       21.2032456203        2.0045909465
     1280.0000000000       23.5214875004        2.6650691982
     1281.0000000000       26.6129100478        3.5651158571
     1282.0000000000       30.7648028039        4.8055173198
     1283.0000000000       36.3809714962        6.5173909961
     1284.0000000000       44.0020788424        8.8334797230
     1285.0000000000       54.2563398427       11.7596457364
     1286.0000000000       67.5705279719       14.7910920885
     1287.0000000000       83.3056030169       16.1588508600
     1288.0000000000       98.2262720851       12.5742513040
     1289.0000000000      106.1588302526        2.3781530168
     1290.0000000000      102.4045242826       -9.4521527679
     1291.0000000000       89.1657145487      -15.8340459856
     1292.0000000000       72.8366811110      -16.0489016659
     1293.0000000000       58.0115052766      -13.3834641345
     1294.0000000000       46.1884339360      -10.3063090581
     1295.0000000000       37.2232647213       -7.7318540189
     1296.0000000000       30.5102974634       -5.7940192952
     1297.0000000000       25.4583517236       -4.3862751062
     1298.0000000000       21.6075394091       -3.3701407141
     1299.0000000000       18.6258123713       -2.6318553481
     1300.0000000000       16.2790202087       -2.0888328758
     1301.0000000000       14.4024128587       -1.6836021301
     1302.0000000000       12.8791999963       -1.3766213483
     1303.0000000000       11.6256011936       -1.1406188370
     1304.0000000000       10.5806899150       -0.9566171763
     1305.0000000000        9.6995296520       -0.8112523959
     1306.0000000000        8.9485134529       -0.6949891089
     1307.0000000000        8.3021695960       -0.6009317686
     1308.0000000000        7.7409464590       -0.5240275717
     1309.0000000000        7.2496569326       -0.4605265964
     1310.0000000000        6.8163719197       -0.4076119130
     1311.0000000000        6.4316232817       -0.3631430470
     1312.0000000000        6.0878226445       -0.3254758635
     1313.0000000000        5.7788326279       -0.2933345737
     1314.0000000000        5.4996469918       -0.2657197114
     1315.0000000000        5.2461495098       -0.2418412271
     1316.0000000000        5.0149303754       -0.2210693185
     1317.0000000000        4.8031450957       -0.2028979278
     1318.0000000000        4.6084050742       -0.1869173775
     1319.0000000000        4.4286920536       -0.1727936705
     1320.0000000000        4.2622906838       -0.1602526919
     1321.0000000000        4.1077349787       -0.1490680549
     1322.0000000000        3.9637654970       -0.1390516743
     1323.0000000000        3.8292948714       -0.1300464035
     1324.0000000000        3.7033798811       -0.1219202411
     1325.0000000000        3.5851986882       -0.1145617423
     1326.0000000000        3.4740321781       -0.1078763620
     1327.0000000000        3.3692485792       -0.1017835218
     1328.0000000000        3.2702907206       -0.0962142448
     1329.0000000000        3.1766654229       -0.0911092374
     1330.0000000000        3.0879346229       -0.0864173257
     1331.0000000000        3.0037079157       -0.0820941736
     1332.0000000000        2.9236362608       -0.0781012291
     1333.0000000000        2.8474066484       -0.0744048509
     1334.0000000000        2.7747375615       -0.0709755844
     1335.0000000000        2.7053751007       -0.0677875569
     1336.0000000000        2.6390896629       -0.0648179719
     1337.0000000000        2.5756730838       -0.0620466826
     1338.0000000000        2.5149361731       -0.0594558333
     1339.0000000000        2.4567065794       -0.0570295550
     1340.0000000000        2.4008269364       -0.0547537067
     1341.0000000000        2.3471532484       -0.0526156550
     1342.0000000000        2.2955534786       -0.0506040853
     1343.0000000000        2.2459063141       -0.0487088403
     1344.0000000000        2.1981000796       -0.0469207802
     1345.0000000000        2.1520317815       -0.0452316630
     1346.0000000000        2.1076062634       -0.0436340398
     1347.0000000000        2.0647354594       -0.0421211649
     1348.0000000000        2.0233377307       -0.0406869173
     1349.0000000000        1.9833372764       -0.0393257315
     1350.0000000000        1.9446636084       -0.0380325383
     1351.0000000000        1.9072510819       -0.0368027118
     1352.0000000000        1.8710384762       -0.0356320230
     1353.0000000000        1.8359686177       -0.0345165997
     1354.0000000000        1.8019880421       -0.0334528903
     1355.0000000000        1.7690466897       -0.0324376320
     1356.0000000000        1.7370976311       -0.0314678227
     1357.0000000000        1.7060968190       -0.0305406963
     1358.0000000000        1.6760028639       -0.0296537001
     1359.0000000000        1.6467768303       -0.0288044752
     1360.0000000000        1.6183820525       -0.0279908387
     1361.0000000000        1.5907839659       -0.0272107682
     1362.0000000000        1.5639499544       -0.0264623871
     1363.0000000000        1.5378492109       -0.0257439524
     1364.0000000000        1.5124526091       -0.0250538430
     1365.0000000000        1.4877325874       -0.0243905493
     1366.0000000000        1.4636630420       -0.0237526642
     1367.0000000000        1.4402192283       -0.0231388744
     1368.0000000000        1.4173776713       -0.0225479530
     1369.0000000000        1.3951160826       -0.0219787529
     1370.0000000000        1.3734132840       -0.0214301997
     1371.0000000000        1.3522491371       -0.0209012870
     1372.0000000000        1.3316044786       -0.0203910706
     1373.0000000000        1.3114610600       -0.0198986641
     1374.0000000000        1.2918014920       -0.0194232346
     1375.0000000000        1.2726091934       -0.0189639986
     1376.0000000000        1.2538683432       -0.0185202187
     1377.0000000000        1.2355638360       -0.0180912000
     1378.0000000000        1.2176812416       -0.0176762874
     1379.0000000000        1.2002067657       -0.0172748626
     1380.0000000000        1.1831272153       -0.0168863419
     1381.0000000000        1.1664299648       -0.0165101734
     1382.0000000000        0.8435826678       -0.0123288197
     1383.0000000000        0.8313959254       -0.0120462236
     1384.0000000000        0.8194871715       -0.0117727756
     1385.0000000000        0.1754769253       -0.0036571476
     1386.0000000000        0.1718761264       -0.0035452230
     1387.0000000000        0.1683849733       -0.0034378170
     1388.0000000000        0.1649990615       -0.0033347039
     1389.0000000000        0.1617142054       -0.0032356714
     1390.0000000000        0.1585264253       -0.0031405197
     1391.0000000000        0.1554319352       -0.0030490608
     1392.0000000000        0.1524271320       -0.0029611172
     1393.0000000000        0.1495085848       -0.0028765218
     1394.0000000000        0.1466730250       -0.0027951168
     1395.0000000000        0.1439173373       -0.0027167534
     1396.0000000000        0.1412385514       -0.0026412907
     1397.0000000000        0.1386338334       -0.0025685959
     1398.0000000000        0.1361004790       -0.0024985433
     1399.0000000000        0.1336359058       -0.0024310140
     1400.0000000000        0.1312376475       -0.0023658954
     1401.0000000000        0.1289033470       -0.0023030810
     1402.0000000000        0.1266307512       -0.0022424698
     1403.0000000000        0.1244177051       -0.0021839660
     1404.0000000000        0.1222621470       -0.0021274789
     1405.0000000000        0.1201621038       -0.0020729224
     1406.0000000000        0.1181156859       -0.0020202148
     1407.0000000000        0.1161210838       -0.0019692783
     1408.0000000000        0.1141765635       -0.0019200393
     1409.0000000000        0.1122804627       -0.0018724277
     1410.0000000000        0.1104311879       -0.0018263767
     1411.0000000000        0.1086272102       -0.0017818231
     1412.0000000000        0.1068670628       -0.0017387064
     1413.0000000000        0.1051493377       -0.0016969692
     1414.0000000000        0.1034726829       -0.0016565567
     1415.0000000000        0.1018358000       -0.0016174170
     1416.0000000000        0.1002374413       -0.0015795002
     1417.0000000000        0.0986764077       -0.0015427590
     1418.0000000000        0.0971515465       -0.0015071482
     1419.0000000000        0.0956617489       -0.0014726247
     1420.0000000000        0.0942059485       -0.0014391472
     1421.0000000000        0.0927831189       -0.0014066766
     1422.0000000000        0.0913922723       -0.0013751751
     1423.0000000000        0.0900324576       -0.0013446071
     1424.0000000000        0.0887027586       -0.0013149380
     1425.0000000000        0.0874022928       -0.0012861352
     1426.0000000000        0.0861302098       -0.0012581673
     1427.0000000000        0.0848856899       -0.0012310042
     1428.0000000000        0.0836679427       -0.0012046173
     1429.0000000000        0.0824762059       -0.0011789789
     1430.0000000000        0.0813097442       -0.0011540627
     1431.0000000000        0.0801678480       -0.0011298436
     1432.0000000000        0.0790498327       -0.0011062973
     1433.0000000000        0.0779550370       -0.0010834005
     1434.0000000000        0.0768828226       -0.0010611311
     1435.0000000000        0.0758325728       -0.0010394678
     1436.0000000000        0.0748036919       -0.0010183899
     1437.0000000000        0.0737956043       -0.0009978780
     1438.0000000000        0.0728077535       -0.0009779132
     1439.0000000000        0.0718396016       -0.0009584773
     1440.0000000000        0.0708906284       -0.0009395529
     1441.0000000000        0.0699603309       -0.0009211233
     1442.0000000000        0.0690482222       -0.0009031725
     1443.0000000000        0.0681538314       -0.0008856850
     1444.0000000000        0.0672767027       -0.0008686460
     1445.0000000000        0.0664163947       -0.0008520412
     1446.0000000000        0.0655724802       -0.0008358568
     1447.0000000000        0.0647445454       -0.0008200796
     1448.0000000000        0.0639321895       -0.0008046969
     1449.0000000000        0.0631350241       -0.0007896965
     1450.0000000000        0.0976988868        0.0012253118
     1451.0000000000        0.0989358189        0.0012486502
     1452.0000000000        0.1001963860        0.0012725849
     1453.0000000000        0.1014811940        0.0012971352
     1454.0000000000        0.1027908682        0.0013223209
     1455.0000000000        0.1041260545        0.0013481627
     1456.0000000000        0.1054874195        0.0013746821
     1457.0000000000        0.1068756521        0.0014019015
     1458.0000000000        0.1082914636        0.0014298441
     1459.0000000000        0.1097355894        0.0014585341
     1460.0000000000        0.1112087894        0.0014879966
     1461.0000000000        0.1127118489        0.0015182578
     1462.0000000000        0.1142455803        0.0015493450
     1463.0000000000        0.1158108237        0.0015812865
     1464.0000000000        0.1174084479        0.0016141118
     1465.0000000000        0.1190393522        0.0016478518
     1466.0000000000        0.1207044670        0.0016825384
     1467.0000000000        0.1224047557        0.0017182052
     1468.0000000000        0.1241412158        0.0017548870
     1469.0000000000        0.1259148802        0.0017926201
     1470.0000000000        0.1277268191        0.0018314425
     1471.0000000000        0.1295781414        0.0018713937
     1472.0000000000        0.1314699966        0.0019125151
     1473.0000000000        0.1334035761        0.0019548498
     1474.0000000000        0.1353801157        0.0019984429
     1475.0000000000        0.1374008971        0.0020433415
     1476.0000000000        0.1394672502        0.0020895947
     1477.0000000000        0.1415805552        0.0021372541
     1478.0000000000        0.1437422450        0.0021863735
     1479.0000000000        0.1459538075        0.0022370092
     1480.0000000000        0.1482167884        0.0022892201
     1481.0000000000        0.1505327933        0.0023430680
     1482.0000000000        0.1529034914        0.0023986174
     1483.0000000000        0.1553306179        0.0024559362
     1484.0000000000        0.1578159773        0.0025150954
     1485.0000000000        0.1603614468        0.0025761692
     1486.0000000000        0.1629689800        0.0026392359
     1487.0000000000        0.1656406101        0.0027043772
     1488.0000000000        0.1683784546        0.0027716793
     1489.0000000000        0.1711847191        0.0028412325
     1490.0000000000        0.1740617015        0.0029131314
     1491.0000000000        0.1770117971        0.0029874760
     1492.0000000000        0.1800375036        0.0030643710
     1493.0000000000        0.1831414260        0.0031439267
     1494.0000000000        0.1863262825        0.0032262591
     1495.0000000000        0.1895949104        0.0033114904
     1496.0000000000        0.1929502723        0.0033997492
     1497.0000000000        0.1963954630        0.0034911711
     1498.0000000000        0.1999337164        0.0035858990
     1499.0000000000        0.2035684133        0.0036840837
     1500.0000000000        0.2073030891        0.0037858843
     1501.0000000000        0.2111414429        0.0038914685
     1502.0000000000        0.2150873464        0.0040010139
     1503.0000000000        0.2191448534        0.0041147077
     1504.0000000000        0.2233182106        0.0042327483
     1505.0000000000        0.2276118686        0.0043553451
     1506.0000000000        0.2320304934        0.0044827201
     1507.0000000000        0.2365789796        0.0046151081
     1508.0000000000        0.2412624635        0.0047527582
     1509.0000000000        0.2460863378        0.0048959343
     1510.0000000000        0.2510562671        0.0050449162
     1511.0000000000        0.2561782044        0.0052000012
     1512.0000000000        0.2614584089        0.0053615048
     1513.0000000000        0.2669034651        0.0055297623
     1514.0000000000        0.2725203034        0.0057051303
     1515.0000000000        0.2783162221        0.0058879882
     1516.0000000000        0.2842989107        0.0060787398
     1517.0000000000        0.2904764761        0.0062778156
     1518.0000000000        0.2968574691        0.0064856742
     1519.0000000000        0.3034509148        0.0067028050
     1520.0000000000        0.3102663438        0.0069297307
     1521.0000000000        0.3173138268        0.0071670093
     1522.0000000000        0.3246040118        0.0074152377
     1523.0000000000        0.3321481644        0.0076750543
     1524.0000000000        0.3399582106        0.0079471429
     1525.0000000000        0.3480467844        0.0082322361
     1526.0000000000        0.3564272788        0.0085311195
     1527.0000000000        0.3651139006        0.0088446365
     1528.0000000000        0.3741217310        0.0091736931
     1529.0000000000        0.3834667905        0.0095192632
     1530.0000000000        0.3931661103        0.0098823949
     1531.0000000000        0.4032378095        0.0102642171
     1532.0000000000        0.4137011794        0.0106659469
     1533.0000000000        0.4348855929        0.0112183027
     1534.0000000000        0.4463259702        0.0116663597
     1535.0000000000        0.4582263897        0.0121386530
     1536.0000000000        0.4706119075        0.0126368446
     1537.0000000000        0.4835093101        0.0131627351
     1538.0000000000        0.4969472597        0.0137182775
     1539.0000000000        0.5109564539        0.0143055924
     1540.0000000000        0.5255698013        0.0149269847
     1541.0000000000        0.5408226161        0.0155849630
     1542.0000000000        0.5567528310        0.0162822606
     1543.0000000000        0.5734012347        0.0170218594
     1544.0000000000        0.5908117327        0.0178070167
     1545.0000000000        0.6090316381        0.0186412952
     1546.0000000000        0.6281119933        0.0195285969
     1547.0000000000        0.6481079282        0.0204732016
     1548.0000000000        0.6690790590        0.0214798098
     1549.0000000000        0.6910899333        0.0225535922
     1550.0000000000        0.7142105270        0.0237002449
     1551.0000000000        0.7385168010        0.0249260531
     1552.0000000000        0.7640913254        0.0262379629
     1553.0000000000        0.7910239812        0.0276436641
     1554.0000000000        0.8194127494        0.0291516844
     1555.0000000000        0.8493646024        0.0307714977
     1556.0000000000        0.8809965106        0.0325136487
     1557.0000000000        0.9144365834        0.0343898965
     1558.0000000000        0.9498253648        0.0364133806
     1559.0000000000        0.9873173076        0.0385988134
     1560.0000000000        1.0270824548        0.0409627039
     1561.0000000000        1.0693083636        0.0435236178
     1562.0000000000        1.1142023106        0.0463024828
     1563.0000000000        1.1619938270        0.0493229454
     1564.0000000000        1.2129376221        0.0526117909
     1565.0000000000        1.2673169628        0.0561994390
     1566.0000000000        1.3254475935        0.0601205310
     1567.0000000000        1.3876822956        0.0644146266
     1568.0000000000        1.4544162100        0.0691270362
     1569.0000000000        1.5260930703        0.0743098162
     1570.0000000000        1.6032125285        0.0800229661
     1571.0000000000        1.6863387984        0.0863358737
     1572.0000000000        1.7761108909        0.0933290671
     1573.0000000000        1.8732547862        0.1010963488
     1574.0000000000        1.9785979699        0.1097474083
     1575.0000000000        2.0930868702        0.1194110352
     1576.0000000000        2.2178078743        0.1302390931
     1577.0000000000        2.3540127822        0.1424114619
     1578.0000000000        2.5031497971        0.1561422189
     1579.0000000000        2.6669014619        0.1716874185
     1580.0000000000        2.8472313657        0.1893549455
     1581.0000000000        3.0464420007        0.2095170819
     1582.0000000000        3.2672468872        0.2326266472
     1583.0000000000        3.5128611012        0.2592378863
     1584.0000000000        3.7871157115        0.2900337186
     1585.0000000000        4.0946035465        0.3258615822
     1586.0000000000        4.4408663611        0.3677810080
     1587.0000000000        4.8326372204        0.4171273526
     1588.0000000000        5.2781572346        0.4755980250
     1589.0000000000        5.7875934344        0.5453703661
     1590.0000000000        6.3735957011        0.6292645637
     1591.0000000000        7.0520470322        0.7309713922
     1592.0000000000        7.8430857552        0.8553743621
     1593.0000000000        8.7725149041        1.0090109904
     1594.0000000000        9.8737695747        1.2007414214
     1595.0000000000       11.1906982855        1.4427292902
     1596.0000000000       12.7815456582        1.7518966086
     1597.0000000000       14.7247258890        2.1521010155
     1598.0000000000       17.1272839830        2.6774088462
     1599.0000000000       20.1373926285        3.3769952411
     1600.0000000000       23.9628329510        4.3223199519
     1601.0000000000       28.8979935370        5.6169897926
     1602.0000000000       35.3616934307        7.4080164602
     1603.0000000000       43.9441789973        9.8904650208
     1604.0000000000       55.4446601894       13.2754942890
     1605.0000000000       70.8247288171       17.6302826564
     1606.0000000000       90.8534045235       22.3730482763
     1607.0000000000      114.9613764991       25.1875818346
     1608.0000000000      138.9817508896       21.2650750998
     1609.0000000000      153.9217139150        7.0089054181
     1610.0000000000      151.4342436961      -11.6785542927
     1611.0000000000      133.0620710287      -23.2691198649
     1612.0000000000      108.3202228542      -24.8616059469
     1613.0000000000       85.0852256632      -21.1615730781
     1614.0000000000       66.3226918703      -16.3919176909
     1615.0000000000       52.0679326170      -12.2785660706
     1616.0000000000       41.4327702303       -9.1504492358
     1617.0000000000       33.4830710871       -6.8725431853
     1618.0000000000       27.4762688156       -5.2302438531
     1619.0000000000       22.8722816308       -4.0405403371
     1620.0000000000       19.2896110473       -3.1689238870
     1621.0000000000       16.4600547306       -2.5214104884
     1622.0000000000       14.1938755083       -2.0333006363
     1623.0000000000       12.3553256185       -1.6600198023
     1624.0000000000       10.8459798503       -1.3706082937
     1625.0000000000        9.5934719176       -1.1433133029
     1626.0000000000        8.5438559792       -0.9626514211
     1627.0000000000        7.6563806105       -0.8174534655
     1628.0000000000        6.8998723095       -0.6995553109
     1629.0000000000        6.2502013616       -0.6029128093
     1630.0000000000        5.6884832833       -0.5229965744
     1631.0000000000        5.1997860993       -0.4563730948
     1632.0000000000        4.7721897478       -0.4004112321
     1633.0000000000        4.3960936247       -0.3530740703
     1634.0000000000        4.0637010928       -0.3127695547
     1635.0000000000        3.7686316575       -0.2782420975
     1636.0000000000        3.5056262708       -0.2484930641
     1637.0000000000        3.2703212887       -0.2227218407
     1638.0000000000        3.0590735484       -0.2002817294
     1639.0000000000        2.8688238754       -0.1806466322
     1640.0000000000        2.6969897437       -0.1633856619
     1641.0000000000        2.5413802403       -0.1481436319
     1642.0000000000        2.4001282387       -0.1346259420
     1643.0000000000        2.2716359496       -0.1225867817
     1644.0000000000        2.1545309538       -0.1118198522
     1645.0000000000        2.0476305035       -0.1021510199
     1646.0000000000        1.9499123968       -0.0934324553
     1647.0000000000        1.8604911110       -0.0855379265
     1648.0000000000        1.7785981751       -0.0783589913
     1649.0000000000        1.7035659836       -0.0718018937
     1650.0000000000        1.6348144259       -0.0657850143
     1651.0000000000        1.5718398395       -0.0602367554
     1652.0000000000        1.5142058986       -0.0550937699
     1653.0000000000        1.4615361356       -0.0502994574
     1654.0000000000        1.4135078571       -0.0458026683
     1655.0000000000        1.3698472734       -0.0415565656
     1656.0000000000        1.3303257063       -0.0375175997
     1657.0000000000        1.2947567813       -0.0336445596
     1658.0000000000        1.2629945452       -0.0298976631
     1659.0000000000        1.2349324891       -0.0262376511
     1660.0000000000        1.2105034907       -0.0226248486
     1661.0000000000        1.1896807292       -0.0190181494
     1662.0000000000        1.1724796731       -0.0153738777
     1663.0000000000        1.1589612941       -0.0116444637
     1664.0000000000        1.1492367277       -0.0077768582
     1665.0000000000        1.1434736915       -0.0037105852
     1666.0000000000        1.1419050853        0.0006247012
     1667.0000000000        1.1448403561        0.0053123373
     1668.0000000000        1.1526804217        0.0104526973
     1669.0000000000        1.1659372467        0.0161685176
     1670.0000000000        1.1852595785        0.0226119899
     1671.0000000000        1.2114669430        0.0299743282
     1672.0000000000        1.2455948520        0.0384988275
     1673.0000000000        1.2889554117        0.0484989058
     1674.0000000000        1.3432193441        0.0603833347
     1675.0000000000        1.4105281512        0.0746919608
     1676.0000000000        1.4936492359        0.0921469171
     1677.0000000000        1.5961930173        0.1137269591
     1678.0000000000        1.7229206151        0.1407766730
     1679.0000000000        1.8801853834        0.1751686720
     1680.0000000000        2.0765741950        0.2195465449
     1681.0000000000        2.3238486756        0.2776900945
     1682.0000000000        2.6383364468        0.3550611843
     1683.0000000000        3.0429872706        0.4595986138
     1684.0000000000        3.5703663977        0.6027939205
     1685.0000000000        4.2668050340        0.8008583957
     1686.0000000000        5.1974016183        1.0749475847
     1687.0000000000        6.4494234876        1.4467006543
     1688.0000000000        8.1247788310        1.9179933006
     1689.0000000000       10.2945579235        2.4100127901
     1690.0000000000       12.8616539878        2.6420290841
     1691.0000000000       15.3136581378        2.0838460750
     1692.0000000000       16.6560400386        0.4496564701
     1693.0000000000       16.1091496031       -1.4780832799
     1694.0000000000       14.0040009271       -2.5392311913
     1695.0000000000       11.3743577366       -2.5920407901
     1696.0000000000        8.9770545386       -2.1656939053
     1697.0000000000        7.0641458033       -1.6666826411
     1698.0000000000        5.6156961768       -1.2476375283
     1699.0000000000        4.5340595200       -0.9319069625
     1700.0000000000        3.7230455447       -0.7025888939
     1701.0000000000        3.1076246703       -0.5371999876
     1702.0000000000        2.6335797756       -0.4171833705
     1703.0000000000        2.2626768972       -0.3290465697
     1704.0000000000        1.9680234452       -0.2633958676
     1705.0000000000        1.7305660886       -0.2137681488
     1706.0000000000        1.5366464512       -0.1757069008
     1707.0000000000        1.3763401408       -0.1461121190
     1708.0000000000        1.2423342447       -0.1228017287
     1709.0000000000        1.1291653224       -0.1042195545
     1710.0000000000        1.0326972715       -0.0892408455
     1711.0000000000        0.9497593718       -0.0770419004
     1712.0000000000        0.8778921941       -0.0670117902
     1713.0000000000        0.8151669311       -0.0586918921
     1714.0000000000        0.7600553073       -0.0517339672
     1715.0000000000        0.7113347588       -0.0458707348
     1716.0000000000        0.6680185103       -0.0408949697
     1717.0000000000        0.6293034370       -0.0366444777
     1718.0000000000        0.5945307784       -0.0329911767
     1719.0000000000        0.5631562395       -0.0298330735
     1720.0000000000        0.5347270240       -0.0270883107
     1721.0000000000        0.5088640347       -0.0246907050
     1722.0000000000        0.4852479634       -0.0225863731
     1723.0000000000        0.4636083351       -0.0207311578
     1724.0000000000        0.4437148145       -0.0190886483
     1725.0000000000        0.4253702582       -0.0176286460
     1726.0000000000        0.4084051269       -0.0163259655
     1727.0000000000        0.3926729614       -0.0151594928
     1728.0000000000        0.3780466985       -0.0141114391
     1729.0000000000        0.3644156545       -0.0131667462
     1730.0000000000        0.3516830410       -0.0123126106
     1731.0000000000        0.3397639092       -0.0115380991
     1732.0000000000        0.3285834404       -0.0108338379
     1733.0000000000        0.3180755182       -0.0101917588
     1734.0000000000        0.3081815290       -0.0096048920
     1735.0000000000        0.2988493530       -0.0090671949
     1736.0000000000        0.2900325089       -0.0085734111
     1737.0000000000        0.2816894284       -0.0081189535
     1738.0000000000        0.2737828371       -0.0076998065
     1739.0000000000        0.2662792252       -0.0073124442
     1740.0000000000        0.2591483928       -0.0069537619
     1741.0000000000        0.2523630586       -0.0066210185
     1742.0000000000        0.2458985215       -0.0063117871
     1743.0000000000        0.2397323676       -0.0060239139
     1744.0000000000        0.2338442155       -0.0057554823
     1745.0000000000        0.2282154941       -0.0055047834
     1746.0000000000        0.2228292488       -0.0052702893
     1747.0000000000        0.2176699715       -0.0050506316
     1748.0000000000        0.2127234510       -0.0048445816
     1749.0000000000        0.2079766420       -0.0046510341
     1750.0000000000        0.2034175486       -0.0044689927
     1751.0000000000        0.1990351220       -0.0042975579
     1752.0000000000        0.1948191696       -0.0041359154
     1753.0000000000        0.1907602738       -0.0039833275
     1754.0000000000        0.1868497204       -0.0038391242
     1755.0000000000        0.1830794343       -0.0037026960
     1756.0000000000        0.1794419223       -0.0035734878
     1757.0000000000        0.1759302215       -0.0034509929
     1758.0000000000        0.1725378534       -0.0033347485
     1759.0000000000        0.1692587826       -0.0032243308
     1760.0000000000        0.1660873794       -0.0031193513
     1761.0000000000        0.1630183865       -0.0030194535
     1762.0000000000        0.1600468881       -0.0029243097
     1763.0000000000        0.1571682833       -0.0028336182
     1764.0000000000        0.1543782605       -0.0027471011
     1765.0000000000        0.1516727753       -0.0026645019
     1766.0000000000        0.1490480300       -0.0025855834
     1767.0000000000        0.1465004548       -0.0025101266
     1768.0000000000        0.1440266909       -0.0024379283
     1769.0000000000        0.1416235750       -0.0023688002
     1770.0000000000        0.0431212507       -0.0011059578
     1771.0000000000        0.0420361910       -0.0010645131
     1772.0000000000        0.0409915434       -0.0010251119
     1773.0000000000        0.0399853275       -0.0009876300
     1774.0000000000        0.0390156823       -0.0009519519
     1775.0000000000        0.0380808582       -0.0009179705
     1776.0000000000        0.0371792089       -0.0008855863
     1777.0000000000        0.0363091843       -0.0008547064
     1778.0000000000        0.0354693234       -0.0008252448
     1779.0000000000        0.0346582489       -0.0007971208
     1780.0000000000        0.0338746610       -0.0007702595
     1781.0000000000        0.0331173323       -0.0007445909
     1782.0000000000        0.0323851034       -0.0007200496
     1783.0000000000        0.0316768778       -0.0006965743
     1784.0000000000        0.0309916185       -0.0006741079
     1785.0000000000        0.0303283437       -0.0006525967
     1786.0000000000        0.0296861234       -0.0006319906
     1787.0000000000        0.0290640765       -0.0006122425
     1788.0000000000        0.0284613672       -0.0005933082
     1789.0000000000        0.0278772027       -0.0005751462
     1790.0000000000        0.0273108303       -0.0005577176
     1791.0000000000        0.0267615352       -0.0005409858
     1792.0000000000        0.0262286380       -0.0005249163
     1793.0000000000        0.0257114928       -0.0005094766
     1794.0000000000        0.0252094851       -0.0004946362
     1795.0000000000        0.0247220301       -0.0004803664
     1796.0000000000        0.0242485711       -0.0004666400
     1797.0000000000        0.0237885775       -0.0004534314
     1798.0000000000        0.0233415438       -0.0004407164
     1799.0000000000        0.0229069878       -0.0004284721
     1800.0000000000        0.0224844498       -0.0004166771
     1801.0000000000        0.0220734907       -0.0004053108
     1802.0000000000        0.0216736916       -0.0003943541
     1803.0000000000        0.0212846521       -0.0003837886
     1804.0000000000        0.0209059898       -0.0003735970
     1805.0000000000        0.0205373391       -0.0003637629
     1806.0000000000        0.0201783501       -0.0003542708
     1807.0000000000        0.0198286883       -0.0003451060
     1808.0000000000        0.0194880336       -0.0003362545
     1809.0000000000        0.0191560793       -0.0003277030
     1810.0000000000        0.0188325318       -0.0003194389
     1811.0000000000        0.0185171096       -0.0003114503
     1812.0000000000        0.0182095431       -0.0003037258
     1813.0000000000        0.0179095736       -0.0002962545
     1814.0000000000        0.0176169531       -0.0002890262
     1815.0000000000        0.0173314436       -0.0002820310
     1816.0000000000        0.0170528165       -0.0002752597
     1817.0000000000        0.0167808525       -0.0002687034
     1818.0000000000        0.0165153409       -0.0002623535
     1819.0000000000        0.0162560793       -0.0002562022
     1820.0000000000        0.0160028730       -0.0002502415
     1821.0000000000        0.0157555351       -0.0002444643
     1822.0000000000        0.0155138856       -0.0002388635
     1823.0000000000        0.0152777515       -0.0002334325
     1824.0000000000        0.0150469662       -0.0002281648
     1825.0000000000        0.0148213695       -0.0002230543
     1826.0000000000        0.0146008071       -0.0002180953
     1827.0000000000        0.0143851302       -0.0002132822
     1828.0000000000        0.0141741958       -0.0002086097
     1829.0000000000        0.0139678658       -0.0002040725
     1830.0000000000        0.0137660072       -0.0001996660
     1831.0000000000        0.0135684918       -0.0001953854
     1832.0000000000        0.0133751958       -0.0001912263
     1833.0000000000        0.0131860001       -0.0001871843
     1834.0000000000        0.0130007895       -0.0001832555
     1835.0000000000        0.0128194528       -0.0001794358
     1836.0000000000        0.0126418828       -0.0001757214
     1837.0000000000        0.0124679760       -0.0001721089
     1838.0000000000        0.0122976322       -0.0001685947
     1839.0000000000        0.0121307549       -0.0001651755
     1840.0000000000        0.0119672506       -0.0001618481
     1841.0000000000        0.0118070290       -0.0001586095
     1842.0000000000        0.0116500030       -0.0001554567
     1843.0000000000        0.0114960880       -0.0001523868
     1844.0000000000        0.0113452025       -0.0001493973
     1845.0000000000        0.0111972675       -0.0001464854
     1846.0000000000        0.0110522066       -0.0001436487
     1847.0000000000        0.0109099459       -0.0001408848
     1848.0000000000        0.0107704136       -0.0001381913
     1849.0000000000        0.0106335406       -0.0001355660
     1850.0000000000        0.0104992597       -0.0001330067
     1851.0000000000        0.0103675058       -0.0001305115
     1852.0000000000        0.0102382160       -0.0001280783
     1853.0000000000        0.0000000000        0.0000000000
     1854.0000000000        0.0000000000        0.0000000000
     1855.0000000000        0.0000000000        0.0000000000
     1856.0000000000        0.0000000000        0.0000000000
     1857.0000000000        0.0000000000        0.0000000000
     1858.0000000000        0.0000000000        0.0000000000
     1859.0000000000        0.0000000000        0.0000000000
     1860.0000000000        0.0000000000        0.0000000000
     1861.0000000000        0.0000000000        0.0000000000
     1862.0000000000        0.0000000000        0.0000000000
     1863.0000000000        0.0000000000        0.0000000000
     1864.0000000000        0.0000000000        0.0000000000
     1865.0000000000        0.0000000000        0.0000000000
     1866.0000000000        0.0000000000        0.0000000000
     1867.0000000000        0.0000000000        0.0000000000
     1868.0000000000        0.0000000000        0.0000000000
     1869.0000000000        0.0000000000        0.0000000000
     1870.0000000000        0.0000000000        0.0000000000
     1871.0000000000        0.0000000000        0.0000000000
     1872.0000000000        0.0000000000        0.0000000000
     1873.0000000000        0.0000000000        0.0000000000
     1874.0000000000        0.0000000000        0.0000000000
     1875.0000000000        0.0000000000        0.0000000000
     1876.0000000000        0.0000000000        0.0000000000
     1877.0000000000        0.0000000000        0.0000000000
     1878.0000000000        0.0000000000        0.0000000000
     1879.0000000000        0.0000000000        0.0000000000
     1880.0000000000        0.0000000000        0.0000000000
     1881.0000000000        0.0000000000        0.0000000000
     1882.0000000000        0.0000000000        0.0000000000
     1883.0000000000        0.0000000000        0.0000000000
     1884.0000000000        0.0000000000        0.0000000000
     1885.0000000000        0.0000000000        0.0000000000
     1886.0000000000        0.0000000000        0.0000000000
     1887.0000000000        0.0000000000        0.0000000000
     1888.0000000000        0.0000000000        0.0000000000
     1889.0000000000        0.0000000000        0.0000000000
     1890.0000000000        0.0000000000        0.0000000000
     1891.0000000000        0.0000000000        0.0000000000
     1892.0000000000        0.0000000000        0.0000000000
     1893.0000000000        0.0000000000        0.0000000000
     1894.0000000000        0.0000000000        0.0000000000
     1895.0000000000        0.0000000000        0.0000000000
     1896.0000000000        0.0000000000        0.0000000000
     1897.0000000000        0.0000000000        0.0000000000
     1898.0000000000        0.0000000000        0.0000000000
     1899.0000000000        0.0000000000        0.0000000000
     1900.0000000000        0.0000000000        0.0000000000
     1901.0000000000        0.0000000000        0.0000000000
     1902.0000000000        0.0000000000        0.0000000000
     1903.0000000000        0.0000000000        0.0000000000
     1904.0000000000        0.0000000000        0.0000000000
     1905.0000000000        0.0000000000        0.0000000000
     1906.0000000000        0.0000000000        0.0000000000
     1907.0000000000        0.0000000000        0.0000000000
     1908.0000000000        0.0000000000        0.0000000000
     1909.0000000000        0.0000000000        0.0000000000
     1910.0000000000        0.0000000000        0.0000000000
     1911.0000000000        0.0000000000        0.0000000000
     1912.0000000000        0.0000000000        0.0000000000
     1913.0000000000        0.0000000000        0.0000000000
     1914.0000000000        0.0000000000        0.0000000000
     1915.0000000000        0.0000000000        0.0000000000
     1916.0000000000        0.0000000000        0.0000000000
     1917.0000000000        0.0000000000        0.0000000000
     1918.0000000000        0.0000000000        0.0000000000
     1919.0000000000        0.0000000000        0.0000000000
     1920.0000000000        0.0000000000        0.0000000000
     1921.0000000000        0.0000000000        0.0000000000
     1922.0000000000        0.0000000000        0.0000000000
     1923.0000000000        0.0000000000        0.0000000000
     1924.0000000000        0.0000000000        0.0000000000
     1925.0000000000        0.0000000000        0.0000000000
     1926.0000000000        0.0000000000        0.0000000000
     1927.0000000000        0.0000000000        0.0000000000
     1928.0000000000        0.0000000000        0.0000000000
     1929.0000000000        0.0000000000        0.0000000000
     1930.0000000000        0.0000000000        0.0000000000
     1931.0000000000        0.0000000000        0.0000000000
     1932.0000000000        0.0000000000        0.0000000000
     1933.0000000000        0.0000000000        0.0000000000
     1934.0000000000        0.0000000000        0.0000000000
     1935.0000000000        0.0000000000        0.0000000000
     1936.0000000000        0.0000000000        0.0000000000
     1937.0000000000        0.0000000000        0.0000000000
     1938.0000000000        0.0000000000        0.0000000000
     1939.0000000000        0.0000000000        0.0000000000
     1940.0000000000        0.0000000000        0.0000000000
     1941.0000000000        0.0000000000        0.0000000000
     1942.0000000000        0.0000000000        0.0000000000
     1943.0000000000        0.0000000000        0.0000000000
     1944.0000000000        0.0000000000        0.0000000000
     1945.0000000000        0.0000000000        0.0000000000
     1946.0000000000        0.0000000000        0.0000000000
     1947.0000000000        0.0000000000        0.0000000000
     1948.0000000000        0.0000000000        0.0000000000
     1949.0000000000        0.0000000000        0.0000000000
     1950.0000000000        0.0000000000        0.0000000000
     1951.0000000000        0.0000000000        0.0000000000
     1952.0000000000        0.0000000000        0.0000000000
     1953.0000000000        0.0000000000        0.0000000000
     1954.0000000000        0.0000000000        0.0000000000
     1955.0000000000        0.0000000000        0.0000000000
     1956.0000000000        0.0000000000        0.0000000000
     1957.0000000000        0.0000000000        0.0000000000
     1958.0000000000        0.0000000000        0.0000000000
     1959.0000000000        0.0000000000        0.0000000000
     1960.0000000000        0.0000000000        0.0000000000
     1961.0000000000        0.0000000000        0.0000000000
     1962.0000000000        0.0000000000        0.0000000000
     1963.0000000000        0.0000000000        0.0000000000
     1964.0000000000        0.0000000000        0.0000000000
     1965.0000000000        0.0000000000        0.0000000000
     1966.0000000000        0.0000000000        0.0000000000
     1967.0000000000        0.0000000000        0.0000000000
     1968.0000000000        0.0000000000        0.0000000000
     1969.0000000000        0.0000000000        0.0000000000
     1970.0000000000        0.0000000000        0.0000000000
     1971.0000000000        0.0000000000        0.0000000000
     1972.0000000000        0.0000000000        0.0000000000
     1973.0000000000        0.0000000000        0.0000000000
     1974.0000000000        0.0000000000        0.0000000000
     1975.0000000000        0.0000000000        0.0000000000
     1976.0000000000        0.0000000000        0.0000000000
     1977.0000000000        0.0000000000        0.0000000000
     1978.0000000000        0.0000000000        0.0000000000
     1979.0000000000        0.0000000000        0.0000000000
     1980.0000000000        0.0000000000        0.0000000000
     1981.0000000000        0.0000000000        0.0000000000
     1982.0000000000        0.0000000000        0.0000000000
     1983.0000000000        0.0000000000        0.0000000000
     1984.0000000000        0.0000000000        0.0000000000
     1985.0000000000        0.0000000000        0.0000000000
     1986.0000000000        0.0000000000        0.0000000000
     1987.0000000000        0.0000000000        0.0000000000
     1988.0000000000        0.0000000000        0.0000000000
     1989.0000000000        0.0000000000        0.0000000000
     1990.0000000000        0.0000000000        0.0000000000
     1991.0000000000        0.0000000000        0.0000000000
     1992.0000000000        0.0000000000        0.0000000000
     1993.0000000000        0.0000000000        0.0000000000
     1994.0000000000        0.0000000000        0.0000000000
     1995.0000000000        0.0000000000        0.0000000000
     1996.0000000000        0.0000000000        0.0000000000
     1997.0000000000        0.0000000000        0.0000000000
     1998.0000000000        0.0000000000        0.0000000000
     1999.0000000000        0.0000000000        0.0000000000
     2000.0000000000        0.0000000000        0.0000000000
     2001.0000000000        0.0000000000        0.0000000000
     2002.0000000000        0.0000000000        0.0000000000
     2003.0000000000        0.0000000000        0.0000000000
     2004.0000000000        0.0000000000        0.0000000000
     2005.0000000000        0.0000000000        0.0000000000
     2006.0000000000        0.0000000000        0.0000000000
     2007.0000000000        0.0000000000        0.0000000000
     2008.0000000000        0.0000000000        0.0000000000
     2009.0000000000        0.0000000000        0.0000000000
     2010.0000000000        0.0000000000        0.0000000000
     2011.0000000000        0.0000000000        0.0000000000
     2012.0000000000        0.0000000000        0.0000000000
     2013.0000000000        0.0000000000        0.0000000000
     2014.0000000000        0.0000000000        0.0000000000
     2015.0000000000        0.0000000000        0.0000000000
     2016.0000000000        0.0000000000        0.0000000000
     2017.0000000000        0.0000000000        0.0000000000
     2018.0000000000        0.0000000000        0.0000000000
     2019.0000000000        0.0000000000        0.0000000000
     2020.0000000000        0.0000000000        0.0000000000
     2021.0000000000        0.0000000000        0.0000000000
     2022.0000000000        0.0000000000        0.0000000000
     2023.0000000000        0.0000000000        0.0000000000
     2024.0000000000        0.0000000000        0.0000000000
     2025.0000000000        0.0000000000        0.0000000000
     2026.0000000000        0.0000000000        0.0000000000
     2027.0000000000        0.0000000000        0.0000000000
     2028.0000000000        0.0000000000        0.0000000000
     2029.0000000000        0.0000000000        0.0000000000
     2030.0000000000        0.0000000000        0.0000000000
     2031.0000000000        0.0000000000        0.0000000000
     2032.0000000000        0.0000000000        0.0000000000
     2033.0000000000        0.0000000000        0.0000000000
     2034.0000000000        0.0000000000        0.0000000000
     2035.0000000000        0.0000000000        0.0000000000
     2036.0000000000        0.0000000000        0.0000000000
     2037.0000000000        0.0000000000        0.0000000000
     2038.0000000000        0.0000000000        0.0000000000
     2039.0000000000        0.0000000000        0.0000000000
     2040.0000000000        0.0000000000        0.0000000000
     2041.0000000000        0.0000000000        0.0000000000
     2042.0000000000        0.0000000000        0.0000000000
     2043.0000000000        0.0000000000        0.0000000000
     2044.0000000000        0.0000000000        0.0000000000
     2045.0000000000        0.0000000000        0.0000000000
     2046.0000000000        0.0000000000        0.0000000000
     2047.0000000000        0.0000000000        0.0000000000
     2048.0000000000        0.0000000000        0.0000000000
     2049.0000000000        0.0000000000        0.0000000000
     2050.0000000000        0.0000000000        0.0000000000
     2051.0000000000        0.0000000000        0.0000000000
     2052.0000000000        0.0000000000        0.0000000000
     2053.0000000000        0.0000000000        0.0000000000
     2054.0000000000        0.0000000000        0.0000000000
     2055.0000000000        0.0000000000        0.0000000000
     2056.0000000000        0.0000000000        0.0000000000
     2057.0000000000        0.0000000000        0.0000000000
     2058.0000000000        0.0000000000        0.0000000000
     2059.0000000000        0.0000000000        0.0000000000
     2060.0000000000        0.0000000000        0.0000000000
     2061.0000000000        0.0000000000        0.0000000000
     2062.0000000000        0.0000000000        0.0000000000
     2063.0000000000        0.0000000000        0.0000000000
     2064.0000000000        0.0000000000        0.0000000000
     2065.0000000000        0.0000000000        0.0000000000
     2066.0000000000        0.0000000000        0.0000000000
     2067.0000000000        0.0000000000        0.0000000000
     2068.0000000000        0.0000000000        0.0000000000
     2069.0000000000        0.0000000000        0.0000000000
     2070.0000000000        0.0000000000        0.0000000000
     2071.0000000000        0.0000000000        0.0000000000
     2072.0000000000        0.0000000000        0.0000000000
     2073.0000000000        0.0000000000        0.0000000000
     2074.0000000000        0.0000000000        0.0000000000
     2075.0000000000        0.0000000000        0.0000000000
     2076.0000000000        0.0000000000        0.0000000000
     2077.0000000000        0.0000000000        0.0000000000
     2078.0000000000        0.0000000000        0.0000000000
     2079.0000000000        0.0000000000        0.0000000000
     2080.0000000000        0.0000000000        0.0000000000
     2081.0000000000        0.0000000000        0.0000000000
     2082.0000000000        0.0000000000        0.0000000000
     2083.0000000000        0.0000000000        0.0000000000
     2084.0000000000        0.0000000000        0.0000000000
     2085.0000000000        0.0000000000        0.0000000000
     2086.0000000000        0.0000000000        0.0000000000
     2087.0000000000        0.0000000000        0.0000000000
     2088.0000000000        0.0000000000        0.0000000000
     2089.0000000000        0.0000000000        0.0000000000
     2090.0000000000        0.0000000000        0.0000000000
     2091.0000000000        0.0000000000        0.0000000000
     2092.0000000000        0.0000000000        0.0000000000
     2093.0000000000        0.0000000000        0.0000000000
     2094.0000000000        0.0000000000        0.0000000000
     2095.0000000000        0.0000000000        0.0000000000
     2096.0000000000        0.0000000000        0.0000000000
     2097.0000000000        0.0000000000        0.0000000000
     2098.0000000000        0.0000000000        0.0000000000
     2099.0000000000        0.0000000000        0.0000000000
     2100.0000000000        0.0000000000        0.0000000000
     2101.0000000000        0.0000000000        0.0000000000
     2102.0000000000        0.0000000000        0.0000000000
     2103.0000000000        0.0000000000        0.0000000000
     2104.0000000000        0.0000000000        0.0000000000
     2105.0000000000        0.0000000000        0.0000000000
     2106.0000000000        0.0000000000        0.0000000000
     2107.0000000000        0.0000000000        0.0000000000
     2108.0000000000        0.0000000000        0.0000000000
     2109.0000000000        0.0000000000        0.0000000000
     2110.0000000000        0.0000000000        0.0000000000
     2111.0000000000        0.0000000000        0.0000000000
     2112.0000000000        0.0000000000        0.0000000000
     2113.0000000000        0.0000000000        0.0000000000
     2114.0000000000        0.0000000000        0.0000000000
     2115.0000000000        0.0000000000        0.0000000000
     2116.0000000000        0.0000000000        0.0000000000
     2117.0000000000        0.0000000000        0.0000000000
     2118.0000000000        0.0000000000        0.0000000000
     2119.0000000000        0.0000000000        0.0000000000
     2120.0000000000        0.0000000000        0.0000000000
     2121.0000000000        0.0000000000        0.0000000000
     2122.0000000000        0.0000000000        0.0000000000
     2123.0000000000        0.0000000000        0.0000000000
     2124.0000000000        0.0000000000        0.0000000000
     2125.0000000000        0.0000000000        0.0000000000
     2126.0000000000        0.0000000000        0.0000000000
     2127.0000000000        0.0000000000        0.0000000000
     2128.0000000000        0.0000000000        0.0000000000
     2129.0000000000        0.0000000000        0.0000000000
     2130.0000000000        0.0000000000        0.0000000000
     2131.0000000000        0.0000000000        0.0000000000
     2132.0000000000        0.0000000000        0.0000000000
     2133.0000000000        0.0000000000        0.0000000000
     2134.0000000000        0.0000000000        0.0000000000
     2135.0000000000        0.0000000000        0.0000000000
     2136.0000000000        0.0000000000        0.0000000000
     2137.0000000000        0.0000000000        0.0000000000
     2138.0000000000        0.0000000000        0.0000000000
     2139.0000000000        0.0000000000        0.0000000000
     2140.0000000000        0.0000000000        0.0000000000
     2141.0000000000        0.0000000000        0.0000000000
     2142.0000000000        0.0000000000        0.0000000000
     2143.0000000000        0.0000000000        0.0000000000
     2144.0000000000        0.0000000000        0.0000000000
     2145.0000000000        0.0000000000        0.0000000000
     2146.0000000000        0.0000000000        0.0000000000
     2147.0000000000        0.0000000000        0.0000000000
     2148.0000000000        0.0000000000        0.0000000000
     2149.0000000000        0.0000000000        0.0000000000
     2150.0000000000        0.0000000000        0.0000000000
     2151.0000000000        0.0000000000        0.0000000000
     2152.0000000000        0.0000000000        0.0000000000
     2153.0000000000        0.0000000000        0.0000000000
     2154.0000000000        0.0000000000        0.0000000000
     2155.0000000000        0.0000000000        0.0000000000
     2156.0000000000        0.0000000000        0.0000000000
     2157.0000000000        0.0000000000        0.0000000000
     2158.0000000000        0.0000000000        0.0000000000
     2159.0000000000        0.0000000000        0.0000000000
     2160.0000000000        0.0000000000        0.0000000000
     2161.0000000000        0.0000000000        0.0000000000
     2162.0000000000        0.0000000000        0.0000000000
     2163.0000000000        0.0000000000        0.0000000000
     2164.0000000000        0.0000000000        0.0000000000
     2165.0000000000        0.0000000000        0.0000000000
     2166.0000000000        0.0000000000        0.0000000000
     2167.0000000000        0.0000000000        0.0000000000
     2168.0000000000        0.0000000000        0.0000000000
     2169.0000000000        0.0000000000        0.0000000000
     2170.0000000000        0.0000000000        0.0000000000
     2171.0000000000        0.0000000000        0.0000000000
     2172.0000000000        0.0000000000        0.0000000000
     2173.0000000000        0.0000000000        0.0000000000
     2174.0000000000        0.0000000000        0.0000000000
     2175.0000000000        0.0000000000        0.0000000000
     2176.0000000000        0.0000000000        0.0000000000
     2177.0000000000        0.0000000000        0.0000000000
     2178.0000000000        0.0000000000        0.0000000000
     2179.0000000000        0.0000000000        0.0000000000
     2180.0000000000        0.0000000000        0.0000000000
     2181.0000000000        0.0000000000        0.0000000000
     2182.0000000000        0.0000000000        0.0000000000
     2183.0000000000        0.0000000000        0.0000000000
     2184.0000000000        0.0000000000        0.0000000000
     2185.0000000000        0.0000000000        0.0000000000
     2186.0000000000        0.0000000000        0.0000000000
     2187.0000000000        0.0000000000        0.0000000000
     2188.0000000000        0.0000000000        0.0000000000
     2189.0000000000        0.0000000000        0.0000000000
     2190.0000000000        0.0000000000        0.0000000000
     2191.0000000000        0.0000000000        0.0000000000
     2192.0000000000        0.0000000000        0.0000000000
     2193.0000000000        0.0000000000        0.0000000000
     2194.0000000000        0.0000000000        0.0000000000
     2195.0000000000        0.0000000000        0.0000000000
     2196.0000000000        0.0000000000        0.0000000000
     2197.0000000000        0.0000000000        0.0000000000
     2198.0000000000        0.0000000000        0.0000000000
     2199.0000000000        0.0000000000        0.0000000000
     2200.0000000000        0.0000000000        0.0000000000
     2201.0000000000        0.0000000000        0.0000000000
     2202.0000000000        0.0000000000        0.0000000000
     2203.0000000000        0.0000000000        0.0000000000
     2204.0000000000        0.0000000000        0.0000000000
     2205.0000000000        0.0000000000        0.0000000000
     2206.0000000000        0.0000000000        0.0000000000
     2207.0000000000        0.0000000000        0.0000000000
     2208.0000000000        0.0000000000        0.0000000000
     2209.0000000000        0.0000000000        0.0000000000
     2210.0000000000        0.0000000000        0.0000000000
     2211.0000000000        0.0000000000        0.0000000000
     2212.0000000000        0.0000000000        0.0000000000
     2213.0000000000        0.0000000000        0.0000000000
     2214.0000000000        0.0000000000        0.0000000000
     2215.0000000000        0.0000000000        0.0000000000
     2216.0000000000        0.0000000000        0.0000000000
     2217.0000000000        0.0000000000        0.0000000000
     2218.0000000000        0.0000000000        0.0000000000
     2219.0000000000        0.0000000000        0.0000000000
     2220.0000000000        0.0000000000        0.0000000000
     2221.0000000000        0.0000000000        0.0000000000
     2222.0000000000        0.0000000000        0.0000000000
     2223.0000000000        0.0000000000        0.0000000000
     2224.0000000000        0.0000000000        0.0000000000
     2225.0000000000        0.0000000000        0.0000000000
     2226.0000000000        0.0000000000        0.0000000000
     2227.0000000000        0.0000000000        0.0000000000
     2228.0000000000        0.0000000000        0.0000000000
     2229.0000000000        0.0000000000        0.0000000000
     2230.0000000000        0.0000000000        0.0000000000
     2231.0000000000        0.0000000000        0.0000000000
     2232.0000000000        0.0000000000        0.0000000000
     2233.0000000000        0.0000000000        0.0000000000
     2234.0000000000        0.0000000000        0.0000000000
     2235.0000000000        0.0000000000        0.0000000000
     2236.0000000000        0.0000000000        0.0000000000
     2237.0000000000        0.0000000000        0.0000000000
     2238.0000000000        0.0000000000        0.0000000000
     2239.0000000000        0.0000000000        0.0000000000
     2240.0000000000        0.0000000000        0.0000000000
     2241.0000000000        0.0000000000        0.0000000000
     2242.0000000000        0.0000000000        0.0000000000
     2243.0000000000        0.0000000000        0.0000000000
     2244.0000000000        0.0000000000        0.0000000000
     2245.0000000000        0.0000000000        0.0000000000
     2246.0000000000        0.0000000000        0.0000000000
     2247.0000000000        0.0000000000        0.0000000000
     2248.0000000000        0.0000000000        0.0000000000
     2249.0000000000        0.0000000000        0.0000000000
     2250.0000000000        0.0000000000        0.0000000000
     2251.0000000000        0.0000000000        0.0000000000
     2252.0000000000        0.0000000000        0.0000000000
     2253.0000000000        0.0000000000        0.0000000000
     2254.0000000000        0.0000000000        0.0000000000
     2255.0000000000        0.0000000000        0.0000000000
     2256.0000000000        0.0000000000        0.0000000000
     2257.0000000000        0.0000000000        0.0000000000
     2258.0000000000        0.0000000000        0.0000000000
     2259.0000000000        0.0000000000        0.0000000000
     2260.0000000000        0.0000000000        0.0000000000
     2261.0000000000        0.0000000000        0.0000000000
     2262.0000000000        0.0000000000        0.0000000000
     2263.0000000000        0.0000000000        0.0000000000
     2264.0000000000        0.0000000000        0.0000000000
     2265.0000000000        0.0000000000        0.0000000000
     2266.0000000000        0.0000000000        0.0000000000
     2267.0000000000        0.0000000000        0.0000000000
     2268.0000000000        0.0000000000        0.0000000000
     2269.0000000000        0.0000000000        0.0000000000
     2270.0000000000        0.0000000000        0.0000000000
     2271.0000000000        0.0000000000        0.0000000000
     2272.0000000000        0.0000000000        0.0000000000
     2273.0000000000        0.0000000000        0.0000000000
     2274.0000000000        0.0000000000        0.0000000000
     2275.0000000000        0.0000000000        0.0000000000
     2276.0000000000        0.0000000000        0.0000000000
     2277.0000000000        0.0000000000        0.0000000000
     2278.0000000000        0.0000000000        0.0000000000
     2279.0000000000        0.0000000000        0.0000000000
     2280.0000000000        0.0000000000        0.0000000000
     2281.0000000000        0.0000000000        0.0000000000
     2282.0000000000        0.0000000000        0.0000000000
     2283.0000000000        0.0000000000        0.0000000000
     2284.0000000000        0.0000000000        0.0000000000
     2285.0000000000        0.0000000000        0.0000000000
     2286.0000000000        0.0000000000        0.0000000000
     2287.0000000000        0.0000000000        0.0000000000
     2288.0000000000        0.0000000000        0.0000000000
     2289.0000000000        0.0000000000        0.0000000000
     2290.0000000000        0.0000000000        0.0000000000
     2291.0000000000        0.0000000000        0.0000000000
     2292.0000000000        0.0000000000        0.0000000000
     2293.0000000000        0.0000000000        0.0000000000
     2294.0000000000        0.0000000000        0.0000000000
     2295.0000000000        0.0000000000        0.0000000000
     2296.0000000000        0.0000000000        0.0000000000
     2297.0000000000        0.0000000000        0.0000000000
     2298.0000000000        0.0000000000        0.0000000000
     2299.0000000000        0.0000000000        0.0000000000
     2300.0000000000        0.0000000000        0.0000000000
     2301.0000000000        0.0000000000        0.0000000000
     2302.0000000000        0.0000000000        0.0000000000
     2303.0000000000        0.0000000000        0.0000000000
     2304.0000000000        0.0000000000        0.0000000000
     2305.0000000000        0.0000000000        0.0000000000
     2306.0000000000        0.0000000000        0.0000000000
     2307.0000000000        0.0000000000        0.0000000000
     2308.0000000000        0.0000000000        0.0000000000
     2309.0000000000        0.0000000000        0.0000000000
     2310.0000000000        0.0000000000        0.0000000000
     2311.0000000000        0.0000000000        0.0000000000
     2312.0000000000        0.0000000000        0.0000000000
     2313.0000000000        0.0000000000        0.0000000000
     2314.0000000000        0.0000000000        0.0000000000
     2315.0000000000        0.0000000000        0.0000000000
     2316.0000000000        0.0000000000        0.0000000000
     2317.0000000000        0.0000000000        0.0000000000
     2318.0000000000        0.0000000000        0.0000000000
     2319.0000000000        0.0000000000        0.0000000000
     2320.0000000000        0.0000000000        0.0000000000
     2321.0000000000        0.0000000000        0.0000000000
     2322.0000000000        0.0000000000        0.0000000000
     2323.0000000000        0.0000000000        0.0000000000
     2324.0000000000        0.0000000000        0.0000000000
     2325.0000000000        0.0000000000        0.0000000000
     2326.0000000000        0.0000000000        0.0000000000
     2327.0000000000        0.0000000000        0.0000000000
     2328.0000000000        0.0000000000        0.0000000000
     2329.0000000000        0.0000000000        0.0000000000
     2330.0000000000        0.0000000000        0.0000000000
     2331.0000000000        0.0000000000        0.0000000000
     2332.0000000000        0.0000000000        0.0000000000
     2333.0000000000        0.0000000000        0.0000000000
     2334.0000000000        0.0000000000        0.0000000000
     2335.0000000000        0.0000000000        0.0000000000
     2336.0000000000        0.0000000000        0.0000000000
     2337.0000000000        0.0000000000        0.0000000000
     2338.0000000000        0.0000000000        0.0000000000
     2339.0000000000        0.0000000000        0.0000000000
     2340.0000000000        0.0000000000        0.0000000000
     2341.0000000000        0.0000000000        0.0000000000
     2342.0000000000        0.0000000000        0.0000000000
     2343.0000000000        0.0000000000        0.0000000000
     2344.0000000000        0.0000000000        0.0000000000
     2345.0000000000        0.0000000000        0.0000000000
     2346.0000000000        0.0000000000        0.0000000000
     2347.0000000000        0.0000000000        0.0000000000
     2348.0000000000        0.0000000000        0.0000000000
     2349.0000000000        0.0000000000        0.0000000000
     2350.0000000000        0.0000000000        0.0000000000
     2351.0000000000        0.0000000000        0.0000000000
     2352.0000000000        0.0000000000        0.0000000000
     2353.0000000000        0.0000000000        0.0000000000
     2354.0000000000        0.0000000000        0.0000000000
     2355.0000000000        0.0000000000        0.0000000000
     2356.0000000000        0.0000000000        0.0000000000
     2357.0000000000        0.0000000000        0.0000000000
     2358.0000000000        0.0000000000        0.0000000000
     2359.0000000000        0.0000000000        0.0000000000
     2360.0000000000        0.0000000000        0.0000000000
     2361.0000000000        0.0000000000        0.0000000000
     2362.0000000000        0.0000000000        0.0000000000
     2363.0000000000        0.0000000000        0.0000000000
     2364.0000000000        0.0000000000        0.0000000000
     2365.0000000000        0.0000000000        0.0000000000
     2366.0000000000        0.0000000000        0.0000000000
     2367.0000000000        0.0000000000        0.0000000000
     2368.0000000000        0.0000000000        0.0000000000
     2369.0000000000        0.0000000000        0.0000000000
     2370.0000000000        0.0000000000        0.0000000000
     2371.0000000000        0.0000000000        0.0000000000
     2372.0000000000        0.0000000000        0.0000000000
     2373.0000000000        0.0000000000        0.0000000000
     2374.0000000000        0.0000000000        0.0000000000
     2375.0000000000        0.0000000000        0.0000000000
     2376.0000000000        0.0000000000        0.0000000000
     2377.0000000000        0.0000000000        0.0000000000
     2378.0000000000        0.0000000000        0.0000000000
     2379.0000000000        0.0000000000        0.0000000000
     2380.0000000000        0.0000000000        0.0000000000
     2381.0000000000        0.0000000000        0.0000000000
     2382.0000000000        0.0000000000        0.0000000000
     2383.0000000000        0.0000000000        0.0000000000
     2384.0000000000        0.0000000000        0.0000000000
     2385.0000000000        0.0000000000        0.0000000000
     2386.0000000000        0.0000000000        0.0000000000
     2387.0000000000        0.0000000000        0.0000000000
     2388.0000000000        0.0000000000        0.0000000000
     2389.0000000000        0.0000000000        0.0000000000
     2390.0000000000        0.0000000000        0.0000000000
     2391.0000000000        0.0000000000        0.0000000000
     2392.0000000000        0.0000000000        0.0000000000
     2393.0000000000        0.0000000000        0.0000000000
     2394.0000000000        0.0000000000        0.0000000000
     2395.0000000000        0.0000000000        0.0000000000
     2396.0000000000        0.0000000000        0.0000000000
     2397.0000000000        0.0000000000        0.0000000000
     2398.0000000000        0.0000000000        0.0000000000
     2399.0000000000        0.0000000000        0.0000000000
     2400.0000000000        0.0000000000        0.0000000000
     2401.0000000000        0.0000000000        0.0000000000
     2402.0000000000        0.0000000000        0.0000000000
     2403.0000000000        0.0000000000        0.0000000000
     2404.0000000000        0.0000000000        0.0000000000
     2405.0000000000        0.0000000000        0.0000000000
     2406.0000000000        0.0000000000        0.0000000000
     2407.0000000000        0.0000000000        0.0000000000
     2408.0000000000        0.0000000000        0.0000000000
     2409.0000000000        0.0000000000        0.0000000000
     2410.0000000000        0.0000000000        0.0000000000
     2411.0000000000        0.0000000000        0.0000000000
     2412.0000000000        0.0000000000        0.0000000000
     2413.0000000000        0.0000000000        0.0000000000
     2414.0000000000        0.0000000000        0.0000000000
     2415.0000000000        0.0000000000        0.0000000000
     2416.0000000000        0.0000000000        0.0000000000
     2417.0000000000        0.0000000000        0.0000000000
     2418.0000000000        0.0000000000        0.0000000000
     2419.0000000000        0.0000000000        0.0000000000
     2420.0000000000        0.0000000000        0.0000000000
     2421.0000000000        0.0000000000        0.0000000000
     2422.0000000000        0.0000000000        0.0000000000
     2423.0000000000        0.0000000000        0.0000000000
     2424.0000000000        0.0000000000        0.0000000000
     2425.0000000000        0.0000000000        0.0000000000
     2426.0000000000        0.0000000000        0.0000000000
     2427.0000000000        0.0000000000        0.0000000000
     2428.0000000000        0.0000000000        0.0000000000
     2429.0000000000        0.0000000000        0.0000000000
     2430.0000000000        0.0000000000        0.0000000000
     2431.0000000000        0.0000000000        0.0000000000
     2432.0000000000        0.0000000000        0.0000000000
     2433.0000000000        0.0000000000        0.0000000000
     2434.0000000000        0.0000000000        0.0000000000
     2435.0000000000        0.0000000000        0.0000000000
     2436.0000000000        0.0000000000        0.0000000000
     2437.0000000000        0.0000000000        0.0000000000
     2438.0000000000        0.0000000000        0.0000000000
     2439.0000000000        0.0000000000        0.0000000000
     2440.0000000000        0.0000000000        0.0000000000
     2441.0000000000        0.0000000000        0.0000000000
     2442.0000000000        0.0000000000        0.0000000000
     2443.0000000000        0.0000000000        0.0000000000
     2444.0000000000        0.0000000000        0.0000000000
     2445.0000000000        0.0000000000        0.0000000000
     2446.0000000000        0.0000000000        0.0000000000
     2447.0000000000        0.0000000000        0.0000000000
     2448.0000000000        0.0000000000        0.0000000000
     2449.0000000000        0.0000000000        0.0000000000
     2450.0000000000        0.0000000000        0.0000000000
     2451.0000000000        0.0000000000        0.0000000000
     2452.0000000000        0.0000000000        0.0000000000
     2453.0000000000        0.0000000000        0.0000000000
     2454.0000000000        0.0000000000        0.0000000000
     2455.0000000000        0.0000000000        0.0000000000
     2456.0000000000        0.0000000000        0.0000000000
     2457.0000000000        0.0000000000        0.0000000000
     2458.0000000000        0.0000000000        0.0000000000
     2459.0000000000        0.0000000000        0.0000000000
     2460.0000000000        0.0000000000        0.0000000000
     2461.0000000000        0.0000000000        0.0000000000
     2462.0000000000        0.0000000000        0.0000000000
     2463.0000000000        0.0000000000        0.0000000000
     2464.0000000000        0.0000000000        0.0000000000
     2465.0000000000        0.0000000000        0.0000000000
     2466.0000000000        0.0000000000        0.0000000000
     2467.0000000000        0.0000000000        0.0000000000
     2468.0000000000        0.0000000000        0.0000000000
     2469.0000000000        0.0000000000        0.0000000000
     2470.0000000000        0.0000000000        0.0000000000
     2471.0000000000        0.0000000000        0.0000000000
     2472.0000000000        0.0000000000        0.0000000000
     2473.0000000000        0.0000000000        0.0000000000
     2474.0000000000        0.0000000000        0.0000000000
     2475.0000000000        0.0000000000        0.0000000000
     2476.0000000000        0.0000000000        0.0000000000
     2477.0000000000        0.0000000000        0.0000000000
     2478.0000000000        0.0000000000        0.0000000000
     2479.0000000000        0.0000000000        0.0000000000
     2480.0000000000        0.0000000000        0.0000000000
     2481.0000000000        0.0000000000        0.0000000000
     2482.0000000000        0.0000000000        0.0000000000
     2483.0000000000        0.0000000000        0.0000000000
     2484.0000000000        0.0000000000        0.0000000000
     2485.0000000000        0.0000000000        0.0000000000
     2486.0000000000        0.0000000000        0.0000000000
     2487.0000000000        0.0000000000        0.0000000000
     2488.0000000000        0.0000000000        0.0000000000
     2489.0000000000        0.0000000000        0.0000000000
     2490.0000000000        0.0000000000        0.0000000000
     2491.0000000000        0.0000000000        0.0000000000
     2492.0000000000        0.0000000000        0.0000000000
     2493.0000000000        0.0000000000        0.0000000000
     2494.0000000000        0.0000000000        0.0000000000
     2495.0000000000        0.0000000000        0.0000000000
     2496.0000000000        0.0000000000        0.0000000000
     2497.0000000000        0.0000000000        0.0000000000
     2498.0000000000        0.0000000000        0.0000000000
     2499.0000000000        0.0000000000        0.0000000000
     2500.0000000000        0.0000000000        0.0000000000
     2501.0000000000        0.0000000000        0.0000000000
     2502.0000000000        0.0000000000        0.0000000000
     2503.0000000000        0.0000000000        0.0000000000
     2504.0000000000        0.0000000000        0.0000000000
     2505.0000000000        0.0000000000        0.0000000000
     2506.0000000000        0.0000000000        0.0000000000
     2507.0000000000        0.0000000000        0.0000000000
     2508.0000000000        0.0000000000        0.0000000000
     2509.0000000000        0.0000000000        0.0000000000
     2510.0000000000        0.0000000000        0.0000000000
     2511.0000000000        0.0000000000        0.0000000000
     2512.0000000000        0.0000000000        0.0000000000
     2513.0000000000        0.0000000000        0.0000000000
     2514.0000000000        0.0000000000        0.0000000000
     2515.0000000000        0.0000000000        0.0000000000
     2516.0000000000        0.0000000000        0.0000000000
     2517.0000000000        0.0000000000        0.0000000000
     2518.0000000000        0.0000000000        0.0000000000
     2519.0000000000        0.0000000000        0.0000000000
     2520.0000000000        0.0000000000        0.0000000000
     2521.0000000000        0.0000000000        0.0000000000
     2522.0000000000        0.0000000000        0.0000000000
     2523.0000000000        0.0000000000        0.0000000000
     2524.0000000000        0.0000000000        0.0000000000
     2525.0000000000        0.0000000000        0.0000000000
     2526.0000000000        0.0000000000        0.0000000000
     2527.0000000000        0.0000000000        0.0000000000
     2528.0000000000        0.0000000000        0.0000000000
     2529.0000000000        0.0000000000        0.0000000000
     2530.0000000000        0.0000000000        0.0000000000
     2531.0000000000        0.0000000000        0.0000000000
     2532.0000000000        0.0000000000        0.0000000000
     2533.0000000000        0.0000000000        0.0000000000
     2534.0000000000        0.0000000000        0.0000000000
     2535.0000000000        0.0000000000        0.0000000000
     2536.0000000000        0.0000000000        0.0000000000
     2537.0000000000        0.0000000000        0.0000000000
     2538.0000000000        0.0000000000        0.0000000000
     2539.0000000000        0.0000000000        0.0000000000
     2540.0000000000        0.0000000000        0.0000000000
     2541.0000000000        0.0000000000        0.0000000000
     2542.0000000000        0.0000000000        0.0000000000
     2543.0000000000        0.0000000000        0.0000000000
     2544.0000000000        0.0000000000        0.0000000000
     2545.0000000000        0.0000000000        0.0000000000
     2546.0000000000        0.0000000000        0.0000000000
     2547.0000000000        0.0000000000        0.0000000000
     2548.0000000000        0.0000000000        0.0000000000
     2549.0000000000        0.0000000000        0.0000000000
     2550.0000000000        0.0000000000        0.0000000000
     2551.0000000000        0.0000000000        0.0000000000
     2552.0000000000        0.0000000000        0.0000000000
     2553.0000000000        0.0000000000        0.0000000000
     2554.0000000000        0.0000000000        0.0000000000
     2555.0000000000        0.0000000000        0.0000000000
     2556.0000000000        0.0000000000        0.0000000000
     2557.0000000000        0.0000000000        0.0000000000
     2558.0000000000        0.0000000000        0.0000000000
     2559.0000000000        0.0000000000        0.0000000000
     2560.0000000000        0.0000000000        0.0000000000
     2561.0000000000        0.0000000000        0.0000000000
     2562.0000000000        0.0000000000        0.0000000000
     2563.0000000000        0.0000000000        0.0000000000
     2564.0000000000        0.0000000000        0.0000000000
     2565.0000000000        0.0000000000        0.0000000000
     2566.0000000000        0.0000000000        0.0000000000
     2567.0000000000        0.0000000000        0.0000000000
     2568.0000000000        0.0000000000        0.0000000000
     2569.0000000000        0.0000000000        0.0000000000
     2570.0000000000        0.0000000000        0.0000000000
     2571.0000000000        0.0000000000        0.0000000000
     2572.0000000000        0.0000000000        0.0000000000
     2573.0000000000        0.0000000000        0.0000000000
     2574.0000000000        0.0000000000        0.0000000000
     2575.0000000000        0.0000000000        0.0000000000
     2576.0000000000        0.0000000000        0.0000000000
     2577.0000000000        0.0000000000        0.0000000000
     2578.0000000000        0.0000000000        0.0000000000
     2579.0000000000        0.0000000000        0.0000000000
     2580.0000000000        0.0000000000        0.0000000000
     2581.0000000000        0.0000000000        0.0000000000
     2582.0000000000        0.0000000000        0.0000000000
     2583.0000000000        0.0000000000        0.0000000000
     2584.0000000000        0.0000000000        0.0000000000
     2585.0000000000        0.0000000000        0.0000000000
     2586.0000000000        0.0000000000        0.0000000000
     2587.0000000000        0.0000000000        0.0000000000
     2588.0000000000        0.0000000000        0.0000000000
     2589.0000000000        0.0000000000        0.0000000000
     2590.0000000000        0.0000000000        0.0000000000
     2591.0000000000        0.0000000000        0.0000000000
     2592.0000000000        0.0000000000        0.0000000000
     2593.0000000000        0.0000000000        0.0000000000
     2594.0000000000        0.0000000000        0.0000000000
     2595.0000000000        0.0000000000        0.0000000000
     2596.0000000000        0.0000000000        0.0000000000
     2597.0000000000        0.0000000000        0.0000000000
     2598.0000000000        0.0000000000        0.0000000000
     2599.0000000000        0.0000000000        0.0000000000
     2600.0000000000        0.0000000000        0.0000000000
     2601.0000000000        0.0000000000        0.0000000000
     2602.0000000000        0.0000000000        0.0000000000
     2603.0000000000        0.0000000000        0.0000000000
     2604.0000000000        0.0000000000        0.0000000000
     2605.0000000000        0.0000000000        0.0000000000
     2606.0000000000        0.0000000000        0.0000000000
     2607.0000000000        0.0000000000        0.0000000000
     2608.0000000000        0.0000000000        0.0000000000
     2609.0000000000        0.0000000000        0.0000000000
     2610.0000000000        0.0000000000        0.0000000000
     2611.0000000000        0.0000000000        0.0000000000
     2612.0000000000        0.0000000000        0.0000000000
     2613.0000000000        0.0000000000        0.0000000000
     2614.0000000000        0.0000000000        0.0000000000
     2615.0000000000        0.0000000000        0.0000000000
     2616.0000000000        0.0000000000        0.0000000000
     2617.0000000000        0.0000000000        0.0000000000
     2618.0000000000        0.0000000000        0.0000000000
     2619.0000000000        0.0000000000        0.0000000000
     2620.0000000000        0.0000000000        0.0000000000
     2621.0000000000        0.0000000000        0.0000000000
     2622.0000000000        0.0000000000        0.0000000000
     2623.0000000000        0.0000000000        0.0000000000
     2624.0000000000        0.0000000000        0.0000000000
     2625.0000000000        0.0000000000        0.0000000000
     2626.0000000000        0.0000000000        0.0000000000
     2627.0000000000        0.0000000000        0.0000000000
     2628.0000000000        0.0000000000        0.0000000000
     2629.0000000000        0.0000000000        0.0000000000
     2630.0000000000        0.0000000000        0.0000000000
     2631.0000000000        0.0000000000        0.0000000000
     2632.0000000000        0.0000000000        0.0000000000
     2633.0000000000        0.0000000000        0.0000000000
     2634.0000000000        0.0000000000        0.0000000000
     2635.0000000000        0.0000000000        0.0000000000
     2636.0000000000        0.0000000000        0.0000000000
     2637.0000000000        0.0000000000        0.0000000000
     2638.0000000000        0.0000000000        0.0000000000
     2639.0000000000        0.0000000000        0.0000000000
     2640.0000000000        0.0000000000        0.0000000000
     2641.0000000000        0.0000000000        0.0000000000
     2642.0000000000        0.0000000000        0.0000000000
     2643.0000000000        0.0000000000        0.0000000000
     2644.0000000000        0.0000000000        0.0000000000
     2645.0000000000        0.0000000000        0.0000000000
     2646.0000000000        0.0000000000        0.0000000000
     2647.0000000000        0.0000000000        0.0000000000
     2648.0000000000        0.0000000000        0.0000000000
     2649.0000000000        0.0000000000        0.0000000000
     2650.0000000000        0.0000000000        0.0000000000
     2651.0000000000        0.0000000000        0.0000000000
     2652.0000000000        0.0000000000        0.0000000000
     2653.0000000000        0.0000000000        0.0000000000
     2654.0000000000        0.0000000000        0.0000000000
     2655.0000000000        0.0000000000        0.0000000000
     2656.0000000000        0.0000000000        0.0000000000
     2657.0000000000        0.0000000000        0.0000000000
     2658.0000000000        0.0000000000        0.0000000000
     2659.0000000000        0.0000000000        0.0000000000
     2660.0000000000        0.0000000000        0.0000000000
     2661.0000000000        0.0000000000        0.0000000000
     2662.0000000000        0.0000000000        0.0000000000
     2663.0000000000        0.0000000000        0.0000000000
     2664.0000000000        0.0000000000        0.0000000000
     2665.0000000000        0.0000000000        0.0000000000
     2666.0000000000        0.0000000000        0.0000000000
     2667.0000000000        0.0000000000        0.0000000000
     2668.0000000000        0.0000000000        0.0000000000
     2669.0000000000        0.0000000000        0.0000000000
     2670.0000000000        0.0000000000        0.0000000000
     2671.0000000000        0.0000000000        0.0000000000
     2672.0000000000        0.0000000000        0.0000000000
     2673.0000000000        0.0000000000        0.0000000000
     2674.0000000000        0.0000000000        0.0000000000
     2675.0000000000        0.0000000000        0.0000000000
     2676.0000000000        0.0000000000        0.0000000000
     2677.0000000000        0.0000000000        0.0000000000
     2678.0000000000        0.0000000000        0.0000000000
     2679.0000000000        0.0000000000        0.0000000000
     2680.0000000000        0.0000000000        0.0000000000
     2681.0000000000        0.0000000000        0.0000000000
     2682.0000000000        0.0000000000        0.0000000000
     2683.0000000000        0.0000000000        0.0000000000
     2684.0000000000        0.0000000000        0.0000000000
     2685.0000000000        0.0000000000        0.0000000000
     2686.0000000000        0.0000000000        0.0000000000
     2687.0000000000        0.0000000000        0.0000000000
     2688.0000000000        0.0000000000        0.0000000000
     2689.0000000000        0.0000000000        0.0000000000
     2690.0000000000        0.0000000000        0.0000000000
     2691.0000000000        0.0000000000        0.0000000000
     2692.0000000000        0.0000000000        0.0000000000
     2693.0000000000        0.0000000000        0.0000000000
     2694.0000000000        0.0000000000        0.0000000000
     2695.0000000000        0.0000000000        0.0000000000
     2696.0000000000        0.0000000000        0.0000000000
     2697.0000000000        0.0000000000        0.0000000000
     2698.0000000000        0.0000000000        0.0000000000
     2699.0000000000        0.0000000000        0.0000000000
     2700.0000000000        0.0000000000        0.0000000000
     2701.0000000000        0.0000000000        0.0000000000
     2702.0000000000        0.0000000000        0.0000000000
     2703.0000000000        0.0000000000        0.0000000000
     2704.0000000000        0.0000000000        0.0000000000
     2705.0000000000        0.0000000000        0.0000000000
     2706.0000000000        0.0000000000        0.0000000000
     2707.0000000000        0.0000000000        0.0000000000
     2708.0000000000        0.0000000000        0.0000000000
     2709.0000000000        0.0000000000        0.0000000000
     2710.0000000000        0.0000000000        0.0000000000
     2711.0000000000        0.0000000000        0.0000000000
     2712.0000000000        0.0000000000        0.0000000000
     2713.0000000000        0.0000000000        0.0000000000
     2714.0000000000        0.0000000000        0.0000000000
     2715.0000000000        0.0000000000        0.0000000000
     2716.0000000000        0.0000000000        0.0000000000
     2717.0000000000        0.0000000000        0.0000000000
     2718.0000000000        0.0000000000        0.0000000000
     2719.0000000000        0.0000000000        0.0000000000
     2720.0000000000        0.0000000000        0.0000000000
     2721.0000000000        0.0000000000        0.0000000000
     2722.0000000000        0.0000000000        0.0000000000
     2723.0000000000        0.0000000000        0.0000000000
     2724.0000000000        0.0000000000        0.0000000000
     2725.0000000000        0.0000000000        0.0000000000
     2726.0000000000        0.0000000000        0.0000000000
     2727.0000000000        0.0000000000        0.0000000000
     2728.0000000000        0.0000000000        0.0000000000
     2729.0000000000        0.0000000000        0.0000000000
     2730.0000000000        0.0000000000        0.0000000000
     2731.0000000000        0.0000000000        0.0000000000
     2732.0000000000        0.0000000000        0.0000000000
     2733.0000000000        0.0000000000        0.0000000000
     2734.0000000000        0.0000000000        0.0000000000
     2735.0000000000        0.0000000000        0.0000000000
     2736.0000000000        0.0000000000        0.0000000000
     2737.0000000000        0.0000000000        0.0000000000
     2738.0000000000        0.0000000000        0.0000000000
     2739.0000000000        0.0000000000        0.0000000000
     2740.0000000000        0.0000000000        0.0000000000
     2741.0000000000        0.0000000000        0.0000000000
     2742.0000000000        0.0000000000        0.0000000000
     2743.0000000000        0.0000000000        0.0000000000
     2744.0000000000        0.0000000000        0.0000000000
     2745.0000000000        0.0000000000        0.0000000000
     2746.0000000000        0.0000000000        0.0000000000
     2747.0000000000        0.0000000000        0.0000000000
     2748.0000000000        0.0000000000        0.0000000000
     2749.0000000000        0.0000000000        0.0000000000
     2750.0000000000        0.0000000000        0.0000000000
     2751.0000000000        0.0000000000        0.0000000000
     2752.0000000000        0.0000000000        0.0000000000
     2753.0000000000        0.0000000000        0.0000000000
     2754.0000000000        0.0000000000        0.0000000000
     2755.0000000000        0.0000000000        0.0000000000
     2756.0000000000        0.0000000000        0.0000000000
     2757.0000000000        0.0000000000        0.0000000000
     2758.0000000000        0.0000000000        0.0000000000
     2759.0000000000        0.0000000000        0.0000000000
     2760.0000000000        0.0000000000        0.0000000000
     2761.0000000000        0.0000000000        0.0000000000
     2762.0000000000        0.0000000000        0.0000000000
     2763.0000000000        0.0000000000        0.0000000000
     2764.0000000000        0.0000000000        0.0000000000
     2765.0000000000        0.0000000000        0.0000000000
     2766.0000000000        0.0000000000        0.0000000000
     2767.0000000000        0.0000000000        0.0000000000
     2768.0000000000        0.0000000000        0.0000000000
     2769.0000000000        0.0000000000        0.0000000000
     2770.0000000000        0.0000000000        0.0000000000
     2771.0000000000        0.0000000000        0.0000000000
     2772.0000000000        0.0000000000        0.0000000000
     2773.0000000000        0.0000000000        0.0000000000
     2774.0000000000        0.0000000000        0.0000000000
     2775.0000000000        0.0000000000        0.0000000000
     2776.0000000000        0.0000000000        0.0000000000
     2777.0000000000        0.0000000000        0.0000000000
     2778.0000000000        0.0000000000        0.0000000000
     2779.0000000000        0.0000000000        0.0000000000
     2780.0000000000        0.0000000000        0.0000000000
     2781.0000000000        0.0000000000        0.0000000000
     2782.0000000000        0.0000000000        0.0000000000
     2783.0000000000        0.0000000000        0.0000000000
     2784.0000000000        0.0000000000        0.0000000000
     2785.0000000000        0.0000000000        0.0000000000
     2786.0000000000        0.0000000000        0.0000000000
     2787.0000000000        0.0000000000        0.0000000000
     2788.0000000000        0.0000000000        0.0000000000
     2789.0000000000        0.0000000000        0.0000000000
     2790.0000000000        0.0000000000        0.0000000000
     2791.0000000000        0.0000000000        0.0000000000
     2792.0000000000        0.0000000000        0.0000000000
     2793.0000000000        0.0000000000        0.0000000000
     2794.0000000000        0.0000000000        0.0000000000
     2795.0000000000        0.0000000000        0.0000000000
     2796.0000000000        0.0000000000        0.0000000000
     2797.0000000000        0.0000000000        0.0000000000
     2798.0000000000        0.0000000000        0.0000000000
     2799.0000000000        0.0000000000        0.0000000000
     2800.0000000000        0.0000000000        0.0000000000
     2801.0000000000        0.0000000000        0.0000000000
     2802.0000000000        0.0000000000        0.0000000000
     2803.0000000000        0.0000000000        0.0000000000
     2804.0000000000        0.0000000000        0.0000000000
     2805.0000000000        0.0000000000        0.0000000000
     2806.0000000000        0.0000000000        0.0000000000
     2807.0000000000        0.0000000000        0.0000000000
     2808.0000000000        0.0000000000        0.0000000000
     2809.0000000000        0.0000000000        0.0000000000
     2810.0000000000        0.0000000000        0.0000000000
     2811.0000000000        0.0000000000        0.0000000000
     2812.0000000000        0.0000000000        0.0000000000
     2813.0000000000        0.0000000000        0.0000000000
     2814.0000000000        0.0000000000        0.0000000000
     2815.0000000000        0.0000000000        0.0000000000
     2816.0000000000        0.0000000000        0.0000000000
     2817.0000000000        0.0000000000        0.0000000000
     2818.0000000000        0.0000000000        0.0000000000
     2819.0000000000        0.0000000000        0.0000000000
     2820.0000000000        0.0000000000        0.0000000000
     2821.0000000000        0.0000000000        0.0000000000
     2822.0000000000        0.0000000000        0.0000000000
     2823.0000000000        0.0000000000        0.0000000000
     2824.0000000000        0.0000000000        0.0000000000
     2825.0000000000        0.0000000000        0.0000000000
     2826.0000000000        0.0000000000        0.0000000000
     2827.0000000000        0.0000000000        0.0000000000
     2828.0000000000        0.0000000000        0.0000000000
     2829.0000000000        0.0000000000        0.0000000000
     2830.0000000000        0.0000000000        0.0000000000
     2831.0000000000        0.0000000000        0.0000000000
     2832.0000000000        0.0000000000        0.0000000000
     2833.0000000000        0.0000000000        0.0000000000
     2834.0000000000        0.0000000000        0.0000000000
     2835.0000000000        0.0000000000        0.0000000000
     2836.0000000000        0.0000000000        0.0000000000
     2837.0000000000        0.0000000000        0.0000000000
     2838.0000000000        0.0000000000        0.0000000000
     2839.0000000000        0.0000000000        0.0000000000
     2840.0000000000        0.0000000000        0.0000000000
     2841.0000000000        0.0000000000        0.0000000000
     2842.0000000000        0.0000000000        0.0000000000
     2843.0000000000        0.0000000000        0.0000000000
     2844.0000000000        0.0000000000        0.0000000000
     2845.0000000000        0.0000000000        0.0000000000
     2846.0000000000        0.0000000000        0.0000000000
     2847.0000000000        0.0000000000        0.0000000000
     2848.0000000000        0.0000000000        0.0000000000
     2849.0000000000        0.0000000000        0.0000000000
     2850.0000000000        0.0000000000        0.0000000000
     2851.0000000000        0.0000000000        0.0000000000
     2852.0000000000        0.0000000000        0.0000000000
     2853.0000000000        0.0000000000        0.0000000000
     2854.0000000000        0.0000000000        0.0000000000
     2855.0000000000        0.0000000000        0.0000000000
     2856.0000000000        0.0000000000        0.0000000000
     2857.0000000000        0.0000000000        0.0000000000
     2858.0000000000        0.0000000000        0.0000000000
     2859.0000000000        0.0000000000        0.0000000000
     2860.0000000000        0.0000000000        0.0000000000
     2861.0000000000        0.0000000000        0.0000000000
     2862.0000000000        0.0000000000        0.0000000000
     2863.0000000000        0.0000000000        0.0000000000
     2864.0000000000        0.0000000000        0.0000000000
     2865.0000000000        0.0000000000        0.0000000000
     2866.0000000000        0.0000000000        0.0000000000
     2867.0000000000        0.0000000000        0.0000000000
     2868.0000000000        0.0000000000        0.0000000000
     2869.0000000000        0.0000000000        0.0000000000
     2870.0000000000        0.0000000000        0.0000000000
     2871.0000000000        0.0000000000        0.0000000000
     2872.0000000000        0.0000000000        0.0000000000
     2873.0000000000        0.0000000000        0.0000000000
     2874.0000000000        0.0000000000        0.0000000000
     2875.0000000000        0.0000000000        0.0000000000
     2876.0000000000        0.0000000000        0.0000000000
     2877.0000000000        0.0000000000        0.0000000000
     2878.0000000000        0.0000000000        0.0000000000
     2879.0000000000        0.0000000000        0.0000000000
     2880.0000000000        0.0000000000        0.0000000000
     2881.0000000000        0.0000000000        0.0000000000
     2882.0000000000        0.0000000000        0.0000000000
     2883.0000000000        0.0000000000        0.0000000000
     2884.0000000000        0.0000000000        0.0000000000
     2885.0000000000        0.0000000000        0.0000000000
     2886.0000000000        0.0000000000        0.0000000000
     2887.0000000000        0.0000000000        0.0000000000
     2888.0000000000        0.0000000000        0.0000000000
     2889.0000000000        0.0000000000        0.0000000000
     2890.0000000000        0.0000000000        0.0000000000
     2891.0000000000        0.0000000000        0.0000000000
     2892.0000000000        0.0000000000        0.0000000000
     2893.0000000000        0.0000000000        0.0000000000
     2894.0000000000        0.0000000000        0.0000000000
     2895.0000000000        0.0000000000        0.0000000000
     2896.0000000000        0.0000000000        0.0000000000
     2897.0000000000        0.0000000000        0.0000000000
     2898.0000000000        0.0000000000        0.0000000000
     2899.0000000000        0.0000000000        0.0000000000
     2900.0000000000        0.0000000000        0.0000000000
     2901.0000000000        0.0000000000        0.0000000000
     2902.0000000000        0.0000000000        0.0000000000
     2903.0000000000        0.0000000000        0.0000000000
     2904.0000000000        0.0000000000        0.0000000000
     2905.0000000000        0.0000000000        0.0000000000
     2906.0000000000        0.0000000000        0.0000000000
     2907.0000000000        0.0000000000        0.0000000000
     2908.0000000000        0.0000000000        0.0000000000
     2909.0000000000        0.0000000000        0.0000000000
     2910.0000000000        0.0000000000        0.0000000000
     2911.0000000000        0.0000000000        0.0000000000
     2912.0000000000        0.0000000000        0.0000000000
     2913.0000000000        0.0000000000        0.0000000000
     2914.0000000000        0.0000000000        0.0000000000
     2915.0000000000        0.0000000000        0.0000000000
     2916.0000000000        0.0000000000        0.0000000000
     2917.0000000000        0.0000000000        0.0000000000
     2918.0000000000        0.0000000000        0.0000000000
     2919.0000000000        0.0000000000        0.0000000000
     2920.0000000000        0.0000000000        0.0000000000
     2921.0000000000        0.0000000000        0.0000000000
     2922.0000000000        0.0000000000        0.0000000000
     2923.0000000000        0.0000000000        0.0000000000
     2924.0000000000        0.0000000000        0.0000000000
     2925.0000000000        0.0000000000        0.0000000000
     2926.0000000000        0.0000000000        0.0000000000
     2927.0000000000        0.0000000000        0.0000000000
     2928.0000000000        0.0000000000        0.0000000000
     2929.0000000000        0.0000000000        0.0000000000
     2930.0000000000        0.0000000000        0.0000000000
     2931.0000000000        0.0000000000        0.0000000000
     2932.0000000000        0.0000000000        0.0000000000
     2933.0000000000        0.0000000000        0.0000000000
     2934.0000000000        0.0000000000        0.0000000000
     2935.0000000000        0.0000000000        0.0000000000
     2936.0000000000        0.0000000000        0.0000000000
     2937.0000000000        0.0000000000        0.0000000000
     2938.0000000000        0.0000000000        0.0000000000
     2939.0000000000        0.0000000000        0.0000000000
     2940.0000000000        0.0000000000        0.0000000000
     2941.0000000000        0.0000000000        0.0000000000
     2942.0000000000        0.0000000000        0.0000000000
     2943.0000000000        0.0000000000        0.0000000000
     2944.0000000000        0.0000000000        0.0000000000
     2945.0000000000        0.0000000000        0.0000000000
     2946.0000000000        0.0000000000        0.0000000000
     2947.0000000000        0.0000000000        0.0000000000
     2948.0000000000        0.0000000000        0.0000000000
     2949.0000000000        0.0000000000        0.0000000000
     2950.0000000000        0.0000000000        0.0000000000
     2951.0000000000        0.0000000000        0.0000000000
     2952.0000000000        0.0000000000        0.0000000000
     2953.0000000000        0.0000000000        0.0000000000
     2954.0000000000        0.0000000000        0.0000000000
     2955.0000000000        0.0000000000        0.0000000000
     2956.0000000000        0.0000000000        0.0000000000
     2957.0000000000        0.0000000000        0.0000000000
     2958.0000000000        0.0000000000        0.0000000000
     2959.0000000000        0.0000000000        0.0000000000
     2960.0000000000        0.0000000000        0.0000000000
     2961.0000000000        0.0000000000        0.0000000000
     2962.0000000000        0.0000000000        0.0000000000
     2963.0000000000        0.0000000000        0.0000000000
     2964.0000000000        0.0000000000        0.0000000000
     2965.0000000000        0.0000000000        0.0000000000
     2966.0000000000        0.0000000000        0.0000000000
     2967.0000000000        0.0000000000        0.0000000000
     2968.0000000000        0.0000000000        0.0000000000
     2969.0000000000        0.0000000000        0.0000000000
     2970.0000000000        0.0000000000        0.0000000000
     2971.0000000000        0.0000000000        0.0000000000
     2972.0000000000        0.0000000000        0.0000000000
     2973.0000000000        0.0000000000        0.0000000000
     2974.0000000000        0.0000000000        0.0000000000
     2975.0000000000        0.0000000000        0.0000000000
     2976.0000000000        0.0000000000        0.0000000000
     2977.0000000000        0.0000000000        0.0000000000
     2978.0000000000        0.0000000000        0.0000000000
     2979.0000000000        0.0000000000        0.0000000000
     2980.0000000000        0.0000000000        0.0000000000
     2981.0000000000        0.0000000000        0.0000000000
     2982.0000000000        0.0000000000        0.0000000000
     2983.0000000000        0.0000000000        0.0000000000
     2984.0000000000        0.0000000000        0.0000000000
     2985.0000000000        0.0000000000        0.0000000000
     2986.0000000000        0.0000000000        0.0000000000
     2987.0000000000        0.0000000000        0.0000000000
     2988.0000000000        0.0000000000        0.0000000000
     2989.0000000000        0.0000000000        0.0000000000
     2990.0000000000        0.0000000000        0.0000000000
     2991.0000000000        0.0000000000        0.0000000000
     2992.0000000000        0.0000000000        0.0000000000
     2993.0000000000        0.0000000000        0.0000000000
     2994.0000000000        0.0000000000        0.0000000000
     2995.0000000000        0.0000000000        0.0000000000
     2996.0000000000        0.0000000000        0.0000000000
     2997.0000000000        0.0000000000        0.0000000000
     2998.0000000000        0.0000000000        0.0000000000
     2999.0000000000        0.0000000000        0.0000000000
     3000.0000000000        0.0000000000        0.0000000000
     3001.0000000000        0.0000000000        0.0000000000
     3002.0000000000        0.0000000000        0.0000000000
     3003.0000000000        0.0000000000        0.0000000000
     3004.0000000000        0.0000000000        0.0000000000
     3005.0000000000        0.0000000000        0.0000000000
     3006.0000000000        0.0000000000        0.0000000000
     3007.0000000000        0.0000000000        0.0000000000
     3008.0000000000        0.0000000000        0.0000000000
     3009.0000000000        0.0000000000        0.0000000000
     3010.0000000000        0.0000000000        0.0000000000
     3011.0000000000        0.0000000000        0.0000000000
     3012.0000000000        0.0000000000        0.0000000000
     3013.0000000000        0.0000000000        0.0000000000
     3014.0000000000        0.0000000000        0.0000000000
     3015.0000000000        0.0000000000        0.0000000000
     3016.0000000000        0.0000000000        0.0000000000
     3017.0000000000        0.0000000000        0.0000000000
     3018.0000000000        0.0000000000        0.0000000000
     3019.0000000000        0.0000000000        0.0000000000
     3020.0000000000        0.0000000000        0.0000000000
     3021.0000000000        0.0000000000        0.0000000000
     3022.0000000000        0.0000000000        0.0000000000
     3023.0000000000        0.0000000000        0.0000000000
     3024.0000000000        0.0000000000        0.0000000000
     3025.0000000000        0.0000000000        0.0000000000
     3026.0000000000        0.0000000000        0.0000000000
     3027.0000000000        0.0000000000        0.0000000000
     3028.0000000000        0.0000000000        0.0000000000
     3029.0000000000        0.0000000000        0.0000000000
     3030.0000000000        0.0000000000        0.0000000000
     3031.0000000000        0.0000000000        0.0000000000
     3032.0000000000        0.0000000000        0.0000000000
     3033.0000000000        0.0000000000        0.0000000000
     3034.0000000000        0.0000000000        0.0000000000
     3035.0000000000        0.0000000000        0.0000000000
     3036.0000000000        0.0000000000        0.0000000000
     3037.0000000000        0.0000000000        0.0000000000
     3038.0000000000        0.0000000000        0.0000000000
     3039.0000000000        0.0000000000        0.0000000000
     3040.0000000000        0.0000000000        0.0000000000
     3041.0000000000        0.0000000000        0.0000000000
     3042.0000000000        0.0000000000        0.0000000000
     3043.0000000000        0.0000000000        0.0000000000
     3044.0000000000        0.0000000000        0.0000000000
     3045.0000000000        0.0000000000        0.0000000000
     3046.0000000000        0.0000000000        0.0000000000
     3047.0000000000        0.0000000000        0.0000000000
     3048.0000000000        0.0000000000        0.0000000000
     3049.0000000000        0.0000000000        0.0000000000
     3050.0000000000        0.0000000000        0.0000000000
     3051.0000000000        0.0000000000        0.0000000000
     3052.0000000000        0.0000000000        0.0000000000
     3053.0000000000        0.0000000000        0.0000000000
     3054.0000000000        0.0000000000        0.0000000000
     3055.0000000000        0.0000000000        0.0000000000
     3056.0000000000        0.0000000000        0.0000000000
     3057.0000000000        0.0000000000        0.0000000000
     3058.0000000000        0.0000000000        0.0000000000
     3059.0000000000        0.0000000000        0.0000000000
     3060.0000000000        0.0000000000        0.0000000000
     3061.0000000000        0.0000000000        0.0000000000
     3062.0000000000        0.0000000000        0.0000000000
     3063.0000000000        0.0000000000        0.0000000000
     3064.0000000000        0.0000000000        0.0000000000
     3065.0000000000        0.0000000000        0.0000000000
     3066.0000000000        0.0000000000        0.0000000000
     3067.0000000000        0.0000000000        0.0000000000
     3068.0000000000        0.0000000000        0.0000000000
     3069.0000000000        0.0000000000        0.0000000000
     3070.0000000000        0.0000000000        0.0000000000
     3071.0000000000        0.0000000000        0.0000000000
     3072.0000000000        0.0000000000        0.0000000000
     3073.0000000000        0.0000000000        0.0000000000
     3074.0000000000        0.0000000000        0.0000000000
     3075.0000000000        0.0000000000        0.0000000000
     3076.0000000000        0.0000000000        0.0000000000
     3077.0000000000        0.0000000000        0.0000000000
     3078.0000000000        0.0000000000        0.0000000000
     3079.0000000000        0.0000000000        0.0000000000
     3080.0000000000        0.0000000000        0.0000000000
     3081.0000000000        0.0000000000        0.0000000000
     3082.0000000000        0.0000000000        0.0000000000
     3083.0000000000        0.0000000000        0.0000000000
     3084.0000000000        0.0000000000        0.0000000000
     3085.0000000000        0.0000000000        0.0000000000
     3086.0000000000        0.0000000000        0.0000000000
     3087.0000000000        0.0000000000        0.0000000000
     3088.0000000000        0.0000000000        0.0000000000
     3089.0000000000        0.0000000000        0.0000000000
     3090.0000000000        0.0000000000        0.0000000000
     3091.0000000000        0.0000000000        0.0000000000
     3092.0000000000        0.0000000000        0.0000000000
     3093.0000000000        0.0000000000        0.0000000000
     3094.0000000000        0.0000000000        0.0000000000
     3095.0000000000        0.0000000000        0.0000000000
     3096.0000000000        0.0000000000        0.0000000000
     3097.0000000000        0.0000000000        0.0000000000
     3098.0000000000        0.0000000000        0.0000000000
     3099.0000000000        0.0000000000        0.0000000000
     3100.0000000000        0.0000000000        0.0000000000
     3101.0000000000        0.0000000000        0.0000000000
     3102.0000000000        0.0000000000        0.0000000000
     3103.0000000000        0.0000000000        0.0000000000
     3104.0000000000        0.0000000000        0.0000000000
     3105.0000000000        0.0000000000        0.0000000000
     3106.0000000000        0.0000000000        0.0000000000
     3107.0000000000        0.0000000000        0.0000000000
     3108.0000000000        0.0000000000        0.0000000000
     3109.0000000000        0.0000000000        0.0000000000
     3110.0000000000        0.0000000000        0.0000000000
     3111.0000000000        0.0000000000        0.0000000000
     3112.0000000000        0.0000000000        0.0000000000
     3113.0000000000        0.0000000000        0.0000000000
     3114.0000000000        0.0000000000        0.0000000000
     3115.0000000000        0.0000000000        0.0000000000
     3116.0000000000        0.0000000000        0.0000000000
     3117.0000000000        0.0000000000        0.0000000000
     3118.0000000000        0.0000000000        0.0000000000
     3119.0000000000        0.0000000000        0.0000000000
     3120.0000000000        0.0000000000        0.0000000000
     3121.0000000000        0.0000000000        0.0000000000
     3122.0000000000        0.0000000000        0.0000000000
     3123.0000000000        0.0000000000        0.0000000000
     3124.0000000000        0.0000000000        0.0000000000
     3125.0000000000        0.0000000000        0.0000000000
     3126.0000000000        0.0000000000        0.0000000000
     3127.0000000000        0.0000000000        0.0000000000
     3128.0000000000        0.0000000000        0.0000000000
     3129.0000000000        0.0000000000        0.0000000000
     3130.0000000000        0.0000000000        0.0000000000
     3131.0000000000        0.0000000000        0.0000000000
     3132.0000000000        0.0000000000        0.0000000000
     3133.0000000000        0.0000000000        0.0000000000
     3134.0000000000        0.0000000000        0.0000000000
     3135.0000000000        0.0000000000        0.0000000000
     3136.0000000000        0.0000000000        0.0000000000
     3137.0000000000        0.0000000000        0.0000000000
     3138.0000000000        0.0000000000        0.0000000000
     3139.0000000000        0.0000000000        0.0000000000
     3140.0000000000        0.0000000000        0.0000000000
     3141.0000000000        0.0000000000        0.0000000000
     3142.0000000000        0.0000000000        0.0000000000
     3143.0000000000        0.0000000000        0.0000000000
     3144.0000000000        0.0000000000        0.0000000000
     3145.0000000000        0.0000000000        0.0000000000
     3146.0000000000        0.0000000000        0.0000000000
     3147.0000000000        0.0000000000        0.0000000000
     3148.0000000000        0.0000000000        0.0000000000
     3149.0000000000        0.0000000000        0.0000000000
     3150.0000000000        0.0994890190        0.0012437443
     3151.0000000000        0.1007445201        0.0012673566
     3152.0000000000        0.1020239326        0.0012915702
     3153.0000000000        0.1033278674        0.0013164044
     3154.0000000000        0.1046569550        0.0013418793
     3155.0000000000        0.1060118465        0.0013680157
     3156.0000000000        0.1073932140        0.0013948350
     3157.0000000000        0.1088017518        0.0014223599
     3158.0000000000        0.1102381767        0.0014506136
     3159.0000000000        0.1117032299        0.0014796203
     3160.0000000000        0.1131976769        0.0015094055
     3161.0000000000        0.1147223091        0.0015399953
     3162.0000000000        0.1162779448        0.0015714171
     3163.0000000000        0.1178654301        0.0016036993
     3164.0000000000        0.1194856401        0.0016368717
     3165.0000000000        0.1211394805        0.0016709651
     3166.0000000000        0.1228278880        0.0017060116
     3167.0000000000        0.1245518325        0.0017420448
     3168.0000000000        0.1263123182        0.0017790997
     3169.0000000000        0.1281103847        0.0018172128
     3170.0000000000        0.1299471091        0.0018564220
     3171.0000000000        0.1318236073        0.0018967670
     3172.0000000000        0.1337410356        0.0019382894
     3173.0000000000        0.1357005928        0.0019810322
     3174.0000000000        0.1377035218        0.0020250406
     3175.0000000000        0.1397511117        0.0020703620
     3176.0000000000        0.1418446998        0.0021170455
     3177.0000000000        0.1439856738        0.0021651426
     3178.0000000000        0.1461754743        0.0022147074
     3179.0000000000        0.1484155967        0.0022657962
     3180.0000000000        0.1507075943        0.0023184680
     3181.0000000000        0.1530530809        0.0023727846
     3182.0000000000        0.1554537333        0.0024288106
     3183.0000000000        0.1579112945        0.0024866139
     3184.0000000000        0.1604275770        0.0025462653
     3185.0000000000        0.1630044660        0.0026078395
     3186.0000000000        0.1656439228        0.0026714143
     3187.0000000000        0.1683479889        0.0027370718
     3188.0000000000        0.1711187893        0.0028048979
     3189.0000000000        0.1739585375        0.0028749828
     3190.0000000000        0.1768695394        0.0029474213
     3191.0000000000        0.1798541978        0.0030223130
     3192.0000000000        0.1829150179        0.0030997626
     3193.0000000000        0.1860546122        0.0031798802
     3194.0000000000        0.1892757061        0.0032627816
     3195.0000000000        0.1925811439        0.0033485888
     3196.0000000000        0.1959738949        0.0034374301
     3197.0000000000        0.1994570604        0.0035294407
     3198.0000000000        0.2030338803        0.0036247633
     3199.0000000000        0.2067077410        0.0037235481
     3200.0000000000        0.2104821834        0.0038259537
     3201.0000000000        0.2143609111        0.0039321474
     3202.0000000000        0.2183477997        0.0040423059
     3203.0000000000        0.2224469066        0.0041566160
     3204.0000000000        0.2266624811        0.0042752748
     3205.0000000000        0.2309989753        0.0043984912
     3206.0000000000        0.2354610562        0.0045264860
     3207.0000000000        0.2400536179        0.0046594929
     3208.0000000000        0.2447817951        0.0047977595
     3209.0000000000        0.2496509775        0.0049415484
     3210.0000000000        0.2546668252        0.0050911378
     3211.0000000000        0.2598352848        0.0052468230
     3212.0000000000        0.2651626074        0.0054089175
     3213.0000000000        0.2706553670        0.0055777544
     3214.0000000000        0.2763204814        0.0057536878
     3215.0000000000        0.2821652333        0.0059370941
     3216.0000000000        0.2881972940        0.0061283743
     3217.0000000000        0.2944247484        0.0063279550
     3218.0000000000        0.3008561222        0.0065362913
     3219.0000000000        0.3075004108        0.0067538682
     3220.0000000000        0.3143671109        0.0069812034
     3221.0000000000        0.3214662542        0.0072188498
     3222.0000000000        0.3288084441        0.0074673984
     3223.0000000000        0.3364048951        0.0077274810
     3224.0000000000        0.3442674757        0.0079997740
     3225.0000000000        0.3524087543        0.0082850021
     3226.0000000000        0.3608420497        0.0085839417
     3227.0000000000        0.3695814853        0.0088974263
     3228.0000000000        0.3786420481        0.0092263505
     3229.0000000000        0.4882642713        0.0108279743
     3230.0000000000        0.4992840355        0.0112146506
     3231.0000000000        0.5106999580        0.0116204865
     3232.0000000000        0.5225318004        0.0120467014
     3233.0000000000        0.5348005909        0.0124946100
     3234.0000000000        0.5475287230        0.0129656302
     3235.0000000000        0.5607400644        0.0134612940
     3236.0000000000        0.5744600760        0.0139832573
     3237.0000000000        0.5887159413        0.0145333125
     3238.0000000000        0.6035367103        0.0151134013
     3239.0000000000        0.6189534553        0.0157256301
     3240.0000000000        0.6349994439        0.0163722858
     3241.0000000000        0.6517103289        0.0170558549
     3242.0000000000        0.6691243574        0.0177790434
     3243.0000000000        0.6872826023        0.0185448007
     3244.0000000000        0.7062292177        0.0193563446
     3245.0000000000        0.7260117221        0.0202171912
     3246.0000000000        0.7466813123        0.0211311869
     3247.0000000000        0.7682932124        0.0221025459
     3248.0000000000        0.7909070612        0.0231358915
     3249.0000000000        0.8145873452        0.0242363036
     3250.0000000000        0.8394038808        0.0254093718
     3251.0000000000        0.8654323540        0.0266612567
     3252.0000000000        0.8927549252        0.0279987585
     3253.0000000000        0.9214609074        0.0294293965
     3254.0000000000        0.9516475297        0.0309614993
     3255.0000000000        0.9834207964        0.0326043078
     3256.0000000000        1.0168964584        0.0343680946
     3257.0000000000        1.0522011107        0.0362643007
     3258.0000000000        1.0894734386        0.0383056934
     3259.0000000000        1.1288656327        0.0405065490
     3260.0000000000        1.1705450018        0.0428828654
     3261.0000000000        1.2146958140        0.0454526084
     3262.0000000000        1.2615214061        0.0482360003
     3263.0000000000        1.3112466031        0.0512558570
     3264.0000000000        1.3641205051        0.0545379838
     3265.0000000000        1.4204197035        0.0581116422
     3266.0000000000        1.4804520046        0.0620101007
     3267.0000000000        1.5445607546        0.0662712889
     3268.0000000000        1.6131298782        0.0709385759
     3269.0000000000        1.6865897692        0.0760616997
     3270.0000000000        1.7654241997        0.0816978830
     3271.0000000000        1.8501784563        0.0879131767
     3272.0000000000        1.9414689539        0.0947840853
     3273.0000000000        2.0399946453        0.1023995416
     3274.0000000000        2.1465506137        0.1108633182
     3275.0000000000        2.2620443415        0.1202969857
     3276.0000000000        2.3875152675        0.1308435614
     3277.0000000000        2.5241584133        0.1426720324
     3278.0000000000        2.6733530696        0.1559829977
     3279.0000000000        2.8366978099        0.1710157444
     3280.0000000000        3.0160534708        0.1880571817
     3281.0000000000        3.2135962201        0.2074531930
     3282.0000000000        3.4318834924        0.2296231633
     3283.0000000000        3.6739364520        0.2550787049
     3284.0000000000        3.9433438457        0.2844479841
     3285.0000000000        4.2443937612        0.3185075818
     3286.0000000000        4.5822420960        0.3582245844
     3287.0000000000        4.9631297555        0.4048126960
     3288.0000000000        5.3946651364        0.4598077648
     3289.0000000000        5.8861949489        0.5251704766
     3290.0000000000        6.4492958208        0.6034274757
     3291.0000000000        7.0984328523        0.6978674718
     3292.0000000000        7.8518515885        0.8128169407
     3293.0000000000        8.7328002319        0.9540324077
     3294.0000000000        9.7712247908        1.1292654897
     3295.0000000000       11.0061498816        1.3490867576
     3296.0000000000       12.4890655294        1.6281010305
     3297.0000000000       14.2888062725        1.9867584332
     3298.0000000000       16.4986634026        2.4540726300
     3299.0000000000       19.2468531956        3.0717050306
     3300.0000000000       22.7120048412        3.9000333702
     3301.0000000000       27.1459833024        5.0268367688
     3302.0000000000       32.9067390116        6.5784942025
     3303.0000000000       40.5024125561        8.7300916980
     3304.0000000000       50.6393060964       11.6983868829
     3305.0000000000       64.2345436560       15.6635909427
     3306.0000000000       82.2588684744       20.4712120396
     3307.0000000000      105.0567932713       24.8347676137
     3308.0000000000      130.5898104128       25.0956519428
     3309.0000000000      152.0616679334       15.9716396424
     3310.0000000000      159.3264346311       -2.3116134510
     3311.0000000000      147.9675666281      -19.0996170125
     3312.0000000000      124.6819761559      -25.6731317230
     3313.0000000000       99.4051564789      -23.9777365142
     3314.0000000000       77.6911631843      -19.2878212595
     3315.0000000000       60.7975198579      -14.6227156469
     3316.0000000000       48.1236550445      -10.8973020932
     3317.0000000000       38.6782366164       -8.1398349249
     3318.0000000000       31.5893509566       -6.1466504331
     3319.0000000000       26.2007212762       -4.7078318299
     3320.0000000000       22.0438364405       -3.6601604133
     3321.0000000000       18.7891745829       -2.8873552806
     3322.0000000000       16.2045926027       -2.3089752958
     3323.0000000000       14.1250444327       -1.8696933443
     3324.0000000000       12.4317142039       -1.5312639793
     3325.0000000000       11.0378864679       -1.2669806146
     3326.0000000000        9.8793901683       -1.0579609354
     3327.0000000000        8.9080934941       -0.8906759803
     3328.0000000000        8.0874296934       -0.7553017435
     3329.0000000000        7.3892824859       -0.6446105895
     3330.0000000000        6.7917902667       -0.5532177214
     3331.0000000000        6.2777782689       -0.4770628849
     3332.0000000000        5.8336251426       -0.4130494696
     3333.0000000000        5.4484337765       -0.3587901091
     3334.0000000000        5.1134178083       -0.3124251843
     3335.0000000000        4.8214428674       -0.2724918210
     3336.0000000000        4.5666801020       -0.2378282663
     3337.0000000000        4.3443420890       -0.2075033299
     3338.0000000000        4.1504798403       -0.1807637726
     3339.0000000000        3.9818255829       -0.1569946765
     3340.0000000000        3.8356701873       -0.1356892934
     3341.0000000000        3.7097670819       -0.1164258710
     3342.0000000000        3.6022566258       -0.0988496581
     3343.0000000000        3.5116064484       -0.0826587769
     3344.0000000000        3.4365643992       -0.0675929944
     3345.0000000000        3.3761215835       -0.0534246749
     3346.0000000000        3.3294835885       -0.0399513677
     3347.0000000000        3.2960484822       -0.0269896121
     3348.0000000000        3.2753905385       -0.0143696323
     3349.0000000000        3.2672489356       -0.0019306554
     3350.0000000000        3.2715209164        0.0104833656
     3351.0000000000        3.2882591076        0.0230278210
     3352.0000000000        3.3176728772        0.0358614838
     3353.0000000000        3.3601337921        0.0491506985
     3354.0000000000        3.4161854156        0.0630739067
     3355.0000000000        3.4865578860        0.0778267200
     3356.0000000000        3.5721879429        0.0936277897
     3357.0000000000        3.6742453463        0.1107257766
     3358.0000000000        3.7941669705        0.1294078066
     3359.0000000000        3.9337002998        0.1500099099
     3360.0000000000        4.0949586185        0.1729300987
     3361.0000000000        4.2804909533        0.1986449600
     3362.0000000000        4.4933708414        0.2277309453
     3363.0000000000        4.7373093904        0.2608919786
     3364.0000000000        5.0168000053        0.2989956187
     3365.0000000000        5.3373048122        0.3431209061
     3366.0000000000        5.7054965439        0.3946223097
     3367.0000000000        6.1295749495        0.4552160811
     3368.0000000000        6.6196844087        0.5270981211
     3369.0000000000        7.1884704826        0.6131066516
     3370.0000000000        7.8518293780        0.7169493226
     3371.0000000000        8.6299284286        0.8435240744
     3372.0000000000        9.5486119507        0.9993780237
     3373.0000000000       10.6413618546        1.1933718722
     3374.0000000000       11.9520666696        1.4376535516
     3375.0000000000       13.5389824387        1.7491010634
     3376.0000000000       15.4804688974        2.1514802729
     3377.0000000000       17.8833890340        2.6786882628
     3378.0000000000       20.8955090646        3.3796132564
     3379.0000000000       24.7238413498        4.3252734837
     3380.0000000000       29.6614935206        5.6187121302
     3381.0000000000       36.1254956431        7.4065989891
     3382.0000000000       44.7045869947        9.8853209500
     3383.0000000000       56.2003882028       13.2738721547
     3384.0000000000       71.5931703020       17.6676457574
     3385.0000000000       91.7208786774       22.5633462648
     3386.0000000000      116.1981240455       25.7928521145
     3387.0000000000      141.1709868264       22.5968275150
     3388.0000000000      157.7485279646        8.8252586281
     3389.0000000000      156.8711655328      -10.4733252793
     3390.0000000000      139.0775350375      -23.3147069192
     3391.0000000000      113.8334462256      -25.6996710896
     3392.0000000000       89.6392317016      -22.1630361081
     3393.0000000000       69.9304598063      -17.2586949372
     3394.0000000000       54.9070855406      -12.9493033914
     3395.0000000000       43.6899288812       -9.6504001117
     3396.0000000000       35.3083212603       -7.2431077470
     3397.0000000000       28.9803217248       -5.5072762945
     3398.0000000000       24.1345920315       -4.2507244118
     3399.0000000000       20.3670285034       -3.3311346371
     3400.0000000000       17.3935749856       -2.6488122054
     3401.0000000000       15.0134371946       -2.1350916758
     3402.0000000000       13.0831108779       -1.7426870101
     3403.0000000000       11.4986691904       -1.4387843152
     3404.0000000000       10.1837910414       -1.2003530779
     3405.0000000000        9.0816471057       -1.0110195077
     3406.0000000000        8.1493534750       -0.8589859811
     3407.0000000000        7.3541375411       -0.7356389023
     3408.0000000000        6.6706543468       -0.6346084089
     3409.0000000000        6.0790840262       -0.5511260692
     3410.0000000000        5.5637658055       -0.4815808050
     3411.0000000000        5.1122051167       -0.4232080754
     3412.0000000000        4.7143433593       -0.3738696797
     3413.0000000000        4.3620147752       -0.3318959132
     3414.0000000000        4.0485381783       -0.2959711320
     3415.0000000000        3.7684069576       -0.2650498869
     3416.0000000000        3.5170514585       -0.2382948243
     3417.0000000000        3.2906552078       -0.2150302537
     3418.0000000000        3.0860115793       -0.1947071059
     3419.0000000000        2.9004111075       -0.1768762542
     3420.0000000000        2.7315522294       -0.1611680335
     3421.0000000000        2.5774700800       -0.1472763922
     3422.0000000000        2.4364793082       -0.1349465384
     3423.0000000000        2.3071278594       -0.1239652397
     3424.0000000000        2.1881593974       -0.1141531568
     3425.0000000000        2.0784825755       -0.1053587446
     3426.0000000000        1.9771457718       -0.0974533713
     3427.0000000000        1.8833162106       -0.0903273892
     3428.0000000000        1.7962626238       -0.0838869546
     3429.0000000000        1.7153407842       -0.0780514404
     3430.0000000000        1.6399813820       -0.0727513201
     3431.0000000000        1.5696798221       -0.0679264287
     3432.0000000000        1.5039876022       -0.0635245284
     3433.0000000000        1.4425049989       -0.0595001183
     3434.0000000000        1.3848748413       -0.0558134444
     3435.0000000000        1.3307771899       -0.0524296714
     3436.0000000000        1.2799247756       -0.0493181882
     3437.0000000000        1.2320590755       -0.0464520235
     3438.0000000000        1.1869469283       -0.0438073504
     3439.0000000000        1.1443776040       -0.0413630683
     3440.0000000000        1.1041602615       -0.0391004455
     3441.0000000000        1.0661217356       -0.0370028150
     3442.0000000000        1.0301046057       -0.0350553144
     3443.0000000000        0.9959655063       -0.0332446614
     3444.0000000000        0.9635736453       -0.0315589618
     3445.0000000000        0.9328095010       -0.0299875432
     3446.0000000000        0.9035636741       -0.0285208107
     3447.0000000000        0.8757358741       -0.0271501226
     3448.0000000000        0.8492340217       -0.0258676811
     3449.0000000000        0.8239734530       -0.0246664383
     3450.0000000000        0.7998762124       -0.0235400130
     3451.0000000000        0.7768704228       -0.0224826181
     3452.0000000000        0.7548897234       -0.0214889974
     3453.0000000000        0.7338727684       -0.0205543694
     3454.0000000000        0.7137627767       -0.0196743779
     3455.0000000000        0.6945071290       -0.0188450486
     3456.0000000000        0.6760570059       -0.0180627504
     3457.0000000000        0.6583670615       -0.0173241616
     3458.0000000000        0.6413951300       -0.0166262391
     3459.0000000000        0.6251019607       -0.0159661918
     3460.0000000000        0.6094509781       -0.0153414564
     3461.0000000000        0.5944080649       -0.0147496761
     3462.0000000000        0.5799413660       -0.0141886811
     3463.0000000000        0.5660211093       -0.0136564718
     3464.0000000000        0.5526194437       -0.0131512033
     3465.0000000000        0.5397102918       -0.0126711717
     3466.0000000000        0.5272692146       -0.0122148013
     3467.0000000000        0.5152732894       -0.0117806337
     3468.0000000000        0.5037009976       -0.0113673179
     3469.0000000000        0.4925321216       -0.0109736009
     3470.0000000000        0.3825490316       -0.0093600155
     3471.0000000000        0.3733578875       -0.0090249843
     3472.0000000000        0.3644938008       -0.0087057418
     3473.0000000000        0.3559414478       -0.0084013696
     3474.0000000000        0.3476863907       -0.0081110122
     3475.0000000000        0.3397150179       -0.0078338729
     3476.0000000000        0.3320144872       -0.0075692085
     3477.0000000000        0.3245726744       -0.0073163253
     3478.0000000000        0.3173781259       -0.0070745755
     3479.0000000000        0.3104200145       -0.0068433535
     3480.0000000000        0.3036880990       -0.0066220926
     3481.0000000000        0.2971726861       -0.0064102626
     3482.0000000000        0.2908645962       -0.0062073665
     3483.0000000000        0.2847551307       -0.0060129386
     3484.0000000000        0.2788360422       -0.0058265420
     3485.0000000000        0.2730995067       -0.0056477663
     3486.0000000000        0.2675380980       -0.0054762263
     3487.0000000000        0.2621447632       -0.0053115598
     3488.0000000000        0.2569128010       -0.0051534261
     3489.0000000000        0.2518358405       -0.0050015046
     3490.0000000000        0.2469078220       -0.0048554933
     3491.0000000000        0.2421229788       -0.0047151079
     3492.0000000000        0.2374758206       -0.0045800799
     3493.0000000000        0.2329611176       -0.0044501565
     3494.0000000000        0.2285738859       -0.0043250987
     3495.0000000000        0.2243093736       -0.0042046811
     3496.0000000000        0.2201630482       -0.0040886904
     3497.0000000000        0.2161305844       -0.0039769252
     3498.0000000000        0.2122078529       -0.0038691950
     3499.0000000000        0.2083909097       -0.0037653192
     3500.0000000000        0.2046759866       -0.0036651272
     3501.0000000000        0.2010594814       -0.0035684571
     3502.0000000000        0.1975379496       -0.0034751557
     3503.0000000000        0.1941080958       -0.0033850774
     3504.0000000000        0.1907667664       -0.0032980844
     3505.0000000000        0.1875109423       -0.0032140458
     3506.0000000000        0.1843377316       -0.0031328371
     3507.0000000000        0.1812443641       -0.0030543405
     3508.0000000000        0.1782281842       -0.0029784435
     3509.0000000000        0.1752866461       -0.0029050396
     3510.0000000000        0.1724173080       -0.0028340272
     3511.0000000000        0.1696178269       -0.0027653097
     3512.0000000000        0.1668859542       -0.0026987953
     3513.0000000000        0.1642195312       -0.0026343963
     3514.0000000000        0.1616164843       -0.0025720294
     3515.0000000000        0.1590748215       -0.0025116151
     3516.0000000000        0.1565926285       -0.0024530775
     3517.0000000000        0.1541680650       -0.0023963444
     3518.0000000000        0.1517993612       -0.0023413469
     3519.0000000000        0.1494848148       -0.0022880189
     3520.0000000000        0.1472227877       -0.0022362978
     3521.0000000000        0.1450117036       -0.0021861234
     3522.0000000000        0.1428500444       -0.0021374384
     3523.0000000000        0.1407363486       -0.0020901880
     3524.0000000000        0.1386692078       -0.0020443196
     3525.0000000000        0.1366472653       -0.0019997832
     3526.0000000000        0.1346692134       -0.0019565308
     3527.0000000000        0.1327337911       -0.0019145164
     3528.0000000000        0.1308397826       -0.0018736961
     3529.0000000000        0.1289860150       -0.0018340277
     3530.0000000000        0.1271713567       -0.0017954710
     3531.0000000000        0.1253947155       -0.0017579872
     3532.0000000000        0.1236550370       -0.0017215393
     3533.0000000000        0.1219513034       -0.0016860918
     3534.0000000000        0.1202825314       -0.0016516106
     3535.0000000000        0.1186477711       -0.0016180630
     3536.0000000000        0.1170461047       -0.0015854176
     3537.0000000000        0.1154766451       -0.0015536444
     3538.0000000000        0.1139385349       -0.0015227143
     3539.0000000000        0.1124309448       -0.0014925996
     3540.0000000000        0.1109530729       -0.0014632736
     3541.0000000000        0.1095041432       -0.0014347107
     3542.0000000000        0.1080834053       -0.0014068862
     3543.0000000000        0.1066901325       -0.0013797765
     3544.0000000000        0.1053236217       -0.0013533586
     3545.0000000000        0.1039831920       -0.0013276108
     3546.0000000000        0.1026681839       -0.0013025118
     3547.0000000000        0.1013779589       -0.0012780414
     3548.0000000000        0.1001118982       -0.0012541800
     3549.0000000000        0.0000000000        0.0000000000
     3550.0000000000        0.0000000000        0.0000000000
     3551.0000000000        0.0000000000        0.0000000000
     3552.0000000000        0.0000000000        0.0000000000
     3553.0000000000        0.0000000000        0.0000000000
     3554.0000000000        0.0000000000        0.0000000000
     3555.0000000000        0.0000000000        0.0000000000
     3556.0000000000        0.0000000000        0.0000000000
     3557.0000000000        0.0000000000        0.0000000000
     3558.0000000000        0.0000000000        0.0000000000
     3559.0000000000        0.0000000000        0.0000000000
     3560.0000000000        0.0000000000        0.0000000000
     3561.0000000000        0.0000000000        0.0000000000
     3562.0000000000        0.0000000000        0.0000000000
     3563.0000000000        0.0000000000        0.0000000000
     3564.0000000000        0.0000000000        0.0000000000
     3565.0000000000        0.0000000000        0.0000000000
     3566.0000000000        0.0000000000        0.0000000000
     3567.0000000000        0.0000000000        0.0000000000
     3568.0000000000        0.0000000000        0.0000000000
     3569.0000000000        0.0000000000        0.0000000000
     3570.0000000000        0.0000000000        0.0000000000
     3571.0000000000        0.0000000000        0.0000000000
     3572.0000000000        0.0000000000        0.0000000000
     3573.0000000000        0.0000000000        0.0000000000
     3574.0000000000        0.0000000000        0.0000000000
     3575.0000000000        0.0000000000        0.0000000000
     3576.0000000000        0.0000000000        0.0000000000
     3577.0000000000        0.0000000000        0.0000000000
     3578.0000000000        0.0000000000        0.0000000000
     3579.0000000000        0.0000000000        0.0000000000
     3580.0000000000        0.0000000000        0.0000000000
     3581.0000000000        0.0000000000        0.0000000000
     3582.0000000000        0.0000000000        0.0000000000
     3583.0000000000        0.0000000000        0.0000000000
     3584.0000000000        0.0000000000        0.0000000000
     3585.0000000000        0.0000000000        0.0000000000
     3586.0000000000        0.0000000000        0.0000000000
     3587.0000000000        0.0000000000        0.0000000000
     3588.0000000000        0.0000000000        0.0000000000
     3589.0000000000        0.0000000000        0.0000000000
     3590.0000000000        0.0000000000        0.0000000000
     3591.0000000000        0.0000000000        0.0000000000
     3592.0000000000        0.0000000000        0.0000000000
     3593.0000000000        0.0000000000        0.0000000000
     3594.0000000000        0.0000000000        0.0000000000
     3595.0000000000        0.0000000000        0.0000000000
     3596.0000000000        0.0000000000        0.0000000000
     3597.0000000000        0.0000000000        0.0000000000
     3598.0000000000        0.0000000000        0.0000000000
     3599.0000000000        0.0000000000        0.0000000000
     3600.0000000000        0.0000000000        0.0000000000
     3601.0000000000        0.0000000000        0.0000000000
     3602.0000000000        0.0000000000        0.0000000000
     3603.0000000000        0.0000000000        0.0000000000
     3604.0000000000        0.0000000000        0.0000000000
     3605.0000000000        0.0000000000        0.0000000000
     3606.0000000000        0.0000000000        0.0000000000
     3607.0000000000        0.0000000000        0.0000000000
     3608.0000000000        0.0000000000        0.0000000000
     3609.0000000000        0.0000000000        0.0000000000
     3610.0000000000        0.0000000000        0.0000000000
     3611.0000000000        0.0000000000        0.0000000000
     3612.0000000000        0.0000000000        0.0000000000
     3613.0000000000        0.0000000000        0.0000000000
     3614.0000000000        0.0000000000        0.0000000000
     3615.0000000000        0.0000000000        0.0000000000
     3616.0000000000        0.0000000000        0.0000000000
     3617.0000000000        0.0000000000        0.0000000000
     3618.0000000000        0.0000000000        0.0000000000
     3619.0000000000        0.0000000000        0.0000000000
     3620.0000000000        0.0000000000        0.0000000000
     3621.0000000000        0.0000000000        0.0000000000
     3622.0000000000        0.0000000000        0.0000000000
     3623.0000000000        0.0000000000        0.0000000000
     3624.0000000000        0.0000000000        0.0000000000
     3625.0000000000        0.0000000000        0.0000000000
     3626.0000000000        0.0000000000        0.0000000000
     3627.0000000000        0.0000000000        0.0000000000
     3628.0000000000        0.0000000000        0.0000000000
     3629.0000000000        0.0000000000        0.0000000000
     3630.0000000000        0.0000000000        0.0000000000
     3631.0000000000        0.0000000000        0.0000000000
     3632.0000000000        0.0000000000        0.0000000000
     3633.0000000000        0.0000000000        0.0000000000
     3634.0000000000        0.0000000000        0.0000000000
     3635.0000000000        0.0000000000        0.0000000000
     3636.0000000000        0.0000000000        0.0000000000
     3637.0000000000        0.0000000000        0.0000000000
     3638.0000000000        0.0000000000        0.0000000000
     3639.0000000000        0.0000000000        0.0000000000
     3640.0000000000        0.0000000000        0.0000000000
     3641.0000000000        0.0000000000        0.0000000000
     3642.0000000000        0.0000000000        0.0000000000
     3643.0000000000        0.0000000000        0.0000000000
     3644.0000000000        0.0000000000        0.0000000000
     3645.0000000000        0.0000000000        0.0000000000
     3646.0000000000        0.0000000000        0.0000000000
     3647.0000000000        0.0000000000        0.0000000000
     3648.0000000000        0.0000000000        0.0000000000
     3649.0000000000        0.0000000000        0.0000000000
     3650.0000000000        0.0000000000        0.0000000000
     3651.0000000000        0.0000000000        0.0000000000
     3652.0000000000        0.0000000000        0.0000000000
     3653.0000000000        0.0000000000        0.0000000000
     3654.0000000000        0.0000000000        0.0000000000
     3655.0000000000        0.0000000000        0.0000000000
     3656.0000000000        0.0000000000        0.0000000000
     3657.0000000000        0.0000000000        0.0000000000
     3658.0000000000        0.0000000000        0.0000000000
     3659.0000000000        0.0000000000        0.0000000000
     3660.0000000000        0.0000000000        0.0000000000
     3661.0000000000        0.0000000000        0.0000000000
     3662.0000000000        0.0000000000        0.0000000000
     3663.0000000000        0.0000000000        0.0000000000
     3664.0000000000        0.0000000000        0.0000000000
     3665.0000000000        0.0000000000        0.0000000000
     3666.0000000000        0.0000000000        0.0000000000
     3667.0000000000        0.0000000000        0.0000000000
     3668.0000000000        0.0000000000        0.0000000000
     3669.0000000000        0.0000000000        0.0000000000
     3670.0000000000        0.0000000000        0.0000000000
     3671.0000000000        0.0000000000        0.0000000000
     3672.0000000000        0.0000000000        0.0000000000
     3673.0000000000        0.0000000000        0.0000000000
     3674.0000000000        0.0000000000        0.0000000000
     3675.0000000000        0.0000000000        0.0000000000
     3676.0000000000        0.0000000000        0.0000000000
     3677.0000000000        0.0000000000        0.0000000000
     3678.0000000000        0.0000000000        0.0000000000
     3679.0000000000        0.0000000000        0.0000000000
     3680.0000000000        0.0000000000        0.0000000000
     3681.0000000000        0.0000000000        0.0000000000
     3682.0000000000        0.0000000000        0.0000000000
     3683.0000000000        0.0000000000        0.0000000000
     3684.0000000000        0.0000000000        0.0000000000
     3685.0000000000        0.0000000000        0.0000000000
     3686.0000000000        0.0000000000        0.0000000000
     3687.0000000000        0.0000000000        0.0000000000
     3688.0000000000        0.0000000000        0.0000000000
     3689.0000000000        0.0000000000        0.0000000000
     3690.0000000000        0.0000000000        0.0000000000
     3691.0000000000        0.0000000000        0.0000000000
     3692.0000000000        0.0000000000        0.0000000000
     3693.0000000000        0.0000000000        0.0000000000
     3694.0000000000        0.0000000000        0.0000000000
     3695.0000000000        0.0000000000        0.0000000000
     3696.0000000000        0.0000000000        0.0000000000
     3697.0000000000        0.0000000000        0.0000000000
     3698.0000000000        0.0000000000        0.0000000000
     3699.0000000000        0.0000000000        0.0000000000
     3700.0000000000        0.0000000000        0.0000000000
     3701.0000000000        0.0000000000        0.0000000000
     3702.0000000000        0.0000000000        0.0000000000
     3703.0000000000        0.0000000000        0.0000000000
     3704.0000000000        0.0000000000        0.0000000000
     3705.0000000000        0.0000000000        0.0000000000
     3706.0000000000        0.0000000000        0.0000000000
     3707.0000000000        0.0000000000        0.0000000000
     3708.0000000000        0.0000000000        0.0000000000
     3709.0000000000        0.0000000000        0.0000000000
     3710.0000000000        0.0000000000        0.0000000000
     3711.0000000000        0.0000000000        0.0000000000
     3712.0000000000        0.0000000000        0.0000000000
     3713.0000000000        0.0000000000        0.0000000000
     3714.0000000000        0.0000000000        0.0000000000
     3715.0000000000        0.0000000000        0.0000000000
     3716.0000000000        0.0000000000        0.0000000000
     3717.0000000000        0.0000000000        0.0000000000
     3718.0000000000        0.0000000000        0.0000000000
     3719.0000000000        0.0000000000        0.0000000000
     3720.0000000000        0.0000000000        0.0000000000
     3721.0000000000        0.0000000000        0.0000000000
     3722.0000000000        0.0000000000        0.0000000000
     3723.0000000000        0.0000000000        0.0000000000
     3724.0000000000        0.0000000000        0.0000000000
     3725.0000000000        0.0000000000        0.0000000000
     3726.0000000000        0.0000000000        0.0000000000
     3727.0000000000        0.0000000000        0.0000000000
     3728.0000000000        0.0000000000        0.0000000000
     3729.0000000000        0.0000000000        0.0000000000
     3730.0000000000        0.0000000000        0.0000000000
     3731.0000000000        0.0000000000        0.0000000000
     3732.0000000000        0.0000000000        0.0000000000
     3733.0000000000        0.0000000000        0.0000000000
     3734.0000000000        0.0000000000        0.0000000000
     3735.0000000000        0.0000000000        0.0000000000
     3736.0000000000        0.0000000000        0.0000000000
     3737.0000000000        0.0000000000        0.0000000000
     3738.0000000000        0.0000000000        0.0000000000
     3739.0000000000        0.0000000000        0.0000000000
     3740.0000000000        0.0000000000        0.0000000000
     3741.0000000000        0.0000000000        0.0000000000
     3742.0000000000        0.0000000000        0.0000000000
     3743.0000000000        0.0000000000        0.0000000000
     3744.0000000000        0.0000000000        0.0000000000
     3745.0000000000        0.0000000000        0.0000000000
     3746.0000000000        0.0000000000        0.0000000000
     3747.0000000000        0.0000000000        0.0000000000
     3748.0000000000        0.0000000000        0.0000000000
     3749.0000000000        0.0000000000        0.0000000000
     3750.0000000000        0.0000000000        0.0000000000
     3751.0000000000        0.0000000000        0.0000000000
     3752.0000000000        0.0000000000        0.0000000000
     3753.0000000000        0.0000000000        0.0000000000
     3754.0000000000        0.0000000000        0.0000000000
     3755.0000000000        0.0000000000        0.0000000000
     3756.0000000000        0.0000000000        0.0000000000
     3757.0000000000        0.0000000000        0.0000000000
     3758.0000000000        0.0000000000        0.0000000000
     3759.0000000000        0.0000000000        0.0000000000
     3760.0000000000        0.0000000000        0.0000000000
     3761.0000000000        0.0000000000        0.0000000000
     3762.0000000000        0.0000000000        0.0000000000
     3763.0000000000        0.0000000000        0.0000000000
     3764.0000000000        0.0000000000        0.0000000000
     3765.0000000000        0.0000000000        0.0000000000
     3766.0000000000        0.0000000000        0.0000000000
     3767.0000000000        0.0000000000        0.0000000000
     3768.0000000000        0.0000000000        0.0000000000
     3769.0000000000        0.0000000000        0.0000000000
     3770.0000000000        0.0000000000        0.0000000000
     3771.0000000000        0.0000000000        0.0000000000
     3772.0000000000        0.0000000000        0.0000000000
     3773.0000000000        0.0000000000        0.0000000000
     3774.0000000000        0.0000000000        0.0000000000
     3775.0000000000        0.0000000000        0.0000000000
     3776.0000000000        0.0000000000        0.0000000000
     3777.0000000000        0.0000000000        0.0000000000
     3778.0000000000        0.0000000000        0.0000000000
     3779.0000000000        0.0000000000        0.0000000000
     3780.0000000000        0.0000000000        0.0000000000
     3781.0000000000        0.0000000000        0.0000000000
     3782.0000000000        0.0000000000        0.0000000000
     3783.0000000000        0.0000000000        0.0000000000
     3784.0000000000        0.0000000000        0.0000000000
     3785.0000000000        0.0000000000        0.0000000000
     3786.0000000000        0.0000000000        0.0000000000
     3787.0000000000        0.0000000000        0.0000000000
     3788.0000000000        0.0000000000        0.0000000000
     3789.0000000000        0.0000000000        0.0000000000
     3790.0000000000        0.0000000000        0.0000000000
     3791.0000000000        0.0000000000        0.0000000000
     3792.0000000000        0.0000000000        0.0000000000
     3793.0000000000        0.0000000000        0.0000000000
     3794.0000000000        0.0000000000        0.0000000000
     3795.0000000000        0.0000000000        0.0000000000
     3796.0000000000        0.0000000000        0.0000000000
     3797.0000000000        0.0000000000        0.0000000000
     3798.0000000000        0.0000000000        0.0000000000
     3799.0000000000        0.0000000000        0.0000000000
     3800.0000000000        0.0000000000        0.0000000000
     3801.0000000000        0.0000000000        0.0000000000
     3802.0000000000        0.0000000000        0.0000000000
     3803.0000000000        0.0000000000        0.0000000000
     3804.0000000000        0.0000000000        0.0000000000
     3805.0000000000        0.0000000000        0.0000000000
     3806.0000000000        0.0000000000        0.0000000000
     3807.0000000000        0.0000000000        0.0000000000
     3808.0000000000        0.0000000000        0.0000000000
     3809.0000000000        0.0000000000        0.0000000000
     3810.0000000000        0.0000000000        0.0000000000
     3811.0000000000        0.0000000000        0.0000000000
     3812.0000000000        0.0000000000        0.0000000000
     3813.0000000000        0.0000000000        0.0000000000
     3814.0000000000        0.0000000000        0.0000000000
     3815.0000000000        0.0000000000        0.0000000000
     3816.0000000000        0.0000000000        0.0000000000
     3817.0000000000        0.0000000000        0.0000000000
     3818.0000000000        0.0000000000        0.0000000000
     3819.0000000000        0.0000000000        0.0000000000
     3820.0000000000        0.0000000000        0.0000000000
     3821.0000000000        0.0000000000        0.0000000000
     3822.0000000000        0.0000000000        0.0000000000
     3823.0000000000        0.0000000000        0.0000000000
     3824.0000000000        0.0000000000        0.0000000000
     3825.0000000000        0.0000000000        0.0000000000
     3826.0000000000        0.0000000000        0.0000000000
     3827.0000000000        0.0000000000        0.0000000000
     3828.0000000000        0.0000000000        0.0000000000
     3829.0000000000        0.0000000000        0.0000000000
     3830.0000000000        0.0000000000        0.0000000000
     3831.0000000000        0.0000000000        0.0000000000
     3832.0000000000        0.0000000000        0.0000000000
     3833.0000000000        0.0000000000        0.0000000000
     3834.0000000000        0.0000000000        0.0000000000
     3835.0000000000        0.0000000000        0.0000000000
     3836.0000000000        0.0000000000        0.0000000000
     3837.0000000000        0.0000000000        0.0000000000
     3838.0000000000        0.0000000000        0.0000000000
     3839.0000000000        0.0000000000        0.0000000000
     3840.0000000000        0.0000000000        0.0000000000
     3841.0000000000        0.0000000000        0.0000000000
     3842.0000000000        0.0000000000        0.0000000000
     3843.0000000000        0.0000000000        0.0000000000
     3844.0000000000        0.0000000000        0.0000000000
     3845.0000000000        0.0000000000        0.0000000000
     3846.0000000000        0.0000000000        0.0000000000
     3847.0000000000        0.0000000000        0.0000000000
     3848.0000000000        0.0000000000        0.0000000000
     3849.0000000000        0.0000000000        0.0000000000
     3850.0000000000        0.0000000000        0.0000000000
     3851.0000000000        0.0000000000        0.0000000000
     3852.0000000000        0.0000000000        0.0000000000
     3853.0000000000        0.0000000000        0.0000000000
     3854.0000000000        0.0000000000        0.0000000000
     3855.0000000000        0.0000000000        0.0000000000
     3856.0000000000        0.0000000000        0.0000000000
     3857.0000000000        0.0000000000        0.0000000000
     3858.0000000000        0.0000000000        0.0000000000
     3859.0000000000        0.0000000000        0.0000000000
     3860.0000000000        0.0000000000        0.0000000000
     3861.0000000000        0.0000000000        0.0000000000
     3862.0000000000        0.0000000000        0.0000000000
     3863.0000000000        0.0000000000        0.0000000000
     3864.0000000000        0.0000000000        0.0000000000
     3865.0000000000        0.0000000000        0.0000000000
     3866.0000000000        0.0000000000        0.0000000000
     3867.0000000000        0.0000000000        0.0000000000
     3868.0000000000        0.0000000000        0.0000000000
     3869.0000000000        0.0000000000        0.0000000000
     3870.0000000000        0.0000000000        0.0000000000
     3871.0000000000        0.0000000000        0.0000000000
     3872.0000000000        0.0000000000        0.0000000000
     3873.0000000000        0.0000000000        0.0000000000
     3874.0000000000        0.0000000000        0.0000000000
     3875.0000000000        0.0000000000        0.0000000000
     3876.0000000000        0.0000000000        0.0000000000
     3877.0000000000        0.0000000000        0.0000000000
     3878.0000000000        0.0000000000        0.0000000000
     3879.0000000000        0.0000000000        0.0000000000
     3880.0000000000        0.0000000000        0.0000000000
     3881.0000000000        0.0000000000        0.0000000000
     3882.0000000000        0.0000000000        0.0000000000
     3883.0000000000        0.0000000000        0.0000000000
     3884.0000000000        0.0000000000        0.0000000000
     3885.0000000000        0.0000000000        0.0000000000
     3886.0000000000        0.0000000000        0.0000000000
     3887.0000000000        0.0000000000        0.0000000000
     3888.0000000000        0.0000000000        0.0000000000
     3889.0000000000        0.0000000000        0.0000000000
     3890.0000000000        0.0000000000        0.0000000000
     3891.0000000000        0.0000000000        0.0000000000
     3892.0000000000        0.0000000000        0.0000000000
     3893.0000000000        0.0000000000        0.0000000000
     3894.0000000000        0.0000000000        0.0000000000
     3895.0000000000        0.0000000000        0.0000000000
     3896.0000000000        0.0000000000        0.0000000000
     3897.0000000000        0.0000000000        0.0000000000
     3898.0000000000        0.0000000000        0.0000000000
     3899.0000000000        0.0000000000        0.0000000000
     3900.0000000000        0.0000000000        0.0000000000
     3901.0000000000        0.0000000000        0.0000000000
     3902.0000000000        0.0000000000        0.0000000000
     3903.0000000000        0.0000000000        0.0000000000
     3904.0000000000        0.0000000000        0.0000000000
     3905.0000000000        0.0000000000        0.0000000000
     3906.0000000000        0.0000000000        0.0000000000
     3907.0000000000        0.0000000000        0.0000000000
     3908.0000000000        0.0000000000        0.0000000000
     3909.0000000000        0.0000000000        0.0000000000
     3910.0000000000        0.0000000000        0.0000000000
     3911.0000000000        0.0000000000        0.0000000000
     3912.0000000000        0.0000000000        0.0000000000
     3913.0000000000        0.0000000000        0.0000000000
     3914.0000000000        0.0000000000        0.0000000000
     3915.0000000000        0.0000000000        0.0000000000
     3916.0000000000        0.0000000000        0.0000000000
     3917.0000000000        0.0000000000        0.0000000000
     3918.0000000000        0.0000000000        0.0000000000
     3919.0000000000        0.0000000000        0.0000000000
     3920.0000000000        0.0000000000        0.0000000000
     3921.0000000000        0.0000000000        0.0000000000
     3922.0000000000        0.0000000000        0.0000000000
     3923.0000000000        0.0000000000        0.0000000000
     3924.0000000000        0.0000000000        0.0000000000
     3925.0000000000        0.0000000000        0.0000000000
     3926.0000000000        0.0000000000        0.0000000000
     3927.0000000000        0.0000000000        0.0000000000
     3928.0000000000        0.0000000000        0.0000000000
     3929.0000000000        0.0000000000        0.0000000000
     3930.0000000000        0.0000000000        0.0000000000
     3931.0000000000        0.0000000000        0.0000000000
     3932.0000000000        0.0000000000        0.0000000000
     3933.0000000000        0.0000000000        0.0000000000
     3934.0000000000        0.0000000000        0.0000000000
     3935.0000000000        0.0000000000        0.0000000000
     3936.0000000000        0.0000000000        0.0000000000
     3937.0000000000        0.0000000000        0.0000000000
     3938.0000000000        0.0000000000        0.0000000000
     3939.0000000000        0.0000000000        0.0000000000
     3940.0000000000        0.0000000000        0.0000000000
     3941.0000000000        0.0000000000        0.0000000000
     3942.0000000000        0.0000000000        0.0000000000
     3943.0000000000        0.0000000000        0.0000000000
     3944.0000000000        0.0000000000        0.0000000000
     3945.0000000000        0.0000000000        0.0000000000
     3946.0000000000        0.0000000000        0.0000000000
     3947.0000000000        0.0000000000        0.0000000000
     3948.0000000000        0.0000000000        0.0000000000
     3949.0000000000        0.0000000000        0.0000000000
     3950.0000000000        0.0000000000        0.0000000000
     3951.0000000000        0.0000000000        0.0000000000
     3952.0000000000        0.0000000000        0.0000000000
     3953.0000000000        0.0000000000        0.0000000000
     3954.0000000000        0.0000000000        0.0000000000
     3955.0000000000        0.0000000000        0.0000000000
     3956.0000000000        0.0000000000        0.0000000000
     3957.0000000000        0.0000000000        0.0000000000
     3958.0000000000        0.0000000000        0.0000000000
     3959.0000000000        0.0000000000        0.0000000000
     3960.0000000000        0.0000000000        0.0000000000
     3961.0000000000        0.0000000000        0.0000000000
     3962.0000000000        0.0000000000        0.0000000000
     3963.0000000000        0.0000000000        0.0000000000
     3964.0000000000        0.0000000000        0.0000000000
     3965.0000000000        0.0000000000        0.0000000000
     3966.0000000000        0.0000000000        0.0000000000
     3967.0000000000        0.0000000000        0.0000000000
     3968.0000000000        0.0000000000        0.0000000000
     3969.0000000000        0.0000000000        0.0000000000
     3970.0000000000        0.0000000000        0.0000000000
     3971.0000000000        0.0000000000        0.0000000000
     3972.0000000000        0.0000000000        0.0000000000
     3973.0000000000        0.0000000000        0.0000000000
     3974.0000000000        0.0000000000        0.0000000000
     3975.0000000000        0.0000000000        0.0000000000
     3976.0000000000        0.0000000000        0.0000000000
     3977.0000000000        0.0000000000        0.0000000000
     3978.0000000000        0.0000000000        0.0000000000
     3979.0000000000        0.0000000000        0.0000000000
     3980.0000000000        0.0000000000        0.0000000000
     3981.0000000000        0.0000000000        0.0000000000
     3982.0000000000        0.0000000000        0.0000000000
     3983.0000000000        0.0000000000        0.0000000000
     3984.0000000000        0.0000000000        0.0000000000
     3985.0000000000        0.0000000000        0.0000000000
     3986.0000000000        0.0000000000        0.0000000000
     3987.0000000000        0.0000000000        0.0000000000
     3988.0000000000        0.0000000000        0.0000000000
     3989.0000000000        0.0000000000        0.0000000000
     3990.0000000000        0.0000000000        0.0000000000
     3991.0000000000        0.0000000000        0.0000000000
     3992.0000000000        0.0000000000        0.0000000000
     3993.0000000000        0.0000000000        0.0000000000
     3994.0000000000        0.0000000000        0.0000000000
     3995.0000000000        0.0000000000        0.0000000000
     3996.0000000000        0.0000000000        0.0000000000
     3997.0000000000        0.0000000000        0.0000000000
     3998.0000000000        0.0000000000        0.0000000000
     3999.0000000000        0.0000000000        0.0000000000
