# IR Spectrum
# X-Axis:  Frequency (cm-1)
# Y-Axis:  &epsilon; (M-1 cm-1)

# Peak information
#                  X                   Y
#     523.1541000000       43.4144303801
#    1108.3310000000     1011.8283723037
#    1129.9044000000      396.5701194662
#    1189.0581000000       61.9235611542
#    1286.1878000000        0.0000000000
#    1476.7033000000       80.3345646440
#    1555.2307000000        3.7694854357
#    3110.5205000000       53.0689601998
#    3191.6582000000       45.8532345158

# Spectra
#                  X                   Y               DY/DX
        0.0000000000        0.0000000000        0.0000000000
        1.0000000000        0.0000000000        0.0000000000
        2.0000000000        0.0000000000        0.0000000000
        3.0000000000        0.0000000000        0.0000000000
        4.0000000000        0.0000000000        0.0000000000
        5.0000000000        0.0000000000        0.0000000000
        6.0000000000        0.0000000000        0.0000000000
        7.0000000000        0.0000000000        0.0000000000
        8.0000000000        0.0000000000        0.0000000000
        9.0000000000        0.0000000000        0.0000000000
       10.0000000000        0.0000000000        0.0000000000
       11.0000000000        0.0000000000        0.0000000000
       12.0000000000        0.0000000000        0.0000000000
       13.0000000000        0.0000000000        0.0000000000
       14.0000000000        0.0000000000        0.0000000000
       15.0000000000        0.0000000000        0.0000000000
       16.0000000000        0.0000000000        0.0000000000
       17.0000000000        0.0000000000        0.0000000000
       18.0000000000        0.0000000000        0.0000000000
       19.0000000000        0.0000000000        0.0000000000
       20.0000000000        0.0000000000        0.0000000000
       21.0000000000        0.0000000000        0.0000000000
       22.0000000000        0.0000000000        0.0000000000
       23.0000000000        0.0000000000        0.0000000000
       24.0000000000        0.0000000000        0.0000000000
       25.0000000000        0.0000000000        0.0000000000
       26.0000000000        0.0000000000        0.0000000000
       27.0000000000        0.0000000000        0.0000000000
       28.0000000000        0.0000000000        0.0000000000
       29.0000000000        0.0000000000        0.0000000000
       30.0000000000        0.0000000000        0.0000000000
       31.0000000000        0.0000000000        0.0000000000
       32.0000000000        0.0000000000        0.0000000000
       33.0000000000        0.0000000000        0.0000000000
       34.0000000000        0.0000000000        0.0000000000
       35.0000000000        0.0000000000        0.0000000000
       36.0000000000        0.0000000000        0.0000000000
       37.0000000000        0.0000000000        0.0000000000
       38.0000000000        0.0000000000        0.0000000000
       39.0000000000        0.0000000000        0.0000000000
       40.0000000000        0.0000000000        0.0000000000
       41.0000000000        0.0000000000        0.0000000000
       42.0000000000        0.0000000000        0.0000000000
       43.0000000000        0.0000000000        0.0000000000
       44.0000000000        0.0000000000        0.0000000000
       45.0000000000        0.0000000000        0.0000000000
       46.0000000000        0.0000000000        0.0000000000
       47.0000000000        0.0000000000        0.0000000000
       48.0000000000        0.0000000000        0.0000000000
       49.0000000000        0.0000000000        0.0000000000
       50.0000000000        0.0000000000        0.0000000000
       51.0000000000        0.0000000000        0.0000000000
       52.0000000000        0.0000000000        0.0000000000
       53.0000000000        0.0000000000        0.0000000000
       54.0000000000        0.0000000000        0.0000000000
       55.0000000000        0.0000000000        0.0000000000
       56.0000000000        0.0000000000        0.0000000000
       57.0000000000        0.0000000000        0.0000000000
       58.0000000000        0.0000000000        0.0000000000
       59.0000000000        0.0000000000        0.0000000000
       60.0000000000        0.0000000000        0.0000000000
       61.0000000000        0.0000000000        0.0000000000
       62.0000000000        0.0000000000        0.0000000000
       63.0000000000        0.0000000000        0.0000000000
       64.0000000000        0.0000000000        0.0000000000
       65.0000000000        0.0000000000        0.0000000000
       66.0000000000        0.0000000000        0.0000000000
       67.0000000000        0.0000000000        0.0000000000
       68.0000000000        0.0000000000        0.0000000000
       69.0000000000        0.0000000000        0.0000000000
       70.0000000000        0.0000000000        0.0000000000
       71.0000000000        0.0000000000        0.0000000000
       72.0000000000        0.0000000000        0.0000000000
       73.0000000000        0.0000000000        0.0000000000
       74.0000000000        0.0000000000        0.0000000000
       75.0000000000        0.0000000000        0.0000000000
       76.0000000000        0.0000000000        0.0000000000
       77.0000000000        0.0000000000        0.0000000000
       78.0000000000        0.0000000000        0.0000000000
       79.0000000000        0.0000000000        0.0000000000
       80.0000000000        0.0000000000        0.0000000000
       81.0000000000        0.0000000000        0.0000000000
       82.0000000000        0.0000000000        0.0000000000
       83.0000000000        0.0000000000        0.0000000000
       84.0000000000        0.0000000000        0.0000000000
       85.0000000000        0.0000000000        0.0000000000
       86.0000000000        0.0000000000        0.0000000000
       87.0000000000        0.0000000000        0.0000000000
       88.0000000000        0.0000000000        0.0000000000
       89.0000000000        0.0000000000        0.0000000000
       90.0000000000        0.0000000000        0.0000000000
       91.0000000000        0.0000000000        0.0000000000
       92.0000000000        0.0000000000        0.0000000000
       93.0000000000        0.0000000000        0.0000000000
       94.0000000000        0.0000000000        0.0000000000
       95.0000000000        0.0000000000        0.0000000000
       96.0000000000        0.0000000000        0.0000000000
       97.0000000000        0.0000000000        0.0000000000
       98.0000000000        0.0000000000        0.0000000000
       99.0000000000        0.0000000000        0.0000000000
      100.0000000000        0.0000000000        0.0000000000
      101.0000000000        0.0000000000        0.0000000000
      102.0000000000        0.0000000000        0.0000000000
      103.0000000000        0.0000000000        0.0000000000
      104.0000000000        0.0000000000        0.0000000000
      105.0000000000        0.0000000000        0.0000000000
      106.0000000000        0.0000000000        0.0000000000
      107.0000000000        0.0000000000        0.0000000000
      108.0000000000        0.0000000000        0.0000000000
      109.0000000000        0.0000000000        0.0000000000
      110.0000000000        0.0000000000        0.0000000000
      111.0000000000        0.0000000000        0.0000000000
      112.0000000000        0.0000000000        0.0000000000
      113.0000000000        0.0000000000        0.0000000000
      114.0000000000        0.0000000000        0.0000000000
      115.0000000000        0.0000000000        0.0000000000
      116.0000000000        0.0000000000        0.0000000000
      117.0000000000        0.0000000000        0.0000000000
      118.0000000000        0.0000000000        0.0000000000
      119.0000000000        0.0000000000        0.0000000000
      120.0000000000        0.0000000000        0.0000000000
      121.0000000000        0.0000000000        0.0000000000
      122.0000000000        0.0000000000        0.0000000000
      123.0000000000        0.0000000000        0.0000000000
      124.0000000000        0.0000000000        0.0000000000
      125.0000000000        0.0000000000        0.0000000000
      126.0000000000        0.0000000000        0.0000000000
      127.0000000000        0.0000000000        0.0000000000
      128.0000000000        0.0000000000        0.0000000000
      129.0000000000        0.0000000000        0.0000000000
      130.0000000000        0.0000000000        0.0000000000
      131.0000000000        0.0000000000        0.0000000000
      132.0000000000        0.0000000000        0.0000000000
      133.0000000000        0.0000000000        0.0000000000
      134.0000000000        0.0000000000        0.0000000000
      135.0000000000        0.0000000000        0.0000000000
      136.0000000000        0.0000000000        0.0000000000
      137.0000000000        0.0000000000        0.0000000000
      138.0000000000        0.0000000000        0.0000000000
      139.0000000000        0.0000000000        0.0000000000
      140.0000000000        0.0000000000        0.0000000000
      141.0000000000        0.0000000000        0.0000000000
      142.0000000000        0.0000000000        0.0000000000
      143.0000000000        0.0000000000        0.0000000000
      144.0000000000        0.0000000000        0.0000000000
      145.0000000000        0.0000000000        0.0000000000
      146.0000000000        0.0000000000        0.0000000000
      147.0000000000        0.0000000000        0.0000000000
      148.0000000000        0.0000000000        0.0000000000
      149.0000000000        0.0000000000        0.0000000000
      150.0000000000        0.0000000000        0.0000000000
      151.0000000000        0.0000000000        0.0000000000
      152.0000000000        0.0000000000        0.0000000000
      153.0000000000        0.0000000000        0.0000000000
      154.0000000000        0.0000000000        0.0000000000
      155.0000000000        0.0000000000        0.0000000000
      156.0000000000        0.0000000000        0.0000000000
      157.0000000000        0.0000000000        0.0000000000
      158.0000000000        0.0000000000        0.0000000000
      159.0000000000        0.0000000000        0.0000000000
      160.0000000000        0.0000000000        0.0000000000
      161.0000000000        0.0000000000        0.0000000000
      162.0000000000        0.0000000000        0.0000000000
      163.0000000000        0.0000000000        0.0000000000
      164.0000000000        0.0000000000        0.0000000000
      165.0000000000        0.0000000000        0.0000000000
      166.0000000000        0.0000000000        0.0000000000
      167.0000000000        0.0000000000        0.0000000000
      168.0000000000        0.0000000000        0.0000000000
      169.0000000000        0.0000000000        0.0000000000
      170.0000000000        0.0000000000        0.0000000000
      171.0000000000        0.0000000000        0.0000000000
      172.0000000000        0.0000000000        0.0000000000
      173.0000000000        0.0000000000        0.0000000000
      174.0000000000        0.0000000000        0.0000000000
      175.0000000000        0.0000000000        0.0000000000
      176.0000000000        0.0000000000        0.0000000000
      177.0000000000        0.0000000000        0.0000000000
      178.0000000000        0.0000000000        0.0000000000
      179.0000000000        0.0000000000        0.0000000000
      180.0000000000        0.0000000000        0.0000000000
      181.0000000000        0.0000000000        0.0000000000
      182.0000000000        0.0000000000        0.0000000000
      183.0000000000        0.0000000000        0.0000000000
      184.0000000000        0.0000000000        0.0000000000
      185.0000000000        0.0000000000        0.0000000000
      186.0000000000        0.0000000000        0.0000000000
      187.0000000000        0.0000000000        0.0000000000
      188.0000000000        0.0000000000        0.0000000000
      189.0000000000        0.0000000000        0.0000000000
      190.0000000000        0.0000000000        0.0000000000
      191.0000000000        0.0000000000        0.0000000000
      192.0000000000        0.0000000000        0.0000000000
      193.0000000000        0.0000000000        0.0000000000
      194.0000000000        0.0000000000        0.0000000000
      195.0000000000        0.0000000000        0.0000000000
      196.0000000000        0.0000000000        0.0000000000
      197.0000000000        0.0000000000        0.0000000000
      198.0000000000        0.0000000000        0.0000000000
      199.0000000000        0.0000000000        0.0000000000
      200.0000000000        0.0000000000        0.0000000000
      201.0000000000        0.0000000000        0.0000000000
      202.0000000000        0.0000000000        0.0000000000
      203.0000000000        0.0000000000        0.0000000000
      204.0000000000        0.0000000000        0.0000000000
      205.0000000000        0.0000000000        0.0000000000
      206.0000000000        0.0000000000        0.0000000000
      207.0000000000        0.0000000000        0.0000000000
      208.0000000000        0.0000000000        0.0000000000
      209.0000000000        0.0000000000        0.0000000000
      210.0000000000        0.0000000000        0.0000000000
      211.0000000000        0.0000000000        0.0000000000
      212.0000000000        0.0000000000        0.0000000000
      213.0000000000        0.0000000000        0.0000000000
      214.0000000000        0.0000000000        0.0000000000
      215.0000000000        0.0000000000        0.0000000000
      216.0000000000        0.0000000000        0.0000000000
      217.0000000000        0.0000000000        0.0000000000
      218.0000000000        0.0000000000        0.0000000000
      219.0000000000        0.0000000000        0.0000000000
      220.0000000000        0.0000000000        0.0000000000
      221.0000000000        0.0000000000        0.0000000000
      222.0000000000        0.0000000000        0.0000000000
      223.0000000000        0.0000000000        0.0000000000
      224.0000000000        0.0000000000        0.0000000000
      225.0000000000        0.0000000000        0.0000000000
      226.0000000000        0.0000000000        0.0000000000
      227.0000000000        0.0000000000        0.0000000000
      228.0000000000        0.0000000000        0.0000000000
      229.0000000000        0.0000000000        0.0000000000
      230.0000000000        0.0000000000        0.0000000000
      231.0000000000        0.0000000000        0.0000000000
      232.0000000000        0.0000000000        0.0000000000
      233.0000000000        0.0000000000        0.0000000000
      234.0000000000        0.0000000000        0.0000000000
      235.0000000000        0.0000000000        0.0000000000
      236.0000000000        0.0000000000        0.0000000000
      237.0000000000        0.0000000000        0.0000000000
      238.0000000000        0.0000000000        0.0000000000
      239.0000000000        0.0000000000        0.0000000000
      240.0000000000        0.0000000000        0.0000000000
      241.0000000000        0.0000000000        0.0000000000
      242.0000000000        0.0000000000        0.0000000000
      243.0000000000        0.0000000000        0.0000000000
      244.0000000000        0.0000000000        0.0000000000
      245.0000000000        0.0000000000        0.0000000000
      246.0000000000        0.0000000000        0.0000000000
      247.0000000000        0.0000000000        0.0000000000
      248.0000000000        0.0000000000        0.0000000000
      249.0000000000        0.0000000000        0.0000000000
      250.0000000000        0.0000000000        0.0000000000
      251.0000000000        0.0000000000        0.0000000000
      252.0000000000        0.0000000000        0.0000000000
      253.0000000000        0.0000000000        0.0000000000
      254.0000000000        0.0000000000        0.0000000000
      255.0000000000        0.0000000000        0.0000000000
      256.0000000000        0.0000000000        0.0000000000
      257.0000000000        0.0000000000        0.0000000000
      258.0000000000        0.0000000000        0.0000000000
      259.0000000000        0.0000000000        0.0000000000
      260.0000000000        0.0000000000        0.0000000000
      261.0000000000        0.0000000000        0.0000000000
      262.0000000000        0.0000000000        0.0000000000
      263.0000000000        0.0000000000        0.0000000000
      264.0000000000        0.0000000000        0.0000000000
      265.0000000000        0.0000000000        0.0000000000
      266.0000000000        0.0000000000        0.0000000000
      267.0000000000        0.0000000000        0.0000000000
      268.0000000000        0.0000000000        0.0000000000
      269.0000000000        0.0000000000        0.0000000000
      270.0000000000        0.0000000000        0.0000000000
      271.0000000000        0.0000000000        0.0000000000
      272.0000000000        0.0000000000        0.0000000000
      273.0000000000        0.0000000000        0.0000000000
      274.0000000000        0.0000000000        0.0000000000
      275.0000000000        0.0000000000        0.0000000000
      276.0000000000        0.0000000000        0.0000000000
      277.0000000000        0.0000000000        0.0000000000
      278.0000000000        0.0000000000        0.0000000000
      279.0000000000        0.0000000000        0.0000000000
      280.0000000000        0.0000000000        0.0000000000
      281.0000000000        0.0000000000        0.0000000000
      282.0000000000        0.0000000000        0.0000000000
      283.0000000000        0.0000000000        0.0000000000
      284.0000000000        0.0000000000        0.0000000000
      285.0000000000        0.0000000000        0.0000000000
      286.0000000000        0.0000000000        0.0000000000
      287.0000000000        0.0000000000        0.0000000000
      288.0000000000        0.0000000000        0.0000000000
      289.0000000000        0.0000000000        0.0000000000
      290.0000000000        0.0000000000        0.0000000000
      291.0000000000        0.0000000000        0.0000000000
      292.0000000000        0.0000000000        0.0000000000
      293.0000000000        0.0000000000        0.0000000000
      294.0000000000        0.0000000000        0.0000000000
      295.0000000000        0.0000000000        0.0000000000
      296.0000000000        0.0000000000        0.0000000000
      297.0000000000        0.0000000000        0.0000000000
      298.0000000000        0.0000000000        0.0000000000
      299.0000000000        0.0000000000        0.0000000000
      300.0000000000        0.0000000000        0.0000000000
      301.0000000000        0.0000000000        0.0000000000
      302.0000000000        0.0000000000        0.0000000000
      303.0000000000        0.0000000000        0.0000000000
      304.0000000000        0.0000000000        0.0000000000
      305.0000000000        0.0000000000        0.0000000000
      306.0000000000        0.0000000000        0.0000000000
      307.0000000000        0.0000000000        0.0000000000
      308.0000000000        0.0000000000        0.0000000000
      309.0000000000        0.0000000000        0.0000000000
      310.0000000000        0.0000000000        0.0000000000
      311.0000000000        0.0000000000        0.0000000000
      312.0000000000        0.0000000000        0.0000000000
      313.0000000000        0.0000000000        0.0000000000
      314.0000000000        0.0000000000        0.0000000000
      315.0000000000        0.0000000000        0.0000000000
      316.0000000000        0.0000000000        0.0000000000
      317.0000000000        0.0000000000        0.0000000000
      318.0000000000        0.0000000000        0.0000000000
      319.0000000000        0.0000000000        0.0000000000
      320.0000000000        0.0000000000        0.0000000000
      321.0000000000        0.0000000000        0.0000000000
      322.0000000000        0.0000000000        0.0000000000
      323.0000000000        0.0000000000        0.0000000000
      324.0000000000        0.0000000000        0.0000000000
      325.0000000000        0.0000000000        0.0000000000
      326.0000000000        0.0000000000        0.0000000000
      327.0000000000        0.0000000000        0.0000000000
      328.0000000000        0.0000000000        0.0000000000
      329.0000000000        0.0000000000        0.0000000000
      330.0000000000        0.0000000000        0.0000000000
      331.0000000000        0.0000000000        0.0000000000
      332.0000000000        0.0000000000        0.0000000000
      333.0000000000        0.0000000000        0.0000000000
      334.0000000000        0.0000000000        0.0000000000
      335.0000000000        0.0000000000        0.0000000000
      336.0000000000        0.0000000000        0.0000000000
      337.0000000000        0.0000000000        0.0000000000
      338.0000000000        0.0000000000        0.0000000000
      339.0000000000        0.0000000000        0.0000000000
      340.0000000000        0.0000000000        0.0000000000
      341.0000000000        0.0000000000        0.0000000000
      342.0000000000        0.0000000000        0.0000000000
      343.0000000000        0.0000000000        0.0000000000
      344.0000000000        0.0000000000        0.0000000000
      345.0000000000        0.0000000000        0.0000000000
      346.0000000000        0.0000000000        0.0000000000
      347.0000000000        0.0000000000        0.0000000000
      348.0000000000        0.0000000000        0.0000000000
      349.0000000000        0.0000000000        0.0000000000
      350.0000000000        0.0000000000        0.0000000000
      351.0000000000        0.0000000000        0.0000000000
      352.0000000000        0.0000000000        0.0000000000
      353.0000000000        0.0000000000        0.0000000000
      354.0000000000        0.0000000000        0.0000000000
      355.0000000000        0.0000000000        0.0000000000
      356.0000000000        0.0000000000        0.0000000000
      357.0000000000        0.0000000000        0.0000000000
      358.0000000000        0.0000000000        0.0000000000
      359.0000000000        0.0000000000        0.0000000000
      360.0000000000        0.0000000000        0.0000000000
      361.0000000000        0.0000000000        0.0000000000
      362.0000000000        0.0000000000        0.0000000000
      363.0000000000        0.0000000000        0.0000000000
      364.0000000000        0.0124205554        0.0001559836
      365.0000000000        0.0125780202        0.0001589586
      366.0000000000        0.0127384980        0.0001620098
      367.0000000000        0.0129020660        0.0001651395
      368.0000000000        0.0130688041        0.0001683504
      369.0000000000        0.0132387946        0.0001716450
      370.0000000000        0.0134121228        0.0001750261
      371.0000000000        0.0135888766        0.0001784966
      372.0000000000        0.0137691467        0.0001820594
      373.0000000000        0.0139530271        0.0001857176
      374.0000000000        0.0141406149        0.0001894745
      375.0000000000        0.0143320102        0.0001933334
      376.0000000000        0.0145273169        0.0001972978
      377.0000000000        0.0147266422        0.0002013713
      378.0000000000        0.0149300971        0.0002055577
      379.0000000000        0.0151377964        0.0002098608
      380.0000000000        0.0153498591        0.0002142849
      381.0000000000        0.0155664081        0.0002188342
      382.0000000000        0.0157875708        0.0002235132
      383.0000000000        0.0160134792        0.0002283265
      384.0000000000        0.0162442701        0.0002332789
      385.0000000000        0.0164800852        0.0002383756
      386.0000000000        0.0167210711        0.0002436218
      387.0000000000        0.0169673803        0.0002490230
      388.0000000000        0.0172191706        0.0002545850
      389.0000000000        0.0174766059        0.0002603138
      390.0000000000        0.0177398560        0.0002662158
      391.0000000000        0.0180090973        0.0002722975
      392.0000000000        0.0182845131        0.0002785658
      393.0000000000        0.0185662935        0.0002850279
      394.0000000000        0.0188546360        0.0002916914
      395.0000000000        0.0191497460        0.0002985641
      396.0000000000        0.0194518368        0.0003056544
      397.0000000000        0.0197611302        0.0003129709
      398.0000000000        0.0200778571        0.0003205228
      399.0000000000        0.0204022574        0.0003283194
      400.0000000000        0.0207345809        0.0003363709
      401.0000000000        0.0210750877        0.0003446878
      402.0000000000        0.0214240486        0.0003532810
      403.0000000000        0.0217817457        0.0003621621
      404.0000000000        0.0221484729        0.0003713433
      405.0000000000        0.0225245366        0.0003808374
      406.0000000000        0.0229102564        0.0003906578
      407.0000000000        0.0233059656        0.0004008186
      408.0000000000        0.0237120120        0.0004113346
      409.0000000000        0.0241287586        0.0004222217
      410.0000000000        0.0245565845        0.0004334962
      411.0000000000        0.0249958859        0.0004451755
      412.0000000000        0.0254470767        0.0004572781
      413.0000000000        0.0259105895        0.0004698231
      414.0000000000        0.0263868771        0.0004828310
      415.0000000000        0.0268764129        0.0004963233
      416.0000000000        0.0273796928        0.0005103228
      417.0000000000        0.0278972357        0.0005248536
      418.0000000000        0.0284295855        0.0005399410
      419.0000000000        0.0289773123        0.0005556120
      420.0000000000        0.0295410136        0.0005718951
      421.0000000000        0.0301213165        0.0005888203
      422.0000000000        0.0307188789        0.0006064197
      423.0000000000        0.0313343918        0.0006247271
      424.0000000000        0.0319685811        0.0006437785
      425.0000000000        0.0326222096        0.0006636121
      426.0000000000        0.0332960794        0.0006842683
      427.0000000000        0.0339910347        0.0007057902
      428.0000000000        0.0347079637        0.0007282238
      429.0000000000        0.0354478023        0.0007516176
      430.0000000000        0.0362115363        0.0007760236
      431.0000000000        0.0370002054        0.0008014972
      432.0000000000        0.0378149061        0.0008280972
      433.0000000000        0.0386567963        0.0008558867
      434.0000000000        0.0395270984        0.0008849327
      435.0000000000        0.0404271045        0.0009153072
      436.0000000000        0.0413581810        0.0009470867
      437.0000000000        0.0423217737        0.0009803536
      438.0000000000        0.0433194133        0.0010151957
      439.0000000000        0.0443527215        0.0010517073
      440.0000000000        0.0454234181        0.0010899896
      441.0000000000        0.0465333271        0.0011301512
      442.0000000000        0.0476843856        0.0011723085
      443.0000000000        0.0488786512        0.0012165872
      444.0000000000        0.0501183120        0.0012631222
      445.0000000000        0.0514056960        0.0013120589
      446.0000000000        0.0527432825        0.0013635542
      447.0000000000        0.0541337135        0.0014177773
      448.0000000000        0.0555798071        0.0014749110
      449.0000000000        0.0570845715        0.0015351533
      450.0000000000        0.0586512209        0.0015987180
      451.0000000000        0.0602831921        0.0016658373
      452.0000000000        0.0619841639        0.0017367628
      453.0000000000        0.0637580773        0.0018117679
      454.0000000000        0.0656091584        0.0018911499
      455.0000000000        0.0675419435        0.0019752323
      456.0000000000        0.0695613069        0.0020643678
      457.0000000000        0.0716724914        0.0021589414
      458.0000000000        0.0738811420        0.0022593735
      459.0000000000        0.0761933441        0.0023661243
      460.0000000000        0.0786156645        0.0024796981
      461.0000000000        0.0811551983        0.0026006478
      462.0000000000        0.0838196207        0.0027295813
      463.0000000000        0.0866172444        0.0028671673
      464.0000000000        0.0895570843        0.0030141428
      465.0000000000        0.0926489300        0.0031713212
      466.0000000000        0.0959034265        0.0033396020
      467.0000000000        0.0993321657        0.0035199813
      468.0000000000        0.1029477889        0.0037135641
      469.0000000000        0.1067641029        0.0039215787
      470.0000000000        0.1107962109        0.0041453926
      471.0000000000        0.1150606611        0.0043865316
      472.0000000000        0.1195756155        0.0046467015
      473.0000000000        0.1243610421        0.0049278131
      474.0000000000        0.1294389342        0.0052320114
      475.0000000000        0.1348335617        0.0055617103
      476.0000000000        0.1405717584        0.0059196318
      477.0000000000        0.1466832541        0.0063088534
      478.0000000000        0.1532010560        0.0067328631
      479.0000000000        0.1601618914        0.0071956245
      480.0000000000        0.1676067205        0.0077016539
      481.0000000000        0.1755813338        0.0082561122
      482.0000000000        0.1841370498        0.0088649144
      483.0000000000        0.1933315325        0.0095348609
      484.0000000000        0.2032297539        0.0102737952
      485.0000000000        0.2139051287        0.0110907952
      486.0000000000        0.2254408613        0.0119964043
      487.0000000000        0.2379315476        0.0130029140
      488.0000000000        0.2514850903        0.0141247102
      489.0000000000        0.2662249985        0.0153786988
      490.0000000000        0.2822931623        0.0167848335
      491.0000000000        0.2998532171        0.0183667731
      492.0000000000        0.3190946440        0.0201527036
      493.0000000000        0.3402377953        0.0221763751
      494.0000000000        0.3635400901        0.0244784175
      495.0000000000        0.3893036985        0.0271080193
      496.0000000000        0.4178851355        0.0301250889
      497.0000000000        0.4497073193        0.0336030555
      498.0000000000        0.4852748399        0.0376325295
      499.0000000000        0.5251934396        0.0423261262
      500.0000000000        0.5701950709        0.0478248812
      501.0000000000        0.6211704082        0.0543068616
      502.0000000000        0.6792114168        0.0619988431
      503.0000000000        0.7456676351        0.0711923082
      504.0000000000        0.8222213523        0.0822656114
      505.0000000000        0.9109891246        0.0957150402
      506.0000000000        1.0146604325        0.1121988654
      507.0000000000        1.1366893509        0.1326005811
      508.0000000000        1.2815628247        0.1581208093
      509.0000000000        1.4551809808        0.1904124570
      510.0000000000        1.6654031696        0.2317816182
      511.0000000000        1.9228415023        0.2854886569
      512.0000000000        2.2420261369        0.3562008519
      513.0000000000        2.6431280367        0.4506682023
      514.0000000000        3.1545037808        0.5787044669
      515.0000000000        3.8163926725        0.7545034285
      516.0000000000        4.6860131700        0.9980242497
      517.0000000000        5.8435960416        1.3350698831
      518.0000000000        7.3960674577        1.7911569616
      519.0000000000        9.4661583635        2.3648497652
      520.0000000000       12.1322464599        2.9494224691
      521.0000000000       15.2523982327        3.1836198972
      522.0000000000       18.1636686391        2.4189654176
      523.0000000000       19.6465747031        0.3778813030
      524.0000000000       18.8334693627       -1.9061574132
      525.0000000000       16.2212661941       -3.0857216662
      526.0000000000       13.0631902120       -3.0852986886
      527.0000000000       10.2241655857       -2.5540701083
      528.0000000000        7.9734001345       -1.9572245010
      529.0000000000        6.2743314836       -1.4620606165
      530.0000000000        5.0076353200       -1.0906239149
      531.0000000000        4.0590415279       -0.8212376193
      532.0000000000        3.3401794843       -0.6269901406
      533.0000000000        2.7873815274       -0.4859900003
      534.0000000000        2.3557837552       -0.3823979179
      535.0000000000        2.0138240225       -0.3052039669
      536.0000000000        1.7391266202       -0.2468345905
      537.0000000000        1.5156387992       -0.2020652800
      538.0000000000        1.3316867352       -0.1672591002
      539.0000000000        1.1786616380       -0.1398538048
      540.0000000000        1.0501273401       -0.1180204393
      541.0000000000        0.9412083395       -0.1004359209
      542.0000000000        0.8481652078       -0.0861304799
      543.0000000000        0.7680962602       -0.0743842824
      544.0000000000        0.6987252423       -0.0646565599
      545.0000000000        0.6382483226       -0.0565364302
      546.0000000000        0.5852224763       -0.0497083496
      547.0000000000        0.5384831138       -0.0439275492
      548.0000000000        0.4970826149       -0.0390023665
      549.0000000000        0.4602439834       -0.0347813934
      550.0000000000        0.4273255543       -0.0311440276
      551.0000000000        0.3977938679       -0.0279934551
      552.0000000000        0.3712026357       -0.0252513891
      553.0000000000        0.3471762952       -0.0228540875
      554.0000000000        0.3253970523       -0.0207493145
      555.0000000000        0.3055945942       -0.0188940012
      556.0000000000        0.2875378672       -0.0172524325
      557.0000000000        0.2710284605       -0.0157948295
      558.0000000000        0.2558952491       -0.0144962346
      559.0000000000        0.2419900305       -0.0133356293
      560.0000000000        0.2291839513       -0.0122952299
      561.0000000000        0.2173645643       -0.0113599235
      562.0000000000        0.2064333928       -0.0105168133
      563.0000000000        0.1963039057       -0.0097548501
      564.0000000000        0.1868998256       -0.0090645310
      565.0000000000        0.1781537084       -0.0084376542
      566.0000000000        0.1700057479       -0.0078671161
      567.0000000000        0.1624027631       -0.0073467438
      568.0000000000        0.1552973394       -0.0068711567
      569.0000000000        0.1486470959       -0.0064356503
      570.0000000000        0.1424140591       -0.0060360996
      571.0000000000        0.1365641253       -0.0056688774
      572.0000000000        0.1310665982       -0.0053307860
      573.0000000000        0.1258937887       -0.0050189992
      574.0000000000        0.1210206695       -0.0047310128
      575.0000000000        0.1164245738       -0.0044646026
      576.0000000000        0.1120849344       -0.0042177891
      577.0000000000        0.1079830542       -0.0039888062
      578.0000000000        0.1041019066       -0.0037760750
      579.0000000000        0.1004259599       -0.0035781814
      580.0000000000        0.0969410225       -0.0033938560
      581.0000000000        0.0936341068       -0.0032219575
      582.0000000000        0.0904933091       -0.0030614574
      583.0000000000        0.0875077027       -0.0029114279
      584.0000000000        0.0846672436       -0.0027710301
      585.0000000000        0.0819626861       -0.0026395042
      586.0000000000        0.0793855082       -0.0025161613
      587.0000000000        0.0769278449       -0.0024003757
      588.0000000000        0.0745824281       -0.0022915780
      589.0000000000        0.0723425331       -0.0021892494
      590.0000000000        0.0702019311       -0.0020929168
      591.0000000000        0.0681548453       -0.0020021479
      592.0000000000        0.0661959129       -0.0019165472
      593.0000000000        0.0643201494       -0.0018357523
      594.0000000000        0.0625229173       -0.0017594311
      595.0000000000        0.0607998979       -0.0016872785
      596.0000000000        0.0591470646       -0.0016190139
      597.0000000000        0.0575606603       -0.0015543793
      598.0000000000        0.0560371756       -0.0014931367
      599.0000000000        0.0545733296       -0.0014350667
      600.0000000000        0.0531660523       -0.0013799667
      601.0000000000        0.0518124687       -0.0013276494
      602.0000000000        0.0505098839       -0.0012779414
      603.0000000000        0.0492557698       -0.0012306822
      604.0000000000        0.0480477530       -0.0011857230
      605.0000000000        0.0468836033       -0.0011429256
      606.0000000000        0.0457612240       -0.0011021618
      607.0000000000        0.0446786417       -0.0010633123
      608.0000000000        0.0436339984       -0.0010262660
      609.0000000000        0.0426255430       -0.0009909198
      610.0000000000        0.0416516244       -0.0009571771
      611.0000000000        0.0407106844       -0.0009249481
      612.0000000000        0.0398012516       -0.0008941491
      613.0000000000        0.0389219358       -0.0008647015
      614.0000000000        0.0380714226       -0.0008365321
      615.0000000000        0.0372484684       -0.0008095724
      616.0000000000        0.0364518960       -0.0007837581
      617.0000000000        0.0356805905       -0.0007590291
      618.0000000000        0.0349334949       -0.0007353290
      619.0000000000        0.0342096071       -0.0007126049
      620.0000000000        0.0335079764       -0.0006908070
      621.0000000000        0.0328277000       -0.0006698887
      622.0000000000        0.0321679205       -0.0006498060
      623.0000000000        0.0315278232       -0.0006305177
      624.0000000000        0.0309066333       -0.0006119849
      625.0000000000        0.0303036138       -0.0005941710
      626.0000000000        0.0297180632       -0.0005770415
      627.0000000000        0.0291493135       -0.0005605639
      628.0000000000        0.0285967284       -0.0005447073
      629.0000000000        0.0280597014       -0.0005294430
      630.0000000000        0.0275376542       -0.0005147434
      631.0000000000        0.0270300349       -0.0005005828
      632.0000000000        0.0265363171       -0.0004869366
      633.0000000000        0.0260559979       -0.0004737818
      634.0000000000        0.0255885971       -0.0004610963
      635.0000000000        0.0251336557       -0.0004488595
      636.0000000000        0.0246907350       -0.0004370518
      637.0000000000        0.0242594153       -0.0004256544
      638.0000000000        0.0238392953       -0.0004146497
      639.0000000000        0.0234299905       -0.0004040210
      640.0000000000        0.0230311332       -0.0003937524
      641.0000000000        0.0226423709       -0.0003838286
      642.0000000000        0.0222633658       -0.0003742355
      643.0000000000        0.0218937943       -0.0003649592
      644.0000000000        0.0215333461       -0.0003559869
      645.0000000000        0.0211817233       -0.0003473062
      646.0000000000        0.0208386403       -0.0003389054
      647.0000000000        0.0205038229       -0.0003307733
      648.0000000000        0.0201770078       -0.0003228991
      649.0000000000        0.0198579420       -0.0003152729
      650.0000000000        0.0195463826       -0.0003078848
      651.0000000000        0.0192420960       -0.0003007258
      652.0000000000        0.0189448577       -0.0002937869
      653.0000000000        0.0186544517       -0.0002870597
      654.0000000000        0.0183706703       -0.0002805364
      655.0000000000        0.0180933136       -0.0002742091
      656.0000000000        0.0178221891       -0.0002680707
      657.0000000000        0.0175571116       -0.0002621140
      658.0000000000        0.0172979026       -0.0002563325
      659.0000000000        0.0170443903       -0.0002507198
      660.0000000000        0.0167964089       -0.0002452696
      661.0000000000        0.0165537988       -0.0002399763
      662.0000000000        0.0163164060       -0.0002348341
      663.0000000000        0.0160840820       -0.0002298378
      664.0000000000        0.0158566836       -0.0002249821
      665.0000000000        0.0156340725       -0.0002202623
      666.0000000000        0.0154161154       -0.0002156735
      667.0000000000        0.0152026834       -0.0002112113
      668.0000000000        0.0149936521       -0.0002068713
      669.0000000000        0.0147889015       -0.0002026493
      670.0000000000        0.0145883155       -0.0001985415
      671.0000000000        0.0143917818       -0.0001945438
      672.0000000000        0.0141991922       -0.0001906528
      673.0000000000        0.0140104419       -0.0001868648
      674.0000000000        0.0138254293       -0.0001831765
      675.0000000000        0.0136440566       -0.0001795846
      676.0000000000        0.0134662290       -0.0001760860
      677.0000000000        0.0132918545       -0.0001726777
      678.0000000000        0.0131208445       -0.0001693567
      679.0000000000        0.0129531129       -0.0001661203
      680.0000000000        0.0127885766       -0.0001629659
      681.0000000000        0.0126271548       -0.0001598908
      682.0000000000        0.0124687694       -0.0001568925
      683.0000000000        0.0123133449       -0.0001539688
      684.0000000000        0.0000000000        0.0000000000
      685.0000000000        0.0000000000        0.0000000000
      686.0000000000        0.0000000000        0.0000000000
      687.0000000000        0.0000000000        0.0000000000
      688.0000000000        0.0000000000        0.0000000000
      689.0000000000        0.0000000000        0.0000000000
      690.0000000000        0.0000000000        0.0000000000
      691.0000000000        0.0000000000        0.0000000000
      692.0000000000        0.0000000000        0.0000000000
      693.0000000000        0.0000000000        0.0000000000
      694.0000000000        0.0000000000        0.0000000000
      695.0000000000        0.0000000000        0.0000000000
      696.0000000000        0.0000000000        0.0000000000
      697.0000000000        0.0000000000        0.0000000000
      698.0000000000        0.0000000000        0.0000000000
      699.0000000000        0.0000000000        0.0000000000
      700.0000000000        0.0000000000        0.0000000000
      701.0000000000        0.0000000000        0.0000000000
      702.0000000000        0.0000000000        0.0000000000
      703.0000000000        0.0000000000        0.0000000000
      704.0000000000        0.0000000000        0.0000000000
      705.0000000000        0.0000000000        0.0000000000
      706.0000000000        0.0000000000        0.0000000000
      707.0000000000        0.0000000000        0.0000000000
      708.0000000000        0.0000000000        0.0000000000
      709.0000000000        0.0000000000        0.0000000000
      710.0000000000        0.0000000000        0.0000000000
      711.0000000000        0.0000000000        0.0000000000
      712.0000000000        0.0000000000        0.0000000000
      713.0000000000        0.0000000000        0.0000000000
      714.0000000000        0.0000000000        0.0000000000
      715.0000000000        0.0000000000        0.0000000000
      716.0000000000        0.0000000000        0.0000000000
      717.0000000000        0.0000000000        0.0000000000
      718.0000000000        0.0000000000        0.0000000000
      719.0000000000        0.0000000000        0.0000000000
      720.0000000000        0.0000000000        0.0000000000
      721.0000000000        0.0000000000        0.0000000000
      722.0000000000        0.0000000000        0.0000000000
      723.0000000000        0.0000000000        0.0000000000
      724.0000000000        0.0000000000        0.0000000000
      725.0000000000        0.0000000000        0.0000000000
      726.0000000000        0.0000000000        0.0000000000
      727.0000000000        0.0000000000        0.0000000000
      728.0000000000        0.0000000000        0.0000000000
      729.0000000000        0.0000000000        0.0000000000
      730.0000000000        0.0000000000        0.0000000000
      731.0000000000        0.0000000000        0.0000000000
      732.0000000000        0.0000000000        0.0000000000
      733.0000000000        0.0000000000        0.0000000000
      734.0000000000        0.0000000000        0.0000000000
      735.0000000000        0.0000000000        0.0000000000
      736.0000000000        0.0000000000        0.0000000000
      737.0000000000        0.0000000000        0.0000000000
      738.0000000000        0.0000000000        0.0000000000
      739.0000000000        0.0000000000        0.0000000000
      740.0000000000        0.0000000000        0.0000000000
      741.0000000000        0.0000000000        0.0000000000
      742.0000000000        0.0000000000        0.0000000000
      743.0000000000        0.0000000000        0.0000000000
      744.0000000000        0.0000000000        0.0000000000
      745.0000000000        0.0000000000        0.0000000000
      746.0000000000        0.0000000000        0.0000000000
      747.0000000000        0.0000000000        0.0000000000
      748.0000000000        0.0000000000        0.0000000000
      749.0000000000        0.0000000000        0.0000000000
      750.0000000000        0.0000000000        0.0000000000
      751.0000000000        0.0000000000        0.0000000000
      752.0000000000        0.0000000000        0.0000000000
      753.0000000000        0.0000000000        0.0000000000
      754.0000000000        0.0000000000        0.0000000000
      755.0000000000        0.0000000000        0.0000000000
      756.0000000000        0.0000000000        0.0000000000
      757.0000000000        0.0000000000        0.0000000000
      758.0000000000        0.0000000000        0.0000000000
      759.0000000000        0.0000000000        0.0000000000
      760.0000000000        0.0000000000        0.0000000000
      761.0000000000        0.0000000000        0.0000000000
      762.0000000000        0.0000000000        0.0000000000
      763.0000000000        0.0000000000        0.0000000000
      764.0000000000        0.0000000000        0.0000000000
      765.0000000000        0.0000000000        0.0000000000
      766.0000000000        0.0000000000        0.0000000000
      767.0000000000        0.0000000000        0.0000000000
      768.0000000000        0.0000000000        0.0000000000
      769.0000000000        0.0000000000        0.0000000000
      770.0000000000        0.0000000000        0.0000000000
      771.0000000000        0.0000000000        0.0000000000
      772.0000000000        0.0000000000        0.0000000000
      773.0000000000        0.0000000000        0.0000000000
      774.0000000000        0.0000000000        0.0000000000
      775.0000000000        0.0000000000        0.0000000000
      776.0000000000        0.0000000000        0.0000000000
      777.0000000000        0.0000000000        0.0000000000
      778.0000000000        0.0000000000        0.0000000000
      779.0000000000        0.0000000000        0.0000000000
      780.0000000000        0.0000000000        0.0000000000
      781.0000000000        0.0000000000        0.0000000000
      782.0000000000        0.0000000000        0.0000000000
      783.0000000000        0.0000000000        0.0000000000
      784.0000000000        0.0000000000        0.0000000000
      785.0000000000        0.0000000000        0.0000000000
      786.0000000000        0.0000000000        0.0000000000
      787.0000000000        0.0000000000        0.0000000000
      788.0000000000        0.0000000000        0.0000000000
      789.0000000000        0.0000000000        0.0000000000
      790.0000000000        0.0000000000        0.0000000000
      791.0000000000        0.0000000000        0.0000000000
      792.0000000000        0.0000000000        0.0000000000
      793.0000000000        0.0000000000        0.0000000000
      794.0000000000        0.0000000000        0.0000000000
      795.0000000000        0.0000000000        0.0000000000
      796.0000000000        0.0000000000        0.0000000000
      797.0000000000        0.0000000000        0.0000000000
      798.0000000000        0.0000000000        0.0000000000
      799.0000000000        0.0000000000        0.0000000000
      800.0000000000        0.0000000000        0.0000000000
      801.0000000000        0.0000000000        0.0000000000
      802.0000000000        0.0000000000        0.0000000000
      803.0000000000        0.0000000000        0.0000000000
      804.0000000000        0.0000000000        0.0000000000
      805.0000000000        0.0000000000        0.0000000000
      806.0000000000        0.0000000000        0.0000000000
      807.0000000000        0.0000000000        0.0000000000
      808.0000000000        0.0000000000        0.0000000000
      809.0000000000        0.0000000000        0.0000000000
      810.0000000000        0.0000000000        0.0000000000
      811.0000000000        0.0000000000        0.0000000000
      812.0000000000        0.0000000000        0.0000000000
      813.0000000000        0.0000000000        0.0000000000
      814.0000000000        0.0000000000        0.0000000000
      815.0000000000        0.0000000000        0.0000000000
      816.0000000000        0.0000000000        0.0000000000
      817.0000000000        0.0000000000        0.0000000000
      818.0000000000        0.0000000000        0.0000000000
      819.0000000000        0.0000000000        0.0000000000
      820.0000000000        0.0000000000        0.0000000000
      821.0000000000        0.0000000000        0.0000000000
      822.0000000000        0.0000000000        0.0000000000
      823.0000000000        0.0000000000        0.0000000000
      824.0000000000        0.0000000000        0.0000000000
      825.0000000000        0.0000000000        0.0000000000
      826.0000000000        0.0000000000        0.0000000000
      827.0000000000        0.0000000000        0.0000000000
      828.0000000000        0.0000000000        0.0000000000
      829.0000000000        0.0000000000        0.0000000000
      830.0000000000        0.0000000000        0.0000000000
      831.0000000000        0.0000000000        0.0000000000
      832.0000000000        0.0000000000        0.0000000000
      833.0000000000        0.0000000000        0.0000000000
      834.0000000000        0.0000000000        0.0000000000
      835.0000000000        0.0000000000        0.0000000000
      836.0000000000        0.0000000000        0.0000000000
      837.0000000000        0.0000000000        0.0000000000
      838.0000000000        0.0000000000        0.0000000000
      839.0000000000        0.0000000000        0.0000000000
      840.0000000000        0.0000000000        0.0000000000
      841.0000000000        0.0000000000        0.0000000000
      842.0000000000        0.0000000000        0.0000000000
      843.0000000000        0.0000000000        0.0000000000
      844.0000000000        0.0000000000        0.0000000000
      845.0000000000        0.0000000000        0.0000000000
      846.0000000000        0.0000000000        0.0000000000
      847.0000000000        0.0000000000        0.0000000000
      848.0000000000        0.0000000000        0.0000000000
      849.0000000000        0.0000000000        0.0000000000
      850.0000000000        0.0000000000        0.0000000000
      851.0000000000        0.0000000000        0.0000000000
      852.0000000000        0.0000000000        0.0000000000
      853.0000000000        0.0000000000        0.0000000000
      854.0000000000        0.0000000000        0.0000000000
      855.0000000000        0.0000000000        0.0000000000
      856.0000000000        0.0000000000        0.0000000000
      857.0000000000        0.0000000000        0.0000000000
      858.0000000000        0.0000000000        0.0000000000
      859.0000000000        0.0000000000        0.0000000000
      860.0000000000        0.0000000000        0.0000000000
      861.0000000000        0.0000000000        0.0000000000
      862.0000000000        0.0000000000        0.0000000000
      863.0000000000        0.0000000000        0.0000000000
      864.0000000000        0.0000000000        0.0000000000
      865.0000000000        0.0000000000        0.0000000000
      866.0000000000        0.0000000000        0.0000000000
      867.0000000000        0.0000000000        0.0000000000
      868.0000000000        0.0000000000        0.0000000000
      869.0000000000        0.0000000000        0.0000000000
      870.0000000000        0.0000000000        0.0000000000
      871.0000000000        0.0000000000        0.0000000000
      872.0000000000        0.0000000000        0.0000000000
      873.0000000000        0.0000000000        0.0000000000
      874.0000000000        0.0000000000        0.0000000000
      875.0000000000        0.0000000000        0.0000000000
      876.0000000000        0.0000000000        0.0000000000
      877.0000000000        0.0000000000        0.0000000000
      878.0000000000        0.0000000000        0.0000000000
      879.0000000000        0.0000000000        0.0000000000
      880.0000000000        0.0000000000        0.0000000000
      881.0000000000        0.0000000000        0.0000000000
      882.0000000000        0.0000000000        0.0000000000
      883.0000000000        0.0000000000        0.0000000000
      884.0000000000        0.0000000000        0.0000000000
      885.0000000000        0.0000000000        0.0000000000
      886.0000000000        0.0000000000        0.0000000000
      887.0000000000        0.0000000000        0.0000000000
      888.0000000000        0.0000000000        0.0000000000
      889.0000000000        0.0000000000        0.0000000000
      890.0000000000        0.0000000000        0.0000000000
      891.0000000000        0.0000000000        0.0000000000
      892.0000000000        0.0000000000        0.0000000000
      893.0000000000        0.0000000000        0.0000000000
      894.0000000000        0.0000000000        0.0000000000
      895.0000000000        0.0000000000        0.0000000000
      896.0000000000        0.0000000000        0.0000000000
      897.0000000000        0.0000000000        0.0000000000
      898.0000000000        0.0000000000        0.0000000000
      899.0000000000        0.0000000000        0.0000000000
      900.0000000000        0.0000000000        0.0000000000
      901.0000000000        0.0000000000        0.0000000000
      902.0000000000        0.0000000000        0.0000000000
      903.0000000000        0.0000000000        0.0000000000
      904.0000000000        0.0000000000        0.0000000000
      905.0000000000        0.0000000000        0.0000000000
      906.0000000000        0.0000000000        0.0000000000
      907.0000000000        0.0000000000        0.0000000000
      908.0000000000        0.0000000000        0.0000000000
      909.0000000000        0.0000000000        0.0000000000
      910.0000000000        0.0000000000        0.0000000000
      911.0000000000        0.0000000000        0.0000000000
      912.0000000000        0.0000000000        0.0000000000
      913.0000000000        0.0000000000        0.0000000000
      914.0000000000        0.0000000000        0.0000000000
      915.0000000000        0.0000000000        0.0000000000
      916.0000000000        0.0000000000        0.0000000000
      917.0000000000        0.0000000000        0.0000000000
      918.0000000000        0.0000000000        0.0000000000
      919.0000000000        0.0000000000        0.0000000000
      920.0000000000        0.0000000000        0.0000000000
      921.0000000000        0.0000000000        0.0000000000
      922.0000000000        0.0000000000        0.0000000000
      923.0000000000        0.0000000000        0.0000000000
      924.0000000000        0.0000000000        0.0000000000
      925.0000000000        0.0000000000        0.0000000000
      926.0000000000        0.0000000000        0.0000000000
      927.0000000000        0.0000000000        0.0000000000
      928.0000000000        0.0000000000        0.0000000000
      929.0000000000        0.0000000000        0.0000000000
      930.0000000000        0.0000000000        0.0000000000
      931.0000000000        0.0000000000        0.0000000000
      932.0000000000        0.0000000000        0.0000000000
      933.0000000000        0.0000000000        0.0000000000
      934.0000000000        0.0000000000        0.0000000000
      935.0000000000        0.0000000000        0.0000000000
      936.0000000000        0.0000000000        0.0000000000
      937.0000000000        0.0000000000        0.0000000000
      938.0000000000        0.0000000000        0.0000000000
      939.0000000000        0.0000000000        0.0000000000
      940.0000000000        0.0000000000        0.0000000000
      941.0000000000        0.0000000000        0.0000000000
      942.0000000000        0.0000000000        0.0000000000
      943.0000000000        0.0000000000        0.0000000000
      944.0000000000        0.0000000000        0.0000000000
      945.0000000000        0.0000000000        0.0000000000
      946.0000000000        0.0000000000        0.0000000000
      947.0000000000        0.0000000000        0.0000000000
      948.0000000000        0.0000000000        0.0000000000
      949.0000000000        0.6119124866        0.0076761844
      950.0000000000        0.6196614851        0.0078224257
      951.0000000000        0.6275585839        0.0079724047
      952.0000000000        0.6356075804        0.0081262415
      953.0000000000        0.6438123944        0.0082840610
      954.0000000000        0.6521770731        0.0084459928
      955.0000000000        0.6607057958        0.0086121718
      956.0000000000        0.6694028791        0.0087827380
      957.0000000000        0.6782727828        0.0089578372
      958.0000000000        0.6873201150        0.0091376210
      959.0000000000        0.6965496387        0.0093222469
      960.0000000000        0.7059662775        0.0095118791
      961.0000000000        0.7155751225        0.0097066884
      962.0000000000        0.7253814392        0.0099068526
      963.0000000000        0.7353906744        0.0101125570
      964.0000000000        0.7456084641        0.0103239945
      965.0000000000        0.7560406413        0.0105413662
      966.0000000000        0.7666932443        0.0107648816
      967.0000000000        0.7775725252        0.0109947594
      968.0000000000        0.7886849597        0.0112312274
      969.0000000000        0.8000372560        0.0114745236
      970.0000000000        1.0543847584        0.0147591662
      971.0000000000        1.0693008344        0.0150744712
      972.0000000000        1.0845367248        0.0153988486
      973.0000000000        1.1001016656        0.0157326283
      974.0000000000        1.1160052298        0.0160761541
      975.0000000000        1.1322573421        0.0164297855
      976.0000000000        1.1488682943        0.0167938978
      977.0000000000        1.1658487619        0.0171688833
      978.0000000000        1.1832098218        0.0175551522
      979.0000000000        1.2009629701        0.0179531332
      980.0000000000        1.2191201416        0.0183632750
      981.0000000000        1.2376937299        0.0187860469
      982.0000000000        1.2566966091        0.0192219405
      983.0000000000        1.2761421559        0.0196714701
      984.0000000000        1.2960442741        0.0201351751
      985.0000000000        1.3164174191        0.0206136201
      986.0000000000        1.3372766247        0.0211073974
      987.0000000000        1.3586375314        0.0216171282
      988.0000000000        1.3805164157        0.0221434639
      989.0000000000        1.4029302218        0.0226870885
      990.0000000000        1.4258965945        0.0232487199
      991.0000000000        1.4494339149        0.0238291125
      992.0000000000        1.4735613371        0.0244290589
      993.0000000000        1.4982988278        0.0250493922
      994.0000000000        1.5236672087        0.0256909887
      995.0000000000        1.5496881999        0.0263547706
      996.0000000000        1.5763844679        0.0270417083
      997.0000000000        1.6037796752        0.0277528241
      998.0000000000        1.6318985337        0.0284891949
      999.0000000000        1.6607668610        0.0292519558
     1000.0000000000        1.6904116403        0.0300423041
     1001.0000000000        1.7208610851        0.0308615028
     1002.0000000000        1.7521447065        0.0317108855
     1003.0000000000        1.7842933860        0.0325918603
     1004.0000000000        1.8173394530        0.0335059155
     1005.0000000000        1.8513167672        0.0344546243
     1006.0000000000        1.8862608065        0.0354396511
     1007.0000000000        1.9222087613        0.0364627571
     1008.0000000000        1.9591996345        0.0375258079
     1009.0000000000        1.9972743494        0.0386307797
     1010.0000000000        2.0364758645        0.0397797678
     1011.0000000000        2.0768492965        0.0409749950
     1012.0000000000        2.1184420524        0.0422188205
     1013.0000000000        2.1613039705        0.0435137500
     1014.0000000000        2.2054874727        0.0448624462
     1015.0000000000        2.2510477271        0.0462677409
     1016.0000000000        2.2980428230        0.0477326473
     1017.0000000000        2.3465339594        0.0492603739
     1018.0000000000        2.3965856478        0.0508543393
     1019.0000000000        2.4482659300        0.0525181888
     1020.0000000000        2.5016466137        0.0542558119
     1021.0000000000        2.5568035263        0.0560713619
     1022.0000000000        2.6138167890        0.0579692767
     1023.0000000000        2.6727711129        0.0599543023
     1024.0000000000        2.7337561196        0.0620315179
     1025.0000000000        2.7968666878        0.0642063637
     1026.0000000000        2.8622033295        0.0664846712
     1027.0000000000        2.9298725976        0.0688726964
     1028.0000000000        2.9999875284        0.0713771567
     1029.0000000000        3.0726681231        0.0740052713
     1030.0000000000        3.1883562546        0.0772713987
     1031.0000000000        3.2670701101        0.0801803796
     1032.0000000000        3.3487666843        0.0832383960
     1033.0000000000        3.4335998138        0.0864551734
     1034.0000000000        3.5217334422        0.0898412124
     1035.0000000000        3.6133424317        0.0934078619
     1036.0000000000        3.7086134511        0.0971674007
     1037.0000000000        3.8077459499        0.1011331273
     1038.0000000000        3.9109532278        0.1053194612
     1039.0000000000        4.0184636104        0.1097420545
     1040.0000000000        4.1305217433        0.1144179172
     1041.0000000000        4.2473900187        0.1193655570
     1042.0000000000        4.3693501502        0.1246051364
     1043.0000000000        4.4967049129        0.1301586476
     1044.0000000000        4.6297800711        0.1360501108
     1045.0000000000        4.7689265140        0.1423057957
     1046.0000000000        4.9145226288        0.1489544723
     1047.0000000000        5.0669769392        0.1560276940
     1048.0000000000        5.2267310455        0.1635601175
     1049.0000000000        5.3942629061        0.1715898661
     1050.0000000000        5.5700905054        0.1801589424
     1051.0000000000        5.7547759631        0.1893136978
     1052.0000000000        5.9489301452        0.1991053689
     1053.0000000000        6.1532178488        0.2095906902
     1054.0000000000        6.3683636431        0.2208325972
     1055.0000000000        6.5951584648        0.2329010333
     1056.0000000000        6.8344670802        0.2458738805
     1057.0000000000        7.0872365470        0.2598380324
     1058.0000000000        7.3545058333        0.2748906384
     1059.0000000000        7.6374167764        0.2911405470
     1060.0000000000        7.9372266008        0.3087099863
     1061.0000000000        8.2553222541        0.3277365273
     1062.0000000000        8.5932368679        0.3483753820
     1063.0000000000        8.9526687138        0.3708021057
     1064.0000000000        9.3355030940        0.3952157807
     1065.0000000000        9.7438376996        0.4218427847
     1066.0000000000       10.1800120773        0.4509412629
     1067.0000000000       10.6466419834        0.4828064589
     1068.0000000000       11.1466595743        0.5177770907
     1069.0000000000       11.6833605926        0.5562430106
     1070.0000000000       12.2604599747        0.5986544442
     1071.0000000000       12.8821576409        0.6455331854
     1072.0000000000       13.5532166510        0.6974862232
     1073.0000000000       14.2790564501        0.7552224089
     1074.0000000000       15.0658646203        0.8195729477
     1075.0000000000       15.9207314445        0.8915167245
     1076.0000000000       16.8518127478        0.9722117805
     1077.0000000000       17.8685279878        1.0630346652
     1078.0000000000       18.9818025556        1.1656299376
     1079.0000000000       20.2043658739        1.2819728401
     1080.0000000000       21.5511203903        1.4144491938
     1081.0000000000       23.0396012831        1.5659579838
     1082.0000000000       24.6905530981        1.7400440801
     1083.0000000000       26.5286582951        1.9410713287
     1084.0000000000       28.5834647792        2.1744502062
     1085.0000000000       30.8905763557        2.4469399190
     1086.0000000000       33.4931937947        2.7670530789
     1087.0000000000       36.4441279850        3.1456031873
     1088.0000000000       39.8084552580        3.5964530918
     1089.0000000000       43.6670556533        4.1375494626
     1090.0000000000       48.1213788828        4.7923690521
     1091.0000000000       53.2999374443        5.5919648270
     1092.0000000000       59.3672590489        6.5778963095
     1093.0000000000       66.5363841724        7.8064781223
     1094.0000000000       75.0865366016        9.3550140405
     1095.0000000000       85.3884300540       11.3310457009
     1096.0000000000       97.9409597247       13.8861950718
     1097.0000000000      113.4249817390       17.2369723406
     1098.0000000000      132.7827428836       21.6959119485
     1099.0000000000      157.3353083493       27.7171038593
     1100.0000000000      188.9539485574       35.9585365203
     1101.0000000000      230.2996168001       47.3524063996
     1102.0000000000      285.1183206581       63.1305509052
     1103.0000000000      358.4687486699       84.6087797955
     1104.0000000000      456.3935384263      112.1357763047
     1105.0000000000      583.5802947936      141.8172532534
     1106.0000000000      735.9396473091      158.6059796862
     1107.0000000000      886.2970323014      131.9919722955
     1108.0000000000      977.5761899685       40.7616680890
     1109.0000000000      958.9351470140      -75.6112035936
     1110.0000000000      842.6762956155     -145.5691140461
     1111.0000000000      689.0171884134     -153.4902123688
     1112.0000000000      546.2284308512     -129.4426211175
     1113.0000000000      431.9803966599      -99.2777296569
     1114.0000000000      346.1819502623      -73.3197074578
     1115.0000000000      283.2958260162      -53.4188729137
     1116.0000000000      237.6304607373      -38.6495965856
     1117.0000000000      204.7528986765      -27.6196181082
     1118.0000000000      181.5496737696      -19.1238318629
     1119.0000000000      165.9736469926      -12.2297202700
     1120.0000000000      156.7998323871       -6.2105929672
     1121.0000000000      153.4651489017       -0.4543605130
     1122.0000000000      155.9968576856        5.6204269958
     1123.0000000000      165.0168054238       12.6297430994
     1124.0000000000      181.7893343908       21.2358741771
     1125.0000000000      208.2090424604       31.9810060244
     1126.0000000000      246.4002203021       44.5893832311
     1127.0000000000      297.0765524820       56.0623454034
     1128.0000000000      355.3026571816       57.6516758491
     1129.0000000000      404.6506165267       36.4567955067
     1130.0000000000      420.2593768026       -7.4810006077
     1131.0000000000      390.7231378607      -48.4995141014
     1132.0000000000      331.8659543703      -64.8071034201
     1133.0000000000      267.9849018155      -60.7075333237
     1134.0000000000      212.8713858060      -49.1028579552
     1135.0000000000      169.7209488354      -37.4964267152
     1136.0000000000      137.0892023809      -28.1915724434
     1137.0000000000      112.5356829166      -21.2776359124
     1138.0000000000       93.9026719242      -16.2582649007
     1139.0000000000       79.5613022353      -12.6166506144
     1140.0000000000       68.3458253457       -9.9495954633
     1141.0000000000       59.4341718659       -7.9692910231
     1142.0000000000       52.2454797978       -6.4763160350
     1143.0000000000       46.3653533368       -5.3332837924
     1144.0000000000       41.4942913476       -4.4450485847
     1145.0000000000       37.4127293913       -3.7450281066
     1146.0000000000       33.9573728630       -3.1860293436
     1147.0000000000       31.0050675625       -2.7341417105
     1148.0000000000       28.4616914241       -2.3646601263
     1149.0000000000       26.2544101437       -2.0593409410
     1150.0000000000       24.3262080934       -1.8045348844
     1151.0000000000       22.6319760088       -1.5899013050
     1152.0000000000       21.1356770818       -1.4075115212
     1153.0000000000       19.8082695949       -1.2512155605
     1154.0000000000       18.6261670472       -1.1161892621
     1155.0000000000       17.5700849555       -0.9986063147
     1156.0000000000       16.6241693171       -0.8953977912
     1157.0000000000       15.7753328315       -0.8040735824
     1158.0000000000       15.0127463789       -0.7225879957
     1159.0000000000       14.3274481756       -0.6492370674
     1160.0000000000       13.7120435802       -0.5825786972
     1161.0000000000       13.1604761280       -0.5213691341
     1162.0000000000       12.6678559748       -0.4645109668
     1163.0000000000       12.2303362016       -0.4110088515
     1164.0000000000       11.8450308370       -0.3599298648
     1165.0000000000       11.5099713779       -0.3103657062
     1166.0000000000       11.2241013193       -0.2613940035
     1167.0000000000       10.9873110653       -0.2120357032
     1168.0000000000       10.8005188953       -0.1612048815
     1169.0000000000       10.6658078446       -0.1076461763
     1170.0000000000       10.5866340084       -0.0498531999
     1171.0000000000       10.5681297606        0.0140416091
     1172.0000000000       10.6175370146        0.0864197610
     1173.0000000000       10.7448229932        0.1703932492
     1174.0000000000       10.9635572178        0.2701170236
     1175.0000000000       11.2921685946        0.3912468249
     1176.0000000000       11.7557632916        0.5416184870
     1177.0000000000       12.3887789958        0.7322649787
     1178.0000000000       13.2388943016        0.9789438948
     1179.0000000000       14.3728175976        1.3044134715
     1180.0000000000       15.8848383782        1.7417205420
     1181.0000000000       17.9092187587        2.3385555343
     1182.0000000000       20.6371344080        3.1616284762
     1183.0000000000       24.3362071347        4.2959746312
     1184.0000000000       29.3603597463        5.8214264736
     1185.0000000000       36.1056962277        7.7153740629
     1186.0000000000       44.7900174072        9.5762393678
     1187.0000000000       54.8354024183       10.1293388927
     1188.0000000000       63.8890011852        7.2452175557
     1189.0000000000       67.9257719393        0.3444800056
     1190.0000000000       64.4721677565       -6.8551901040
     1191.0000000000       55.5459607655      -10.2489812329
     1192.0000000000       45.2141796402       -9.9830355431
     1193.0000000000       36.0769680734       -8.1890984543
     1194.0000000000       28.8671197785       -6.2694669178
     1195.0000000000       23.4170614396       -4.6997114151
     1196.0000000000       19.3340524467       -3.5275562581
     1197.0000000000       16.2544380849       -2.6778472900
     1198.0000000000       13.8998860391       -2.0642163585
     1199.0000000000       12.0705443447       -1.6176319167
     1200.0000000000       10.6256587411       -1.2884434155
     1201.0000000000        9.4661263678       -1.0422021116
     1202.0000000000        8.5215840559       -0.8552125254
     1203.0000000000        7.7414578246       -0.7111155830
     1204.0000000000        7.0888926231       -0.5985092828
     1205.0000000000        6.5366488545       -0.5093492681
     1206.0000000000        6.0643129636       -0.4378845242
     1207.0000000000        5.6563824927       -0.3799480549
     1208.0000000000        5.3009357597       -0.3324806326
     1209.0000000000        4.9886958913       -0.2932077220
     1210.0000000000        4.7123638251       -0.2604177357
     1211.0000000000        4.4661369790       -0.2328079682
     1212.0000000000        4.2453576647       -0.2093762346
     1213.0000000000        4.0462532776       -0.1893437332
     1214.0000000000        3.8657421787       -0.1720994949
     1215.0000000000        3.7012871380       -0.1571599299
     1216.0000000000        3.5507835874       -0.1441390539
     1217.0000000000        3.4124736206       -0.1327263525
     1218.0000000000        3.2848792215       -0.1226701643
     1219.0000000000        3.1667499903       -0.1137650946
     1220.0000000000        3.0570218974       -0.1058423982
     1221.0000000000        2.9547844968       -0.0987625712
     1222.0000000000        2.8592546797       -0.0924095994
     1223.0000000000        2.7697555243       -0.0866864609
     1224.0000000000        2.6856991439       -0.0815115836
     1225.0000000000        2.6065726951       -0.0768160372
     1226.0000000000        2.5319268974       -0.0725412928
     1227.0000000000        2.4613665631       -0.0686374250
     1228.0000000000        2.3945427458       -0.0650616603
     1229.0000000000        2.3311461969       -0.0617771991
     1230.0000000000        2.2709018888       -0.0587522547
     1231.0000000000        2.2135644088       -0.0559592653
     1232.0000000000        2.1589140689       -0.0533742447
     1233.0000000000        2.1067536077       -0.0509762452
     1234.0000000000        2.0569053813       -0.0487469110
     1235.0000000000        2.0092089641       -0.0466701050
     1236.0000000000        1.9635190902       -0.0447315971
     1237.0000000000        1.9197038818       -0.0429188008
     1238.0000000000        1.8776433199       -0.0412205516
     1239.0000000000        1.8372279185       -0.0396269187
     1240.0000000000        1.7983575731       -0.0381290452
     1241.0000000000        1.7609405571       -0.0367190118
     1242.0000000000        1.7248926439       -0.0353897194
     1243.0000000000        1.6901363378       -0.0341347896
     1244.0000000000        1.6566001983       -0.0329484778
     1245.0000000000        1.6242182435       -0.0318255989
     1246.0000000000        1.5929294246       -0.0307614626
     1247.0000000000        1.5626771589       -0.0297518175
     1248.0000000000        1.5334089169       -0.0287928020
     1249.0000000000        1.5050758532       -0.0278809020
     1250.0000000000        1.4776324789       -0.0270129132
     1251.0000000000        1.4510363679       -0.0261859091
     1252.0000000000        1.4252478943       -0.0253972116
     1253.0000000000        1.4002299964       -0.0246443658
     1254.0000000000        1.3759479654       -0.0239251180
     1255.0000000000        1.3523692539       -0.0232373956
     1256.0000000000        1.3294633037       -0.0225792897
     1257.0000000000        1.3072013907       -0.0219490396
     1258.0000000000        1.2855564829       -0.0213450185
     1259.0000000000        1.2645031134       -0.0207657219
     1260.0000000000        1.2440172635       -0.0202097557
     1261.0000000000        1.2240762572       -0.0196758271
     1262.0000000000        1.2046586648       -0.0191627351
     1263.0000000000        1.1857442146       -0.0186693630
     1264.0000000000        1.1673137127       -0.0181946711
     1265.0000000000        1.1493489694       -0.0177376900
     1266.0000000000        1.1318327312       -0.0172975152
     1267.0000000000        1.1147486192       -0.0168733016
     1268.0000000000        1.0980810717       -0.0164642587
     1269.0000000000        0.4800457052       -0.0085834874
     1270.0000000000        0.4715845142       -0.0083405586
     1271.0000000000        0.4633613489       -0.0081073483
     1272.0000000000        0.4553667482       -0.0078833473
     1273.0000000000        0.4475917435       -0.0076680797
     1274.0000000000        0.4400278264       -0.0074611001
     1275.0000000000        0.4326669201       -0.0072619909
     1276.0000000000        0.4255013518       -0.0070703610
     1277.0000000000        0.4185238278       -0.0068858430
     1278.0000000000        0.4117274103       -0.0067080921
     1279.0000000000        0.4051054962       -0.0065367841
     1280.0000000000        0.3986517964       -0.0063716140
     1281.0000000000        0.3923603180       -0.0062122948
     1282.0000000000        0.3862253467       -0.0060585562
     1283.0000000000        0.3802414307       -0.0059101430
     1284.0000000000        0.3744033658       -0.0057668149
     1285.0000000000        0.3687061817       -0.0056283448
     1286.0000000000        0.3631451285       -0.0054945182
     1287.0000000000        0.3577156652       -0.0053651323
     1288.0000000000        0.3524134478       -0.0052399953
     1289.0000000000        0.3472343189       -0.0051189258
     1290.0000000000        0.1000050194       -0.0019783307
     1291.0000000000        0.0980556435       -0.0019207982
     1292.0000000000        0.0961626870       -0.0018654739
     1293.0000000000        0.0943239946       -0.0018122530
     1294.0000000000        0.0925375129       -0.0017610366
     1295.0000000000        0.0908012845       -0.0017117312
     1296.0000000000        0.0891134430       -0.0016642484
     1297.0000000000        0.0874722078       -0.0016185050
     1298.0000000000        0.0858758795       -0.0015744220
     1299.0000000000        0.0843228352       -0.0015319248
     1300.0000000000        0.0828115248       -0.0014909428
     1301.0000000000        0.0813404669       -0.0014514090
     1302.0000000000        0.0799082452       -0.0014132601
     1303.0000000000        0.0785135052       -0.0013764360
     1304.0000000000        0.0771549507       -0.0013408796
     1305.0000000000        0.0758313414       -0.0013065370
     1306.0000000000        0.0745414893       -0.0012733568
     1307.0000000000        0.0732842567       -0.0012412902
     1308.0000000000        0.0720585533       -0.0012102909
     1309.0000000000        0.0708633338       -0.0011803149
     1310.0000000000        0.0696975963       -0.0011513204
     1311.0000000000        0.0685603792       -0.0011232675
     1312.0000000000        0.0674507600       -0.0010961183
     1313.0000000000        0.0663678533       -0.0010698367
     1314.0000000000        0.0653108088       -0.0010443884
     1315.0000000000        0.0642788097       -0.0010197406
     1316.0000000000        0.0632710712       -0.0009958621
     1317.0000000000        0.1267160376       -0.0001663677
     1318.0000000000        0.1265685729       -0.0001286138
     1319.0000000000        0.1264587122       -0.0000911532
     1320.0000000000        0.1263861815       -0.0000539475
     1321.0000000000        0.1263507449       -0.0000169588
     1322.0000000000        0.1263522039        0.0000198499
     1323.0000000000        0.1263903969        0.0000565152
     1324.0000000000        0.1264651985        0.0000930733
     1325.0000000000        0.1265765197        0.0001295600
     1326.0000000000        0.1267243066        0.0001660108
     1327.0000000000        0.1269085412        0.0002024611
     1328.0000000000        0.1271292404        0.0002389460
     1329.0000000000        0.1273864564        0.0002755006
     1330.0000000000        0.1276802765        0.0003121600
     1331.0000000000        0.1280108230        0.0003489593
     1332.0000000000        0.1283782536        0.0003859340
     1333.0000000000        0.1287827612        0.0004231195
     1334.0000000000        0.1292245747        0.0004605516
     1335.0000000000        0.1297039587        0.0004982665
     1336.0000000000        0.1302212142        0.0005363009
     1337.0000000000        0.1307766793        0.0005746918
     1338.0000000000        0.1313707292        0.0006134770
     1339.0000000000        0.1320037774        0.0006526947
     1340.0000000000        0.1326762759        0.0006923842
     1341.0000000000        0.1333887163        0.0007325853
     1342.0000000000        0.1341416306        0.0007733389
     1343.0000000000        0.1349355921        0.0008146867
     1344.0000000000        0.1357712165        0.0008566718
     1345.0000000000        0.1366491628        0.0008993382
     1346.0000000000        0.1375701351        0.0009427313
     1347.0000000000        0.1385348832        0.0009868978
     1348.0000000000        0.1395442046        0.0010318860
     1349.0000000000        0.1405989457        0.0010777458
     1350.0000000000        0.1023232650        0.0016135552
     1351.0000000000        0.1039560996        0.0016523185
     1352.0000000000        0.1056283190        0.0016923330
     1353.0000000000        0.1073411995        0.0017336495
     1354.0000000000        0.1090960698        0.0017763215
     1355.0000000000        0.1108943131        0.0018204051
     1356.0000000000        0.1127373700        0.0018659589
     1357.0000000000        0.1146267415        0.0019130448
     1358.0000000000        0.1165639919        0.0019617278
     1359.0000000000        0.1185507521        0.0020120761
     1360.0000000000        0.1205887230        0.0020641614
     1361.0000000000        0.1226796792        0.0021180594
     1362.0000000000        0.1248254725        0.0021738495
     1363.0000000000        0.1270280368        0.0022316155
     1364.0000000000        0.1292893915        0.0022914456
     1365.0000000000        0.1316116469        0.0023534327
     1366.0000000000        0.1339970085        0.0024176749
     1367.0000000000        0.1364477828        0.0024842757
     1368.0000000000        0.1389663823        0.0025533442
     1369.0000000000        0.1415553321        0.0026249957
     1370.0000000000        0.1442172754        0.0026993522
     1371.0000000000        0.1469549809        0.0027765423
     1372.0000000000        0.1497713499        0.0028567023
     1373.0000000000        0.1526694235        0.0029399763
     1374.0000000000        0.1556523914        0.0030265170
     1375.0000000000        0.1587236002        0.0031164860
     1376.0000000000        0.1618865632        0.0032100547
     1377.0000000000        0.1651449700        0.0033074049
     1378.0000000000        0.1685026976        0.0034087293
     1379.0000000000        0.1719638216        0.0035142329
     1380.0000000000        0.1755326287        0.0036241331
     1381.0000000000        0.1792136302        0.0037386612
     1382.0000000000        0.1830115757        0.0038580634
     1383.0000000000        0.1869314688        0.0039826015
     1384.0000000000        0.1909785834        0.0041125544
     1385.0000000000        0.1951584815        0.0042482195
     1386.0000000000        0.1994770321        0.0043899140
     1387.0000000000        0.2039404318        0.0045379762
     1388.0000000000        0.2085552274        0.0046927678
     1389.0000000000        0.2133283390        0.0048546751
     1390.0000000000        0.2182670869        0.0050241114
     1391.0000000000        0.2233792186        0.0052015192
     1392.0000000000        0.2286729401        0.0053873726
     1393.0000000000        0.2341569479        0.0055821796
     1394.0000000000        0.2398404652        0.0057864857
     1395.0000000000        0.2457332803        0.0060008764
     1396.0000000000        0.2550486380        0.0062661849
     1397.0000000000        0.2614324738        0.0065034475
     1398.0000000000        0.2680595790        0.0067528500
     1399.0000000000        0.2749424818        0.0070151789
     1400.0000000000        0.2820945276        0.0072912826
     1401.0000000000        0.2895299431        0.0075820770
     1402.0000000000        0.2972639077        0.0078885522
     1403.0000000000        0.3053126306        0.0082117793
     1404.0000000000        0.3136934359        0.0085529184
     1405.0000000000        0.3224248561        0.0089132272
     1406.0000000000        0.3315267340        0.0092940709
     1407.0000000000        0.3410203359        0.0096969330
     1408.0000000000        0.3509284756        0.0101234271
     1409.0000000000        0.3612756517        0.0105753112
     1410.0000000000        0.3720881983        0.0110545019
     1411.0000000000        0.3833944533        0.0115630923
     1412.0000000000        0.3952249431        0.0121033705
     1413.0000000000        0.4076125893        0.0126778418
     1414.0000000000        0.4205929368        0.0132892523
     1415.0000000000        0.4342044088        0.0139406172
     1416.0000000000        0.4484885905        0.0146352511
     1417.0000000000        0.4634905466        0.0153768041
     1418.0000000000        0.4792591755        0.0161693013
     1419.0000000000        0.4958476075        0.0170171891
     1420.0000000000        0.5133136510        0.0179253867
     1421.0000000000        0.5317202950        0.0188993467
     1422.0000000000        0.5511362755        0.0199451226
     1423.0000000000        0.5716367150        0.0210694483
     1424.0000000000        0.5933038472        0.0222798283
     1425.0000000000        0.6162278386        0.0235846424
     1426.0000000000        0.6405077230        0.0249932672
     1427.0000000000        0.6662524667        0.0265162164
     1428.0000000000        0.6935821857        0.0281653052
     1429.0000000000        0.7226295405        0.0299538413
     1430.0000000000        0.7535413371        0.0318968493
     1431.0000000000        0.7864803725        0.0340113336
     1432.0000000000        0.8216275653        0.0363165892
     1433.0000000000        0.8591844245        0.0388345686
     1434.0000000000        0.8993759189        0.0415903173
     1435.0000000000        0.9424538212        0.0446124929
     1436.0000000000        0.9887006219        0.0479339855
     1437.0000000000        1.0384341221        0.0515926626
     1438.0000000000        1.0920128458        0.0556322667
     1439.0000000000        1.1498424412        0.0601035028
     1440.0000000000        1.2123832823        0.0650653601
     1441.0000000000        1.2801595334        0.0705867277
     1442.0000000000        1.3537700068        0.0767483783
     1443.0000000000        1.4339012275        0.0836454176
     1444.0000000000        1.5213432303        0.0913903236
     1445.0000000000        1.6170087588        0.1001167416
     1446.0000000000        1.7219567238        0.1099842496
     1447.0000000000        1.8374210285        0.1211843815
     1448.0000000000        1.9648462002        0.1339482904
     1449.0000000000        2.1059317136        0.1485565676
     1450.0000000000        2.2626874927        0.1653519168
     1451.0000000000        2.4375039016        0.1847556431
     1452.0000000000        2.6332406638        0.2072892817
     1453.0000000000        2.8533407246        0.2336032163
     1454.0000000000        3.1019772737        0.2645148966
     1455.0000000000        3.3842452742        0.3010603697
     1456.0000000000        3.7064133248        0.3445644792
     1457.0000000000        4.0762581700        0.3967375227
     1458.0000000000        4.5035136827        0.4598098470
     1459.0000000000        5.0004802304        0.5367214761
     1460.0000000000        5.5828614434        0.6313925164
     1461.0000000000        6.2709273664        0.7491135073
     1462.0000000000        7.0911518278        0.8971157990
     1463.0000000000        8.0785470327        1.0854145885
     1464.0000000000        9.2800342646        1.3280672060
     1465.0000000000       10.7593669017        1.6450631297
     1466.0000000000       12.6043862674        2.0651613822
     1467.0000000000       14.9377584333        2.6300890063
     1468.0000000000       17.9327589047        3.4004792808
     1469.0000000000       21.8358145461        4.4632726861
     1470.0000000000       26.9961061118        5.9374226835
     1471.0000000000       33.8953574780        7.9648144380
     1472.0000000000       43.1455536462       10.6438248426
     1473.0000000000       55.3489682037       13.7935509599
     1474.0000000000       70.5596843136       16.3648262375
     1475.0000000000       87.0072893385       15.6795107743
     1476.0000000000       99.7003106030        8.5012910537
     1477.0000000000      102.2200861566       -3.7695171563
     1478.0000000000       93.0098418697      -13.6397492093
     1479.0000000000       77.3027778880      -16.6868900583
     1480.0000000000       61.2132421590      -15.0176912711
     1481.0000000000       47.7288375228      -11.8976673640
     1482.0000000000       37.3390364254       -8.9744390419
     1483.0000000000       29.5636532428       -6.6863973318
     1484.0000000000       23.7632694407       -5.0045322505
     1485.0000000000       19.3987796088       -3.7906383926
     1486.0000000000       16.0700930568       -2.9135765278
     1487.0000000000       13.4928862201       -2.2737220825
     1488.0000000000       11.4672885863       -1.8006702488
     1489.0000000000        9.8523088841       -1.4458267058
     1490.0000000000        8.5474890772       -1.1757582107
     1491.0000000000        7.4803252584       -0.9673186641
     1492.0000000000        6.5977589572       -0.8043118964
     1493.0000000000        5.8604182406       -0.6752607352
     1494.0000000000        5.2386908358       -0.5719230780
     1495.0000000000        4.7100175340       -0.4883007927
     1496.0000000000        4.2570036945       -0.4199720117
     1497.0000000000        3.8660846593       -0.3636363517
     1498.0000000000        3.5265705399       -0.3168014386
     1499.0000000000        3.2299540090       -0.2775641661
     1500.0000000000        2.9694026730       -0.2444561898
     1501.0000000000        2.7393825595       -0.2163334889
     1502.0000000000        2.5353758324       -0.1922965206
     1503.0000000000        2.3536669921       -0.1716318546
     1504.0000000000        2.1911793860       -0.1537690636
     1505.0000000000        2.0453490564       -0.1382485630
     1506.0000000000        1.9140265689       -0.1246973930
     1507.0000000000        1.7954000032       -0.1128108160
     1508.0000000000        1.6879340885       -0.1023382153
     1509.0000000000        1.5903217612       -0.0930721996
     1510.0000000000        1.5014453538       -0.0848401210
     1511.0000000000        1.4203453120       -0.0774974206
     1512.0000000000        1.3461948348       -0.0709223719
     1513.0000000000        1.2782792128       -0.0650118968
     1514.0000000000        1.2159789163       -0.0596782142
     1515.0000000000        1.1587556986       -0.0548461339
     1516.0000000000        1.1061411424       -0.0504508570
     1517.0000000000        1.0577271993       -0.0464361716
     1518.0000000000        1.0131583723       -0.0427529610
     1519.0000000000        0.9721252620       -0.0393579553
     1520.0000000000        0.9343592633       -0.0362126734
     1521.0000000000        0.8996282425       -0.0332825117
     1522.0000000000        0.8677330685       -0.0305359422
     1523.0000000000        0.8385049049       -0.0279437879
     1524.0000000000        0.8118031997       -0.0254785467
     1525.0000000000        0.7875143389       -0.0231137354
     1526.0000000000        0.7655509586       -0.0208232237
     1527.0000000000        0.7458519402       -0.0185805282
     1528.0000000000        0.7283831486       -0.0163580257
     1529.0000000000        0.7131390149       -0.0141260408
     1530.0000000000        0.7001451204       -0.0118517463
     1531.0000000000        0.6894620057       -0.0094977945
     1532.0000000000        0.6811905285       -0.0070205690
     1533.0000000000        0.6754792209       -0.0043679015
     1534.0000000000        0.6725342872       -0.0014760316
     1535.0000000000        0.6726331455        0.0017345050
     1536.0000000000        0.6761428054        0.0053645279
     1537.0000000000        0.6835449367        0.0095440833
     1538.0000000000        0.6954703316        0.0144435653
     1539.0000000000        0.7127467283        0.0202896337
     1540.0000000000        0.7364658942        0.0273882992
     1541.0000000000        0.7680788259        0.0361588176
     1542.0000000000        0.8095324819        0.0471840103
     1543.0000000000        0.8634684792        0.0612856217
     1544.0000000000        0.9335148212        0.0796375939
     1545.0000000000        1.0247171887        0.1039353564
     1546.0000000000        1.1441764605        0.1366423907
     1547.0000000000        1.3019770157        0.1813241207
     1548.0000000000        1.5124744362        0.2430108153
     1549.0000000000        1.7958490026        0.3282705346
     1550.0000000000        2.1791692939        0.4438359739
     1551.0000000000        2.6940838028        0.5903524660
     1552.0000000000        3.3627889425        0.7435344758
     1553.0000000000        4.1555284037        0.8165634483
     1554.0000000000        4.9138886121        0.6449128212
     1555.0000000000        5.3292881516        0.1386688361
     1556.0000000000        5.1582864554       -0.4607144562
     1557.0000000000        4.5019563134       -0.7920020290
     1558.0000000000        3.6812701032       -0.8094385335
     1559.0000000000        2.9321811933       -0.6771801813
     1560.0000000000        2.3336183915       -0.5219496210
     1561.0000000000        1.8796143242       -0.3914685710
     1562.0000000000        1.5398592426       -0.2931031774
     1563.0000000000        1.2844346055       -0.2216267704
     1564.0000000000        1.0899884658       -0.1700510239
     1565.0000000000        0.9396417732       -0.1326020162
     1566.0000000000        0.8214895916       -0.1050800802
     1567.0000000000        0.7271573669       -0.0845609284
     1568.0000000000        0.6507109903       -0.0690324830
     1569.0000000000        0.5878959059       -0.0571073398
     1570.0000000000        0.5356200255       -0.0478204005
     1571.0000000000        0.4916042740       -0.0404923315
     1572.0000000000        0.4541453681       -0.0346386452
     1573.0000000000        0.4219532764       -0.0299091536
     1574.0000000000        0.3940385461       -0.0260473807
     1575.0000000000        0.3696332099       -0.0228630810
     1576.0000000000        0.3481345487       -0.0202134177
     1577.0000000000        0.3290645983       -0.0179899128
     1578.0000000000        0.3120406351       -0.0161092882
     1579.0000000000        0.2967534105       -0.0145069601
     1580.0000000000        0.2829509214       -0.0131323626
     1581.0000000000        0.2704261800       -0.0119455491
     1582.0000000000        0.2590079055       -0.0109146959
     1583.0000000000        0.2485533733       -0.0100142489
     1584.0000000000        0.2389428721       -0.0092235354
     1585.0000000000        0.2300753719       -0.0085257137
     1586.0000000000        0.2218651113       -0.0079069721
     1587.0000000000        0.2142388884       -0.0073559128
     1588.0000000000        0.2071338961       -0.0068630742
     1589.0000000000        0.2004959799       -0.0064205580
     1590.0000000000        0.1942782271       -0.0060217353
     1591.0000000000        0.1884398178       -0.0056610151
     1592.0000000000        0.1829450833       -0.0053336586
     1593.0000000000        0.1777627307       -0.0050356310
     1594.0000000000        0.1728652004       -0.0047634822
     1595.0000000000        0.1682281321       -0.0045142494
     1596.0000000000        0.1638299181       -0.0042853783
     1597.0000000000        0.1596513282       -0.0040746586
     1598.0000000000        0.1556751932       -0.0038801703
     1599.0000000000        0.1518861373       -0.0037002400
     1600.0000000000        0.1482703503       -0.0035334044
     1601.0000000000        0.1448153933       -0.0033783795
     1602.0000000000        0.1415100324       -0.0032340356
     1603.0000000000        0.1383440956       -0.0030993753
     1604.0000000000        0.1353083492       -0.0029735160
     1605.0000000000        0.1323943920       -0.0028556740
     1606.0000000000        0.1295945620       -0.0027451521
     1607.0000000000        0.1269018559       -0.0026413280
     1608.0000000000        0.1243098594       -0.0025436453
     1609.0000000000        0.1218126851       -0.0024516048
     1610.0000000000        0.1194049189       -0.0023647583
     1611.0000000000        0.1170815722       -0.0022827019
     1612.0000000000        0.1148380404       -0.0022050710
     1613.0000000000        0.1126700653       -0.0021315359
     1614.0000000000        0.1105737032       -0.0020617979
     1615.0000000000        0.1085452947       -0.0019955855
     1616.0000000000        0.1065814395       -0.0019326519
     1617.0000000000        0.1046789731       -0.0018727722
     1618.0000000000        0.1028349458       -0.0018157408
     1619.0000000000        0.1010466047       -0.0017613699
     1620.0000000000        0.0993113767       -0.0017094873
     1621.0000000000        0.0976268535       -0.0016599350
     1622.0000000000        0.0959907784       -0.0016125678
     1623.0000000000        0.0944010342       -0.0015672521
     1624.0000000000        0.0928556317       -0.0015238645
     1625.0000000000        0.0913527004       -0.0014822915
     1626.0000000000        0.0898904790       -0.0014424278
     1627.0000000000        0.0884673076       -0.0014041760
     1628.0000000000        0.0870816198       -0.0013674459
     1629.0000000000        0.0857319364       -0.0013321539
     1630.0000000000        0.0844168588       -0.0012982219
     1631.0000000000        0.0831350635       -0.0012655776
     1632.0000000000        0.0818852969       -0.0012341536
     1633.0000000000        0.0806663707       -0.0012038868
     1634.0000000000        0.0794771571       -0.0011747187
     1635.0000000000        0.0783165854       -0.0011465942
     1636.0000000000        0.0771836379       -0.0011194621
     1637.0000000000        0.0121239878       -0.0002958334
     1638.0000000000        0.0118334774       -0.0002852726
     1639.0000000000        0.0115532773       -0.0002752081
     1640.0000000000        0.0112829054       -0.0002656112
     1641.0000000000        0.0110219079       -0.0002564551
     1642.0000000000        0.0107698566       -0.0002477147
     1643.0000000000        0.0105263476       -0.0002393668
     1644.0000000000        0.0102909994       -0.0002313896
     1645.0000000000        0.0100634517       -0.0002237627
     1646.0000000000        0.0098433636       -0.0002164671
     1647.0000000000        0.0096304129       -0.0002094851
     1648.0000000000        0.0094242944       -0.0002028000
     1649.0000000000        0.0092247192       -0.0001963961
     1650.0000000000        0.0090314133       -0.0001902589
     1651.0000000000        0.0088441170       -0.0001843746
     1652.0000000000        0.0086625840       -0.0001787304
     1653.0000000000        0.0084865803       -0.0001733141
     1654.0000000000        0.0083158836       -0.0001681143
     1655.0000000000        0.0081502830       -0.0001631204
     1656.0000000000        0.0079895776       -0.0001583222
     1657.0000000000        0.0078335765       -0.0001537103
     1658.0000000000        0.0076820980       -0.0001492757
     1659.0000000000        0.0075349689       -0.0001450099
     1660.0000000000        0.0073920245       -0.0001409051
     1661.0000000000        0.0072531076       -0.0001369537
     1662.0000000000        0.0071180683       -0.0001331486
     1663.0000000000        0.0069867638       -0.0001294831
     1664.0000000000        0.0068590577       -0.0001259509
     1665.0000000000        0.0067348197       -0.0001225459
     1666.0000000000        0.0066139254       -0.0001192625
     1667.0000000000        0.0064962559       -0.0001160953
     1668.0000000000        0.0063816977       -0.0001130392
     1669.0000000000        0.0062701420       -0.0001100895
     1670.0000000000        0.0061614849       -0.0001072414
     1671.0000000000        0.0060556268       -0.0001044907
     1672.0000000000        0.0059524724       -0.0001018332
     1673.0000000000        0.0058519306       -0.0000992650
     1674.0000000000        0.0057539138       -0.0000967825
     1675.0000000000        0.0056583382       -0.0000943820
     1676.0000000000        0.0055651235       -0.0000920602
     1677.0000000000        0.0054741926       -0.0000898140
     1678.0000000000        0.0053854714       -0.0000876402
     1679.0000000000        0.0052988891       -0.0000855359
     1680.0000000000        0.0052143773       -0.0000834985
     1681.0000000000        0.0051318707       -0.0000815252
     1682.0000000000        0.0050513063       -0.0000796136
     1683.0000000000        0.0049726237       -0.0000777613
     1684.0000000000        0.0048957647       -0.0000759660
     1685.0000000000        0.0048206734       -0.0000742255
     1686.0000000000        0.0047472961       -0.0000725378
     1687.0000000000        0.0046755809       -0.0000709008
     1688.0000000000        0.0046054781       -0.0000693127
     1689.0000000000        0.0045369397       -0.0000677717
     1690.0000000000        0.0044699196       -0.0000662760
     1691.0000000000        0.0044043732       -0.0000648240
     1692.0000000000        0.0043402576       -0.0000634141
     1693.0000000000        0.0042775315       -0.0000620447
     1694.0000000000        0.0042161551       -0.0000607145
     1695.0000000000        0.0041560899       -0.0000594220
     1696.0000000000        0.0040972989       -0.0000581660
     1697.0000000000        0.0040397462       -0.0000569451
     1698.0000000000        0.0039833974       -0.0000557581
     1699.0000000000        0.0039282191       -0.0000546039
     1700.0000000000        0.0038741791       -0.0000534813
     1701.0000000000        0.0038212463       -0.0000523892
     1702.0000000000        0.0037693908       -0.0000513267
     1703.0000000000        0.0037185834       -0.0000502927
     1704.0000000000        0.0036687961       -0.0000492863
     1705.0000000000        0.0036200019       -0.0000483066
     1706.0000000000        0.0035721744       -0.0000473526
     1707.0000000000        0.0035252883       -0.0000464236
     1708.0000000000        0.0034793191       -0.0000455188
     1709.0000000000        0.0034342430       -0.0000446373
     1710.0000000000        0.0033900370       -0.0000437784
     1711.0000000000        0.0033466789       -0.0000429414
     1712.0000000000        0.0033041472       -0.0000421256
     1713.0000000000        0.0032624209       -0.0000413303
     1714.0000000000        0.0032214800       -0.0000405549
     1715.0000000000        0.0031813047       -0.0000397988
     1716.0000000000        0.0000000000        0.0000000000
     1717.0000000000        0.0000000000        0.0000000000
     1718.0000000000        0.0000000000        0.0000000000
     1719.0000000000        0.0000000000        0.0000000000
     1720.0000000000        0.0000000000        0.0000000000
     1721.0000000000        0.0000000000        0.0000000000
     1722.0000000000        0.0000000000        0.0000000000
     1723.0000000000        0.0000000000        0.0000000000
     1724.0000000000        0.0000000000        0.0000000000
     1725.0000000000        0.0000000000        0.0000000000
     1726.0000000000        0.0000000000        0.0000000000
     1727.0000000000        0.0000000000        0.0000000000
     1728.0000000000        0.0000000000        0.0000000000
     1729.0000000000        0.0000000000        0.0000000000
     1730.0000000000        0.0000000000        0.0000000000
     1731.0000000000        0.0000000000        0.0000000000
     1732.0000000000        0.0000000000        0.0000000000
     1733.0000000000        0.0000000000        0.0000000000
     1734.0000000000        0.0000000000        0.0000000000
     1735.0000000000        0.0000000000        0.0000000000
     1736.0000000000        0.0000000000        0.0000000000
     1737.0000000000        0.0000000000        0.0000000000
     1738.0000000000        0.0000000000        0.0000000000
     1739.0000000000        0.0000000000        0.0000000000
     1740.0000000000        0.0000000000        0.0000000000
     1741.0000000000        0.0000000000        0.0000000000
     1742.0000000000        0.0000000000        0.0000000000
     1743.0000000000        0.0000000000        0.0000000000
     1744.0000000000        0.0000000000        0.0000000000
     1745.0000000000        0.0000000000        0.0000000000
     1746.0000000000        0.0000000000        0.0000000000
     1747.0000000000        0.0000000000        0.0000000000
     1748.0000000000        0.0000000000        0.0000000000
     1749.0000000000        0.0000000000        0.0000000000
     1750.0000000000        0.0000000000        0.0000000000
     1751.0000000000        0.0000000000        0.0000000000
     1752.0000000000        0.0000000000        0.0000000000
     1753.0000000000        0.0000000000        0.0000000000
     1754.0000000000        0.0000000000        0.0000000000
     1755.0000000000        0.0000000000        0.0000000000
     1756.0000000000        0.0000000000        0.0000000000
     1757.0000000000        0.0000000000        0.0000000000
     1758.0000000000        0.0000000000        0.0000000000
     1759.0000000000        0.0000000000        0.0000000000
     1760.0000000000        0.0000000000        0.0000000000
     1761.0000000000        0.0000000000        0.0000000000
     1762.0000000000        0.0000000000        0.0000000000
     1763.0000000000        0.0000000000        0.0000000000
     1764.0000000000        0.0000000000        0.0000000000
     1765.0000000000        0.0000000000        0.0000000000
     1766.0000000000        0.0000000000        0.0000000000
     1767.0000000000        0.0000000000        0.0000000000
     1768.0000000000        0.0000000000        0.0000000000
     1769.0000000000        0.0000000000        0.0000000000
     1770.0000000000        0.0000000000        0.0000000000
     1771.0000000000        0.0000000000        0.0000000000
     1772.0000000000        0.0000000000        0.0000000000
     1773.0000000000        0.0000000000        0.0000000000
     1774.0000000000        0.0000000000        0.0000000000
     1775.0000000000        0.0000000000        0.0000000000
     1776.0000000000        0.0000000000        0.0000000000
     1777.0000000000        0.0000000000        0.0000000000
     1778.0000000000        0.0000000000        0.0000000000
     1779.0000000000        0.0000000000        0.0000000000
     1780.0000000000        0.0000000000        0.0000000000
     1781.0000000000        0.0000000000        0.0000000000
     1782.0000000000        0.0000000000        0.0000000000
     1783.0000000000        0.0000000000        0.0000000000
     1784.0000000000        0.0000000000        0.0000000000
     1785.0000000000        0.0000000000        0.0000000000
     1786.0000000000        0.0000000000        0.0000000000
     1787.0000000000        0.0000000000        0.0000000000
     1788.0000000000        0.0000000000        0.0000000000
     1789.0000000000        0.0000000000        0.0000000000
     1790.0000000000        0.0000000000        0.0000000000
     1791.0000000000        0.0000000000        0.0000000000
     1792.0000000000        0.0000000000        0.0000000000
     1793.0000000000        0.0000000000        0.0000000000
     1794.0000000000        0.0000000000        0.0000000000
     1795.0000000000        0.0000000000        0.0000000000
     1796.0000000000        0.0000000000        0.0000000000
     1797.0000000000        0.0000000000        0.0000000000
     1798.0000000000        0.0000000000        0.0000000000
     1799.0000000000        0.0000000000        0.0000000000
     1800.0000000000        0.0000000000        0.0000000000
     1801.0000000000        0.0000000000        0.0000000000
     1802.0000000000        0.0000000000        0.0000000000
     1803.0000000000        0.0000000000        0.0000000000
     1804.0000000000        0.0000000000        0.0000000000
     1805.0000000000        0.0000000000        0.0000000000
     1806.0000000000        0.0000000000        0.0000000000
     1807.0000000000        0.0000000000        0.0000000000
     1808.0000000000        0.0000000000        0.0000000000
     1809.0000000000        0.0000000000        0.0000000000
     1810.0000000000        0.0000000000        0.0000000000
     1811.0000000000        0.0000000000        0.0000000000
     1812.0000000000        0.0000000000        0.0000000000
     1813.0000000000        0.0000000000        0.0000000000
     1814.0000000000        0.0000000000        0.0000000000
     1815.0000000000        0.0000000000        0.0000000000
     1816.0000000000        0.0000000000        0.0000000000
     1817.0000000000        0.0000000000        0.0000000000
     1818.0000000000        0.0000000000        0.0000000000
     1819.0000000000        0.0000000000        0.0000000000
     1820.0000000000        0.0000000000        0.0000000000
     1821.0000000000        0.0000000000        0.0000000000
     1822.0000000000        0.0000000000        0.0000000000
     1823.0000000000        0.0000000000        0.0000000000
     1824.0000000000        0.0000000000        0.0000000000
     1825.0000000000        0.0000000000        0.0000000000
     1826.0000000000        0.0000000000        0.0000000000
     1827.0000000000        0.0000000000        0.0000000000
     1828.0000000000        0.0000000000        0.0000000000
     1829.0000000000        0.0000000000        0.0000000000
     1830.0000000000        0.0000000000        0.0000000000
     1831.0000000000        0.0000000000        0.0000000000
     1832.0000000000        0.0000000000        0.0000000000
     1833.0000000000        0.0000000000        0.0000000000
     1834.0000000000        0.0000000000        0.0000000000
     1835.0000000000        0.0000000000        0.0000000000
     1836.0000000000        0.0000000000        0.0000000000
     1837.0000000000        0.0000000000        0.0000000000
     1838.0000000000        0.0000000000        0.0000000000
     1839.0000000000        0.0000000000        0.0000000000
     1840.0000000000        0.0000000000        0.0000000000
     1841.0000000000        0.0000000000        0.0000000000
     1842.0000000000        0.0000000000        0.0000000000
     1843.0000000000        0.0000000000        0.0000000000
     1844.0000000000        0.0000000000        0.0000000000
     1845.0000000000        0.0000000000        0.0000000000
     1846.0000000000        0.0000000000        0.0000000000
     1847.0000000000        0.0000000000        0.0000000000
     1848.0000000000        0.0000000000        0.0000000000
     1849.0000000000        0.0000000000        0.0000000000
     1850.0000000000        0.0000000000        0.0000000000
     1851.0000000000        0.0000000000        0.0000000000
     1852.0000000000        0.0000000000        0.0000000000
     1853.0000000000        0.0000000000        0.0000000000
     1854.0000000000        0.0000000000        0.0000000000
     1855.0000000000        0.0000000000        0.0000000000
     1856.0000000000        0.0000000000        0.0000000000
     1857.0000000000        0.0000000000        0.0000000000
     1858.0000000000        0.0000000000        0.0000000000
     1859.0000000000        0.0000000000        0.0000000000
     1860.0000000000        0.0000000000        0.0000000000
     1861.0000000000        0.0000000000        0.0000000000
     1862.0000000000        0.0000000000        0.0000000000
     1863.0000000000        0.0000000000        0.0000000000
     1864.0000000000        0.0000000000        0.0000000000
     1865.0000000000        0.0000000000        0.0000000000
     1866.0000000000        0.0000000000        0.0000000000
     1867.0000000000        0.0000000000        0.0000000000
     1868.0000000000        0.0000000000        0.0000000000
     1869.0000000000        0.0000000000        0.0000000000
     1870.0000000000        0.0000000000        0.0000000000
     1871.0000000000        0.0000000000        0.0000000000
     1872.0000000000        0.0000000000        0.0000000000
     1873.0000000000        0.0000000000        0.0000000000
     1874.0000000000        0.0000000000        0.0000000000
     1875.0000000000        0.0000000000        0.0000000000
     1876.0000000000        0.0000000000        0.0000000000
     1877.0000000000        0.0000000000        0.0000000000
     1878.0000000000        0.0000000000        0.0000000000
     1879.0000000000        0.0000000000        0.0000000000
     1880.0000000000        0.0000000000        0.0000000000
     1881.0000000000        0.0000000000        0.0000000000
     1882.0000000000        0.0000000000        0.0000000000
     1883.0000000000        0.0000000000        0.0000000000
     1884.0000000000        0.0000000000        0.0000000000
     1885.0000000000        0.0000000000        0.0000000000
     1886.0000000000        0.0000000000        0.0000000000
     1887.0000000000        0.0000000000        0.0000000000
     1888.0000000000        0.0000000000        0.0000000000
     1889.0000000000        0.0000000000        0.0000000000
     1890.0000000000        0.0000000000        0.0000000000
     1891.0000000000        0.0000000000        0.0000000000
     1892.0000000000        0.0000000000        0.0000000000
     1893.0000000000        0.0000000000        0.0000000000
     1894.0000000000        0.0000000000        0.0000000000
     1895.0000000000        0.0000000000        0.0000000000
     1896.0000000000        0.0000000000        0.0000000000
     1897.0000000000        0.0000000000        0.0000000000
     1898.0000000000        0.0000000000        0.0000000000
     1899.0000000000        0.0000000000        0.0000000000
     1900.0000000000        0.0000000000        0.0000000000
     1901.0000000000        0.0000000000        0.0000000000
     1902.0000000000        0.0000000000        0.0000000000
     1903.0000000000        0.0000000000        0.0000000000
     1904.0000000000        0.0000000000        0.0000000000
     1905.0000000000        0.0000000000        0.0000000000
     1906.0000000000        0.0000000000        0.0000000000
     1907.0000000000        0.0000000000        0.0000000000
     1908.0000000000        0.0000000000        0.0000000000
     1909.0000000000        0.0000000000        0.0000000000
     1910.0000000000        0.0000000000        0.0000000000
     1911.0000000000        0.0000000000        0.0000000000
     1912.0000000000        0.0000000000        0.0000000000
     1913.0000000000        0.0000000000        0.0000000000
     1914.0000000000        0.0000000000        0.0000000000
     1915.0000000000        0.0000000000        0.0000000000
     1916.0000000000        0.0000000000        0.0000000000
     1917.0000000000        0.0000000000        0.0000000000
     1918.0000000000        0.0000000000        0.0000000000
     1919.0000000000        0.0000000000        0.0000000000
     1920.0000000000        0.0000000000        0.0000000000
     1921.0000000000        0.0000000000        0.0000000000
     1922.0000000000        0.0000000000        0.0000000000
     1923.0000000000        0.0000000000        0.0000000000
     1924.0000000000        0.0000000000        0.0000000000
     1925.0000000000        0.0000000000        0.0000000000
     1926.0000000000        0.0000000000        0.0000000000
     1927.0000000000        0.0000000000        0.0000000000
     1928.0000000000        0.0000000000        0.0000000000
     1929.0000000000        0.0000000000        0.0000000000
     1930.0000000000        0.0000000000        0.0000000000
     1931.0000000000        0.0000000000        0.0000000000
     1932.0000000000        0.0000000000        0.0000000000
     1933.0000000000        0.0000000000        0.0000000000
     1934.0000000000        0.0000000000        0.0000000000
     1935.0000000000        0.0000000000        0.0000000000
     1936.0000000000        0.0000000000        0.0000000000
     1937.0000000000        0.0000000000        0.0000000000
     1938.0000000000        0.0000000000        0.0000000000
     1939.0000000000        0.0000000000        0.0000000000
     1940.0000000000        0.0000000000        0.0000000000
     1941.0000000000        0.0000000000        0.0000000000
     1942.0000000000        0.0000000000        0.0000000000
     1943.0000000000        0.0000000000        0.0000000000
     1944.0000000000        0.0000000000        0.0000000000
     1945.0000000000        0.0000000000        0.0000000000
     1946.0000000000        0.0000000000        0.0000000000
     1947.0000000000        0.0000000000        0.0000000000
     1948.0000000000        0.0000000000        0.0000000000
     1949.0000000000        0.0000000000        0.0000000000
     1950.0000000000        0.0000000000        0.0000000000
     1951.0000000000        0.0000000000        0.0000000000
     1952.0000000000        0.0000000000        0.0000000000
     1953.0000000000        0.0000000000        0.0000000000
     1954.0000000000        0.0000000000        0.0000000000
     1955.0000000000        0.0000000000        0.0000000000
     1956.0000000000        0.0000000000        0.0000000000
     1957.0000000000        0.0000000000        0.0000000000
     1958.0000000000        0.0000000000        0.0000000000
     1959.0000000000        0.0000000000        0.0000000000
     1960.0000000000        0.0000000000        0.0000000000
     1961.0000000000        0.0000000000        0.0000000000
     1962.0000000000        0.0000000000        0.0000000000
     1963.0000000000        0.0000000000        0.0000000000
     1964.0000000000        0.0000000000        0.0000000000
     1965.0000000000        0.0000000000        0.0000000000
     1966.0000000000        0.0000000000        0.0000000000
     1967.0000000000        0.0000000000        0.0000000000
     1968.0000000000        0.0000000000        0.0000000000
     1969.0000000000        0.0000000000        0.0000000000
     1970.0000000000        0.0000000000        0.0000000000
     1971.0000000000        0.0000000000        0.0000000000
     1972.0000000000        0.0000000000        0.0000000000
     1973.0000000000        0.0000000000        0.0000000000
     1974.0000000000        0.0000000000        0.0000000000
     1975.0000000000        0.0000000000        0.0000000000
     1976.0000000000        0.0000000000        0.0000000000
     1977.0000000000        0.0000000000        0.0000000000
     1978.0000000000        0.0000000000        0.0000000000
     1979.0000000000        0.0000000000        0.0000000000
     1980.0000000000        0.0000000000        0.0000000000
     1981.0000000000        0.0000000000        0.0000000000
     1982.0000000000        0.0000000000        0.0000000000
     1983.0000000000        0.0000000000        0.0000000000
     1984.0000000000        0.0000000000        0.0000000000
     1985.0000000000        0.0000000000        0.0000000000
     1986.0000000000        0.0000000000        0.0000000000
     1987.0000000000        0.0000000000        0.0000000000
     1988.0000000000        0.0000000000        0.0000000000
     1989.0000000000        0.0000000000        0.0000000000
     1990.0000000000        0.0000000000        0.0000000000
     1991.0000000000        0.0000000000        0.0000000000
     1992.0000000000        0.0000000000        0.0000000000
     1993.0000000000        0.0000000000        0.0000000000
     1994.0000000000        0.0000000000        0.0000000000
     1995.0000000000        0.0000000000        0.0000000000
     1996.0000000000        0.0000000000        0.0000000000
     1997.0000000000        0.0000000000        0.0000000000
     1998.0000000000        0.0000000000        0.0000000000
     1999.0000000000        0.0000000000        0.0000000000
     2000.0000000000        0.0000000000        0.0000000000
     2001.0000000000        0.0000000000        0.0000000000
     2002.0000000000        0.0000000000        0.0000000000
     2003.0000000000        0.0000000000        0.0000000000
     2004.0000000000        0.0000000000        0.0000000000
     2005.0000000000        0.0000000000        0.0000000000
     2006.0000000000        0.0000000000        0.0000000000
     2007.0000000000        0.0000000000        0.0000000000
     2008.0000000000        0.0000000000        0.0000000000
     2009.0000000000        0.0000000000        0.0000000000
     2010.0000000000        0.0000000000        0.0000000000
     2011.0000000000        0.0000000000        0.0000000000
     2012.0000000000        0.0000000000        0.0000000000
     2013.0000000000        0.0000000000        0.0000000000
     2014.0000000000        0.0000000000        0.0000000000
     2015.0000000000        0.0000000000        0.0000000000
     2016.0000000000        0.0000000000        0.0000000000
     2017.0000000000        0.0000000000        0.0000000000
     2018.0000000000        0.0000000000        0.0000000000
     2019.0000000000        0.0000000000        0.0000000000
     2020.0000000000        0.0000000000        0.0000000000
     2021.0000000000        0.0000000000        0.0000000000
     2022.0000000000        0.0000000000        0.0000000000
     2023.0000000000        0.0000000000        0.0000000000
     2024.0000000000        0.0000000000        0.0000000000
     2025.0000000000        0.0000000000        0.0000000000
     2026.0000000000        0.0000000000        0.0000000000
     2027.0000000000        0.0000000000        0.0000000000
     2028.0000000000        0.0000000000        0.0000000000
     2029.0000000000        0.0000000000        0.0000000000
     2030.0000000000        0.0000000000        0.0000000000
     2031.0000000000        0.0000000000        0.0000000000
     2032.0000000000        0.0000000000        0.0000000000
     2033.0000000000        0.0000000000        0.0000000000
     2034.0000000000        0.0000000000        0.0000000000
     2035.0000000000        0.0000000000        0.0000000000
     2036.0000000000        0.0000000000        0.0000000000
     2037.0000000000        0.0000000000        0.0000000000
     2038.0000000000        0.0000000000        0.0000000000
     2039.0000000000        0.0000000000        0.0000000000
     2040.0000000000        0.0000000000        0.0000000000
     2041.0000000000        0.0000000000        0.0000000000
     2042.0000000000        0.0000000000        0.0000000000
     2043.0000000000        0.0000000000        0.0000000000
     2044.0000000000        0.0000000000        0.0000000000
     2045.0000000000        0.0000000000        0.0000000000
     2046.0000000000        0.0000000000        0.0000000000
     2047.0000000000        0.0000000000        0.0000000000
     2048.0000000000        0.0000000000        0.0000000000
     2049.0000000000        0.0000000000        0.0000000000
     2050.0000000000        0.0000000000        0.0000000000
     2051.0000000000        0.0000000000        0.0000000000
     2052.0000000000        0.0000000000        0.0000000000
     2053.0000000000        0.0000000000        0.0000000000
     2054.0000000000        0.0000000000        0.0000000000
     2055.0000000000        0.0000000000        0.0000000000
     2056.0000000000        0.0000000000        0.0000000000
     2057.0000000000        0.0000000000        0.0000000000
     2058.0000000000        0.0000000000        0.0000000000
     2059.0000000000        0.0000000000        0.0000000000
     2060.0000000000        0.0000000000        0.0000000000
     2061.0000000000        0.0000000000        0.0000000000
     2062.0000000000        0.0000000000        0.0000000000
     2063.0000000000        0.0000000000        0.0000000000
     2064.0000000000        0.0000000000        0.0000000000
     2065.0000000000        0.0000000000        0.0000000000
     2066.0000000000        0.0000000000        0.0000000000
     2067.0000000000        0.0000000000        0.0000000000
     2068.0000000000        0.0000000000        0.0000000000
     2069.0000000000        0.0000000000        0.0000000000
     2070.0000000000        0.0000000000        0.0000000000
     2071.0000000000        0.0000000000        0.0000000000
     2072.0000000000        0.0000000000        0.0000000000
     2073.0000000000        0.0000000000        0.0000000000
     2074.0000000000        0.0000000000        0.0000000000
     2075.0000000000        0.0000000000        0.0000000000
     2076.0000000000        0.0000000000        0.0000000000
     2077.0000000000        0.0000000000        0.0000000000
     2078.0000000000        0.0000000000        0.0000000000
     2079.0000000000        0.0000000000        0.0000000000
     2080.0000000000        0.0000000000        0.0000000000
     2081.0000000000        0.0000000000        0.0000000000
     2082.0000000000        0.0000000000        0.0000000000
     2083.0000000000        0.0000000000        0.0000000000
     2084.0000000000        0.0000000000        0.0000000000
     2085.0000000000        0.0000000000        0.0000000000
     2086.0000000000        0.0000000000        0.0000000000
     2087.0000000000        0.0000000000        0.0000000000
     2088.0000000000        0.0000000000        0.0000000000
     2089.0000000000        0.0000000000        0.0000000000
     2090.0000000000        0.0000000000        0.0000000000
     2091.0000000000        0.0000000000        0.0000000000
     2092.0000000000        0.0000000000        0.0000000000
     2093.0000000000        0.0000000000        0.0000000000
     2094.0000000000        0.0000000000        0.0000000000
     2095.0000000000        0.0000000000        0.0000000000
     2096.0000000000        0.0000000000        0.0000000000
     2097.0000000000        0.0000000000        0.0000000000
     2098.0000000000        0.0000000000        0.0000000000
     2099.0000000000        0.0000000000        0.0000000000
     2100.0000000000        0.0000000000        0.0000000000
     2101.0000000000        0.0000000000        0.0000000000
     2102.0000000000        0.0000000000        0.0000000000
     2103.0000000000        0.0000000000        0.0000000000
     2104.0000000000        0.0000000000        0.0000000000
     2105.0000000000        0.0000000000        0.0000000000
     2106.0000000000        0.0000000000        0.0000000000
     2107.0000000000        0.0000000000        0.0000000000
     2108.0000000000        0.0000000000        0.0000000000
     2109.0000000000        0.0000000000        0.0000000000
     2110.0000000000        0.0000000000        0.0000000000
     2111.0000000000        0.0000000000        0.0000000000
     2112.0000000000        0.0000000000        0.0000000000
     2113.0000000000        0.0000000000        0.0000000000
     2114.0000000000        0.0000000000        0.0000000000
     2115.0000000000        0.0000000000        0.0000000000
     2116.0000000000        0.0000000000        0.0000000000
     2117.0000000000        0.0000000000        0.0000000000
     2118.0000000000        0.0000000000        0.0000000000
     2119.0000000000        0.0000000000        0.0000000000
     2120.0000000000        0.0000000000        0.0000000000
     2121.0000000000        0.0000000000        0.0000000000
     2122.0000000000        0.0000000000        0.0000000000
     2123.0000000000        0.0000000000        0.0000000000
     2124.0000000000        0.0000000000        0.0000000000
     2125.0000000000        0.0000000000        0.0000000000
     2126.0000000000        0.0000000000        0.0000000000
     2127.0000000000        0.0000000000        0.0000000000
     2128.0000000000        0.0000000000        0.0000000000
     2129.0000000000        0.0000000000        0.0000000000
     2130.0000000000        0.0000000000        0.0000000000
     2131.0000000000        0.0000000000        0.0000000000
     2132.0000000000        0.0000000000        0.0000000000
     2133.0000000000        0.0000000000        0.0000000000
     2134.0000000000        0.0000000000        0.0000000000
     2135.0000000000        0.0000000000        0.0000000000
     2136.0000000000        0.0000000000        0.0000000000
     2137.0000000000        0.0000000000        0.0000000000
     2138.0000000000        0.0000000000        0.0000000000
     2139.0000000000        0.0000000000        0.0000000000
     2140.0000000000        0.0000000000        0.0000000000
     2141.0000000000        0.0000000000        0.0000000000
     2142.0000000000        0.0000000000        0.0000000000
     2143.0000000000        0.0000000000        0.0000000000
     2144.0000000000        0.0000000000        0.0000000000
     2145.0000000000        0.0000000000        0.0000000000
     2146.0000000000        0.0000000000        0.0000000000
     2147.0000000000        0.0000000000        0.0000000000
     2148.0000000000        0.0000000000        0.0000000000
     2149.0000000000        0.0000000000        0.0000000000
     2150.0000000000        0.0000000000        0.0000000000
     2151.0000000000        0.0000000000        0.0000000000
     2152.0000000000        0.0000000000        0.0000000000
     2153.0000000000        0.0000000000        0.0000000000
     2154.0000000000        0.0000000000        0.0000000000
     2155.0000000000        0.0000000000        0.0000000000
     2156.0000000000        0.0000000000        0.0000000000
     2157.0000000000        0.0000000000        0.0000000000
     2158.0000000000        0.0000000000        0.0000000000
     2159.0000000000        0.0000000000        0.0000000000
     2160.0000000000        0.0000000000        0.0000000000
     2161.0000000000        0.0000000000        0.0000000000
     2162.0000000000        0.0000000000        0.0000000000
     2163.0000000000        0.0000000000        0.0000000000
     2164.0000000000        0.0000000000        0.0000000000
     2165.0000000000        0.0000000000        0.0000000000
     2166.0000000000        0.0000000000        0.0000000000
     2167.0000000000        0.0000000000        0.0000000000
     2168.0000000000        0.0000000000        0.0000000000
     2169.0000000000        0.0000000000        0.0000000000
     2170.0000000000        0.0000000000        0.0000000000
     2171.0000000000        0.0000000000        0.0000000000
     2172.0000000000        0.0000000000        0.0000000000
     2173.0000000000        0.0000000000        0.0000000000
     2174.0000000000        0.0000000000        0.0000000000
     2175.0000000000        0.0000000000        0.0000000000
     2176.0000000000        0.0000000000        0.0000000000
     2177.0000000000        0.0000000000        0.0000000000
     2178.0000000000        0.0000000000        0.0000000000
     2179.0000000000        0.0000000000        0.0000000000
     2180.0000000000        0.0000000000        0.0000000000
     2181.0000000000        0.0000000000        0.0000000000
     2182.0000000000        0.0000000000        0.0000000000
     2183.0000000000        0.0000000000        0.0000000000
     2184.0000000000        0.0000000000        0.0000000000
     2185.0000000000        0.0000000000        0.0000000000
     2186.0000000000        0.0000000000        0.0000000000
     2187.0000000000        0.0000000000        0.0000000000
     2188.0000000000        0.0000000000        0.0000000000
     2189.0000000000        0.0000000000        0.0000000000
     2190.0000000000        0.0000000000        0.0000000000
     2191.0000000000        0.0000000000        0.0000000000
     2192.0000000000        0.0000000000        0.0000000000
     2193.0000000000        0.0000000000        0.0000000000
     2194.0000000000        0.0000000000        0.0000000000
     2195.0000000000        0.0000000000        0.0000000000
     2196.0000000000        0.0000000000        0.0000000000
     2197.0000000000        0.0000000000        0.0000000000
     2198.0000000000        0.0000000000        0.0000000000
     2199.0000000000        0.0000000000        0.0000000000
     2200.0000000000        0.0000000000        0.0000000000
     2201.0000000000        0.0000000000        0.0000000000
     2202.0000000000        0.0000000000        0.0000000000
     2203.0000000000        0.0000000000        0.0000000000
     2204.0000000000        0.0000000000        0.0000000000
     2205.0000000000        0.0000000000        0.0000000000
     2206.0000000000        0.0000000000        0.0000000000
     2207.0000000000        0.0000000000        0.0000000000
     2208.0000000000        0.0000000000        0.0000000000
     2209.0000000000        0.0000000000        0.0000000000
     2210.0000000000        0.0000000000        0.0000000000
     2211.0000000000        0.0000000000        0.0000000000
     2212.0000000000        0.0000000000        0.0000000000
     2213.0000000000        0.0000000000        0.0000000000
     2214.0000000000        0.0000000000        0.0000000000
     2215.0000000000        0.0000000000        0.0000000000
     2216.0000000000        0.0000000000        0.0000000000
     2217.0000000000        0.0000000000        0.0000000000
     2218.0000000000        0.0000000000        0.0000000000
     2219.0000000000        0.0000000000        0.0000000000
     2220.0000000000        0.0000000000        0.0000000000
     2221.0000000000        0.0000000000        0.0000000000
     2222.0000000000        0.0000000000        0.0000000000
     2223.0000000000        0.0000000000        0.0000000000
     2224.0000000000        0.0000000000        0.0000000000
     2225.0000000000        0.0000000000        0.0000000000
     2226.0000000000        0.0000000000        0.0000000000
     2227.0000000000        0.0000000000        0.0000000000
     2228.0000000000        0.0000000000        0.0000000000
     2229.0000000000        0.0000000000        0.0000000000
     2230.0000000000        0.0000000000        0.0000000000
     2231.0000000000        0.0000000000        0.0000000000
     2232.0000000000        0.0000000000        0.0000000000
     2233.0000000000        0.0000000000        0.0000000000
     2234.0000000000        0.0000000000        0.0000000000
     2235.0000000000        0.0000000000        0.0000000000
     2236.0000000000        0.0000000000        0.0000000000
     2237.0000000000        0.0000000000        0.0000000000
     2238.0000000000        0.0000000000        0.0000000000
     2239.0000000000        0.0000000000        0.0000000000
     2240.0000000000        0.0000000000        0.0000000000
     2241.0000000000        0.0000000000        0.0000000000
     2242.0000000000        0.0000000000        0.0000000000
     2243.0000000000        0.0000000000        0.0000000000
     2244.0000000000        0.0000000000        0.0000000000
     2245.0000000000        0.0000000000        0.0000000000
     2246.0000000000        0.0000000000        0.0000000000
     2247.0000000000        0.0000000000        0.0000000000
     2248.0000000000        0.0000000000        0.0000000000
     2249.0000000000        0.0000000000        0.0000000000
     2250.0000000000        0.0000000000        0.0000000000
     2251.0000000000        0.0000000000        0.0000000000
     2252.0000000000        0.0000000000        0.0000000000
     2253.0000000000        0.0000000000        0.0000000000
     2254.0000000000        0.0000000000        0.0000000000
     2255.0000000000        0.0000000000        0.0000000000
     2256.0000000000        0.0000000000        0.0000000000
     2257.0000000000        0.0000000000        0.0000000000
     2258.0000000000        0.0000000000        0.0000000000
     2259.0000000000        0.0000000000        0.0000000000
     2260.0000000000        0.0000000000        0.0000000000
     2261.0000000000        0.0000000000        0.0000000000
     2262.0000000000        0.0000000000        0.0000000000
     2263.0000000000        0.0000000000        0.0000000000
     2264.0000000000        0.0000000000        0.0000000000
     2265.0000000000        0.0000000000        0.0000000000
     2266.0000000000        0.0000000000        0.0000000000
     2267.0000000000        0.0000000000        0.0000000000
     2268.0000000000        0.0000000000        0.0000000000
     2269.0000000000        0.0000000000        0.0000000000
     2270.0000000000        0.0000000000        0.0000000000
     2271.0000000000        0.0000000000        0.0000000000
     2272.0000000000        0.0000000000        0.0000000000
     2273.0000000000        0.0000000000        0.0000000000
     2274.0000000000        0.0000000000        0.0000000000
     2275.0000000000        0.0000000000        0.0000000000
     2276.0000000000        0.0000000000        0.0000000000
     2277.0000000000        0.0000000000        0.0000000000
     2278.0000000000        0.0000000000        0.0000000000
     2279.0000000000        0.0000000000        0.0000000000
     2280.0000000000        0.0000000000        0.0000000000
     2281.0000000000        0.0000000000        0.0000000000
     2282.0000000000        0.0000000000        0.0000000000
     2283.0000000000        0.0000000000        0.0000000000
     2284.0000000000        0.0000000000        0.0000000000
     2285.0000000000        0.0000000000        0.0000000000
     2286.0000000000        0.0000000000        0.0000000000
     2287.0000000000        0.0000000000        0.0000000000
     2288.0000000000        0.0000000000        0.0000000000
     2289.0000000000        0.0000000000        0.0000000000
     2290.0000000000        0.0000000000        0.0000000000
     2291.0000000000        0.0000000000        0.0000000000
     2292.0000000000        0.0000000000        0.0000000000
     2293.0000000000        0.0000000000        0.0000000000
     2294.0000000000        0.0000000000        0.0000000000
     2295.0000000000        0.0000000000        0.0000000000
     2296.0000000000        0.0000000000        0.0000000000
     2297.0000000000        0.0000000000        0.0000000000
     2298.0000000000        0.0000000000        0.0000000000
     2299.0000000000        0.0000000000        0.0000000000
     2300.0000000000        0.0000000000        0.0000000000
     2301.0000000000        0.0000000000        0.0000000000
     2302.0000000000        0.0000000000        0.0000000000
     2303.0000000000        0.0000000000        0.0000000000
     2304.0000000000        0.0000000000        0.0000000000
     2305.0000000000        0.0000000000        0.0000000000
     2306.0000000000        0.0000000000        0.0000000000
     2307.0000000000        0.0000000000        0.0000000000
     2308.0000000000        0.0000000000        0.0000000000
     2309.0000000000        0.0000000000        0.0000000000
     2310.0000000000        0.0000000000        0.0000000000
     2311.0000000000        0.0000000000        0.0000000000
     2312.0000000000        0.0000000000        0.0000000000
     2313.0000000000        0.0000000000        0.0000000000
     2314.0000000000        0.0000000000        0.0000000000
     2315.0000000000        0.0000000000        0.0000000000
     2316.0000000000        0.0000000000        0.0000000000
     2317.0000000000        0.0000000000        0.0000000000
     2318.0000000000        0.0000000000        0.0000000000
     2319.0000000000        0.0000000000        0.0000000000
     2320.0000000000        0.0000000000        0.0000000000
     2321.0000000000        0.0000000000        0.0000000000
     2322.0000000000        0.0000000000        0.0000000000
     2323.0000000000        0.0000000000        0.0000000000
     2324.0000000000        0.0000000000        0.0000000000
     2325.0000000000        0.0000000000        0.0000000000
     2326.0000000000        0.0000000000        0.0000000000
     2327.0000000000        0.0000000000        0.0000000000
     2328.0000000000        0.0000000000        0.0000000000
     2329.0000000000        0.0000000000        0.0000000000
     2330.0000000000        0.0000000000        0.0000000000
     2331.0000000000        0.0000000000        0.0000000000
     2332.0000000000        0.0000000000        0.0000000000
     2333.0000000000        0.0000000000        0.0000000000
     2334.0000000000        0.0000000000        0.0000000000
     2335.0000000000        0.0000000000        0.0000000000
     2336.0000000000        0.0000000000        0.0000000000
     2337.0000000000        0.0000000000        0.0000000000
     2338.0000000000        0.0000000000        0.0000000000
     2339.0000000000        0.0000000000        0.0000000000
     2340.0000000000        0.0000000000        0.0000000000
     2341.0000000000        0.0000000000        0.0000000000
     2342.0000000000        0.0000000000        0.0000000000
     2343.0000000000        0.0000000000        0.0000000000
     2344.0000000000        0.0000000000        0.0000000000
     2345.0000000000        0.0000000000        0.0000000000
     2346.0000000000        0.0000000000        0.0000000000
     2347.0000000000        0.0000000000        0.0000000000
     2348.0000000000        0.0000000000        0.0000000000
     2349.0000000000        0.0000000000        0.0000000000
     2350.0000000000        0.0000000000        0.0000000000
     2351.0000000000        0.0000000000        0.0000000000
     2352.0000000000        0.0000000000        0.0000000000
     2353.0000000000        0.0000000000        0.0000000000
     2354.0000000000        0.0000000000        0.0000000000
     2355.0000000000        0.0000000000        0.0000000000
     2356.0000000000        0.0000000000        0.0000000000
     2357.0000000000        0.0000000000        0.0000000000
     2358.0000000000        0.0000000000        0.0000000000
     2359.0000000000        0.0000000000        0.0000000000
     2360.0000000000        0.0000000000        0.0000000000
     2361.0000000000        0.0000000000        0.0000000000
     2362.0000000000        0.0000000000        0.0000000000
     2363.0000000000        0.0000000000        0.0000000000
     2364.0000000000        0.0000000000        0.0000000000
     2365.0000000000        0.0000000000        0.0000000000
     2366.0000000000        0.0000000000        0.0000000000
     2367.0000000000        0.0000000000        0.0000000000
     2368.0000000000        0.0000000000        0.0000000000
     2369.0000000000        0.0000000000        0.0000000000
     2370.0000000000        0.0000000000        0.0000000000
     2371.0000000000        0.0000000000        0.0000000000
     2372.0000000000        0.0000000000        0.0000000000
     2373.0000000000        0.0000000000        0.0000000000
     2374.0000000000        0.0000000000        0.0000000000
     2375.0000000000        0.0000000000        0.0000000000
     2376.0000000000        0.0000000000        0.0000000000
     2377.0000000000        0.0000000000        0.0000000000
     2378.0000000000        0.0000000000        0.0000000000
     2379.0000000000        0.0000000000        0.0000000000
     2380.0000000000        0.0000000000        0.0000000000
     2381.0000000000        0.0000000000        0.0000000000
     2382.0000000000        0.0000000000        0.0000000000
     2383.0000000000        0.0000000000        0.0000000000
     2384.0000000000        0.0000000000        0.0000000000
     2385.0000000000        0.0000000000        0.0000000000
     2386.0000000000        0.0000000000        0.0000000000
     2387.0000000000        0.0000000000        0.0000000000
     2388.0000000000        0.0000000000        0.0000000000
     2389.0000000000        0.0000000000        0.0000000000
     2390.0000000000        0.0000000000        0.0000000000
     2391.0000000000        0.0000000000        0.0000000000
     2392.0000000000        0.0000000000        0.0000000000
     2393.0000000000        0.0000000000        0.0000000000
     2394.0000000000        0.0000000000        0.0000000000
     2395.0000000000        0.0000000000        0.0000000000
     2396.0000000000        0.0000000000        0.0000000000
     2397.0000000000        0.0000000000        0.0000000000
     2398.0000000000        0.0000000000        0.0000000000
     2399.0000000000        0.0000000000        0.0000000000
     2400.0000000000        0.0000000000        0.0000000000
     2401.0000000000        0.0000000000        0.0000000000
     2402.0000000000        0.0000000000        0.0000000000
     2403.0000000000        0.0000000000        0.0000000000
     2404.0000000000        0.0000000000        0.0000000000
     2405.0000000000        0.0000000000        0.0000000000
     2406.0000000000        0.0000000000        0.0000000000
     2407.0000000000        0.0000000000        0.0000000000
     2408.0000000000        0.0000000000        0.0000000000
     2409.0000000000        0.0000000000        0.0000000000
     2410.0000000000        0.0000000000        0.0000000000
     2411.0000000000        0.0000000000        0.0000000000
     2412.0000000000        0.0000000000        0.0000000000
     2413.0000000000        0.0000000000        0.0000000000
     2414.0000000000        0.0000000000        0.0000000000
     2415.0000000000        0.0000000000        0.0000000000
     2416.0000000000        0.0000000000        0.0000000000
     2417.0000000000        0.0000000000        0.0000000000
     2418.0000000000        0.0000000000        0.0000000000
     2419.0000000000        0.0000000000        0.0000000000
     2420.0000000000        0.0000000000        0.0000000000
     2421.0000000000        0.0000000000        0.0000000000
     2422.0000000000        0.0000000000        0.0000000000
     2423.0000000000        0.0000000000        0.0000000000
     2424.0000000000        0.0000000000        0.0000000000
     2425.0000000000        0.0000000000        0.0000000000
     2426.0000000000        0.0000000000        0.0000000000
     2427.0000000000        0.0000000000        0.0000000000
     2428.0000000000        0.0000000000        0.0000000000
     2429.0000000000        0.0000000000        0.0000000000
     2430.0000000000        0.0000000000        0.0000000000
     2431.0000000000        0.0000000000        0.0000000000
     2432.0000000000        0.0000000000        0.0000000000
     2433.0000000000        0.0000000000        0.0000000000
     2434.0000000000        0.0000000000        0.0000000000
     2435.0000000000        0.0000000000        0.0000000000
     2436.0000000000        0.0000000000        0.0000000000
     2437.0000000000        0.0000000000        0.0000000000
     2438.0000000000        0.0000000000        0.0000000000
     2439.0000000000        0.0000000000        0.0000000000
     2440.0000000000        0.0000000000        0.0000000000
     2441.0000000000        0.0000000000        0.0000000000
     2442.0000000000        0.0000000000        0.0000000000
     2443.0000000000        0.0000000000        0.0000000000
     2444.0000000000        0.0000000000        0.0000000000
     2445.0000000000        0.0000000000        0.0000000000
     2446.0000000000        0.0000000000        0.0000000000
     2447.0000000000        0.0000000000        0.0000000000
     2448.0000000000        0.0000000000        0.0000000000
     2449.0000000000        0.0000000000        0.0000000000
     2450.0000000000        0.0000000000        0.0000000000
     2451.0000000000        0.0000000000        0.0000000000
     2452.0000000000        0.0000000000        0.0000000000
     2453.0000000000        0.0000000000        0.0000000000
     2454.0000000000        0.0000000000        0.0000000000
     2455.0000000000        0.0000000000        0.0000000000
     2456.0000000000        0.0000000000        0.0000000000
     2457.0000000000        0.0000000000        0.0000000000
     2458.0000000000        0.0000000000        0.0000000000
     2459.0000000000        0.0000000000        0.0000000000
     2460.0000000000        0.0000000000        0.0000000000
     2461.0000000000        0.0000000000        0.0000000000
     2462.0000000000        0.0000000000        0.0000000000
     2463.0000000000        0.0000000000        0.0000000000
     2464.0000000000        0.0000000000        0.0000000000
     2465.0000000000        0.0000000000        0.0000000000
     2466.0000000000        0.0000000000        0.0000000000
     2467.0000000000        0.0000000000        0.0000000000
     2468.0000000000        0.0000000000        0.0000000000
     2469.0000000000        0.0000000000        0.0000000000
     2470.0000000000        0.0000000000        0.0000000000
     2471.0000000000        0.0000000000        0.0000000000
     2472.0000000000        0.0000000000        0.0000000000
     2473.0000000000        0.0000000000        0.0000000000
     2474.0000000000        0.0000000000        0.0000000000
     2475.0000000000        0.0000000000        0.0000000000
     2476.0000000000        0.0000000000        0.0000000000
     2477.0000000000        0.0000000000        0.0000000000
     2478.0000000000        0.0000000000        0.0000000000
     2479.0000000000        0.0000000000        0.0000000000
     2480.0000000000        0.0000000000        0.0000000000
     2481.0000000000        0.0000000000        0.0000000000
     2482.0000000000        0.0000000000        0.0000000000
     2483.0000000000        0.0000000000        0.0000000000
     2484.0000000000        0.0000000000        0.0000000000
     2485.0000000000        0.0000000000        0.0000000000
     2486.0000000000        0.0000000000        0.0000000000
     2487.0000000000        0.0000000000        0.0000000000
     2488.0000000000        0.0000000000        0.0000000000
     2489.0000000000        0.0000000000        0.0000000000
     2490.0000000000        0.0000000000        0.0000000000
     2491.0000000000        0.0000000000        0.0000000000
     2492.0000000000        0.0000000000        0.0000000000
     2493.0000000000        0.0000000000        0.0000000000
     2494.0000000000        0.0000000000        0.0000000000
     2495.0000000000        0.0000000000        0.0000000000
     2496.0000000000        0.0000000000        0.0000000000
     2497.0000000000        0.0000000000        0.0000000000
     2498.0000000000        0.0000000000        0.0000000000
     2499.0000000000        0.0000000000        0.0000000000
     2500.0000000000        0.0000000000        0.0000000000
     2501.0000000000        0.0000000000        0.0000000000
     2502.0000000000        0.0000000000        0.0000000000
     2503.0000000000        0.0000000000        0.0000000000
     2504.0000000000        0.0000000000        0.0000000000
     2505.0000000000        0.0000000000        0.0000000000
     2506.0000000000        0.0000000000        0.0000000000
     2507.0000000000        0.0000000000        0.0000000000
     2508.0000000000        0.0000000000        0.0000000000
     2509.0000000000        0.0000000000        0.0000000000
     2510.0000000000        0.0000000000        0.0000000000
     2511.0000000000        0.0000000000        0.0000000000
     2512.0000000000        0.0000000000        0.0000000000
     2513.0000000000        0.0000000000        0.0000000000
     2514.0000000000        0.0000000000        0.0000000000
     2515.0000000000        0.0000000000        0.0000000000
     2516.0000000000        0.0000000000        0.0000000000
     2517.0000000000        0.0000000000        0.0000000000
     2518.0000000000        0.0000000000        0.0000000000
     2519.0000000000        0.0000000000        0.0000000000
     2520.0000000000        0.0000000000        0.0000000000
     2521.0000000000        0.0000000000        0.0000000000
     2522.0000000000        0.0000000000        0.0000000000
     2523.0000000000        0.0000000000        0.0000000000
     2524.0000000000        0.0000000000        0.0000000000
     2525.0000000000        0.0000000000        0.0000000000
     2526.0000000000        0.0000000000        0.0000000000
     2527.0000000000        0.0000000000        0.0000000000
     2528.0000000000        0.0000000000        0.0000000000
     2529.0000000000        0.0000000000        0.0000000000
     2530.0000000000        0.0000000000        0.0000000000
     2531.0000000000        0.0000000000        0.0000000000
     2532.0000000000        0.0000000000        0.0000000000
     2533.0000000000        0.0000000000        0.0000000000
     2534.0000000000        0.0000000000        0.0000000000
     2535.0000000000        0.0000000000        0.0000000000
     2536.0000000000        0.0000000000        0.0000000000
     2537.0000000000        0.0000000000        0.0000000000
     2538.0000000000        0.0000000000        0.0000000000
     2539.0000000000        0.0000000000        0.0000000000
     2540.0000000000        0.0000000000        0.0000000000
     2541.0000000000        0.0000000000        0.0000000000
     2542.0000000000        0.0000000000        0.0000000000
     2543.0000000000        0.0000000000        0.0000000000
     2544.0000000000        0.0000000000        0.0000000000
     2545.0000000000        0.0000000000        0.0000000000
     2546.0000000000        0.0000000000        0.0000000000
     2547.0000000000        0.0000000000        0.0000000000
     2548.0000000000        0.0000000000        0.0000000000
     2549.0000000000        0.0000000000        0.0000000000
     2550.0000000000        0.0000000000        0.0000000000
     2551.0000000000        0.0000000000        0.0000000000
     2552.0000000000        0.0000000000        0.0000000000
     2553.0000000000        0.0000000000        0.0000000000
     2554.0000000000        0.0000000000        0.0000000000
     2555.0000000000        0.0000000000        0.0000000000
     2556.0000000000        0.0000000000        0.0000000000
     2557.0000000000        0.0000000000        0.0000000000
     2558.0000000000        0.0000000000        0.0000000000
     2559.0000000000        0.0000000000        0.0000000000
     2560.0000000000        0.0000000000        0.0000000000
     2561.0000000000        0.0000000000        0.0000000000
     2562.0000000000        0.0000000000        0.0000000000
     2563.0000000000        0.0000000000        0.0000000000
     2564.0000000000        0.0000000000        0.0000000000
     2565.0000000000        0.0000000000        0.0000000000
     2566.0000000000        0.0000000000        0.0000000000
     2567.0000000000        0.0000000000        0.0000000000
     2568.0000000000        0.0000000000        0.0000000000
     2569.0000000000        0.0000000000        0.0000000000
     2570.0000000000        0.0000000000        0.0000000000
     2571.0000000000        0.0000000000        0.0000000000
     2572.0000000000        0.0000000000        0.0000000000
     2573.0000000000        0.0000000000        0.0000000000
     2574.0000000000        0.0000000000        0.0000000000
     2575.0000000000        0.0000000000        0.0000000000
     2576.0000000000        0.0000000000        0.0000000000
     2577.0000000000        0.0000000000        0.0000000000
     2578.0000000000        0.0000000000        0.0000000000
     2579.0000000000        0.0000000000        0.0000000000
     2580.0000000000        0.0000000000        0.0000000000
     2581.0000000000        0.0000000000        0.0000000000
     2582.0000000000        0.0000000000        0.0000000000
     2583.0000000000        0.0000000000        0.0000000000
     2584.0000000000        0.0000000000        0.0000000000
     2585.0000000000        0.0000000000        0.0000000000
     2586.0000000000        0.0000000000        0.0000000000
     2587.0000000000        0.0000000000        0.0000000000
     2588.0000000000        0.0000000000        0.0000000000
     2589.0000000000        0.0000000000        0.0000000000
     2590.0000000000        0.0000000000        0.0000000000
     2591.0000000000        0.0000000000        0.0000000000
     2592.0000000000        0.0000000000        0.0000000000
     2593.0000000000        0.0000000000        0.0000000000
     2594.0000000000        0.0000000000        0.0000000000
     2595.0000000000        0.0000000000        0.0000000000
     2596.0000000000        0.0000000000        0.0000000000
     2597.0000000000        0.0000000000        0.0000000000
     2598.0000000000        0.0000000000        0.0000000000
     2599.0000000000        0.0000000000        0.0000000000
     2600.0000000000        0.0000000000        0.0000000000
     2601.0000000000        0.0000000000        0.0000000000
     2602.0000000000        0.0000000000        0.0000000000
     2603.0000000000        0.0000000000        0.0000000000
     2604.0000000000        0.0000000000        0.0000000000
     2605.0000000000        0.0000000000        0.0000000000
     2606.0000000000        0.0000000000        0.0000000000
     2607.0000000000        0.0000000000        0.0000000000
     2608.0000000000        0.0000000000        0.0000000000
     2609.0000000000        0.0000000000        0.0000000000
     2610.0000000000        0.0000000000        0.0000000000
     2611.0000000000        0.0000000000        0.0000000000
     2612.0000000000        0.0000000000        0.0000000000
     2613.0000000000        0.0000000000        0.0000000000
     2614.0000000000        0.0000000000        0.0000000000
     2615.0000000000        0.0000000000        0.0000000000
     2616.0000000000        0.0000000000        0.0000000000
     2617.0000000000        0.0000000000        0.0000000000
     2618.0000000000        0.0000000000        0.0000000000
     2619.0000000000        0.0000000000        0.0000000000
     2620.0000000000        0.0000000000        0.0000000000
     2621.0000000000        0.0000000000        0.0000000000
     2622.0000000000        0.0000000000        0.0000000000
     2623.0000000000        0.0000000000        0.0000000000
     2624.0000000000        0.0000000000        0.0000000000
     2625.0000000000        0.0000000000        0.0000000000
     2626.0000000000        0.0000000000        0.0000000000
     2627.0000000000        0.0000000000        0.0000000000
     2628.0000000000        0.0000000000        0.0000000000
     2629.0000000000        0.0000000000        0.0000000000
     2630.0000000000        0.0000000000        0.0000000000
     2631.0000000000        0.0000000000        0.0000000000
     2632.0000000000        0.0000000000        0.0000000000
     2633.0000000000        0.0000000000        0.0000000000
     2634.0000000000        0.0000000000        0.0000000000
     2635.0000000000        0.0000000000        0.0000000000
     2636.0000000000        0.0000000000        0.0000000000
     2637.0000000000        0.0000000000        0.0000000000
     2638.0000000000        0.0000000000        0.0000000000
     2639.0000000000        0.0000000000        0.0000000000
     2640.0000000000        0.0000000000        0.0000000000
     2641.0000000000        0.0000000000        0.0000000000
     2642.0000000000        0.0000000000        0.0000000000
     2643.0000000000        0.0000000000        0.0000000000
     2644.0000000000        0.0000000000        0.0000000000
     2645.0000000000        0.0000000000        0.0000000000
     2646.0000000000        0.0000000000        0.0000000000
     2647.0000000000        0.0000000000        0.0000000000
     2648.0000000000        0.0000000000        0.0000000000
     2649.0000000000        0.0000000000        0.0000000000
     2650.0000000000        0.0000000000        0.0000000000
     2651.0000000000        0.0000000000        0.0000000000
     2652.0000000000        0.0000000000        0.0000000000
     2653.0000000000        0.0000000000        0.0000000000
     2654.0000000000        0.0000000000        0.0000000000
     2655.0000000000        0.0000000000        0.0000000000
     2656.0000000000        0.0000000000        0.0000000000
     2657.0000000000        0.0000000000        0.0000000000
     2658.0000000000        0.0000000000        0.0000000000
     2659.0000000000        0.0000000000        0.0000000000
     2660.0000000000        0.0000000000        0.0000000000
     2661.0000000000        0.0000000000        0.0000000000
     2662.0000000000        0.0000000000        0.0000000000
     2663.0000000000        0.0000000000        0.0000000000
     2664.0000000000        0.0000000000        0.0000000000
     2665.0000000000        0.0000000000        0.0000000000
     2666.0000000000        0.0000000000        0.0000000000
     2667.0000000000        0.0000000000        0.0000000000
     2668.0000000000        0.0000000000        0.0000000000
     2669.0000000000        0.0000000000        0.0000000000
     2670.0000000000        0.0000000000        0.0000000000
     2671.0000000000        0.0000000000        0.0000000000
     2672.0000000000        0.0000000000        0.0000000000
     2673.0000000000        0.0000000000        0.0000000000
     2674.0000000000        0.0000000000        0.0000000000
     2675.0000000000        0.0000000000        0.0000000000
     2676.0000000000        0.0000000000        0.0000000000
     2677.0000000000        0.0000000000        0.0000000000
     2678.0000000000        0.0000000000        0.0000000000
     2679.0000000000        0.0000000000        0.0000000000
     2680.0000000000        0.0000000000        0.0000000000
     2681.0000000000        0.0000000000        0.0000000000
     2682.0000000000        0.0000000000        0.0000000000
     2683.0000000000        0.0000000000        0.0000000000
     2684.0000000000        0.0000000000        0.0000000000
     2685.0000000000        0.0000000000        0.0000000000
     2686.0000000000        0.0000000000        0.0000000000
     2687.0000000000        0.0000000000        0.0000000000
     2688.0000000000        0.0000000000        0.0000000000
     2689.0000000000        0.0000000000        0.0000000000
     2690.0000000000        0.0000000000        0.0000000000
     2691.0000000000        0.0000000000        0.0000000000
     2692.0000000000        0.0000000000        0.0000000000
     2693.0000000000        0.0000000000        0.0000000000
     2694.0000000000        0.0000000000        0.0000000000
     2695.0000000000        0.0000000000        0.0000000000
     2696.0000000000        0.0000000000        0.0000000000
     2697.0000000000        0.0000000000        0.0000000000
     2698.0000000000        0.0000000000        0.0000000000
     2699.0000000000        0.0000000000        0.0000000000
     2700.0000000000        0.0000000000        0.0000000000
     2701.0000000000        0.0000000000        0.0000000000
     2702.0000000000        0.0000000000        0.0000000000
     2703.0000000000        0.0000000000        0.0000000000
     2704.0000000000        0.0000000000        0.0000000000
     2705.0000000000        0.0000000000        0.0000000000
     2706.0000000000        0.0000000000        0.0000000000
     2707.0000000000        0.0000000000        0.0000000000
     2708.0000000000        0.0000000000        0.0000000000
     2709.0000000000        0.0000000000        0.0000000000
     2710.0000000000        0.0000000000        0.0000000000
     2711.0000000000        0.0000000000        0.0000000000
     2712.0000000000        0.0000000000        0.0000000000
     2713.0000000000        0.0000000000        0.0000000000
     2714.0000000000        0.0000000000        0.0000000000
     2715.0000000000        0.0000000000        0.0000000000
     2716.0000000000        0.0000000000        0.0000000000
     2717.0000000000        0.0000000000        0.0000000000
     2718.0000000000        0.0000000000        0.0000000000
     2719.0000000000        0.0000000000        0.0000000000
     2720.0000000000        0.0000000000        0.0000000000
     2721.0000000000        0.0000000000        0.0000000000
     2722.0000000000        0.0000000000        0.0000000000
     2723.0000000000        0.0000000000        0.0000000000
     2724.0000000000        0.0000000000        0.0000000000
     2725.0000000000        0.0000000000        0.0000000000
     2726.0000000000        0.0000000000        0.0000000000
     2727.0000000000        0.0000000000        0.0000000000
     2728.0000000000        0.0000000000        0.0000000000
     2729.0000000000        0.0000000000        0.0000000000
     2730.0000000000        0.0000000000        0.0000000000
     2731.0000000000        0.0000000000        0.0000000000
     2732.0000000000        0.0000000000        0.0000000000
     2733.0000000000        0.0000000000        0.0000000000
     2734.0000000000        0.0000000000        0.0000000000
     2735.0000000000        0.0000000000        0.0000000000
     2736.0000000000        0.0000000000        0.0000000000
     2737.0000000000        0.0000000000        0.0000000000
     2738.0000000000        0.0000000000        0.0000000000
     2739.0000000000        0.0000000000        0.0000000000
     2740.0000000000        0.0000000000        0.0000000000
     2741.0000000000        0.0000000000        0.0000000000
     2742.0000000000        0.0000000000        0.0000000000
     2743.0000000000        0.0000000000        0.0000000000
     2744.0000000000        0.0000000000        0.0000000000
     2745.0000000000        0.0000000000        0.0000000000
     2746.0000000000        0.0000000000        0.0000000000
     2747.0000000000        0.0000000000        0.0000000000
     2748.0000000000        0.0000000000        0.0000000000
     2749.0000000000        0.0000000000        0.0000000000
     2750.0000000000        0.0000000000        0.0000000000
     2751.0000000000        0.0000000000        0.0000000000
     2752.0000000000        0.0000000000        0.0000000000
     2753.0000000000        0.0000000000        0.0000000000
     2754.0000000000        0.0000000000        0.0000000000
     2755.0000000000        0.0000000000        0.0000000000
     2756.0000000000        0.0000000000        0.0000000000
     2757.0000000000        0.0000000000        0.0000000000
     2758.0000000000        0.0000000000        0.0000000000
     2759.0000000000        0.0000000000        0.0000000000
     2760.0000000000        0.0000000000        0.0000000000
     2761.0000000000        0.0000000000        0.0000000000
     2762.0000000000        0.0000000000        0.0000000000
     2763.0000000000        0.0000000000        0.0000000000
     2764.0000000000        0.0000000000        0.0000000000
     2765.0000000000        0.0000000000        0.0000000000
     2766.0000000000        0.0000000000        0.0000000000
     2767.0000000000        0.0000000000        0.0000000000
     2768.0000000000        0.0000000000        0.0000000000
     2769.0000000000        0.0000000000        0.0000000000
     2770.0000000000        0.0000000000        0.0000000000
     2771.0000000000        0.0000000000        0.0000000000
     2772.0000000000        0.0000000000        0.0000000000
     2773.0000000000        0.0000000000        0.0000000000
     2774.0000000000        0.0000000000        0.0000000000
     2775.0000000000        0.0000000000        0.0000000000
     2776.0000000000        0.0000000000        0.0000000000
     2777.0000000000        0.0000000000        0.0000000000
     2778.0000000000        0.0000000000        0.0000000000
     2779.0000000000        0.0000000000        0.0000000000
     2780.0000000000        0.0000000000        0.0000000000
     2781.0000000000        0.0000000000        0.0000000000
     2782.0000000000        0.0000000000        0.0000000000
     2783.0000000000        0.0000000000        0.0000000000
     2784.0000000000        0.0000000000        0.0000000000
     2785.0000000000        0.0000000000        0.0000000000
     2786.0000000000        0.0000000000        0.0000000000
     2787.0000000000        0.0000000000        0.0000000000
     2788.0000000000        0.0000000000        0.0000000000
     2789.0000000000        0.0000000000        0.0000000000
     2790.0000000000        0.0000000000        0.0000000000
     2791.0000000000        0.0000000000        0.0000000000
     2792.0000000000        0.0000000000        0.0000000000
     2793.0000000000        0.0000000000        0.0000000000
     2794.0000000000        0.0000000000        0.0000000000
     2795.0000000000        0.0000000000        0.0000000000
     2796.0000000000        0.0000000000        0.0000000000
     2797.0000000000        0.0000000000        0.0000000000
     2798.0000000000        0.0000000000        0.0000000000
     2799.0000000000        0.0000000000        0.0000000000
     2800.0000000000        0.0000000000        0.0000000000
     2801.0000000000        0.0000000000        0.0000000000
     2802.0000000000        0.0000000000        0.0000000000
     2803.0000000000        0.0000000000        0.0000000000
     2804.0000000000        0.0000000000        0.0000000000
     2805.0000000000        0.0000000000        0.0000000000
     2806.0000000000        0.0000000000        0.0000000000
     2807.0000000000        0.0000000000        0.0000000000
     2808.0000000000        0.0000000000        0.0000000000
     2809.0000000000        0.0000000000        0.0000000000
     2810.0000000000        0.0000000000        0.0000000000
     2811.0000000000        0.0000000000        0.0000000000
     2812.0000000000        0.0000000000        0.0000000000
     2813.0000000000        0.0000000000        0.0000000000
     2814.0000000000        0.0000000000        0.0000000000
     2815.0000000000        0.0000000000        0.0000000000
     2816.0000000000        0.0000000000        0.0000000000
     2817.0000000000        0.0000000000        0.0000000000
     2818.0000000000        0.0000000000        0.0000000000
     2819.0000000000        0.0000000000        0.0000000000
     2820.0000000000        0.0000000000        0.0000000000
     2821.0000000000        0.0000000000        0.0000000000
     2822.0000000000        0.0000000000        0.0000000000
     2823.0000000000        0.0000000000        0.0000000000
     2824.0000000000        0.0000000000        0.0000000000
     2825.0000000000        0.0000000000        0.0000000000
     2826.0000000000        0.0000000000        0.0000000000
     2827.0000000000        0.0000000000        0.0000000000
     2828.0000000000        0.0000000000        0.0000000000
     2829.0000000000        0.0000000000        0.0000000000
     2830.0000000000        0.0000000000        0.0000000000
     2831.0000000000        0.0000000000        0.0000000000
     2832.0000000000        0.0000000000        0.0000000000
     2833.0000000000        0.0000000000        0.0000000000
     2834.0000000000        0.0000000000        0.0000000000
     2835.0000000000        0.0000000000        0.0000000000
     2836.0000000000        0.0000000000        0.0000000000
     2837.0000000000        0.0000000000        0.0000000000
     2838.0000000000        0.0000000000        0.0000000000
     2839.0000000000        0.0000000000        0.0000000000
     2840.0000000000        0.0000000000        0.0000000000
     2841.0000000000        0.0000000000        0.0000000000
     2842.0000000000        0.0000000000        0.0000000000
     2843.0000000000        0.0000000000        0.0000000000
     2844.0000000000        0.0000000000        0.0000000000
     2845.0000000000        0.0000000000        0.0000000000
     2846.0000000000        0.0000000000        0.0000000000
     2847.0000000000        0.0000000000        0.0000000000
     2848.0000000000        0.0000000000        0.0000000000
     2849.0000000000        0.0000000000        0.0000000000
     2850.0000000000        0.0000000000        0.0000000000
     2851.0000000000        0.0000000000        0.0000000000
     2852.0000000000        0.0000000000        0.0000000000
     2853.0000000000        0.0000000000        0.0000000000
     2854.0000000000        0.0000000000        0.0000000000
     2855.0000000000        0.0000000000        0.0000000000
     2856.0000000000        0.0000000000        0.0000000000
     2857.0000000000        0.0000000000        0.0000000000
     2858.0000000000        0.0000000000        0.0000000000
     2859.0000000000        0.0000000000        0.0000000000
     2860.0000000000        0.0000000000        0.0000000000
     2861.0000000000        0.0000000000        0.0000000000
     2862.0000000000        0.0000000000        0.0000000000
     2863.0000000000        0.0000000000        0.0000000000
     2864.0000000000        0.0000000000        0.0000000000
     2865.0000000000        0.0000000000        0.0000000000
     2866.0000000000        0.0000000000        0.0000000000
     2867.0000000000        0.0000000000        0.0000000000
     2868.0000000000        0.0000000000        0.0000000000
     2869.0000000000        0.0000000000        0.0000000000
     2870.0000000000        0.0000000000        0.0000000000
     2871.0000000000        0.0000000000        0.0000000000
     2872.0000000000        0.0000000000        0.0000000000
     2873.0000000000        0.0000000000        0.0000000000
     2874.0000000000        0.0000000000        0.0000000000
     2875.0000000000        0.0000000000        0.0000000000
     2876.0000000000        0.0000000000        0.0000000000
     2877.0000000000        0.0000000000        0.0000000000
     2878.0000000000        0.0000000000        0.0000000000
     2879.0000000000        0.0000000000        0.0000000000
     2880.0000000000        0.0000000000        0.0000000000
     2881.0000000000        0.0000000000        0.0000000000
     2882.0000000000        0.0000000000        0.0000000000
     2883.0000000000        0.0000000000        0.0000000000
     2884.0000000000        0.0000000000        0.0000000000
     2885.0000000000        0.0000000000        0.0000000000
     2886.0000000000        0.0000000000        0.0000000000
     2887.0000000000        0.0000000000        0.0000000000
     2888.0000000000        0.0000000000        0.0000000000
     2889.0000000000        0.0000000000        0.0000000000
     2890.0000000000        0.0000000000        0.0000000000
     2891.0000000000        0.0000000000        0.0000000000
     2892.0000000000        0.0000000000        0.0000000000
     2893.0000000000        0.0000000000        0.0000000000
     2894.0000000000        0.0000000000        0.0000000000
     2895.0000000000        0.0000000000        0.0000000000
     2896.0000000000        0.0000000000        0.0000000000
     2897.0000000000        0.0000000000        0.0000000000
     2898.0000000000        0.0000000000        0.0000000000
     2899.0000000000        0.0000000000        0.0000000000
     2900.0000000000        0.0000000000        0.0000000000
     2901.0000000000        0.0000000000        0.0000000000
     2902.0000000000        0.0000000000        0.0000000000
     2903.0000000000        0.0000000000        0.0000000000
     2904.0000000000        0.0000000000        0.0000000000
     2905.0000000000        0.0000000000        0.0000000000
     2906.0000000000        0.0000000000        0.0000000000
     2907.0000000000        0.0000000000        0.0000000000
     2908.0000000000        0.0000000000        0.0000000000
     2909.0000000000        0.0000000000        0.0000000000
     2910.0000000000        0.0000000000        0.0000000000
     2911.0000000000        0.0000000000        0.0000000000
     2912.0000000000        0.0000000000        0.0000000000
     2913.0000000000        0.0000000000        0.0000000000
     2914.0000000000        0.0000000000        0.0000000000
     2915.0000000000        0.0000000000        0.0000000000
     2916.0000000000        0.0000000000        0.0000000000
     2917.0000000000        0.0000000000        0.0000000000
     2918.0000000000        0.0000000000        0.0000000000
     2919.0000000000        0.0000000000        0.0000000000
     2920.0000000000        0.0000000000        0.0000000000
     2921.0000000000        0.0000000000        0.0000000000
     2922.0000000000        0.0000000000        0.0000000000
     2923.0000000000        0.0000000000        0.0000000000
     2924.0000000000        0.0000000000        0.0000000000
     2925.0000000000        0.0000000000        0.0000000000
     2926.0000000000        0.0000000000        0.0000000000
     2927.0000000000        0.0000000000        0.0000000000
     2928.0000000000        0.0000000000        0.0000000000
     2929.0000000000        0.0000000000        0.0000000000
     2930.0000000000        0.0000000000        0.0000000000
     2931.0000000000        0.0000000000        0.0000000000
     2932.0000000000        0.0000000000        0.0000000000
     2933.0000000000        0.0000000000        0.0000000000
     2934.0000000000        0.0000000000        0.0000000000
     2935.0000000000        0.0000000000        0.0000000000
     2936.0000000000        0.0000000000        0.0000000000
     2937.0000000000        0.0000000000        0.0000000000
     2938.0000000000        0.0000000000        0.0000000000
     2939.0000000000        0.0000000000        0.0000000000
     2940.0000000000        0.0000000000        0.0000000000
     2941.0000000000        0.0000000000        0.0000000000
     2942.0000000000        0.0000000000        0.0000000000
     2943.0000000000        0.0000000000        0.0000000000
     2944.0000000000        0.0000000000        0.0000000000
     2945.0000000000        0.0000000000        0.0000000000
     2946.0000000000        0.0000000000        0.0000000000
     2947.0000000000        0.0000000000        0.0000000000
     2948.0000000000        0.0000000000        0.0000000000
     2949.0000000000        0.0000000000        0.0000000000
     2950.0000000000        0.0000000000        0.0000000000
     2951.0000000000        0.0898576046        0.0011258884
     2952.0000000000        0.0909941600        0.0011473123
     2953.0000000000        0.0921524114        0.0011692831
     2954.0000000000        0.0933329143        0.0011918183
     2955.0000000000        0.0945362423        0.0012149362
     2956.0000000000        0.0957629874        0.0012386558
     2957.0000000000        0.0970137610        0.0012629967
     2958.0000000000        0.0982891948        0.0012879795
     2959.0000000000        0.0995899410        0.0013136253
     2960.0000000000        0.1009166739        0.0013399564
     2961.0000000000        0.1022700900        0.0013669958
     2962.0000000000        0.1036509096        0.0013947675
     2963.0000000000        0.1050598773        0.0014232963
     2964.0000000000        0.1064977633        0.0014526084
     2965.0000000000        0.1079653641        0.0014827306
     2966.0000000000        0.1094635040        0.0015136913
     2967.0000000000        0.1109930360        0.0015455198
     2968.0000000000        0.1125548430        0.0015782467
     2969.0000000000        0.1141498394        0.0016119039
     2970.0000000000        0.1157789719        0.0016465246
     2971.0000000000        0.1174432215        0.0016821438
     2972.0000000000        0.1191436043        0.0017187974
     2973.0000000000        0.1208811737        0.0017565234
     2974.0000000000        0.1226570218        0.0017953614
     2975.0000000000        0.1244722808        0.0018353524
     2976.0000000000        0.1263281253        0.0018765397
     2977.0000000000        0.1282257738        0.0019189682
     2978.0000000000        0.1301664911        0.0019626851
     2979.0000000000        0.1321515900        0.0020077397
     2980.0000000000        0.1341824336        0.0020541835
     2981.0000000000        0.1362604379        0.0021020703
     2982.0000000000        0.1383870741        0.0021514568
     2983.0000000000        0.1405638711        0.0022024020
     2984.0000000000        0.1427924183        0.0022549679
     2985.0000000000        0.1450743688        0.0023092195
     2986.0000000000        0.1474114418        0.0023652248
     2987.0000000000        0.1498054266        0.0024230552
     2988.0000000000        0.1522581855        0.0024827857
     2989.0000000000        0.1547716575        0.0025444949
     2990.0000000000        0.1573478624        0.0026082655
     2991.0000000000        0.1599889044        0.0026741841
     2992.0000000000        0.1626969769        0.0027423420
     2993.0000000000        0.1654743667        0.0028128350
     2994.0000000000        0.1683234589        0.0028857640
     2995.0000000000        0.1712467419        0.0029612350
     2996.0000000000        0.1742468133        0.0030393597
     2997.0000000000        0.1773263850        0.0031202557
     2998.0000000000        0.1804882897        0.0032040470
     2999.0000000000        0.1837354876        0.0032908643
     3000.0000000000        0.1870710728        0.0033808452
     3001.0000000000        0.1904982809        0.0034741352
     3002.0000000000        0.1940204972        0.0035708876
     3003.0000000000        0.1976412643        0.0036712647
     3004.0000000000        0.2013642917        0.0037754375
     3005.0000000000        0.2051934648        0.0038835872
     3006.0000000000        0.2091328554        0.0039959053
     3007.0000000000        0.2131867322        0.0041125944
     3008.0000000000        0.2173595726        0.0042338691
     3009.0000000000        0.2216560747        0.0043599569
     3010.0000000000        0.2260811709        0.0044910987
     3011.0000000000        0.2306400418        0.0046275502
     3012.0000000000        0.2353381314        0.0047695827
     3013.0000000000        0.2401811633        0.0049174843
     3014.0000000000        0.2451751582        0.0050715611
     3015.0000000000        0.2503264522        0.0052321387
     3016.0000000000        0.2556417176        0.0053995633
     3017.0000000000        0.2611279838        0.0055742035
     3018.0000000000        0.2667926605        0.0057564521
     3019.0000000000        0.2726435634        0.0059467277
     3020.0000000000        0.2786889402        0.0061454768
     3021.0000000000        0.2849375000        0.0063531761
     3022.0000000000        0.2913984450        0.0065703346
     3023.0000000000        0.2980815035        0.0067974969
     3024.0000000000        0.3049969670        0.0070352451
     3025.0000000000        0.3121557297        0.0072842027
     3026.0000000000        0.3195693311        0.0075450377
     3027.0000000000        0.3272500025        0.0078184664
     3028.0000000000        0.3352107174        0.0081052574
     3029.0000000000        0.3434652460        0.0084062365
     3030.0000000000        0.3520282148        0.0087222912
     3031.0000000000        0.3609151711        0.0090543765
     3032.0000000000        0.4496703786        0.0103991208
     3033.0000000000        0.4602610175        0.0107853611
     3034.0000000000        0.4712477152        0.0111914480
     3035.0000000000        0.4826509636        0.0116186887
     3036.0000000000        0.4944926135        0.0120684958
     3037.0000000000        0.5067959853        0.0125423973
     3038.0000000000        0.5195859894        0.0130420475
     3039.0000000000        0.5328892592        0.0135692397
     3040.0000000000        0.5467342965        0.0141259203
     3041.0000000000        0.5611516319        0.0147142034
     3042.0000000000        0.5761740018        0.0153363889
     3043.0000000000        0.5918365427        0.0159949811
     3044.0000000000        0.6081770071        0.0166927110
     3045.0000000000        0.6252360014        0.0174325600
     3046.0000000000        0.6430572497        0.0182177872
     3047.0000000000        0.6616878872        0.0190519604
     3048.0000000000        0.6811787854        0.0199389909
     3049.0000000000        0.7015849144        0.0208831719
     3050.0000000000        0.7229657476        0.0218892239
     3051.0000000000        0.7453857124        0.0229623441
     3052.0000000000        0.7689146959        0.0241082646
     3053.0000000000        0.7936286112        0.0253333165
     3054.0000000000        0.8196100330        0.0266445057
     3055.0000000000        0.8469489138        0.0280495970
     3056.0000000000        0.8757433909        0.0295572124
     3057.0000000000        0.9061006984        0.0311769437
     3058.0000000000        0.9381381999        0.0329194815
     3059.0000000000        0.9719845609        0.0347967654
     3060.0000000000        1.0077810819        0.0368221570
     3061.0000000000        1.0456832187        0.0390106418
     3062.0000000000        1.0858623207        0.0413790632
     3063.0000000000        1.1285076223        0.0439463975
     3064.0000000000        1.1738285317        0.0467340741
     3065.0000000000        1.2220572685        0.0497663539
     3066.0000000000        1.2734519110        0.0530707745
     3067.0000000000        1.3282999290        0.0566786768
     3068.0000000000        1.3869222914        0.0606258313
     3069.0000000000        1.4496782572        0.0649531839
     3070.0000000000        1.5169709841        0.0697077484
     3071.0000000000        1.5892541160        0.0749436789
     3072.0000000000        1.6670395492        0.0807235633
     3073.0000000000        1.7509066251        0.0871199908
     3074.0000000000        1.8415130537        0.0942174598
     3075.0000000000        1.9396079495        0.1021147108
     3076.0000000000        2.0460474581        0.1109275949
     3077.0000000000        2.1618135752        0.1207926174
     3078.0000000000        2.2880369222        0.1318713410
     3079.0000000000        2.4260244511        0.1443558885
     3080.0000000000        2.5772933303        0.1584758609
     3081.0000000000        2.7436126255        0.1745070916
     3082.0000000000        2.9270548810        0.1927827984
     3083.0000000000        3.1300603563        0.2137078915
     3084.0000000000        3.3555175652        0.2377774681
     3085.0000000000        3.6068649721        0.2656009081
     3086.0000000000        3.8882203728        0.2979335305
     3087.0000000000        4.2045468126        0.3357185487
     3088.0000000000        4.5618671617        0.3801431950
     3089.0000000000        4.9675441151        0.4327145366
     3090.0000000000        5.4306490431        0.4953629530
     3091.0000000000        5.9624528022        0.5705849049
     3092.0000000000        6.5770858128        0.6616421560
     3093.0000000000        7.2924358028        0.7728430656
     3094.0000000000        8.1313832760        0.9099446030
     3095.0000000000        9.1235227955        1.0807339854
     3096.0000000000       10.3075916936        1.2958804088
     3097.0000000000       11.7349410365        1.5701963890
     3098.0000000000       13.4745581188        1.9245232020
     3099.0000000000       15.6204159136        2.3885644925
     3100.0000000000       18.3023183558        3.0051347270
     3101.0000000000       21.7019457340        3.8364130957
     3102.0000000000       26.0763711546        4.9726625219
     3103.0000000000       31.7913221040        6.5426384563
     3104.0000000000       39.3636765895        8.7198224288
     3105.0000000000       49.4998830974       11.7015580317
     3106.0000000000       63.0734539813       15.5890888020
     3107.0000000000       80.8639234485       19.9889096341
     3108.0000000000      102.6483004306       23.0907868981
     3109.0000000000      125.2435176919       20.7567376326
     3110.0000000000      140.9240046359        9.0041997449
     3111.0000000000      141.2867931991       -8.3223382934
     3112.0000000000      126.1111295508      -20.4560811990
     3113.0000000000      103.6335656156      -23.1224202179
     3114.0000000000       81.7398063118      -20.1463060460
     3115.0000000000       63.7843434296      -15.7499583413
     3116.0000000000       50.0661349468      -11.8277937965
     3117.0000000000       39.8225407274       -8.8092622675
     3118.0000000000       32.1761220286       -6.6027364021
     3119.0000000000       26.4123788189       -5.0113441021
     3120.0000000000       22.0073164184       -3.8598800267
     3121.0000000000       18.5899245115       -3.0178051235
     3122.0000000000       15.8994351381       -2.3934841989
     3123.0000000000       13.7516344508       -1.9237736377
     3124.0000000000       12.0149869055       -1.5652019835
     3125.0000000000       10.5943317291       -1.2876211424
     3126.0000000000        9.4198622448       -1.0698878053
     3127.0000000000        8.4396595183       -0.8969820254
     3128.0000000000        7.6145921870       -0.7580901301
     3129.0000000000        6.9147936576       -0.6453226007
     3130.0000000000        6.3171985290       -0.5528486700
     3131.0000000000        5.8037976439       -0.4763056175
     3132.0000000000        5.3603864219       -0.4123906761
     3133.0000000000        4.9756559528       -0.3585756109
     3134.0000000000        4.6405251991       -0.3129046505
     3135.0000000000        4.3476448576       -0.2738497237
     3136.0000000000        4.0910248721       -0.2402055562
     3137.0000000000        3.8657520187       -0.2110128135
     3138.0000000000        3.6677738178       -0.1855011941
     3139.0000000000        3.4937317937       -0.1630468660
     3140.0000000000        3.3408318157       -0.1431403199
     3141.0000000000        3.2067425761       -0.1253618554
     3142.0000000000        3.0895156185       -0.1093627138
     3143.0000000000        2.9875220279       -0.0948504176
     3144.0000000000        2.8994021281       -0.0815772685
     3145.0000000000        2.8240254344       -0.0693312285
     3146.0000000000        2.7604587786       -0.0579286091
     3147.0000000000        2.7079410291       -0.0472081318
     3148.0000000000        2.6658632050       -0.0370260291
     3149.0000000000        2.6337530793       -0.0272519282
     3150.0000000000        2.6112635946       -0.0177653128
     3151.0000000000        2.5981645960       -0.0084523994
     3152.0000000000        2.5943375419        0.0007967130
     3153.0000000000        2.5997729772        0.0100907396
     3154.0000000000        2.6145706746        0.0195398659
     3155.0000000000        2.6389424576        0.0292584737
     3156.0000000000        2.6732178312        0.0393680515
     3157.0000000000        2.7178526681        0.0500004162
     3158.0000000000        2.7734413320        0.0613013937
     3159.0000000000        2.8407327842        0.0734351365
     3160.0000000000        2.9206514163        0.0865893013
     3161.0000000000        3.0143236053        0.1009813691
     3162.0000000000        3.1231113112        0.1168664795
     3163.0000000000        3.2486544607        0.1345472644
     3164.0000000000        3.3929244306        0.1543863359
     3165.0000000000        3.5582916992        0.1768223081
     3166.0000000000        3.7476117742        0.2023905599
     3167.0000000000        3.9643349220        0.2317504015
     3168.0000000000        4.2126471984        0.2657209657
     3169.0000000000        4.4976530478        0.3053290977
     3170.0000000000        4.8256136592        0.3518739031
     3171.0000000000        5.2042608892        0.4070146716
     3172.0000000000        5.6432147092        0.4728919572
     3173.0000000000        6.1545440681        0.5522962311
     3174.0000000000        6.7535287614        0.6489055836
     3175.0000000000        7.4597064219        0.7676248395
     3176.0000000000        8.2983289339        0.9150753375
     3177.0000000000        9.3024140153        1.1003109523
     3178.0000000000       10.5156722787        1.3358768883
     3179.0000000000       11.9967358409        1.6393905761
     3180.0000000000       13.8253374482        2.0359166236
     3181.0000000000       16.1114206949        2.5615312213
     3182.0000000000       19.0086208091        3.2685901130
     3183.0000000000       22.7340698315        4.2331548594
     3184.0000000000       27.5966178035        5.5641587718
     3185.0000000000       34.0336619193        7.4101218539
     3186.0000000000       42.6473539663        9.9463110587
     3187.0000000000       54.1979638159       13.2872030388
     3188.0000000000       69.4177570337       17.1809956700
     3189.0000000000       88.3134176607       20.2602004349
     3190.0000000000      108.5497349694       19.1271078158
     3191.0000000000      123.7908956128        9.8794288973
     3192.0000000000      126.2056219658       -5.3468849108
     3193.0000000000      114.2930932658      -17.1884061350
     3194.0000000000       94.7462314265      -20.5914586215
     3195.0000000000       74.9856956498      -18.3763464832
     3196.0000000000       58.5168059955      -14.5096047877
     3197.0000000000       45.8537518998      -10.9338102908
     3198.0000000000       36.3807123324       -8.1474495491
     3199.0000000000       29.3107559742       -6.1023208272
     3200.0000000000       23.9865267859       -4.6265709021
     3201.0000000000       19.9217052482       -3.5599477023
     3202.0000000000       16.7710285169       -2.7813357720
     3203.0000000000       14.2918019520       -2.2052953562
     3204.0000000000       12.3127632154       -1.7728822025
     3205.0000000000       10.7118176286       -1.4435369295
     3206.0000000000        9.4007889693       -1.1891683726
     3207.0000000000        8.3151067450       -0.9901094574
     3208.0000000000        7.4068246998       -0.8324151227
     3209.0000000000        6.6398582084       -0.7060649442
     3210.0000000000        5.9866999037       -0.6037623078
     3211.0000000000        5.4261267259       -0.5201250401
     3212.0000000000        4.9415785649       -0.4511338537
     3213.0000000000        4.5199971205       -0.3937519566
     3214.0000000000        4.1509839917       -0.3456594729
     3215.0000000000        3.8261829282       -0.3050657513
     3216.0000000000        3.5388213954       -0.2705751395
     3217.0000000000        3.2833666920       -0.2410898905
     3218.0000000000        3.0552653626       -0.2157391596
     3219.0000000000        2.8507438272       -0.1938265372
     3220.0000000000        2.6666544614       -0.1747908938
     3221.0000000000        2.5003557473       -0.1581768859
     3222.0000000000        2.3496181998       -0.1436125388
     3223.0000000000        2.2125499622       -0.1307920667
     3224.0000000000        2.0875375350       -0.1194625995
     3225.0000000000        1.9731982380       -0.1094138507
     3226.0000000000        1.8683418387       -0.1004700175
     3227.0000000000        1.7719393898       -0.0924833866
     3228.0000000000        1.6830977755       -0.0853292541
     3229.0000000000        1.6010388072       -0.0789018651
     3230.0000000000        1.5250819653       -0.0731111490
     3231.0000000000        1.4546300810       -0.0678800792
     3232.0000000000        1.3891574019       -0.0631425280
     3233.0000000000        1.3281995981       -0.0588415135
     3234.0000000000        1.2713453598       -0.0549277609
     3235.0000000000        1.2182293018       -0.0513585160
     3236.0000000000        1.1685259497       -0.0480965623
     3237.0000000000        1.1219446236       -0.0451094035
     3238.0000000000        1.0782250691       -0.0423685808
     3239.0000000000        1.0371337143       -0.0398491003
     3240.0000000000        0.9984604530       -0.0375289517
     3241.0000000000        0.9620158697       -0.0353887009
     3242.0000000000        0.9276288407       -0.0334111459
     3243.0000000000        0.8951444526       -0.0315810230
     3244.0000000000        0.8644221918       -0.0298847576
     3245.0000000000        0.8353343659       -0.0283102496
     3246.0000000000        0.8077647223       -0.0268466903
     3247.0000000000        0.7816072385       -0.0254844045
     3248.0000000000        0.7567650579       -0.0242147141
     3249.0000000000        0.7331495534       -0.0230298202
     3250.0000000000        0.7106795002       -0.0219227012
     3251.0000000000        0.6892803441       -0.0208870235
     3252.0000000000        0.6688835531       -0.0199170644
     3253.0000000000        0.6494260411       -0.0190076442
     3254.0000000000        0.6308496550       -0.0181540673
     3255.0000000000        0.6131007176       -0.0173520698
     3256.0000000000        0.5961296186       -0.0165977740
     3257.0000000000        0.5798904496       -0.0158876484
     3258.0000000000        0.5643406753       -0.0152184717
     3259.0000000000        0.5494408401       -0.0145873018
     3260.0000000000        0.5351543024       -0.0139914477
     3261.0000000000        0.5214469964       -0.0134284451
     3262.0000000000        0.5082872171       -0.0128960340
     3263.0000000000        0.4956454249       -0.0123921394
     3264.0000000000        0.4834940703       -0.0119148538
     3265.0000000000        0.4718074342       -0.0114624219
     3266.0000000000        0.4605614827       -0.0110332258
     3267.0000000000        0.4497337359       -0.0106257735
     3268.0000000000        0.4393031482       -0.0102386871
     3269.0000000000        0.4292499989       -0.0098706926
     3270.0000000000        0.4195557929       -0.0095206113
     3271.0000000000        0.3214156414       -0.0080815103
     3272.0000000000        0.3134838913       -0.0077844598
     3273.0000000000        0.3058419324       -0.0075017796
     3274.0000000000        0.2984758286       -0.0072326118
     3275.0000000000        0.2913724710       -0.0069761591
     3276.0000000000        0.2845195197       -0.0067316800
     3277.0000000000        0.2779053503       -0.0064984844
     3278.0000000000        0.2715190047       -0.0062759291
     3279.0000000000        0.2653501456       -0.0060634146
     3280.0000000000        0.2593890155       -0.0058603813
     3281.0000000000        0.2536263973       -0.0056663066
     3282.0000000000        0.2480535792       -0.0054807022
     3283.0000000000        0.2426623221       -0.0053031112
     3284.0000000000        0.2374448286       -0.0051331060
     3285.0000000000        0.2323937153       -0.0049702862
     3286.0000000000        0.2275019865       -0.0048142763
     3287.0000000000        0.2227630104       -0.0046647242
     3288.0000000000        0.2181704960       -0.0045212993
     3289.0000000000        0.2137184730       -0.0043836913
     3290.0000000000        0.2094012719       -0.0042516083
     3291.0000000000        0.2052135063       -0.0041247760
     3292.0000000000        0.2011500558       -0.0040029362
     3293.0000000000        0.1972060509       -0.0038858457
     3294.0000000000        0.1933768578       -0.0037732755
     3295.0000000000        0.1896580653       -0.0036650096
     3296.0000000000        0.1860454718       -0.0035608444
     3297.0000000000        0.1825350738       -0.0034605876
     3298.0000000000        0.1791230543       -0.0033640578
     3299.0000000000        0.1758057732       -0.0032710833
     3300.0000000000        0.1725797567       -0.0031815021
     3301.0000000000        0.1694416891       -0.0030951609
     3302.0000000000        0.1663884034       -0.0030119145
     3303.0000000000        0.1634168743       -0.0029316256
     3304.0000000000        0.1605242099       -0.0028541640
     3305.0000000000        0.1577076450       -0.0027794065
     3306.0000000000        0.1549645346       -0.0027072360
     3307.0000000000        0.1522923476       -0.0026375418
     3308.0000000000        0.1496886608       -0.0025702185
     3309.0000000000        0.1471511536       -0.0025051663
     3310.0000000000        0.1446776029       -0.0024422901
     3311.0000000000        0.1422658782       -0.0023814998
     3312.0000000000        0.1399139367       -0.0023227096
     3313.0000000000        0.1376198194       -0.0022658381
     3314.0000000000        0.1353816470       -0.0022108074
     3315.0000000000        0.1331976155       -0.0021575439
     3316.0000000000        0.1310659935       -0.0021059772
     3317.0000000000        0.1289851179       -0.0020560402
     3318.0000000000        0.1269533912       -0.0020076691
     3319.0000000000        0.1249692781       -0.0019608030
     3320.0000000000        0.1230313028       -0.0019153839
     3321.0000000000        0.1211380464       -0.0018713564
     3322.0000000000        0.1192881439       -0.0018286675
     3323.0000000000        0.1174802821       -0.0017872668
     3324.0000000000        0.1157131970       -0.0017471061
     3325.0000000000        0.1139856718       -0.0017081394
     3326.0000000000        0.1122965349       -0.0016703225
     3327.0000000000        0.1106446575       -0.0016336135
     3328.0000000000        0.1090289521       -0.0015979720
     3329.0000000000        0.1074483705       -0.0015633595
     3330.0000000000        0.1059019023       -0.0015297393
     3331.0000000000        0.1043885731       -0.0014970758
     3332.0000000000        0.1029074429       -0.0014653355
     3333.0000000000        0.1014576051       -0.0014344859
     3334.0000000000        0.1000381845       -0.0014044961
     3335.0000000000        0.0986483364       -0.0013753361
     3336.0000000000        0.0972872451       -0.0013469777
     3337.0000000000        0.0959541230       -0.0013193933
     3338.0000000000        0.0946482092       -0.0012925569
     3339.0000000000        0.0933687684       -0.0012664431
     3340.0000000000        0.0921150900       -0.0012410280
     3341.0000000000        0.0908864873       -0.0012162882
     3342.0000000000        0.0896822960       -0.0011922015
     3343.0000000000        0.0885018738       -0.0011687464
     3344.0000000000        0.0873445995       -0.0011459025
     3345.0000000000        0.0862098718       -0.0011236499
     3346.0000000000        0.0850971089       -0.0011019697
     3347.0000000000        0.0840057478       -0.0010808435
     3348.0000000000        0.0829352431       -0.0010602538
     3349.0000000000        0.0818850671       -0.0010401836
     3350.0000000000        0.0808547082       -0.0010206167
     3351.0000000000        0.0798436711       -0.0010015374
     3352.0000000000        0.0000000000        0.0000000000
     3353.0000000000        0.0000000000        0.0000000000
     3354.0000000000        0.0000000000        0.0000000000
     3355.0000000000        0.0000000000        0.0000000000
     3356.0000000000        0.0000000000        0.0000000000
     3357.0000000000        0.0000000000        0.0000000000
     3358.0000000000        0.0000000000        0.0000000000
     3359.0000000000        0.0000000000        0.0000000000
     3360.0000000000        0.0000000000        0.0000000000
     3361.0000000000        0.0000000000        0.0000000000
     3362.0000000000        0.0000000000        0.0000000000
     3363.0000000000        0.0000000000        0.0000000000
     3364.0000000000        0.0000000000        0.0000000000
     3365.0000000000        0.0000000000        0.0000000000
     3366.0000000000        0.0000000000        0.0000000000
     3367.0000000000        0.0000000000        0.0000000000
     3368.0000000000        0.0000000000        0.0000000000
     3369.0000000000        0.0000000000        0.0000000000
     3370.0000000000        0.0000000000        0.0000000000
     3371.0000000000        0.0000000000        0.0000000000
     3372.0000000000        0.0000000000        0.0000000000
     3373.0000000000        0.0000000000        0.0000000000
     3374.0000000000        0.0000000000        0.0000000000
     3375.0000000000        0.0000000000        0.0000000000
     3376.0000000000        0.0000000000        0.0000000000
     3377.0000000000        0.0000000000        0.0000000000
     3378.0000000000        0.0000000000        0.0000000000
     3379.0000000000        0.0000000000        0.0000000000
     3380.0000000000        0.0000000000        0.0000000000
     3381.0000000000        0.0000000000        0.0000000000
     3382.0000000000        0.0000000000        0.0000000000
     3383.0000000000        0.0000000000        0.0000000000
     3384.0000000000        0.0000000000        0.0000000000
     3385.0000000000        0.0000000000        0.0000000000
     3386.0000000000        0.0000000000        0.0000000000
     3387.0000000000        0.0000000000        0.0000000000
     3388.0000000000        0.0000000000        0.0000000000
     3389.0000000000        0.0000000000        0.0000000000
     3390.0000000000        0.0000000000        0.0000000000
     3391.0000000000        0.0000000000        0.0000000000
     3392.0000000000        0.0000000000        0.0000000000
     3393.0000000000        0.0000000000        0.0000000000
     3394.0000000000        0.0000000000        0.0000000000
     3395.0000000000        0.0000000000        0.0000000000
     3396.0000000000        0.0000000000        0.0000000000
     3397.0000000000        0.0000000000        0.0000000000
     3398.0000000000        0.0000000000        0.0000000000
     3399.0000000000        0.0000000000        0.0000000000
     3400.0000000000        0.0000000000        0.0000000000
     3401.0000000000        0.0000000000        0.0000000000
     3402.0000000000        0.0000000000        0.0000000000
     3403.0000000000        0.0000000000        0.0000000000
     3404.0000000000        0.0000000000        0.0000000000
     3405.0000000000        0.0000000000        0.0000000000
     3406.0000000000        0.0000000000        0.0000000000
     3407.0000000000        0.0000000000        0.0000000000
     3408.0000000000        0.0000000000        0.0000000000
     3409.0000000000        0.0000000000        0.0000000000
     3410.0000000000        0.0000000000        0.0000000000
     3411.0000000000        0.0000000000        0.0000000000
     3412.0000000000        0.0000000000        0.0000000000
     3413.0000000000        0.0000000000        0.0000000000
     3414.0000000000        0.0000000000        0.0000000000
     3415.0000000000        0.0000000000        0.0000000000
     3416.0000000000        0.0000000000        0.0000000000
     3417.0000000000        0.0000000000        0.0000000000
     3418.0000000000        0.0000000000        0.0000000000
     3419.0000000000        0.0000000000        0.0000000000
     3420.0000000000        0.0000000000        0.0000000000
     3421.0000000000        0.0000000000        0.0000000000
     3422.0000000000        0.0000000000        0.0000000000
     3423.0000000000        0.0000000000        0.0000000000
     3424.0000000000        0.0000000000        0.0000000000
     3425.0000000000        0.0000000000        0.0000000000
     3426.0000000000        0.0000000000        0.0000000000
     3427.0000000000        0.0000000000        0.0000000000
     3428.0000000000        0.0000000000        0.0000000000
     3429.0000000000        0.0000000000        0.0000000000
     3430.0000000000        0.0000000000        0.0000000000
     3431.0000000000        0.0000000000        0.0000000000
     3432.0000000000        0.0000000000        0.0000000000
     3433.0000000000        0.0000000000        0.0000000000
     3434.0000000000        0.0000000000        0.0000000000
     3435.0000000000        0.0000000000        0.0000000000
     3436.0000000000        0.0000000000        0.0000000000
     3437.0000000000        0.0000000000        0.0000000000
     3438.0000000000        0.0000000000        0.0000000000
     3439.0000000000        0.0000000000        0.0000000000
     3440.0000000000        0.0000000000        0.0000000000
     3441.0000000000        0.0000000000        0.0000000000
     3442.0000000000        0.0000000000        0.0000000000
     3443.0000000000        0.0000000000        0.0000000000
     3444.0000000000        0.0000000000        0.0000000000
     3445.0000000000        0.0000000000        0.0000000000
     3446.0000000000        0.0000000000        0.0000000000
     3447.0000000000        0.0000000000        0.0000000000
     3448.0000000000        0.0000000000        0.0000000000
     3449.0000000000        0.0000000000        0.0000000000
     3450.0000000000        0.0000000000        0.0000000000
     3451.0000000000        0.0000000000        0.0000000000
     3452.0000000000        0.0000000000        0.0000000000
     3453.0000000000        0.0000000000        0.0000000000
     3454.0000000000        0.0000000000        0.0000000000
     3455.0000000000        0.0000000000        0.0000000000
     3456.0000000000        0.0000000000        0.0000000000
     3457.0000000000        0.0000000000        0.0000000000
     3458.0000000000        0.0000000000        0.0000000000
     3459.0000000000        0.0000000000        0.0000000000
     3460.0000000000        0.0000000000        0.0000000000
     3461.0000000000        0.0000000000        0.0000000000
     3462.0000000000        0.0000000000        0.0000000000
     3463.0000000000        0.0000000000        0.0000000000
     3464.0000000000        0.0000000000        0.0000000000
     3465.0000000000        0.0000000000        0.0000000000
     3466.0000000000        0.0000000000        0.0000000000
     3467.0000000000        0.0000000000        0.0000000000
     3468.0000000000        0.0000000000        0.0000000000
     3469.0000000000        0.0000000000        0.0000000000
     3470.0000000000        0.0000000000        0.0000000000
     3471.0000000000        0.0000000000        0.0000000000
     3472.0000000000        0.0000000000        0.0000000000
     3473.0000000000        0.0000000000        0.0000000000
     3474.0000000000        0.0000000000        0.0000000000
     3475.0000000000        0.0000000000        0.0000000000
     3476.0000000000        0.0000000000        0.0000000000
     3477.0000000000        0.0000000000        0.0000000000
     3478.0000000000        0.0000000000        0.0000000000
     3479.0000000000        0.0000000000        0.0000000000
     3480.0000000000        0.0000000000        0.0000000000
     3481.0000000000        0.0000000000        0.0000000000
     3482.0000000000        0.0000000000        0.0000000000
     3483.0000000000        0.0000000000        0.0000000000
     3484.0000000000        0.0000000000        0.0000000000
     3485.0000000000        0.0000000000        0.0000000000
     3486.0000000000        0.0000000000        0.0000000000
     3487.0000000000        0.0000000000        0.0000000000
     3488.0000000000        0.0000000000        0.0000000000
     3489.0000000000        0.0000000000        0.0000000000
     3490.0000000000        0.0000000000        0.0000000000
     3491.0000000000        0.0000000000        0.0000000000
     3492.0000000000        0.0000000000        0.0000000000
     3493.0000000000        0.0000000000        0.0000000000
     3494.0000000000        0.0000000000        0.0000000000
     3495.0000000000        0.0000000000        0.0000000000
     3496.0000000000        0.0000000000        0.0000000000
     3497.0000000000        0.0000000000        0.0000000000
     3498.0000000000        0.0000000000        0.0000000000
     3499.0000000000        0.0000000000        0.0000000000
     3500.0000000000        0.0000000000        0.0000000000
     3501.0000000000        0.0000000000        0.0000000000
     3502.0000000000        0.0000000000        0.0000000000
     3503.0000000000        0.0000000000        0.0000000000
     3504.0000000000        0.0000000000        0.0000000000
     3505.0000000000        0.0000000000        0.0000000000
     3506.0000000000        0.0000000000        0.0000000000
     3507.0000000000        0.0000000000        0.0000000000
     3508.0000000000        0.0000000000        0.0000000000
     3509.0000000000        0.0000000000        0.0000000000
     3510.0000000000        0.0000000000        0.0000000000
     3511.0000000000        0.0000000000        0.0000000000
     3512.0000000000        0.0000000000        0.0000000000
     3513.0000000000        0.0000000000        0.0000000000
     3514.0000000000        0.0000000000        0.0000000000
     3515.0000000000        0.0000000000        0.0000000000
     3516.0000000000        0.0000000000        0.0000000000
     3517.0000000000        0.0000000000        0.0000000000
     3518.0000000000        0.0000000000        0.0000000000
     3519.0000000000        0.0000000000        0.0000000000
     3520.0000000000        0.0000000000        0.0000000000
     3521.0000000000        0.0000000000        0.0000000000
     3522.0000000000        0.0000000000        0.0000000000
     3523.0000000000        0.0000000000        0.0000000000
     3524.0000000000        0.0000000000        0.0000000000
     3525.0000000000        0.0000000000        0.0000000000
     3526.0000000000        0.0000000000        0.0000000000
     3527.0000000000        0.0000000000        0.0000000000
     3528.0000000000        0.0000000000        0.0000000000
     3529.0000000000        0.0000000000        0.0000000000
     3530.0000000000        0.0000000000        0.0000000000
     3531.0000000000        0.0000000000        0.0000000000
     3532.0000000000        0.0000000000        0.0000000000
     3533.0000000000        0.0000000000        0.0000000000
     3534.0000000000        0.0000000000        0.0000000000
     3535.0000000000        0.0000000000        0.0000000000
     3536.0000000000        0.0000000000        0.0000000000
     3537.0000000000        0.0000000000        0.0000000000
     3538.0000000000        0.0000000000        0.0000000000
     3539.0000000000        0.0000000000        0.0000000000
     3540.0000000000        0.0000000000        0.0000000000
     3541.0000000000        0.0000000000        0.0000000000
     3542.0000000000        0.0000000000        0.0000000000
     3543.0000000000        0.0000000000        0.0000000000
     3544.0000000000        0.0000000000        0.0000000000
     3545.0000000000        0.0000000000        0.0000000000
     3546.0000000000        0.0000000000        0.0000000000
     3547.0000000000        0.0000000000        0.0000000000
     3548.0000000000        0.0000000000        0.0000000000
     3549.0000000000        0.0000000000        0.0000000000
     3550.0000000000        0.0000000000        0.0000000000
     3551.0000000000        0.0000000000        0.0000000000
     3552.0000000000        0.0000000000        0.0000000000
     3553.0000000000        0.0000000000        0.0000000000
     3554.0000000000        0.0000000000        0.0000000000
     3555.0000000000        0.0000000000        0.0000000000
     3556.0000000000        0.0000000000        0.0000000000
     3557.0000000000        0.0000000000        0.0000000000
     3558.0000000000        0.0000000000        0.0000000000
     3559.0000000000        0.0000000000        0.0000000000
     3560.0000000000        0.0000000000        0.0000000000
     3561.0000000000        0.0000000000        0.0000000000
     3562.0000000000        0.0000000000        0.0000000000
     3563.0000000000        0.0000000000        0.0000000000
     3564.0000000000        0.0000000000        0.0000000000
     3565.0000000000        0.0000000000        0.0000000000
     3566.0000000000        0.0000000000        0.0000000000
     3567.0000000000        0.0000000000        0.0000000000
     3568.0000000000        0.0000000000        0.0000000000
     3569.0000000000        0.0000000000        0.0000000000
     3570.0000000000        0.0000000000        0.0000000000
     3571.0000000000        0.0000000000        0.0000000000
     3572.0000000000        0.0000000000        0.0000000000
     3573.0000000000        0.0000000000        0.0000000000
     3574.0000000000        0.0000000000        0.0000000000
     3575.0000000000        0.0000000000        0.0000000000
     3576.0000000000        0.0000000000        0.0000000000
     3577.0000000000        0.0000000000        0.0000000000
     3578.0000000000        0.0000000000        0.0000000000
     3579.0000000000        0.0000000000        0.0000000000
     3580.0000000000        0.0000000000        0.0000000000
     3581.0000000000        0.0000000000        0.0000000000
     3582.0000000000        0.0000000000        0.0000000000
     3583.0000000000        0.0000000000        0.0000000000
     3584.0000000000        0.0000000000        0.0000000000
     3585.0000000000        0.0000000000        0.0000000000
     3586.0000000000        0.0000000000        0.0000000000
     3587.0000000000        0.0000000000        0.0000000000
     3588.0000000000        0.0000000000        0.0000000000
     3589.0000000000        0.0000000000        0.0000000000
     3590.0000000000        0.0000000000        0.0000000000
     3591.0000000000        0.0000000000        0.0000000000
     3592.0000000000        0.0000000000        0.0000000000
     3593.0000000000        0.0000000000        0.0000000000
     3594.0000000000        0.0000000000        0.0000000000
     3595.0000000000        0.0000000000        0.0000000000
     3596.0000000000        0.0000000000        0.0000000000
     3597.0000000000        0.0000000000        0.0000000000
     3598.0000000000        0.0000000000        0.0000000000
     3599.0000000000        0.0000000000        0.0000000000
     3600.0000000000        0.0000000000        0.0000000000
     3601.0000000000        0.0000000000        0.0000000000
     3602.0000000000        0.0000000000        0.0000000000
     3603.0000000000        0.0000000000        0.0000000000
     3604.0000000000        0.0000000000        0.0000000000
     3605.0000000000        0.0000000000        0.0000000000
     3606.0000000000        0.0000000000        0.0000000000
     3607.0000000000        0.0000000000        0.0000000000
     3608.0000000000        0.0000000000        0.0000000000
     3609.0000000000        0.0000000000        0.0000000000
     3610.0000000000        0.0000000000        0.0000000000
     3611.0000000000        0.0000000000        0.0000000000
     3612.0000000000        0.0000000000        0.0000000000
     3613.0000000000        0.0000000000        0.0000000000
     3614.0000000000        0.0000000000        0.0000000000
     3615.0000000000        0.0000000000        0.0000000000
     3616.0000000000        0.0000000000        0.0000000000
     3617.0000000000        0.0000000000        0.0000000000
     3618.0000000000        0.0000000000        0.0000000000
     3619.0000000000        0.0000000000        0.0000000000
     3620.0000000000        0.0000000000        0.0000000000
     3621.0000000000        0.0000000000        0.0000000000
     3622.0000000000        0.0000000000        0.0000000000
     3623.0000000000        0.0000000000        0.0000000000
     3624.0000000000        0.0000000000        0.0000000000
     3625.0000000000        0.0000000000        0.0000000000
     3626.0000000000        0.0000000000        0.0000000000
     3627.0000000000        0.0000000000        0.0000000000
     3628.0000000000        0.0000000000        0.0000000000
     3629.0000000000        0.0000000000        0.0000000000
     3630.0000000000        0.0000000000        0.0000000000
     3631.0000000000        0.0000000000        0.0000000000
     3632.0000000000        0.0000000000        0.0000000000
     3633.0000000000        0.0000000000        0.0000000000
     3634.0000000000        0.0000000000        0.0000000000
     3635.0000000000        0.0000000000        0.0000000000
     3636.0000000000        0.0000000000        0.0000000000
     3637.0000000000        0.0000000000        0.0000000000
     3638.0000000000        0.0000000000        0.0000000000
     3639.0000000000        0.0000000000        0.0000000000
     3640.0000000000        0.0000000000        0.0000000000
     3641.0000000000        0.0000000000        0.0000000000
     3642.0000000000        0.0000000000        0.0000000000
     3643.0000000000        0.0000000000        0.0000000000
     3644.0000000000        0.0000000000        0.0000000000
     3645.0000000000        0.0000000000        0.0000000000
     3646.0000000000        0.0000000000        0.0000000000
     3647.0000000000        0.0000000000        0.0000000000
     3648.0000000000        0.0000000000        0.0000000000
     3649.0000000000        0.0000000000        0.0000000000
     3650.0000000000        0.0000000000        0.0000000000
     3651.0000000000        0.0000000000        0.0000000000
     3652.0000000000        0.0000000000        0.0000000000
     3653.0000000000        0.0000000000        0.0000000000
     3654.0000000000        0.0000000000        0.0000000000
     3655.0000000000        0.0000000000        0.0000000000
     3656.0000000000        0.0000000000        0.0000000000
     3657.0000000000        0.0000000000        0.0000000000
     3658.0000000000        0.0000000000        0.0000000000
     3659.0000000000        0.0000000000        0.0000000000
     3660.0000000000        0.0000000000        0.0000000000
     3661.0000000000        0.0000000000        0.0000000000
     3662.0000000000        0.0000000000        0.0000000000
     3663.0000000000        0.0000000000        0.0000000000
     3664.0000000000        0.0000000000        0.0000000000
     3665.0000000000        0.0000000000        0.0000000000
     3666.0000000000        0.0000000000        0.0000000000
     3667.0000000000        0.0000000000        0.0000000000
     3668.0000000000        0.0000000000        0.0000000000
     3669.0000000000        0.0000000000        0.0000000000
     3670.0000000000        0.0000000000        0.0000000000
     3671.0000000000        0.0000000000        0.0000000000
     3672.0000000000        0.0000000000        0.0000000000
     3673.0000000000        0.0000000000        0.0000000000
     3674.0000000000        0.0000000000        0.0000000000
     3675.0000000000        0.0000000000        0.0000000000
     3676.0000000000        0.0000000000        0.0000000000
     3677.0000000000        0.0000000000        0.0000000000
     3678.0000000000        0.0000000000        0.0000000000
     3679.0000000000        0.0000000000        0.0000000000
     3680.0000000000        0.0000000000        0.0000000000
     3681.0000000000        0.0000000000        0.0000000000
     3682.0000000000        0.0000000000        0.0000000000
     3683.0000000000        0.0000000000        0.0000000000
     3684.0000000000        0.0000000000        0.0000000000
     3685.0000000000        0.0000000000        0.0000000000
     3686.0000000000        0.0000000000        0.0000000000
     3687.0000000000        0.0000000000        0.0000000000
     3688.0000000000        0.0000000000        0.0000000000
     3689.0000000000        0.0000000000        0.0000000000
     3690.0000000000        0.0000000000        0.0000000000
     3691.0000000000        0.0000000000        0.0000000000
     3692.0000000000        0.0000000000        0.0000000000
     3693.0000000000        0.0000000000        0.0000000000
     3694.0000000000        0.0000000000        0.0000000000
     3695.0000000000        0.0000000000        0.0000000000
     3696.0000000000        0.0000000000        0.0000000000
     3697.0000000000        0.0000000000        0.0000000000
     3698.0000000000        0.0000000000        0.0000000000
     3699.0000000000        0.0000000000        0.0000000000
     3700.0000000000        0.0000000000        0.0000000000
     3701.0000000000        0.0000000000        0.0000000000
     3702.0000000000        0.0000000000        0.0000000000
     3703.0000000000        0.0000000000        0.0000000000
     3704.0000000000        0.0000000000        0.0000000000
     3705.0000000000        0.0000000000        0.0000000000
     3706.0000000000        0.0000000000        0.0000000000
     3707.0000000000        0.0000000000        0.0000000000
     3708.0000000000        0.0000000000        0.0000000000
     3709.0000000000        0.0000000000        0.0000000000
     3710.0000000000        0.0000000000        0.0000000000
     3711.0000000000        0.0000000000        0.0000000000
     3712.0000000000        0.0000000000        0.0000000000
     3713.0000000000        0.0000000000        0.0000000000
     3714.0000000000        0.0000000000        0.0000000000
     3715.0000000000        0.0000000000        0.0000000000
     3716.0000000000        0.0000000000        0.0000000000
     3717.0000000000        0.0000000000        0.0000000000
     3718.0000000000        0.0000000000        0.0000000000
     3719.0000000000        0.0000000000        0.0000000000
     3720.0000000000        0.0000000000        0.0000000000
     3721.0000000000        0.0000000000        0.0000000000
     3722.0000000000        0.0000000000        0.0000000000
     3723.0000000000        0.0000000000        0.0000000000
     3724.0000000000        0.0000000000        0.0000000000
     3725.0000000000        0.0000000000        0.0000000000
     3726.0000000000        0.0000000000        0.0000000000
     3727.0000000000        0.0000000000        0.0000000000
     3728.0000000000        0.0000000000        0.0000000000
     3729.0000000000        0.0000000000        0.0000000000
     3730.0000000000        0.0000000000        0.0000000000
     3731.0000000000        0.0000000000        0.0000000000
     3732.0000000000        0.0000000000        0.0000000000
     3733.0000000000        0.0000000000        0.0000000000
     3734.0000000000        0.0000000000        0.0000000000
     3735.0000000000        0.0000000000        0.0000000000
     3736.0000000000        0.0000000000        0.0000000000
     3737.0000000000        0.0000000000        0.0000000000
     3738.0000000000        0.0000000000        0.0000000000
     3739.0000000000        0.0000000000        0.0000000000
     3740.0000000000        0.0000000000        0.0000000000
     3741.0000000000        0.0000000000        0.0000000000
     3742.0000000000        0.0000000000        0.0000000000
     3743.0000000000        0.0000000000        0.0000000000
     3744.0000000000        0.0000000000        0.0000000000
     3745.0000000000        0.0000000000        0.0000000000
     3746.0000000000        0.0000000000        0.0000000000
     3747.0000000000        0.0000000000        0.0000000000
     3748.0000000000        0.0000000000        0.0000000000
     3749.0000000000        0.0000000000        0.0000000000
     3750.0000000000        0.0000000000        0.0000000000
     3751.0000000000        0.0000000000        0.0000000000
     3752.0000000000        0.0000000000        0.0000000000
     3753.0000000000        0.0000000000        0.0000000000
     3754.0000000000        0.0000000000        0.0000000000
     3755.0000000000        0.0000000000        0.0000000000
     3756.0000000000        0.0000000000        0.0000000000
     3757.0000000000        0.0000000000        0.0000000000
     3758.0000000000        0.0000000000        0.0000000000
     3759.0000000000        0.0000000000        0.0000000000
     3760.0000000000        0.0000000000        0.0000000000
     3761.0000000000        0.0000000000        0.0000000000
     3762.0000000000        0.0000000000        0.0000000000
     3763.0000000000        0.0000000000        0.0000000000
     3764.0000000000        0.0000000000        0.0000000000
     3765.0000000000        0.0000000000        0.0000000000
     3766.0000000000        0.0000000000        0.0000000000
     3767.0000000000        0.0000000000        0.0000000000
     3768.0000000000        0.0000000000        0.0000000000
     3769.0000000000        0.0000000000        0.0000000000
     3770.0000000000        0.0000000000        0.0000000000
     3771.0000000000        0.0000000000        0.0000000000
     3772.0000000000        0.0000000000        0.0000000000
     3773.0000000000        0.0000000000        0.0000000000
     3774.0000000000        0.0000000000        0.0000000000
     3775.0000000000        0.0000000000        0.0000000000
     3776.0000000000        0.0000000000        0.0000000000
     3777.0000000000        0.0000000000        0.0000000000
     3778.0000000000        0.0000000000        0.0000000000
     3779.0000000000        0.0000000000        0.0000000000
     3780.0000000000        0.0000000000        0.0000000000
     3781.0000000000        0.0000000000        0.0000000000
     3782.0000000000        0.0000000000        0.0000000000
     3783.0000000000        0.0000000000        0.0000000000
     3784.0000000000        0.0000000000        0.0000000000
     3785.0000000000        0.0000000000        0.0000000000
     3786.0000000000        0.0000000000        0.0000000000
     3787.0000000000        0.0000000000        0.0000000000
     3788.0000000000        0.0000000000        0.0000000000
     3789.0000000000        0.0000000000        0.0000000000
     3790.0000000000        0.0000000000        0.0000000000
     3791.0000000000        0.0000000000        0.0000000000
     3792.0000000000        0.0000000000        0.0000000000
     3793.0000000000        0.0000000000        0.0000000000
     3794.0000000000        0.0000000000        0.0000000000
     3795.0000000000        0.0000000000        0.0000000000
     3796.0000000000        0.0000000000        0.0000000000
     3797.0000000000        0.0000000000        0.0000000000
     3798.0000000000        0.0000000000        0.0000000000
     3799.0000000000        0.0000000000        0.0000000000
     3800.0000000000        0.0000000000        0.0000000000
     3801.0000000000        0.0000000000        0.0000000000
     3802.0000000000        0.0000000000        0.0000000000
     3803.0000000000        0.0000000000        0.0000000000
     3804.0000000000        0.0000000000        0.0000000000
     3805.0000000000        0.0000000000        0.0000000000
     3806.0000000000        0.0000000000        0.0000000000
     3807.0000000000        0.0000000000        0.0000000000
     3808.0000000000        0.0000000000        0.0000000000
     3809.0000000000        0.0000000000        0.0000000000
     3810.0000000000        0.0000000000        0.0000000000
     3811.0000000000        0.0000000000        0.0000000000
     3812.0000000000        0.0000000000        0.0000000000
     3813.0000000000        0.0000000000        0.0000000000
     3814.0000000000        0.0000000000        0.0000000000
     3815.0000000000        0.0000000000        0.0000000000
     3816.0000000000        0.0000000000        0.0000000000
     3817.0000000000        0.0000000000        0.0000000000
     3818.0000000000        0.0000000000        0.0000000000
     3819.0000000000        0.0000000000        0.0000000000
     3820.0000000000        0.0000000000        0.0000000000
     3821.0000000000        0.0000000000        0.0000000000
     3822.0000000000        0.0000000000        0.0000000000
     3823.0000000000        0.0000000000        0.0000000000
     3824.0000000000        0.0000000000        0.0000000000
     3825.0000000000        0.0000000000        0.0000000000
     3826.0000000000        0.0000000000        0.0000000000
     3827.0000000000        0.0000000000        0.0000000000
     3828.0000000000        0.0000000000        0.0000000000
     3829.0000000000        0.0000000000        0.0000000000
     3830.0000000000        0.0000000000        0.0000000000
     3831.0000000000        0.0000000000        0.0000000000
     3832.0000000000        0.0000000000        0.0000000000
     3833.0000000000        0.0000000000        0.0000000000
     3834.0000000000        0.0000000000        0.0000000000
     3835.0000000000        0.0000000000        0.0000000000
     3836.0000000000        0.0000000000        0.0000000000
     3837.0000000000        0.0000000000        0.0000000000
     3838.0000000000        0.0000000000        0.0000000000
     3839.0000000000        0.0000000000        0.0000000000
     3840.0000000000        0.0000000000        0.0000000000
     3841.0000000000        0.0000000000        0.0000000000
     3842.0000000000        0.0000000000        0.0000000000
     3843.0000000000        0.0000000000        0.0000000000
     3844.0000000000        0.0000000000        0.0000000000
     3845.0000000000        0.0000000000        0.0000000000
     3846.0000000000        0.0000000000        0.0000000000
     3847.0000000000        0.0000000000        0.0000000000
     3848.0000000000        0.0000000000        0.0000000000
     3849.0000000000        0.0000000000        0.0000000000
     3850.0000000000        0.0000000000        0.0000000000
     3851.0000000000        0.0000000000        0.0000000000
     3852.0000000000        0.0000000000        0.0000000000
     3853.0000000000        0.0000000000        0.0000000000
     3854.0000000000        0.0000000000        0.0000000000
     3855.0000000000        0.0000000000        0.0000000000
     3856.0000000000        0.0000000000        0.0000000000
     3857.0000000000        0.0000000000        0.0000000000
     3858.0000000000        0.0000000000        0.0000000000
     3859.0000000000        0.0000000000        0.0000000000
     3860.0000000000        0.0000000000        0.0000000000
     3861.0000000000        0.0000000000        0.0000000000
     3862.0000000000        0.0000000000        0.0000000000
     3863.0000000000        0.0000000000        0.0000000000
     3864.0000000000        0.0000000000        0.0000000000
     3865.0000000000        0.0000000000        0.0000000000
     3866.0000000000        0.0000000000        0.0000000000
     3867.0000000000        0.0000000000        0.0000000000
     3868.0000000000        0.0000000000        0.0000000000
     3869.0000000000        0.0000000000        0.0000000000
     3870.0000000000        0.0000000000        0.0000000000
     3871.0000000000        0.0000000000        0.0000000000
     3872.0000000000        0.0000000000        0.0000000000
     3873.0000000000        0.0000000000        0.0000000000
     3874.0000000000        0.0000000000        0.0000000000
     3875.0000000000        0.0000000000        0.0000000000
     3876.0000000000        0.0000000000        0.0000000000
     3877.0000000000        0.0000000000        0.0000000000
     3878.0000000000        0.0000000000        0.0000000000
     3879.0000000000        0.0000000000        0.0000000000
     3880.0000000000        0.0000000000        0.0000000000
     3881.0000000000        0.0000000000        0.0000000000
     3882.0000000000        0.0000000000        0.0000000000
     3883.0000000000        0.0000000000        0.0000000000
     3884.0000000000        0.0000000000        0.0000000000
     3885.0000000000        0.0000000000        0.0000000000
     3886.0000000000        0.0000000000        0.0000000000
     3887.0000000000        0.0000000000        0.0000000000
     3888.0000000000        0.0000000000        0.0000000000
     3889.0000000000        0.0000000000        0.0000000000
     3890.0000000000        0.0000000000        0.0000000000
     3891.0000000000        0.0000000000        0.0000000000
     3892.0000000000        0.0000000000        0.0000000000
     3893.0000000000        0.0000000000        0.0000000000
     3894.0000000000        0.0000000000        0.0000000000
     3895.0000000000        0.0000000000        0.0000000000
     3896.0000000000        0.0000000000        0.0000000000
     3897.0000000000        0.0000000000        0.0000000000
     3898.0000000000        0.0000000000        0.0000000000
     3899.0000000000        0.0000000000        0.0000000000
     3900.0000000000        0.0000000000        0.0000000000
     3901.0000000000        0.0000000000        0.0000000000
     3902.0000000000        0.0000000000        0.0000000000
     3903.0000000000        0.0000000000        0.0000000000
     3904.0000000000        0.0000000000        0.0000000000
     3905.0000000000        0.0000000000        0.0000000000
     3906.0000000000        0.0000000000        0.0000000000
     3907.0000000000        0.0000000000        0.0000000000
     3908.0000000000        0.0000000000        0.0000000000
     3909.0000000000        0.0000000000        0.0000000000
     3910.0000000000        0.0000000000        0.0000000000
     3911.0000000000        0.0000000000        0.0000000000
     3912.0000000000        0.0000000000        0.0000000000
     3913.0000000000        0.0000000000        0.0000000000
     3914.0000000000        0.0000000000        0.0000000000
     3915.0000000000        0.0000000000        0.0000000000
     3916.0000000000        0.0000000000        0.0000000000
     3917.0000000000        0.0000000000        0.0000000000
     3918.0000000000        0.0000000000        0.0000000000
     3919.0000000000        0.0000000000        0.0000000000
     3920.0000000000        0.0000000000        0.0000000000
     3921.0000000000        0.0000000000        0.0000000000
     3922.0000000000        0.0000000000        0.0000000000
     3923.0000000000        0.0000000000        0.0000000000
     3924.0000000000        0.0000000000        0.0000000000
     3925.0000000000        0.0000000000        0.0000000000
     3926.0000000000        0.0000000000        0.0000000000
     3927.0000000000        0.0000000000        0.0000000000
     3928.0000000000        0.0000000000        0.0000000000
     3929.0000000000        0.0000000000        0.0000000000
     3930.0000000000        0.0000000000        0.0000000000
     3931.0000000000        0.0000000000        0.0000000000
     3932.0000000000        0.0000000000        0.0000000000
     3933.0000000000        0.0000000000        0.0000000000
     3934.0000000000        0.0000000000        0.0000000000
     3935.0000000000        0.0000000000        0.0000000000
     3936.0000000000        0.0000000000        0.0000000000
     3937.0000000000        0.0000000000        0.0000000000
     3938.0000000000        0.0000000000        0.0000000000
     3939.0000000000        0.0000000000        0.0000000000
     3940.0000000000        0.0000000000        0.0000000000
     3941.0000000000        0.0000000000        0.0000000000
     3942.0000000000        0.0000000000        0.0000000000
     3943.0000000000        0.0000000000        0.0000000000
     3944.0000000000        0.0000000000        0.0000000000
     3945.0000000000        0.0000000000        0.0000000000
     3946.0000000000        0.0000000000        0.0000000000
     3947.0000000000        0.0000000000        0.0000000000
     3948.0000000000        0.0000000000        0.0000000000
     3949.0000000000        0.0000000000        0.0000000000
     3950.0000000000        0.0000000000        0.0000000000
     3951.0000000000        0.0000000000        0.0000000000
     3952.0000000000        0.0000000000        0.0000000000
     3953.0000000000        0.0000000000        0.0000000000
     3954.0000000000        0.0000000000        0.0000000000
     3955.0000000000        0.0000000000        0.0000000000
     3956.0000000000        0.0000000000        0.0000000000
     3957.0000000000        0.0000000000        0.0000000000
     3958.0000000000        0.0000000000        0.0000000000
     3959.0000000000        0.0000000000        0.0000000000
     3960.0000000000        0.0000000000        0.0000000000
     3961.0000000000        0.0000000000        0.0000000000
     3962.0000000000        0.0000000000        0.0000000000
     3963.0000000000        0.0000000000        0.0000000000
     3964.0000000000        0.0000000000        0.0000000000
     3965.0000000000        0.0000000000        0.0000000000
     3966.0000000000        0.0000000000        0.0000000000
     3967.0000000000        0.0000000000        0.0000000000
     3968.0000000000        0.0000000000        0.0000000000
     3969.0000000000        0.0000000000        0.0000000000
     3970.0000000000        0.0000000000        0.0000000000
     3971.0000000000        0.0000000000        0.0000000000
     3972.0000000000        0.0000000000        0.0000000000
     3973.0000000000        0.0000000000        0.0000000000
     3974.0000000000        0.0000000000        0.0000000000
     3975.0000000000        0.0000000000        0.0000000000
     3976.0000000000        0.0000000000        0.0000000000
     3977.0000000000        0.0000000000        0.0000000000
     3978.0000000000        0.0000000000        0.0000000000
     3979.0000000000        0.0000000000        0.0000000000
     3980.0000000000        0.0000000000        0.0000000000
     3981.0000000000        0.0000000000        0.0000000000
     3982.0000000000        0.0000000000        0.0000000000
     3983.0000000000        0.0000000000        0.0000000000
     3984.0000000000        0.0000000000        0.0000000000
     3985.0000000000        0.0000000000        0.0000000000
     3986.0000000000        0.0000000000        0.0000000000
     3987.0000000000        0.0000000000        0.0000000000
     3988.0000000000        0.0000000000        0.0000000000
     3989.0000000000        0.0000000000        0.0000000000
     3990.0000000000        0.0000000000        0.0000000000
     3991.0000000000        0.0000000000        0.0000000000
     3992.0000000000        0.0000000000        0.0000000000
     3993.0000000000        0.0000000000        0.0000000000
     3994.0000000000        0.0000000000        0.0000000000
     3995.0000000000        0.0000000000        0.0000000000
     3996.0000000000        0.0000000000        0.0000000000
     3997.0000000000        0.0000000000        0.0000000000
     3998.0000000000        0.0000000000        0.0000000000
     3999.0000000000        0.0000000000        0.0000000000
