# IR Spectrum
# X-Axis:  Frequency (cm-1)
# Y-Axis:  &epsilon; (M-1 cm-1)

# Peak information
#                  X                   Y
#     535.0460000000       35.8567526443
#    1105.4597000000      948.6472438725
#    1133.8220000000      363.6984006403
#    1190.7837000000       54.1383511998
#    1281.4577000000        0.0000000000
#    1463.8081000000       34.3441118818
#    1539.5016000000        0.3231421489
#    3062.6847000000       55.5512066682
#    3134.2155000000       40.0691758858

# Spectra
#                  X                   Y               DY/DX
        0.0000000000        0.0000000000        0.0000000000
        1.0000000000        0.0000000000        0.0000000000
        2.0000000000        0.0000000000        0.0000000000
        3.0000000000        0.0000000000        0.0000000000
        4.0000000000        0.0000000000        0.0000000000
        5.0000000000        0.0000000000        0.0000000000
        6.0000000000        0.0000000000        0.0000000000
        7.0000000000        0.0000000000        0.0000000000
        8.0000000000        0.0000000000        0.0000000000
        9.0000000000        0.0000000000        0.0000000000
       10.0000000000        0.0000000000        0.0000000000
       11.0000000000        0.0000000000        0.0000000000
       12.0000000000        0.0000000000        0.0000000000
       13.0000000000        0.0000000000        0.0000000000
       14.0000000000        0.0000000000        0.0000000000
       15.0000000000        0.0000000000        0.0000000000
       16.0000000000        0.0000000000        0.0000000000
       17.0000000000        0.0000000000        0.0000000000
       18.0000000000        0.0000000000        0.0000000000
       19.0000000000        0.0000000000        0.0000000000
       20.0000000000        0.0000000000        0.0000000000
       21.0000000000        0.0000000000        0.0000000000
       22.0000000000        0.0000000000        0.0000000000
       23.0000000000        0.0000000000        0.0000000000
       24.0000000000        0.0000000000        0.0000000000
       25.0000000000        0.0000000000        0.0000000000
       26.0000000000        0.0000000000        0.0000000000
       27.0000000000        0.0000000000        0.0000000000
       28.0000000000        0.0000000000        0.0000000000
       29.0000000000        0.0000000000        0.0000000000
       30.0000000000        0.0000000000        0.0000000000
       31.0000000000        0.0000000000        0.0000000000
       32.0000000000        0.0000000000        0.0000000000
       33.0000000000        0.0000000000        0.0000000000
       34.0000000000        0.0000000000        0.0000000000
       35.0000000000        0.0000000000        0.0000000000
       36.0000000000        0.0000000000        0.0000000000
       37.0000000000        0.0000000000        0.0000000000
       38.0000000000        0.0000000000        0.0000000000
       39.0000000000        0.0000000000        0.0000000000
       40.0000000000        0.0000000000        0.0000000000
       41.0000000000        0.0000000000        0.0000000000
       42.0000000000        0.0000000000        0.0000000000
       43.0000000000        0.0000000000        0.0000000000
       44.0000000000        0.0000000000        0.0000000000
       45.0000000000        0.0000000000        0.0000000000
       46.0000000000        0.0000000000        0.0000000000
       47.0000000000        0.0000000000        0.0000000000
       48.0000000000        0.0000000000        0.0000000000
       49.0000000000        0.0000000000        0.0000000000
       50.0000000000        0.0000000000        0.0000000000
       51.0000000000        0.0000000000        0.0000000000
       52.0000000000        0.0000000000        0.0000000000
       53.0000000000        0.0000000000        0.0000000000
       54.0000000000        0.0000000000        0.0000000000
       55.0000000000        0.0000000000        0.0000000000
       56.0000000000        0.0000000000        0.0000000000
       57.0000000000        0.0000000000        0.0000000000
       58.0000000000        0.0000000000        0.0000000000
       59.0000000000        0.0000000000        0.0000000000
       60.0000000000        0.0000000000        0.0000000000
       61.0000000000        0.0000000000        0.0000000000
       62.0000000000        0.0000000000        0.0000000000
       63.0000000000        0.0000000000        0.0000000000
       64.0000000000        0.0000000000        0.0000000000
       65.0000000000        0.0000000000        0.0000000000
       66.0000000000        0.0000000000        0.0000000000
       67.0000000000        0.0000000000        0.0000000000
       68.0000000000        0.0000000000        0.0000000000
       69.0000000000        0.0000000000        0.0000000000
       70.0000000000        0.0000000000        0.0000000000
       71.0000000000        0.0000000000        0.0000000000
       72.0000000000        0.0000000000        0.0000000000
       73.0000000000        0.0000000000        0.0000000000
       74.0000000000        0.0000000000        0.0000000000
       75.0000000000        0.0000000000        0.0000000000
       76.0000000000        0.0000000000        0.0000000000
       77.0000000000        0.0000000000        0.0000000000
       78.0000000000        0.0000000000        0.0000000000
       79.0000000000        0.0000000000        0.0000000000
       80.0000000000        0.0000000000        0.0000000000
       81.0000000000        0.0000000000        0.0000000000
       82.0000000000        0.0000000000        0.0000000000
       83.0000000000        0.0000000000        0.0000000000
       84.0000000000        0.0000000000        0.0000000000
       85.0000000000        0.0000000000        0.0000000000
       86.0000000000        0.0000000000        0.0000000000
       87.0000000000        0.0000000000        0.0000000000
       88.0000000000        0.0000000000        0.0000000000
       89.0000000000        0.0000000000        0.0000000000
       90.0000000000        0.0000000000        0.0000000000
       91.0000000000        0.0000000000        0.0000000000
       92.0000000000        0.0000000000        0.0000000000
       93.0000000000        0.0000000000        0.0000000000
       94.0000000000        0.0000000000        0.0000000000
       95.0000000000        0.0000000000        0.0000000000
       96.0000000000        0.0000000000        0.0000000000
       97.0000000000        0.0000000000        0.0000000000
       98.0000000000        0.0000000000        0.0000000000
       99.0000000000        0.0000000000        0.0000000000
      100.0000000000        0.0000000000        0.0000000000
      101.0000000000        0.0000000000        0.0000000000
      102.0000000000        0.0000000000        0.0000000000
      103.0000000000        0.0000000000        0.0000000000
      104.0000000000        0.0000000000        0.0000000000
      105.0000000000        0.0000000000        0.0000000000
      106.0000000000        0.0000000000        0.0000000000
      107.0000000000        0.0000000000        0.0000000000
      108.0000000000        0.0000000000        0.0000000000
      109.0000000000        0.0000000000        0.0000000000
      110.0000000000        0.0000000000        0.0000000000
      111.0000000000        0.0000000000        0.0000000000
      112.0000000000        0.0000000000        0.0000000000
      113.0000000000        0.0000000000        0.0000000000
      114.0000000000        0.0000000000        0.0000000000
      115.0000000000        0.0000000000        0.0000000000
      116.0000000000        0.0000000000        0.0000000000
      117.0000000000        0.0000000000        0.0000000000
      118.0000000000        0.0000000000        0.0000000000
      119.0000000000        0.0000000000        0.0000000000
      120.0000000000        0.0000000000        0.0000000000
      121.0000000000        0.0000000000        0.0000000000
      122.0000000000        0.0000000000        0.0000000000
      123.0000000000        0.0000000000        0.0000000000
      124.0000000000        0.0000000000        0.0000000000
      125.0000000000        0.0000000000        0.0000000000
      126.0000000000        0.0000000000        0.0000000000
      127.0000000000        0.0000000000        0.0000000000
      128.0000000000        0.0000000000        0.0000000000
      129.0000000000        0.0000000000        0.0000000000
      130.0000000000        0.0000000000        0.0000000000
      131.0000000000        0.0000000000        0.0000000000
      132.0000000000        0.0000000000        0.0000000000
      133.0000000000        0.0000000000        0.0000000000
      134.0000000000        0.0000000000        0.0000000000
      135.0000000000        0.0000000000        0.0000000000
      136.0000000000        0.0000000000        0.0000000000
      137.0000000000        0.0000000000        0.0000000000
      138.0000000000        0.0000000000        0.0000000000
      139.0000000000        0.0000000000        0.0000000000
      140.0000000000        0.0000000000        0.0000000000
      141.0000000000        0.0000000000        0.0000000000
      142.0000000000        0.0000000000        0.0000000000
      143.0000000000        0.0000000000        0.0000000000
      144.0000000000        0.0000000000        0.0000000000
      145.0000000000        0.0000000000        0.0000000000
      146.0000000000        0.0000000000        0.0000000000
      147.0000000000        0.0000000000        0.0000000000
      148.0000000000        0.0000000000        0.0000000000
      149.0000000000        0.0000000000        0.0000000000
      150.0000000000        0.0000000000        0.0000000000
      151.0000000000        0.0000000000        0.0000000000
      152.0000000000        0.0000000000        0.0000000000
      153.0000000000        0.0000000000        0.0000000000
      154.0000000000        0.0000000000        0.0000000000
      155.0000000000        0.0000000000        0.0000000000
      156.0000000000        0.0000000000        0.0000000000
      157.0000000000        0.0000000000        0.0000000000
      158.0000000000        0.0000000000        0.0000000000
      159.0000000000        0.0000000000        0.0000000000
      160.0000000000        0.0000000000        0.0000000000
      161.0000000000        0.0000000000        0.0000000000
      162.0000000000        0.0000000000        0.0000000000
      163.0000000000        0.0000000000        0.0000000000
      164.0000000000        0.0000000000        0.0000000000
      165.0000000000        0.0000000000        0.0000000000
      166.0000000000        0.0000000000        0.0000000000
      167.0000000000        0.0000000000        0.0000000000
      168.0000000000        0.0000000000        0.0000000000
      169.0000000000        0.0000000000        0.0000000000
      170.0000000000        0.0000000000        0.0000000000
      171.0000000000        0.0000000000        0.0000000000
      172.0000000000        0.0000000000        0.0000000000
      173.0000000000        0.0000000000        0.0000000000
      174.0000000000        0.0000000000        0.0000000000
      175.0000000000        0.0000000000        0.0000000000
      176.0000000000        0.0000000000        0.0000000000
      177.0000000000        0.0000000000        0.0000000000
      178.0000000000        0.0000000000        0.0000000000
      179.0000000000        0.0000000000        0.0000000000
      180.0000000000        0.0000000000        0.0000000000
      181.0000000000        0.0000000000        0.0000000000
      182.0000000000        0.0000000000        0.0000000000
      183.0000000000        0.0000000000        0.0000000000
      184.0000000000        0.0000000000        0.0000000000
      185.0000000000        0.0000000000        0.0000000000
      186.0000000000        0.0000000000        0.0000000000
      187.0000000000        0.0000000000        0.0000000000
      188.0000000000        0.0000000000        0.0000000000
      189.0000000000        0.0000000000        0.0000000000
      190.0000000000        0.0000000000        0.0000000000
      191.0000000000        0.0000000000        0.0000000000
      192.0000000000        0.0000000000        0.0000000000
      193.0000000000        0.0000000000        0.0000000000
      194.0000000000        0.0000000000        0.0000000000
      195.0000000000        0.0000000000        0.0000000000
      196.0000000000        0.0000000000        0.0000000000
      197.0000000000        0.0000000000        0.0000000000
      198.0000000000        0.0000000000        0.0000000000
      199.0000000000        0.0000000000        0.0000000000
      200.0000000000        0.0000000000        0.0000000000
      201.0000000000        0.0000000000        0.0000000000
      202.0000000000        0.0000000000        0.0000000000
      203.0000000000        0.0000000000        0.0000000000
      204.0000000000        0.0000000000        0.0000000000
      205.0000000000        0.0000000000        0.0000000000
      206.0000000000        0.0000000000        0.0000000000
      207.0000000000        0.0000000000        0.0000000000
      208.0000000000        0.0000000000        0.0000000000
      209.0000000000        0.0000000000        0.0000000000
      210.0000000000        0.0000000000        0.0000000000
      211.0000000000        0.0000000000        0.0000000000
      212.0000000000        0.0000000000        0.0000000000
      213.0000000000        0.0000000000        0.0000000000
      214.0000000000        0.0000000000        0.0000000000
      215.0000000000        0.0000000000        0.0000000000
      216.0000000000        0.0000000000        0.0000000000
      217.0000000000        0.0000000000        0.0000000000
      218.0000000000        0.0000000000        0.0000000000
      219.0000000000        0.0000000000        0.0000000000
      220.0000000000        0.0000000000        0.0000000000
      221.0000000000        0.0000000000        0.0000000000
      222.0000000000        0.0000000000        0.0000000000
      223.0000000000        0.0000000000        0.0000000000
      224.0000000000        0.0000000000        0.0000000000
      225.0000000000        0.0000000000        0.0000000000
      226.0000000000        0.0000000000        0.0000000000
      227.0000000000        0.0000000000        0.0000000000
      228.0000000000        0.0000000000        0.0000000000
      229.0000000000        0.0000000000        0.0000000000
      230.0000000000        0.0000000000        0.0000000000
      231.0000000000        0.0000000000        0.0000000000
      232.0000000000        0.0000000000        0.0000000000
      233.0000000000        0.0000000000        0.0000000000
      234.0000000000        0.0000000000        0.0000000000
      235.0000000000        0.0000000000        0.0000000000
      236.0000000000        0.0000000000        0.0000000000
      237.0000000000        0.0000000000        0.0000000000
      238.0000000000        0.0000000000        0.0000000000
      239.0000000000        0.0000000000        0.0000000000
      240.0000000000        0.0000000000        0.0000000000
      241.0000000000        0.0000000000        0.0000000000
      242.0000000000        0.0000000000        0.0000000000
      243.0000000000        0.0000000000        0.0000000000
      244.0000000000        0.0000000000        0.0000000000
      245.0000000000        0.0000000000        0.0000000000
      246.0000000000        0.0000000000        0.0000000000
      247.0000000000        0.0000000000        0.0000000000
      248.0000000000        0.0000000000        0.0000000000
      249.0000000000        0.0000000000        0.0000000000
      250.0000000000        0.0000000000        0.0000000000
      251.0000000000        0.0000000000        0.0000000000
      252.0000000000        0.0000000000        0.0000000000
      253.0000000000        0.0000000000        0.0000000000
      254.0000000000        0.0000000000        0.0000000000
      255.0000000000        0.0000000000        0.0000000000
      256.0000000000        0.0000000000        0.0000000000
      257.0000000000        0.0000000000        0.0000000000
      258.0000000000        0.0000000000        0.0000000000
      259.0000000000        0.0000000000        0.0000000000
      260.0000000000        0.0000000000        0.0000000000
      261.0000000000        0.0000000000        0.0000000000
      262.0000000000        0.0000000000        0.0000000000
      263.0000000000        0.0000000000        0.0000000000
      264.0000000000        0.0000000000        0.0000000000
      265.0000000000        0.0000000000        0.0000000000
      266.0000000000        0.0000000000        0.0000000000
      267.0000000000        0.0000000000        0.0000000000
      268.0000000000        0.0000000000        0.0000000000
      269.0000000000        0.0000000000        0.0000000000
      270.0000000000        0.0000000000        0.0000000000
      271.0000000000        0.0000000000        0.0000000000
      272.0000000000        0.0000000000        0.0000000000
      273.0000000000        0.0000000000        0.0000000000
      274.0000000000        0.0000000000        0.0000000000
      275.0000000000        0.0000000000        0.0000000000
      276.0000000000        0.0000000000        0.0000000000
      277.0000000000        0.0000000000        0.0000000000
      278.0000000000        0.0000000000        0.0000000000
      279.0000000000        0.0000000000        0.0000000000
      280.0000000000        0.0000000000        0.0000000000
      281.0000000000        0.0000000000        0.0000000000
      282.0000000000        0.0000000000        0.0000000000
      283.0000000000        0.0000000000        0.0000000000
      284.0000000000        0.0000000000        0.0000000000
      285.0000000000        0.0000000000        0.0000000000
      286.0000000000        0.0000000000        0.0000000000
      287.0000000000        0.0000000000        0.0000000000
      288.0000000000        0.0000000000        0.0000000000
      289.0000000000        0.0000000000        0.0000000000
      290.0000000000        0.0000000000        0.0000000000
      291.0000000000        0.0000000000        0.0000000000
      292.0000000000        0.0000000000        0.0000000000
      293.0000000000        0.0000000000        0.0000000000
      294.0000000000        0.0000000000        0.0000000000
      295.0000000000        0.0000000000        0.0000000000
      296.0000000000        0.0000000000        0.0000000000
      297.0000000000        0.0000000000        0.0000000000
      298.0000000000        0.0000000000        0.0000000000
      299.0000000000        0.0000000000        0.0000000000
      300.0000000000        0.0000000000        0.0000000000
      301.0000000000        0.0000000000        0.0000000000
      302.0000000000        0.0000000000        0.0000000000
      303.0000000000        0.0000000000        0.0000000000
      304.0000000000        0.0000000000        0.0000000000
      305.0000000000        0.0000000000        0.0000000000
      306.0000000000        0.0000000000        0.0000000000
      307.0000000000        0.0000000000        0.0000000000
      308.0000000000        0.0000000000        0.0000000000
      309.0000000000        0.0000000000        0.0000000000
      310.0000000000        0.0000000000        0.0000000000
      311.0000000000        0.0000000000        0.0000000000
      312.0000000000        0.0000000000        0.0000000000
      313.0000000000        0.0000000000        0.0000000000
      314.0000000000        0.0000000000        0.0000000000
      315.0000000000        0.0000000000        0.0000000000
      316.0000000000        0.0000000000        0.0000000000
      317.0000000000        0.0000000000        0.0000000000
      318.0000000000        0.0000000000        0.0000000000
      319.0000000000        0.0000000000        0.0000000000
      320.0000000000        0.0000000000        0.0000000000
      321.0000000000        0.0000000000        0.0000000000
      322.0000000000        0.0000000000        0.0000000000
      323.0000000000        0.0000000000        0.0000000000
      324.0000000000        0.0000000000        0.0000000000
      325.0000000000        0.0000000000        0.0000000000
      326.0000000000        0.0000000000        0.0000000000
      327.0000000000        0.0000000000        0.0000000000
      328.0000000000        0.0000000000        0.0000000000
      329.0000000000        0.0000000000        0.0000000000
      330.0000000000        0.0000000000        0.0000000000
      331.0000000000        0.0000000000        0.0000000000
      332.0000000000        0.0000000000        0.0000000000
      333.0000000000        0.0000000000        0.0000000000
      334.0000000000        0.0000000000        0.0000000000
      335.0000000000        0.0000000000        0.0000000000
      336.0000000000        0.0000000000        0.0000000000
      337.0000000000        0.0000000000        0.0000000000
      338.0000000000        0.0000000000        0.0000000000
      339.0000000000        0.0000000000        0.0000000000
      340.0000000000        0.0000000000        0.0000000000
      341.0000000000        0.0000000000        0.0000000000
      342.0000000000        0.0000000000        0.0000000000
      343.0000000000        0.0000000000        0.0000000000
      344.0000000000        0.0000000000        0.0000000000
      345.0000000000        0.0000000000        0.0000000000
      346.0000000000        0.0000000000        0.0000000000
      347.0000000000        0.0000000000        0.0000000000
      348.0000000000        0.0000000000        0.0000000000
      349.0000000000        0.0000000000        0.0000000000
      350.0000000000        0.0000000000        0.0000000000
      351.0000000000        0.0000000000        0.0000000000
      352.0000000000        0.0000000000        0.0000000000
      353.0000000000        0.0000000000        0.0000000000
      354.0000000000        0.0000000000        0.0000000000
      355.0000000000        0.0000000000        0.0000000000
      356.0000000000        0.0000000000        0.0000000000
      357.0000000000        0.0000000000        0.0000000000
      358.0000000000        0.0000000000        0.0000000000
      359.0000000000        0.0000000000        0.0000000000
      360.0000000000        0.0000000000        0.0000000000
      361.0000000000        0.0000000000        0.0000000000
      362.0000000000        0.0000000000        0.0000000000
      363.0000000000        0.0000000000        0.0000000000
      364.0000000000        0.0000000000        0.0000000000
      365.0000000000        0.0000000000        0.0000000000
      366.0000000000        0.0000000000        0.0000000000
      367.0000000000        0.0000000000        0.0000000000
      368.0000000000        0.0000000000        0.0000000000
      369.0000000000        0.0000000000        0.0000000000
      370.0000000000        0.0000000000        0.0000000000
      371.0000000000        0.0000000000        0.0000000000
      372.0000000000        0.0000000000        0.0000000000
      373.0000000000        0.0000000000        0.0000000000
      374.0000000000        0.0000000000        0.0000000000
      375.0000000000        0.0000000000        0.0000000000
      376.0000000000        0.0105058002        0.0001320267
      377.0000000000        0.0106390816        0.0001345465
      378.0000000000        0.0107749148        0.0001371309
      379.0000000000        0.0109133656        0.0001397819
      380.0000000000        0.0110545014        0.0001425016
      381.0000000000        0.0111983924        0.0001452923
      382.0000000000        0.0113451104        0.0001481563
      383.0000000000        0.0114947302        0.0001510961
      384.0000000000        0.0116473288        0.0001541142
      385.0000000000        0.0118029856        0.0001572132
      386.0000000000        0.0119617830        0.0001603958
      387.0000000000        0.0121238060        0.0001636648
      388.0000000000        0.0122891425        0.0001670233
      389.0000000000        0.0124578834        0.0001704743
      390.0000000000        0.0126301230        0.0001740210
      391.0000000000        0.0128059584        0.0001776667
      392.0000000000        0.0129854906        0.0001814150
      393.0000000000        0.0131688238        0.0001852694
      394.0000000000        0.0133560661        0.0001892338
      395.0000000000        0.0135473293        0.0001933120
      396.0000000000        0.0137427294        0.0001975082
      397.0000000000        0.0139423866        0.0002018268
      398.0000000000        0.0141464253        0.0002062721
      399.0000000000        0.0143549746        0.0002108489
      400.0000000000        0.0145681685        0.0002155621
      401.0000000000        0.0147861459        0.0002204167
      402.0000000000        0.0150090510        0.0002254182
      403.0000000000        0.0152370332        0.0002305721
      404.0000000000        0.0154702480        0.0002358843
      405.0000000000        0.0157088566        0.0002413609
      406.0000000000        0.0159530267        0.0002470083
      407.0000000000        0.0162029323        0.0002528331
      408.0000000000        0.0164587545        0.0002588426
      409.0000000000        0.0167206814        0.0002650439
      410.0000000000        0.0169889087        0.0002714448
      411.0000000000        0.0172636402        0.0002780534
      412.0000000000        0.0175450877        0.0002848783
      413.0000000000        0.0178334718        0.0002919282
      414.0000000000        0.0181290223        0.0002992126
      415.0000000000        0.0184319785        0.0003067414
      416.0000000000        0.0187425899        0.0003145247
      417.0000000000        0.0190611164        0.0003225735
      418.0000000000        0.0193878291        0.0003308992
      419.0000000000        0.0197230110        0.0003395137
      420.0000000000        0.0200669571        0.0003484298
      421.0000000000        0.0204199756        0.0003576607
      422.0000000000        0.0207823881        0.0003672204
      423.0000000000        0.0211545310        0.0003771238
      424.0000000000        0.0215367554        0.0003873863
      425.0000000000        0.0219294287        0.0003980243
      426.0000000000        0.0223329350        0.0004090554
      427.0000000000        0.0227476764        0.0004204976
      428.0000000000        0.0231740737        0.0004323704
      429.0000000000        0.0236125676        0.0004446942
      430.0000000000        0.0240636196        0.0004574906
      431.0000000000        0.0245277139        0.0004707825
      432.0000000000        0.0250053578        0.0004845940
      433.0000000000        0.0254970836        0.0004989508
      434.0000000000        0.0260034502        0.0005138801
      435.0000000000        0.0265250443        0.0005294107
      436.0000000000        0.0270624822        0.0005455731
      437.0000000000        0.0276164118        0.0005623998
      438.0000000000        0.0281875146        0.0005799252
      439.0000000000        0.0287765072        0.0005981859
      440.0000000000        0.0293841445        0.0006172210
      441.0000000000        0.0300112211        0.0006370718
      442.0000000000        0.0306585748        0.0006577826
      443.0000000000        0.0313270886        0.0006794003
      444.0000000000        0.0320176943        0.0007019751
      445.0000000000        0.0327313757        0.0007255606
      446.0000000000        0.0334691714        0.0007502139
      447.0000000000        0.0342321796        0.0007759960
      448.0000000000        0.0350215614        0.0008029723
      449.0000000000        0.0358385455        0.0008312127
      450.0000000000        0.0366844331        0.0008607921
      451.0000000000        0.0375606027        0.0008917906
      452.0000000000        0.0384685160        0.0009242944
      453.0000000000        0.0394097240        0.0009583959
      454.0000000000        0.0403858733        0.0009941943
      455.0000000000        0.0413987138        0.0010317966
      456.0000000000        0.0424501059        0.0010713175
      457.0000000000        0.0435420295        0.0011128810
      458.0000000000        0.0446765932        0.0011566206
      459.0000000000        0.0458560441        0.0012026806
      460.0000000000        0.0470827795        0.0012512165
      461.0000000000        0.0483593585        0.0013023971
      462.0000000000        0.0496885157        0.0013564045
      463.0000000000        0.0510731756        0.0014134366
      464.0000000000        0.0525164685        0.0014737079
      465.0000000000        0.0540217485        0.0015374513
      466.0000000000        0.0555926126        0.0016049202
      467.0000000000        0.0572329223        0.0016763905
      468.0000000000        0.0589468273        0.0017521629
      469.0000000000        0.0607387913        0.0018325657
      470.0000000000        0.0626136213        0.0019179575
      471.0000000000        0.0645764997        0.0020087309
      472.0000000000        0.0666330198        0.0021053159
      473.0000000000        0.0687892255        0.0022081846
      474.0000000000        0.0710516558        0.0023178555
      475.0000000000        0.0734273936        0.0024348995
      476.0000000000        0.0759241216        0.0025599458
      477.0000000000        0.0785501834        0.0026936890
      478.0000000000        0.0813146535        0.0028368970
      479.0000000000        0.0842274150        0.0029904208
      480.0000000000        0.0872992473        0.0031552044
      481.0000000000        0.0905419256        0.0033322974
      482.0000000000        0.0939683333        0.0035228685
      483.0000000000        0.0975925884        0.0037282221
      484.0000000000        0.1014301891        0.0039498166
      485.0000000000        0.1054981777        0.0041892862
      486.0000000000        0.1098153289        0.0044484659
      487.0000000000        0.1144023651        0.0047294211
      488.0000000000        0.1192822028        0.0050344815
      489.0000000000        0.1244802374        0.0053662817
      490.0000000000        0.1300246706        0.0057278086
      491.0000000000        0.1359468900        0.0061224574
      492.0000000000        0.1422819097        0.0065540977
      493.0000000000        0.1490688833        0.0070271532
      494.0000000000        0.1563517032        0.0075466953
      495.0000000000        0.1641797037        0.0081185565
      496.0000000000        0.1726084876        0.0087494668
      497.0000000000        0.1817009034        0.0094472176
      498.0000000000        0.1915282040        0.0102208623
      499.0000000000        0.2021714255        0.0110809595
      500.0000000000        0.2137230374        0.0120398721
      501.0000000000        0.2262889243        0.0131121356
      502.0000000000        0.2399907783        0.0143149142
      503.0000000000        0.2549690016        0.0156685691
      504.0000000000        0.2713862457        0.0171973710
      505.0000000000        0.2894317531        0.0189303984
      506.0000000000        0.3093267114        0.0209026776
      507.0000000000        0.3313309005        0.0231566405
      508.0000000000        0.3557509955        0.0257440004
      509.0000000000        0.3829510126        0.0287281872
      510.0000000000        0.4133655451        0.0321875311
      511.0000000000        0.4475166658        0.0362194633
      512.0000000000        0.4860356879        0.0409461070
      513.0000000000        0.5296914272        0.0465217917
      514.0000000000        0.5794272437        0.0531432524
      515.0000000000        0.6364100690        0.0610636207
      516.0000000000        0.7020959694        0.0706118323
      517.0000000000        0.7783187854        0.0822198575
      518.0000000000        0.8674113543        0.0964613711
      519.0000000000        0.9723733045        0.1141073406
      520.0000000000        1.0971062315        0.1362069168
      521.0000000000        1.2467475514        0.1642065412
      522.0000000000        1.4281504861        0.2001271725
      523.0000000000        1.6505824637        0.2468300627
      524.0000000000        1.9267516800        0.3084162646
      525.0000000000        2.2743253284        0.3908220794
      526.0000000000        2.7181704443        0.5026789468
      527.0000000000        3.2935984024        0.6564506099
      528.0000000000        4.0507945645        0.8695685363
      529.0000000000        5.0599068182        1.1642169615
      530.0000000000        6.4135397689        1.5610742912
      531.0000000000        8.2149514036        2.0536036003
      532.0000000000       10.5197289968        2.5352438864
      533.0000000000       13.1733578599        2.6704186364
      534.0000000000       15.5561673894        1.9037838622
      535.0000000000       16.6177354214        0.0955393436
      536.0000000000       15.7254349923       -1.7743302273
      537.0000000000       13.4179722165       -2.6459344280
      538.0000000000       10.7545774626       -2.5696734436
      539.0000000000        8.4060806337       -2.1013795881
      540.0000000000        6.5590787089       -1.6029590525
      541.0000000000        5.1684806672       -1.1962318566
      542.0000000000        4.1318631806       -0.8929091883
      543.0000000000        3.3547616976       -0.6732706455
      544.0000000000        2.7649739964       -0.5148490715
      545.0000000000        2.3106885684       -0.3997249062
      546.0000000000        1.9554283627       -0.3150193987
      547.0000000000        1.6735184568       -0.2517995825
      548.0000000000        1.4467360263       -0.2039215984
      549.0000000000        1.2619891582       -0.1671439678
      550.0000000000        1.1097428497       -0.1385105419
      551.0000000000        0.9829549989       -0.1159358099
      552.0000000000        0.8763530877       -0.0979289645
      553.0000000000        0.7859375867       -0.0834099921
      554.0000000000        0.7086369437       -0.0715861815
      555.0000000000        0.6420648331       -0.0618683418
      556.0000000000        0.5843471600       -0.0538132914
      557.0000000000        0.5339972206       -0.0470838963
      558.0000000000        0.4898245176       -0.0414209597
      559.0000000000        0.4508673835       -0.0366232114
      560.0000000000        0.4163426474       -0.0325328950
      561.0000000000        0.3856076408       -0.0290252723
      562.0000000000        0.3581312350       -0.0260008991
      563.0000000000        0.3334715587       -0.0233798813
      564.0000000000        0.3112587042       -0.0210975644
      565.0000000000        0.2911811941       -0.0191012686
      566.0000000000        0.2729753100       -0.0173477940
      567.0000000000        0.2564166133       -0.0158014991
      568.0000000000        0.2413131638       -0.0144328104
      569.0000000000        0.2275000586       -0.0132170554
      570.0000000000        0.2148350073       -0.0121335456
      571.0000000000        0.2031947263       -0.0111648481
      572.0000000000        0.1924719836       -0.0102962064
      573.0000000000        0.1825731639       -0.0095150742
      574.0000000000        0.1734162527       -0.0088107402
      575.0000000000        0.1649291585       -0.0081740237
      576.0000000000        0.1570483110       -0.0075970259
      577.0000000000        0.1497174839       -0.0070729267
      578.0000000000        0.1428868031       -0.0065958169
      579.0000000000        0.1365119064       -0.0061605602
      580.0000000000        0.1305532308       -0.0057626777
      581.0000000000        0.1249754040       -0.0053982521
      582.0000000000        0.1197467242       -0.0050638475
      583.0000000000        0.1148387132       -0.0047564421
      584.0000000000        0.1102257320       -0.0044733709
      585.0000000000        0.1058846483       -0.0042122778
      586.0000000000        0.1017945489       -0.0039710748
      587.0000000000        0.0979364893       -0.0037479069
      588.0000000000        0.0942932759       -0.0035411226
      589.0000000000        0.0908492759       -0.0033492482
      590.0000000000        0.0875902503       -0.0031709660
      591.0000000000        0.0845032080       -0.0030050955
      592.0000000000        0.0815762766       -0.0028505767
      593.0000000000        0.0787985895       -0.0027064565
      594.0000000000        0.0761601848       -0.0025718758
      595.0000000000        0.0736519172       -0.0024460595
      596.0000000000        0.0712653787       -0.0023283065
      597.0000000000        0.0689928288       -0.0022179819
      598.0000000000        0.0668271314       -0.0021145098
      599.0000000000        0.0647616998       -0.0020173671
      600.0000000000        0.0627904466       -0.0019260776
      601.0000000000        0.0609077385       -0.0018402076
      602.0000000000        0.0591083571       -0.0017593613
      603.0000000000        0.0573874622       -0.0016831771
      604.0000000000        0.0557405596       -0.0016113239
      605.0000000000        0.0541634719       -0.0015434988
      606.0000000000        0.0526523123       -0.0014794235
      607.0000000000        0.0512034602       -0.0014188429
      608.0000000000        0.0498135402       -0.0013615220
      609.0000000000        0.0484794019       -0.0013072448
      610.0000000000        0.0471981026       -0.0012558120
      611.0000000000        0.0459668911       -0.0012070400
      612.0000000000        0.0447831925       -0.0011607589
      613.0000000000        0.0436445953       -0.0011168120
      614.0000000000        0.0425488389       -0.0010750541
      615.0000000000        0.0414938024       -0.0010353505
      616.0000000000        0.0404774947       -0.0009975767
      617.0000000000        0.0394980444       -0.0009616169
      618.0000000000        0.0385536921       -0.0009273636
      619.0000000000        0.0376427819       -0.0008947167
      620.0000000000        0.0367637543       -0.0008635834
      621.0000000000        0.0359151396       -0.0008338769
      622.0000000000        0.0350955518       -0.0008055165
      623.0000000000        0.0343036830       -0.0007784269
      624.0000000000        0.0335382979       -0.0007525377
      625.0000000000        0.0327982294       -0.0007277832
      626.0000000000        0.0320823738       -0.0007041019
      627.0000000000        0.0313896870       -0.0006814364
      628.0000000000        0.0307191804       -0.0006597328
      629.0000000000        0.0300699176       -0.0006389406
      630.0000000000        0.0294410112       -0.0006190125
      631.0000000000        0.0288316193       -0.0005999042
      632.0000000000        0.0282409435       -0.0005815739
      633.0000000000        0.0276682254       -0.0005639824
      634.0000000000        0.0271127448       -0.0005470929
      635.0000000000        0.0265738172       -0.0005308708
      636.0000000000        0.0260507917       -0.0005152834
      637.0000000000        0.0255430491       -0.0005003000
      638.0000000000        0.0250500001       -0.0004858916
      639.0000000000        0.0245710833       -0.0004720310
      640.0000000000        0.0241057640       -0.0004586924
      641.0000000000        0.0236535326       -0.0004458514
      642.0000000000        0.0232139030       -0.0004334850
      643.0000000000        0.0227864116       -0.0004215716
      644.0000000000        0.0223706157       -0.0004100906
      645.0000000000        0.0219660928       -0.0003990225
      646.0000000000        0.0215724392       -0.0003883490
      647.0000000000        0.0211892690       -0.0003780527
      648.0000000000        0.0208162136       -0.0003681170
      649.0000000000        0.0204529201       -0.0003585263
      650.0000000000        0.0200990511       -0.0003492657
      651.0000000000        0.0197542834       -0.0003403212
      652.0000000000        0.0194183077       -0.0003316795
      653.0000000000        0.0190908278       -0.0003233277
      654.0000000000        0.0187715597       -0.0003152539
      655.0000000000        0.0184602311       -0.0003074466
      656.0000000000        0.0181565812       -0.0002998949
      657.0000000000        0.0178603595       -0.0002925885
      658.0000000000        0.0175713258       -0.0002855173
      659.0000000000        0.0172892495       -0.0002786722
      660.0000000000        0.0170139092       -0.0002720440
      661.0000000000        0.0167450921       -0.0002656243
      662.0000000000        0.0164825938       -0.0002594049
      663.0000000000        0.0162262180       -0.0002533782
      664.0000000000        0.0159757757       -0.0002475366
      665.0000000000        0.0157310854       -0.0002418732
      666.0000000000        0.0154919722       -0.0002363812
      667.0000000000        0.0152582680       -0.0002310542
      668.0000000000        0.0150298109       -0.0002258859
      669.0000000000        0.0148064452       -0.0002208707
      670.0000000000        0.0145880205       -0.0002160027
      671.0000000000        0.0143743924       -0.0002112768
      672.0000000000        0.0141654214       -0.0002066876
      673.0000000000        0.0139609732       -0.0002022304
      674.0000000000        0.0137609182       -0.0001979004
      675.0000000000        0.0135651315       -0.0001936931
      676.0000000000        0.0133734926       -0.0001896041
      677.0000000000        0.0131858852       -0.0001856295
      678.0000000000        0.0130021969       -0.0001817651
      679.0000000000        0.0128223194       -0.0001780072
      680.0000000000        0.0126461481       -0.0001743522
      681.0000000000        0.0124735819       -0.0001707966
      682.0000000000        0.0123045230       -0.0001673369
      683.0000000000        0.0121388772       -0.0001639700
      684.0000000000        0.0119765531       -0.0001606929
      685.0000000000        0.0118174625       -0.0001575024
      686.0000000000        0.0116615202       -0.0001543959
      687.0000000000        0.0115086437       -0.0001513705
      688.0000000000        0.0113587531       -0.0001484236
      689.0000000000        0.0112117712       -0.0001455527
      690.0000000000        0.0110676233       -0.0001427553
      691.0000000000        0.0109262369       -0.0001400292
      692.0000000000        0.0107875420       -0.0001373720
      693.0000000000        0.0106514707       -0.0001347816
      694.0000000000        0.0105179572       -0.0001322559
      695.0000000000        0.0103869380       -0.0001297929
      696.0000000000        0.0000000000        0.0000000000
      697.0000000000        0.0000000000        0.0000000000
      698.0000000000        0.0000000000        0.0000000000
      699.0000000000        0.0000000000        0.0000000000
      700.0000000000        0.0000000000        0.0000000000
      701.0000000000        0.0000000000        0.0000000000
      702.0000000000        0.0000000000        0.0000000000
      703.0000000000        0.0000000000        0.0000000000
      704.0000000000        0.0000000000        0.0000000000
      705.0000000000        0.0000000000        0.0000000000
      706.0000000000        0.0000000000        0.0000000000
      707.0000000000        0.0000000000        0.0000000000
      708.0000000000        0.0000000000        0.0000000000
      709.0000000000        0.0000000000        0.0000000000
      710.0000000000        0.0000000000        0.0000000000
      711.0000000000        0.0000000000        0.0000000000
      712.0000000000        0.0000000000        0.0000000000
      713.0000000000        0.0000000000        0.0000000000
      714.0000000000        0.0000000000        0.0000000000
      715.0000000000        0.0000000000        0.0000000000
      716.0000000000        0.0000000000        0.0000000000
      717.0000000000        0.0000000000        0.0000000000
      718.0000000000        0.0000000000        0.0000000000
      719.0000000000        0.0000000000        0.0000000000
      720.0000000000        0.0000000000        0.0000000000
      721.0000000000        0.0000000000        0.0000000000
      722.0000000000        0.0000000000        0.0000000000
      723.0000000000        0.0000000000        0.0000000000
      724.0000000000        0.0000000000        0.0000000000
      725.0000000000        0.0000000000        0.0000000000
      726.0000000000        0.0000000000        0.0000000000
      727.0000000000        0.0000000000        0.0000000000
      728.0000000000        0.0000000000        0.0000000000
      729.0000000000        0.0000000000        0.0000000000
      730.0000000000        0.0000000000        0.0000000000
      731.0000000000        0.0000000000        0.0000000000
      732.0000000000        0.0000000000        0.0000000000
      733.0000000000        0.0000000000        0.0000000000
      734.0000000000        0.0000000000        0.0000000000
      735.0000000000        0.0000000000        0.0000000000
      736.0000000000        0.0000000000        0.0000000000
      737.0000000000        0.0000000000        0.0000000000
      738.0000000000        0.0000000000        0.0000000000
      739.0000000000        0.0000000000        0.0000000000
      740.0000000000        0.0000000000        0.0000000000
      741.0000000000        0.0000000000        0.0000000000
      742.0000000000        0.0000000000        0.0000000000
      743.0000000000        0.0000000000        0.0000000000
      744.0000000000        0.0000000000        0.0000000000
      745.0000000000        0.0000000000        0.0000000000
      746.0000000000        0.0000000000        0.0000000000
      747.0000000000        0.0000000000        0.0000000000
      748.0000000000        0.0000000000        0.0000000000
      749.0000000000        0.0000000000        0.0000000000
      750.0000000000        0.0000000000        0.0000000000
      751.0000000000        0.0000000000        0.0000000000
      752.0000000000        0.0000000000        0.0000000000
      753.0000000000        0.0000000000        0.0000000000
      754.0000000000        0.0000000000        0.0000000000
      755.0000000000        0.0000000000        0.0000000000
      756.0000000000        0.0000000000        0.0000000000
      757.0000000000        0.0000000000        0.0000000000
      758.0000000000        0.0000000000        0.0000000000
      759.0000000000        0.0000000000        0.0000000000
      760.0000000000        0.0000000000        0.0000000000
      761.0000000000        0.0000000000        0.0000000000
      762.0000000000        0.0000000000        0.0000000000
      763.0000000000        0.0000000000        0.0000000000
      764.0000000000        0.0000000000        0.0000000000
      765.0000000000        0.0000000000        0.0000000000
      766.0000000000        0.0000000000        0.0000000000
      767.0000000000        0.0000000000        0.0000000000
      768.0000000000        0.0000000000        0.0000000000
      769.0000000000        0.0000000000        0.0000000000
      770.0000000000        0.0000000000        0.0000000000
      771.0000000000        0.0000000000        0.0000000000
      772.0000000000        0.0000000000        0.0000000000
      773.0000000000        0.0000000000        0.0000000000
      774.0000000000        0.0000000000        0.0000000000
      775.0000000000        0.0000000000        0.0000000000
      776.0000000000        0.0000000000        0.0000000000
      777.0000000000        0.0000000000        0.0000000000
      778.0000000000        0.0000000000        0.0000000000
      779.0000000000        0.0000000000        0.0000000000
      780.0000000000        0.0000000000        0.0000000000
      781.0000000000        0.0000000000        0.0000000000
      782.0000000000        0.0000000000        0.0000000000
      783.0000000000        0.0000000000        0.0000000000
      784.0000000000        0.0000000000        0.0000000000
      785.0000000000        0.0000000000        0.0000000000
      786.0000000000        0.0000000000        0.0000000000
      787.0000000000        0.0000000000        0.0000000000
      788.0000000000        0.0000000000        0.0000000000
      789.0000000000        0.0000000000        0.0000000000
      790.0000000000        0.0000000000        0.0000000000
      791.0000000000        0.0000000000        0.0000000000
      792.0000000000        0.0000000000        0.0000000000
      793.0000000000        0.0000000000        0.0000000000
      794.0000000000        0.0000000000        0.0000000000
      795.0000000000        0.0000000000        0.0000000000
      796.0000000000        0.0000000000        0.0000000000
      797.0000000000        0.0000000000        0.0000000000
      798.0000000000        0.0000000000        0.0000000000
      799.0000000000        0.0000000000        0.0000000000
      800.0000000000        0.0000000000        0.0000000000
      801.0000000000        0.0000000000        0.0000000000
      802.0000000000        0.0000000000        0.0000000000
      803.0000000000        0.0000000000        0.0000000000
      804.0000000000        0.0000000000        0.0000000000
      805.0000000000        0.0000000000        0.0000000000
      806.0000000000        0.0000000000        0.0000000000
      807.0000000000        0.0000000000        0.0000000000
      808.0000000000        0.0000000000        0.0000000000
      809.0000000000        0.0000000000        0.0000000000
      810.0000000000        0.0000000000        0.0000000000
      811.0000000000        0.0000000000        0.0000000000
      812.0000000000        0.0000000000        0.0000000000
      813.0000000000        0.0000000000        0.0000000000
      814.0000000000        0.0000000000        0.0000000000
      815.0000000000        0.0000000000        0.0000000000
      816.0000000000        0.0000000000        0.0000000000
      817.0000000000        0.0000000000        0.0000000000
      818.0000000000        0.0000000000        0.0000000000
      819.0000000000        0.0000000000        0.0000000000
      820.0000000000        0.0000000000        0.0000000000
      821.0000000000        0.0000000000        0.0000000000
      822.0000000000        0.0000000000        0.0000000000
      823.0000000000        0.0000000000        0.0000000000
      824.0000000000        0.0000000000        0.0000000000
      825.0000000000        0.0000000000        0.0000000000
      826.0000000000        0.0000000000        0.0000000000
      827.0000000000        0.0000000000        0.0000000000
      828.0000000000        0.0000000000        0.0000000000
      829.0000000000        0.0000000000        0.0000000000
      830.0000000000        0.0000000000        0.0000000000
      831.0000000000        0.0000000000        0.0000000000
      832.0000000000        0.0000000000        0.0000000000
      833.0000000000        0.0000000000        0.0000000000
      834.0000000000        0.0000000000        0.0000000000
      835.0000000000        0.0000000000        0.0000000000
      836.0000000000        0.0000000000        0.0000000000
      837.0000000000        0.0000000000        0.0000000000
      838.0000000000        0.0000000000        0.0000000000
      839.0000000000        0.0000000000        0.0000000000
      840.0000000000        0.0000000000        0.0000000000
      841.0000000000        0.0000000000        0.0000000000
      842.0000000000        0.0000000000        0.0000000000
      843.0000000000        0.0000000000        0.0000000000
      844.0000000000        0.0000000000        0.0000000000
      845.0000000000        0.0000000000        0.0000000000
      846.0000000000        0.0000000000        0.0000000000
      847.0000000000        0.0000000000        0.0000000000
      848.0000000000        0.0000000000        0.0000000000
      849.0000000000        0.0000000000        0.0000000000
      850.0000000000        0.0000000000        0.0000000000
      851.0000000000        0.0000000000        0.0000000000
      852.0000000000        0.0000000000        0.0000000000
      853.0000000000        0.0000000000        0.0000000000
      854.0000000000        0.0000000000        0.0000000000
      855.0000000000        0.0000000000        0.0000000000
      856.0000000000        0.0000000000        0.0000000000
      857.0000000000        0.0000000000        0.0000000000
      858.0000000000        0.0000000000        0.0000000000
      859.0000000000        0.0000000000        0.0000000000
      860.0000000000        0.0000000000        0.0000000000
      861.0000000000        0.0000000000        0.0000000000
      862.0000000000        0.0000000000        0.0000000000
      863.0000000000        0.0000000000        0.0000000000
      864.0000000000        0.0000000000        0.0000000000
      865.0000000000        0.0000000000        0.0000000000
      866.0000000000        0.0000000000        0.0000000000
      867.0000000000        0.0000000000        0.0000000000
      868.0000000000        0.0000000000        0.0000000000
      869.0000000000        0.0000000000        0.0000000000
      870.0000000000        0.0000000000        0.0000000000
      871.0000000000        0.0000000000        0.0000000000
      872.0000000000        0.0000000000        0.0000000000
      873.0000000000        0.0000000000        0.0000000000
      874.0000000000        0.0000000000        0.0000000000
      875.0000000000        0.0000000000        0.0000000000
      876.0000000000        0.0000000000        0.0000000000
      877.0000000000        0.0000000000        0.0000000000
      878.0000000000        0.0000000000        0.0000000000
      879.0000000000        0.0000000000        0.0000000000
      880.0000000000        0.0000000000        0.0000000000
      881.0000000000        0.0000000000        0.0000000000
      882.0000000000        0.0000000000        0.0000000000
      883.0000000000        0.0000000000        0.0000000000
      884.0000000000        0.0000000000        0.0000000000
      885.0000000000        0.0000000000        0.0000000000
      886.0000000000        0.0000000000        0.0000000000
      887.0000000000        0.0000000000        0.0000000000
      888.0000000000        0.0000000000        0.0000000000
      889.0000000000        0.0000000000        0.0000000000
      890.0000000000        0.0000000000        0.0000000000
      891.0000000000        0.0000000000        0.0000000000
      892.0000000000        0.0000000000        0.0000000000
      893.0000000000        0.0000000000        0.0000000000
      894.0000000000        0.0000000000        0.0000000000
      895.0000000000        0.0000000000        0.0000000000
      896.0000000000        0.0000000000        0.0000000000
      897.0000000000        0.0000000000        0.0000000000
      898.0000000000        0.0000000000        0.0000000000
      899.0000000000        0.0000000000        0.0000000000
      900.0000000000        0.0000000000        0.0000000000
      901.0000000000        0.0000000000        0.0000000000
      902.0000000000        0.0000000000        0.0000000000
      903.0000000000        0.0000000000        0.0000000000
      904.0000000000        0.0000000000        0.0000000000
      905.0000000000        0.0000000000        0.0000000000
      906.0000000000        0.0000000000        0.0000000000
      907.0000000000        0.0000000000        0.0000000000
      908.0000000000        0.0000000000        0.0000000000
      909.0000000000        0.0000000000        0.0000000000
      910.0000000000        0.0000000000        0.0000000000
      911.0000000000        0.0000000000        0.0000000000
      912.0000000000        0.0000000000        0.0000000000
      913.0000000000        0.0000000000        0.0000000000
      914.0000000000        0.0000000000        0.0000000000
      915.0000000000        0.0000000000        0.0000000000
      916.0000000000        0.0000000000        0.0000000000
      917.0000000000        0.0000000000        0.0000000000
      918.0000000000        0.0000000000        0.0000000000
      919.0000000000        0.0000000000        0.0000000000
      920.0000000000        0.0000000000        0.0000000000
      921.0000000000        0.0000000000        0.0000000000
      922.0000000000        0.0000000000        0.0000000000
      923.0000000000        0.0000000000        0.0000000000
      924.0000000000        0.0000000000        0.0000000000
      925.0000000000        0.0000000000        0.0000000000
      926.0000000000        0.0000000000        0.0000000000
      927.0000000000        0.0000000000        0.0000000000
      928.0000000000        0.0000000000        0.0000000000
      929.0000000000        0.0000000000        0.0000000000
      930.0000000000        0.0000000000        0.0000000000
      931.0000000000        0.0000000000        0.0000000000
      932.0000000000        0.0000000000        0.0000000000
      933.0000000000        0.0000000000        0.0000000000
      934.0000000000        0.0000000000        0.0000000000
      935.0000000000        0.0000000000        0.0000000000
      936.0000000000        0.0000000000        0.0000000000
      937.0000000000        0.0000000000        0.0000000000
      938.0000000000        0.0000000000        0.0000000000
      939.0000000000        0.0000000000        0.0000000000
      940.0000000000        0.0000000000        0.0000000000
      941.0000000000        0.0000000000        0.0000000000
      942.0000000000        0.0000000000        0.0000000000
      943.0000000000        0.0000000000        0.0000000000
      944.0000000000        0.0000000000        0.0000000000
      945.0000000000        0.0000000000        0.0000000000
      946.0000000000        0.5712941350        0.0071608673
      947.0000000000        0.5785228731        0.0072971799
      948.0000000000        0.5858896551        0.0074369735
      949.0000000000        0.5933980177        0.0075803600
      950.0000000000        0.6010516113        0.0077274555
      951.0000000000        0.6088542051        0.0078783807
      952.0000000000        0.6168096910        0.0080332610
      953.0000000000        0.6249220888        0.0081922268
      954.0000000000        0.6331955515        0.0083554137
      955.0000000000        0.6416343701        0.0085229626
      956.0000000000        0.6502429797        0.0086950204
      957.0000000000        0.6590259646        0.0088717396
      958.0000000000        0.6679880655        0.0090532790
      959.0000000000        0.6771341846        0.0092398043
      960.0000000000        0.6864693933        0.0094314876
      961.0000000000        0.6959989389        0.0096285085
      962.0000000000        0.7057282518        0.0098310539
      963.0000000000        0.7156629532        0.0100393190
      964.0000000000        0.7258088638        0.0102535068
      965.0000000000        0.7361720116        0.0104738294
      966.0000000000        0.7467586411        0.0107005080
      967.0000000000        0.7575752230        0.0109337733
      968.0000000000        0.7686284635        0.0111738663
      969.0000000000        0.7799253153        0.0114210386
      970.0000000000        0.7914729880        0.0116755530
      971.0000000000        0.8032789600        0.0119376839
      972.0000000000        0.8153509902        0.0122077184
      973.0000000000        0.8276971312        0.0124859566
      974.0000000000        1.0639548714        0.0155694378
      975.0000000000        1.0796978055        0.0159181549
      976.0000000000        1.0957946953        0.0162774148
      977.0000000000        1.1122562835        0.0166476205
      978.0000000000        1.1290937253        0.0170291939
      979.0000000000        1.1463186075        0.0174225765
      980.0000000000        1.1639429686        0.0178282308
      981.0000000000        1.1819793207        0.0182466410
      982.0000000000        1.2004406716        0.0186783149
      983.0000000000        1.2193405488        0.0191237844
      984.0000000000        1.2386930247        0.0195836076
      985.0000000000        1.2585127433        0.0200583699
      986.0000000000        1.2788149487        0.0205486858
      987.0000000000        1.2996155141        0.0210552003
      988.0000000000        1.3209309743        0.0215785911
      989.0000000000        1.3427785587        0.0221195702
      990.0000000000        1.3651762266        0.0226788862
      991.0000000000        1.3881427054        0.0232573264
      992.0000000000        1.4116975297        0.0238557190
      993.0000000000        1.4358610843        0.0244749360
      994.0000000000        1.4606546487        0.0251158957
      995.0000000000        1.4861004452        0.0257795655
      996.0000000000        1.5122216891        0.0264669652
      997.0000000000        1.5390426434        0.0271791704
      998.0000000000        1.5665886758        0.0279173156
      999.0000000000        1.5948863199        0.0286825989
     1000.0000000000        1.6239633406        0.0294762853
     1001.0000000000        1.6538488031        0.0302997118
     1002.0000000000        1.6845731477        0.0311542917
     1003.0000000000        1.7161682685        0.0320415203
     1004.0000000000        1.7486675977        0.0329629800
     1005.0000000000        1.7821061963        0.0339203465
     1006.0000000000        1.8165208504        0.0349153957
     1007.0000000000        1.8519501748        0.0359500100
     1008.0000000000        1.8884347230        0.0370261864
     1009.0000000000        1.9260171067        0.0381460447
     1010.0000000000        1.9647421220        0.0393118364
     1011.0000000000        2.0046568865        0.0405259541
     1012.0000000000        2.0458109853        0.0417909425
     1013.0000000000        2.0882566289        0.0431095092
     1014.0000000000        2.1320488221        0.0444845376
     1015.0000000000        2.1772455465        0.0459191001
     1016.0000000000        2.2239079567        0.0474164730
     1017.0000000000        2.2721005919        0.0489801521
     1018.0000000000        2.3218916045        0.0506138705
     1019.0000000000        2.3733530061        0.0523216177
     1020.0000000000        2.4265609348        0.0541076600
     1021.0000000000        2.4815959429        0.0559765637
     1022.0000000000        2.5385433092        0.0579332201
     1023.0000000000        2.5974933776        0.0599828726
     1024.0000000000        2.6585419236        0.0621311466
     1025.0000000000        2.7217905534        0.0643840833
     1026.0000000000        2.7873471365        0.0667481751
     1027.0000000000        2.8553262775        0.0692304064
     1028.0000000000        2.9258498292        0.0718382970
     1029.0000000000        2.9990474524        0.0745799517
     1030.0000000000        3.0750572271        0.0774641132
     1031.0000000000        3.1890037623        0.0809377585
     1032.0000000000        3.2715308312        0.0841443330
     1033.0000000000        3.3573502207        0.0875243153
     1034.0000000000        3.4466412428        0.0910896742
     1035.0000000000        3.5395956752        0.0948533884
     1036.0000000000        3.6364188213        0.0988295485
     1037.0000000000        3.7373306773        0.1030334691
     1038.0000000000        3.8425672183        0.1074818159
     1039.0000000000        3.9523818188        0.1121927468
     1040.0000000000        4.0670468227        0.1171860709
     1041.0000000000        4.1868552820        0.1224834268
     1042.0000000000        4.3121228848        0.1281084834
     1043.0000000000        4.4431900964        0.1340871662
     1044.0000000000        4.5804245411        0.1404479137
     1045.0000000000        4.7242236573        0.1472219661
     1046.0000000000        4.8750176598        0.1544436945
     1047.0000000000        5.0332728530        0.1621509736
     1048.0000000000        5.1994953428        0.1703856069
     1049.0000000000        5.3742352022        0.1791938117
     1050.0000000000        5.5580911563        0.1886267735
     1051.0000000000        5.7517158614        0.1987412825
     1052.0000000000        5.9558218660        0.2096004641
     1053.0000000000        6.1711883574        0.2212746203
     1054.0000000000        6.3986688126        0.2338422027
     1055.0000000000        6.6391996964        0.2473909376
     1056.0000000000        6.8938103738        0.2620191331
     1057.0000000000        7.1636344331        0.2778372016
     1058.0000000000        7.4499226554        0.2949694362
     1059.0000000000        7.7540579090        0.3135560935
     1060.0000000000        8.0775723026        0.3337558392
     1061.0000000000        8.4221669964        0.3557486327
     1062.0000000000        8.7897351537        0.3797391388
     1063.0000000000        9.1823886132        0.4059607783
     1064.0000000000        9.6024889869        0.4346805549
     1065.0000000000       10.0526840430        0.4662048290
     1066.0000000000       10.5359504231        0.5008862526
     1067.0000000000       11.0556439837        0.5391321336
     1068.0000000000       11.6155593550        0.5814145687
     1069.0000000000       12.2200006917        0.6282827755
     1070.0000000000       12.8738660782        0.6803781731
     1071.0000000000       13.5827486759        0.7384529175
     1072.0000000000       14.3530585022        0.8033928039
     1073.0000000000       15.1921697762        0.8762457205
     1074.0000000000       16.1086001231        0.9582572093
     1075.0000000000       17.1122297197        1.0509151772
     1076.0000000000       18.2145708261        1.1560064790
     1077.0000000000       19.4291013048        1.2756890077
     1078.0000000000       20.7716799649        1.4125842033
     1079.0000000000       22.2610673163        1.5698966564
     1080.0000000000       23.9195831665        1.7515699773
     1081.0000000000       25.7739433304        1.9624916330
     1082.0000000000       27.8563328011        2.2087645259
     1083.0000000000       30.2057939528        2.4980704340
     1084.0000000000       32.8700384960        2.8401611905
     1085.0000000000       35.9078352200        3.2475294048
     1086.0000000000       39.3921884723        3.7363343672
     1087.0000000000       43.4146147377        4.3276948392
     1088.0000000000       48.0909619845        5.0495155621
     1089.0000000000       53.5694227114        5.9390993675
     1090.0000000000       60.0417047266        7.0469289348
     1091.0000000000       67.7588031593        8.4422082780
     1092.0000000000       77.0535557035       10.2210740174
     1093.0000000000       88.3733007299       12.5188747154
     1094.0000000000      102.3276915504       15.5286271566
     1095.0000000000      119.7592751244       19.5286722972
     1096.0000000000      141.8478917534       24.9233053725
     1097.0000000000      170.2634957836       32.2991152268
     1098.0000000000      207.3815161306       42.4911286477
     1099.0000000000      256.5551408806       56.6178982037
     1100.0000000000      322.3507704461       75.9285803255
     1101.0000000000      410.3567619304      100.9746707967
     1102.0000000000      525.3662108284      128.9144123044
     1103.0000000000      665.2426974258      147.4504895982
     1104.0000000000      808.1461045778      129.5102873302
     1105.0000000000      903.5081009587       51.3137338241
     1106.0000000000      899.5590823367      -58.6648399333
     1107.0000000000      799.0621872745     -132.0877638796
     1108.0000000000      655.8796232561     -145.8497280369
     1109.0000000000      518.5957660242     -125.6985476935
     1110.0000000000      406.9263178448      -97.6539278272
     1111.0000000000      322.0769836114      -72.9596769535
     1112.0000000000      259.0643587272      -54.0055202948
     1113.0000000000      212.3734141720      -40.1157261987
     1114.0000000000      177.5673685989      -30.0297813869
     1115.0000000000      151.4172930416      -22.6434105527
     1116.0000000000      131.6575115894      -17.1341960977
     1117.0000000000      116.7192238191      -12.9197097271
     1118.0000000000      105.5243913479       -9.5901179223
     1119.0000000000       97.3428948763       -6.8512064738
     1120.0000000000       91.6991583937       -4.4821428382
     1121.0000000000       88.3149922788       -2.3045296947
     1122.0000000000       87.0796095329       -0.1582888809
     1123.0000000000       88.0420333986        2.1196231756
     1124.0000000000       91.4248328316        4.7171179731
     1125.0000000000       97.6612631902        7.8722371461
     1126.0000000000      107.4597277656       11.9021955483
     1127.0000000000      121.8964009731       17.2277731441
     1128.0000000000      142.5161956703       24.3543754857
     1129.0000000000      171.3457859733       33.6800931085
     1130.0000000000      210.4951079530       44.7785733219
     1131.0000000000      260.5161667870       54.5221964315
     1132.0000000000      316.2862227732       54.3242247334
     1133.0000000000      361.7946454554       32.4658803611
     1134.0000000000      374.3055774185       -9.1102168912
     1135.0000000000      345.3673039243      -45.6188758182
     1136.0000000000      291.1594988830      -58.8371677166
     1137.0000000000      233.6847116915      -54.2179584062
     1138.0000000000      184.6875526578      -43.4777027164
     1139.0000000000      146.5803777874      -33.0317237557
     1140.0000000000      117.8865125273      -24.7431641899
     1141.0000000000       96.3702077104      -18.6139665503
     1142.0000000000       80.0950732322      -14.1765318545
     1143.0000000000       67.6102651746      -10.9636391559
     1144.0000000000       57.8808938590       -8.6149838103
     1145.0000000000       50.1784359014       -6.8745304802
     1146.0000000000       43.9887242890       -5.5652160487
     1147.0000000000       38.9453251596       -4.5651658530
     1148.0000000000       34.7837012829       -3.7900187925
     1149.0000000000       31.3101780133       -3.1807632917
     1150.0000000000       28.3809421057       -2.6955914114
     1151.0000000000       25.8877311628       -2.3044792514
     1152.0000000000       23.7479789899       -1.9855689404
     1153.0000000000       21.8979464122       -1.7227330063
     1154.0000000000       20.2878718657       -1.5039167702
     1155.0000000000       18.8785042892       -1.3199965261
     1156.0000000000       17.6385938105       -1.1639830641
     1157.0000000000       16.5430545469       -1.0304589874
     1158.0000000000       15.5716050854       -0.9151761078
     1159.0000000000       14.7077528151       -0.8147636701
     1160.0000000000       13.9380290021       -0.7265140980
     1161.0000000000       13.2514091982       -0.6482234449
     1162.0000000000       12.6388726733       -0.5780706952
     1163.0000000000       12.0930679381       -0.5145247149
     1164.0000000000       11.6080609596       -0.4562707671
     1165.0000000000       11.1791496468       -0.4021505858
     1166.0000000000       10.8027334653       -0.3511113483
     1167.0000000000       10.4762312609       -0.3021596869
     1168.0000000000       10.1980440081       -0.2543172524
     1169.0000000000        9.9675626775       -0.2065743038
     1170.0000000000        9.7852251286       -0.1578373367
     1171.0000000000        9.6526303728       -0.1068657671
     1172.0000000000        9.5727243239       -0.0521909622
     1173.0000000000        9.5500791475        0.0079918795
     1174.0000000000        9.5912998653        0.0759729232
     1175.0000000000        9.7056090076        0.1547388366
     1176.0000000000        9.9056860210        0.2482776488
     1177.0000000000       10.2088778020        0.3620261234
     1178.0000000000       10.6389577123        0.5035346600
     1179.0000000000       11.2287037415        0.6834637093
     1180.0000000000       12.0237059236        0.9170786366
     1181.0000000000       13.0880086133        1.2264646859
     1182.0000000000       14.5124219452        1.6436761561
     1183.0000000000       16.4264409880        2.2147243465
     1184.0000000000       19.0140664640        3.0029023597
     1185.0000000000       22.5303349086        4.0850305522
     1186.0000000000       27.3028090473        5.5194350486
     1187.0000000000       33.6653650582        7.2287450076
     1188.0000000000       41.6905738142        8.6978193955
     1189.0000000000       50.5299404379        8.5468174123
     1190.0000000000       57.6143346029        4.9622296126
     1191.0000000000       59.4068181839       -1.6079920417
     1192.0000000000       54.7384576052       -7.2166569572
     1193.0000000000       46.2472328005       -9.1549956865
     1194.0000000000       37.3400667022       -8.3755869457
     1195.0000000000       29.7846681882       -6.6943310865
     1196.0000000000       23.9216921349       -5.0790860214
     1197.0000000000       19.5105403063       -3.8034519693
     1198.0000000000       16.2026936301       -2.8623391774
     1199.0000000000       13.6990189632       -2.1819842637
     1200.0000000000       11.7761503225       -1.6899661904
     1201.0000000000       10.2750108285       -1.3307223792
     1202.0000000000        9.0837161445       -1.0648502197
     1203.0000000000        8.1233540874       -0.8651259857
     1204.0000000000        7.3377207615       -0.7128208956
     1205.0000000000        6.6862680199       -0.5949761409
     1206.0000000000        6.1393308293       -0.5025308844
     1207.0000000000        5.6748980638       -0.4290695175
     1208.0000000000        5.2764121000       -0.3699883888
     1209.0000000000        4.9312534903       -0.3219395612
     1210.0000000000        4.6296846272       -0.2824563598
     1211.0000000000        4.3641039124       -0.2496985602
     1212.0000000000        4.1285123948       -0.2222769121
     1213.0000000000        3.9181275670       -0.1991308093
     1214.0000000000        3.7291003434       -0.1794419608
     1215.0000000000        3.5583052668       -0.1625727389
     1216.0000000000        3.4031832975       -0.1480216411
     1217.0000000000        3.2616227887       -0.1353907600
     1218.0000000000        3.1318684924       -0.1243617731
     1219.0000000000        3.0124513551       -0.1146780429
     1220.0000000000        2.9021338808       -0.1061311470
     1221.0000000000        2.7998672613       -0.0985506485
     1222.0000000000        2.7047574787       -0.0917962633
     1223.0000000000        2.6160383045       -0.0857518116
     1224.0000000000        2.5330496445       -0.0803205137
     1225.0000000000        2.4552200560       -0.0754213033
     1226.0000000000        2.3820525454       -0.0709859181
     1227.0000000000        2.3131129630       -0.0669565901
     1228.0000000000        2.2480204657       -0.0632841987
     1229.0000000000        2.1864396383       -0.0599267871
     1230.0000000000        2.1280739513       -0.0568483618
     1231.0000000000        2.0726603009       -0.0540179173
     1232.0000000000        2.0199644336       -0.0514086394
     1233.0000000000        1.9697770923       -0.0489972505
     1234.0000000000        1.9219107580       -0.0467634700
     1235.0000000000        1.8761968839       -0.0446895670
     1236.0000000000        1.8324835368       -0.0427599878
     1237.0000000000        1.7906333805       -0.0409610453
     1238.0000000000        1.7505219434       -0.0392806574
     1239.0000000000        1.7120361263       -0.0377081275
     1240.0000000000        1.6750729130       -0.0362339585
     1241.0000000000        1.6395382509       -0.0348496952
     1242.0000000000        1.6053460786       -0.0335477903
     1243.0000000000        1.5724174767       -0.0323214892
     1244.0000000000        1.5406799255       -0.0311647325
     1245.0000000000        1.5100666525       -0.0300720713
     1246.0000000000        1.4805160602       -0.0290385942
     1247.0000000000        1.4519712195       -0.0280598650
     1248.0000000000        1.4243794235       -0.0271318679
     1249.0000000000        1.3976917909       -0.0262509601
     1250.0000000000        1.3718629138       -0.0254138306
     1251.0000000000        1.3468505449       -0.0246174643
     1252.0000000000        1.3226153171       -0.0238591103
     1253.0000000000        1.2991204941       -0.0231362541
     1254.0000000000        1.2763317457       -0.0224465937
     1255.0000000000        1.2542169471       -0.0217880176
     1256.0000000000        1.2327459974       -0.0211585860
     1257.0000000000        1.2118906568       -0.0205565141
     1258.0000000000        1.1916243990       -0.0199801571
     1259.0000000000        1.1719222782       -0.0194279971
     1260.0000000000        1.1527608079       -0.0188986311
     1261.0000000000        1.1341178519       -0.0183907605
     1262.0000000000        1.1159725240       -0.0179031817
     1263.0000000000        1.0983050976       -0.0174347780
     1264.0000000000        1.0810969231       -0.0169845114
     1265.0000000000        1.0643303517       -0.0165514164
     1266.0000000000        0.4843546778       -0.0091172365
     1267.0000000000        0.4753744160       -0.0088452572
     1268.0000000000        0.4666603345       -0.0085847662
     1269.0000000000        0.4582012667       -0.0083351275
     1270.0000000000        0.4499866600       -0.0080957486
     1271.0000000000        0.4420065340       -0.0078660772
     1272.0000000000        0.4342514419       -0.0076455978
     1273.0000000000        0.4267124352       -0.0074338289
     1274.0000000000        0.4193810311       -0.0072303200
     1275.0000000000        0.4122491825       -0.0070346498
     1276.0000000000        0.4053092504       -0.0068464235
     1277.0000000000        0.3985539779       -0.0066652709
     1278.0000000000        0.3919764667       -0.0064908447
     1279.0000000000        0.3855701553       -0.0063228187
     1280.0000000000        0.3793287984       -0.0061608863
     1281.0000000000        0.3732464478       -0.0060047592
     1282.0000000000        0.3673174356       -0.0058541659
     1283.0000000000        0.3615363569       -0.0057088507
     1284.0000000000        0.3558980554       -0.0055685725
     1285.0000000000        0.3503976089       -0.0054331039
     1286.0000000000        0.3450303162       -0.0053022302
     1287.0000000000        0.3397916846       -0.0051757486
     1288.0000000000        0.3346774189       -0.0050534674
     1289.0000000000        0.3296834102       -0.0049352052
     1290.0000000000        0.3248057261       -0.0048207903
     1291.0000000000        0.3200406014       -0.0047100602
     1292.0000000000        0.3153844289       -0.0046028608
     1293.0000000000        0.3108337517       -0.0044990460
     1294.0000000000        0.0837484463       -0.0016203421
     1295.0000000000        0.0821513057       -0.0015742348
     1296.0000000000        0.0805993995       -0.0015298595
     1297.0000000000        0.0790910362       -0.0014871357
     1298.0000000000        0.0776246029       -0.0014459874
     1299.0000000000        0.0761985603       -0.0014063426
     1300.0000000000        0.0748114393       -0.0013681332
     1301.0000000000        0.0734618368       -0.0013312950
     1302.0000000000        0.0721484126       -0.0012957670
     1303.0000000000        0.0708698854       -0.0012614915
     1304.0000000000        0.0968930776       -0.0008873675
     1305.0000000000        0.0960249947       -0.0008489580
     1306.0000000000        0.0951948511       -0.0008114801
     1307.0000000000        0.0944017412       -0.0007748821
     1308.0000000000        0.0936448103       -0.0007391139
     1309.0000000000        0.0929232526       -0.0007041280
     1310.0000000000        0.0922363089       -0.0006698783
     1311.0000000000        0.0915832654       -0.0006363206
     1312.0000000000        0.0909634513       -0.0006034124
     1313.0000000000        0.0903762377       -0.0005711127
     1314.0000000000        0.0898210363       -0.0005393817
     1315.0000000000        0.0892972976       -0.0005081811
     1316.0000000000        0.0888045098       -0.0004774736
     1317.0000000000        0.0883421981       -0.0004472231
     1318.0000000000        0.0879099229       -0.0004173946
     1319.0000000000        0.0875072797       -0.0003879537
     1320.0000000000        0.0871338973       -0.0003588672
     1321.0000000000        0.0867894380       -0.0003301024
     1322.0000000000        0.0864735961       -0.0003016272
     1323.0000000000        0.0861860975       -0.0002734104
     1324.0000000000        0.0859266995       -0.0002454210
     1325.0000000000        0.0856951898       -0.0002176287
     1326.0000000000        0.0854913863       -0.0001900035
     1327.0000000000        0.0853151370       -0.0001625156
     1328.0000000000        0.0851663192       -0.0001351356
     1329.0000000000        0.0850448397       -0.0001078341
     1330.0000000000        0.0849506345       -0.0000805821
     1331.0000000000        0.0848836688       -0.0000533503
     1332.0000000000        0.0848439369       -0.0000261096
     1333.0000000000        0.0848314623        0.0000011692
     1334.0000000000        0.0848462977        0.0000285154
     1335.0000000000        0.0848885255        0.0000559588
     1336.0000000000        0.0849582576        0.0000835291
     1337.0000000000        0.0850556360        0.0001112566
     1338.0000000000        0.0851808333        0.0001391719
     1339.0000000000        0.0853340528        0.0001673063
     1340.0000000000        0.0855155294        0.0001956914
     1341.0000000000        0.0857255299        0.0002243595
     1342.0000000000        0.0859643539        0.0002533439
     1343.0000000000        0.0862323345        0.0002826784
     1344.0000000000        0.0865298390        0.0003123978
     1345.0000000000        0.0868572703        0.0003425379
     1346.0000000000        0.0872150674        0.0003731356
     1347.0000000000        0.0876037066        0.0004042288
     1348.0000000000        0.0880237033        0.0004358570
     1349.0000000000        0.0884756125        0.0004680609
     1350.0000000000        0.0889600310        0.0005008826
     1351.0000000000        0.0546886683        0.0009683701
     1352.0000000000        0.0556700465        0.0009945413
     1353.0000000000        0.0566780680        0.0010216637
     1354.0000000000        0.0577137055        0.0010497809
     1355.0000000000        0.0587779767        0.0010789390
     1356.0000000000        0.0598719465        0.0011091864
     1357.0000000000        0.0609967297        0.0011405745
     1358.0000000000        0.0621534939        0.0011731577
     1359.0000000000        0.0633434625        0.0012069932
     1360.0000000000        0.0645679180        0.0012421418
     1361.0000000000        0.0658282053        0.0012786678
     1362.0000000000        0.0671257355        0.0013166393
     1363.0000000000        0.0684619898        0.0013561285
     1364.0000000000        0.0698385238        0.0013972119
     1365.0000000000        0.0712569720        0.0014399707
     1366.0000000000        0.0727190524        0.0014844912
     1367.0000000000        0.0742265721        0.0015308650
     1368.0000000000        0.0757814325        0.0015791894
     1369.0000000000        0.0773856356        0.0016295682
     1370.0000000000        0.0790412903        0.0016821114
     1371.0000000000        0.0807506191        0.0017369367
     1372.0000000000        0.0825159659        0.0017941690
     1373.0000000000        0.0843398039        0.0018539420
     1374.0000000000        0.0862247442        0.0019163980
     1375.0000000000        0.0881735450        0.0019816893
     1376.0000000000        0.0901891219        0.0020499784
     1377.0000000000        0.0922745588        0.0021214392
     1378.0000000000        0.0944331195        0.0021962579
     1379.0000000000        0.0966682603        0.0022746340
     1380.0000000000        0.0992545123        0.0023601754
     1381.0000000000        0.1016574504        0.0024463877
     1382.0000000000        0.1041487037        0.0025368485
     1383.0000000000        0.1067326515        0.0026318225
     1384.0000000000        0.1094139478        0.0027315946
     1385.0000000000        0.1121975420        0.0028364714
     1386.0000000000        0.1150887019        0.0029467833
     1387.0000000000        0.1180930389        0.0030628869
     1388.0000000000        0.1212165343        0.0031851669
     1389.0000000000        0.1244655698        0.0033140393
     1390.0000000000        0.1278469598        0.0034499539
     1391.0000000000        0.1313679870        0.0035933980
     1392.0000000000        0.1350364413        0.0037448999
     1393.0000000000        0.1388606632        0.0039050328
     1394.0000000000        0.1428495909        0.0040744196
     1395.0000000000        0.1470128122        0.0042537379
     1396.0000000000        0.1513606224        0.0044437255
     1397.0000000000        0.1559040871        0.0046451871
     1398.0000000000        0.1606551132        0.0048590011
     1399.0000000000        0.1656265259        0.0050861279
     1400.0000000000        0.1708321557        0.0053276184
     1401.0000000000        0.1762869336        0.0055846251
     1402.0000000000        0.1820069981        0.0058584126
     1403.0000000000        0.1880098142        0.0061503713
     1404.0000000000        0.1943143062        0.0064620319
     1405.0000000000        0.2009410060        0.0067950823
     1406.0000000000        0.2079122198        0.0071513865
     1407.0000000000        0.2152522152        0.0075330067
     1408.0000000000        0.2229874308        0.0079422280
     1409.0000000000        0.2311467139        0.0083815870
     1410.0000000000        0.2397615876        0.0088539051
     1411.0000000000        0.2488665542        0.0093623257
     1412.0000000000        0.2584994384        0.0099103582
     1413.0000000000        0.2687017780        0.0105019287
     1414.0000000000        0.2795192695        0.0111414384
     1415.0000000000        0.2910022761        0.0118338324
     1416.0000000000        0.3032064106        0.0125846790
     1417.0000000000        0.3161932042        0.0134002633
     1418.0000000000        0.3300308765        0.0142876971
     1419.0000000000        0.3447952250        0.0152550476
     1420.0000000000        0.3605706550        0.0163114909
     1421.0000000000        0.3774513763        0.0174674929
     1422.0000000000        0.3955427980        0.0187350252
     1423.0000000000        0.4149631591        0.0201278233
     1424.0000000000        0.4358454423        0.0216616957
     1425.0000000000        0.4583396282        0.0233548977
     1426.0000000000        0.4826153603        0.0252285822
     1427.0000000000        0.5088651078        0.0273073488
     1428.0000000000        0.5373079362        0.0296199140
     1429.0000000000        0.5681940213        0.0321999335
     1430.0000000000        0.6018100783        0.0350870177
     1431.0000000000        0.6384859224        0.0383279902
     1432.0000000000        0.6786024387        0.0419784589
     1433.0000000000        0.7226013137        0.0461047869
     1434.0000000000        0.7709969873        0.0507865829
     1435.0000000000        0.8243914160        0.0561198660
     1436.0000000000        0.8834924261        0.0622211196
     1437.0000000000        0.9491366788        0.0692325183
     1438.0000000000        1.0223186084        0.0773287228
     1439.0000000000        1.1042271583        0.0867257859
     1440.0000000000        1.1962927803        0.0976929237
     1441.0000000000        1.3002480689        0.1105682219
     1442.0000000000        1.4182066744        0.1257797894
     1443.0000000000        1.5527669705        0.1438745454
     1444.0000000000        1.7071495919        0.1655578099
     1445.0000000000        1.8853818309        0.1917483672
     1446.0000000000        2.0925476047        0.2236559476
     1447.0000000000        2.3351302755        0.2628915733
     1448.0000000000        2.6214885695        0.3116266454
     1449.0000000000        2.9625256333        0.3728251120
     1450.0000000000        3.3726417127        0.4505862254
     1451.0000000000        3.8711078731        0.5506556683
     1452.0000000000        4.4840701071        0.6811929711
     1453.0000000000        5.2475008272        0.8539242231
     1454.0000000000        6.2115660937        1.0858520564
     1455.0000000000        7.4470553462        1.4016915148
     1456.0000000000        9.0546073774        1.8369693692
     1457.0000000000       11.1769898778        2.4406630519
     1458.0000000000       14.0120635525        3.2725314704
     1459.0000000000       17.8145470245        4.3790539667
     1460.0000000000       22.8465861116        5.7045062538
     1461.0000000000       29.1747567045        6.8596507674
     1462.0000000000       36.1637203422        6.7865557041
     1463.0000000000       41.8449119965        4.0610252748
     1464.0000000000       43.4527496331       -1.0398685987
     1465.0000000000       40.0012272340       -5.4734770765
     1466.0000000000       33.4953395119       -7.0576604769
     1467.0000000000       26.6096330343       -6.4861700504
     1468.0000000000       20.7574595251       -5.1832993401
     1469.0000000000       16.2232762258       -3.9213125258
     1470.0000000000       12.8249344569       -2.9223901488
     1471.0000000000       10.2907376111       -2.1852993969
     1472.0000000000        8.3861559232       -1.6529091516
     1473.0000000000        6.9357531054       -1.2684939629
     1474.0000000000        5.8145383052       -0.9883969236
     1475.0000000000        4.9346228744       -0.7816262623
     1476.0000000000        4.2340559814       -0.6267646124
     1477.0000000000        3.6687508582       -0.5090800580
     1478.0000000000        3.2069334997       -0.4183829725
     1479.0000000000        2.8253855261       -0.3475521596
     1480.0000000000        2.5069024463       -0.2915482240
     1481.0000000000        2.2385621911       -0.2467573147
     1482.0000000000        2.0105331539       -0.2105531227
     1483.0000000000        1.8152436093       -0.1810021062
     1484.0000000000        1.6467955331       -0.1566629596
     1485.0000000000        1.5005456022       -0.1364485666
     1486.0000000000        1.3728019465       -0.1195297956
     1487.0000000000        1.2606020318       -0.1052676322
     1488.0000000000        1.1615481018       -0.0931647293
     1489.0000000000        1.0736839349       -0.0828304197
     1490.0000000000        0.9954015949       -0.0739551699
     1491.0000000000        0.9253701891       -0.0662917325
     1492.0000000000        0.8624809433       -0.0596411006
     1493.0000000000        0.8058044907       -0.0538419415
     1494.0000000000        0.7545573885       -0.0487625763
     1495.0000000000        0.7080756691       -0.0442948401
     1496.0000000000        0.6657937951       -0.0403493436
     1497.0000000000        0.6272278031       -0.0368517878
     1498.0000000000        0.5919617139       -0.0337400777
     1499.0000000000        0.5596365119       -0.0309620443
     1500.0000000000        0.5299411571       -0.0284736367
     1501.0000000000        0.5026052173       -0.0262374755
     1502.0000000000        0.4773927980       -0.0242216904
     1503.0000000000        0.4540975208       -0.0223989786
     1504.0000000000        0.4325383523       -0.0207458375
     1505.0000000000        0.4125561287       -0.0192419357
     1506.0000000000        0.3940106522       -0.0178695938
     1507.0000000000        0.3767782619       -0.0166133513
     1508.0000000000        0.3607498019       -0.0154596030
     1509.0000000000        0.3458289250       -0.0143962896
     1510.0000000000        0.3319306830       -0.0134126301
     1511.0000000000        0.3189803687       -0.0124988865
     1512.0000000000        0.3069125810       -0.0116461508
     1513.0000000000        0.2956704952       -0.0108461454
     1514.0000000000        0.2852053298       -0.0100910291
     1515.0000000000        0.2754760087       -0.0093731982
     1516.0000000000        0.2664490297       -0.0086850710
     1517.0000000000        0.2580985614       -0.0080188430
     1518.0000000000        0.2504068082       -0.0073661925
     1519.0000000000        0.2433647049       -0.0067179116
     1520.0000000000        0.2369730316       -0.0060634250
     1521.0000000000        0.2312440875       -0.0053901451
     1522.0000000000        0.2262041236       -0.0046825821
     1523.0000000000        0.2218968335       -0.0039210935
     1524.0000000000        0.2183883478       -0.0030800912
     1525.0000000000        0.2157744011       -0.0021254326
     1526.0000000000        0.2141906861       -0.0010105693
     1527.0000000000        0.2138279381        0.0003291966
     1528.0000000000        0.2149541037        0.0019853344
     1529.0000000000        0.2179471410        0.0040889992
     1530.0000000000        0.2233436187        0.0068300234
     1531.0000000000        0.2319099834        0.0104833438
     1532.0000000000        0.2447433006        0.0154403886
     1533.0000000000        0.2633995916        0.0222272305
     1534.0000000000        0.2900083291        0.0314387927
     1535.0000000000        0.3271976181        0.0433677841
     1536.0000000000        0.3772845030        0.0567796121
     1537.0000000000        0.4394840172        0.0661031687
     1538.0000000000        0.5039583757        0.0587499754
     1539.0000000000        0.5471925534        0.0229314789
     1540.0000000000        0.5440800123       -0.0291679521
     1541.0000000000        0.4945621764       -0.0650894190
     1542.0000000000        0.4236931150       -0.0725474362
     1543.0000000000        0.3550120964       -0.0632936250
     1544.0000000000        0.2983836264       -0.0499364915
     1545.0000000000        0.2545966911       -0.0380672276
     1546.0000000000        0.2213240513       -0.0289292383
     1547.0000000000        0.1959221126       -0.0222325135
     1548.0000000000        0.1762444644       -0.0173827618
     1549.0000000000        0.1607178028       -0.0138541144
     1550.0000000000        0.1482275539       -0.0112554287
     1551.0000000000        0.1379893813       -0.0093122521
     1552.0000000000        0.1294482373       -0.0078354438
     1553.0000000000        0.1222068961       -0.0066947330
     1554.0000000000        0.1159771667       -0.0057997175
     1555.0000000000        0.1105469134       -0.0050869451
     1556.0000000000        0.1057577062       -0.0045112963
     1557.0000000000        0.1014895490       -0.0040402499
     1558.0000000000        0.0976503258       -0.0036500476
     1559.0000000000        0.0941684157       -0.0033231044
     1560.0000000000        0.0909874588       -0.0030462405
     1561.0000000000        0.0880625992       -0.0028094596
     1562.0000000000        0.0853577536       -0.0026050937
     1563.0000000000        0.0828436026       -0.0024271982
     1564.0000000000        0.0804960962       -0.0022711179
     1565.0000000000        0.0782953300       -0.0021331725
     1566.0000000000        0.0762246911       -0.0020104264
     1567.0000000000        0.0742702030       -0.0019005177
     1568.0000000000        0.0724200187       -0.0018015315
     1569.0000000000        0.0706640240       -0.0017119026
     1570.0000000000        0.0689935263       -0.0016303428
     1571.0000000000        0.0674010064       -0.0015557848
     1572.0000000000        0.0658799211       -0.0014873380
     1573.0000000000        0.0644245437       -0.0014242550
     1574.0000000000        0.0630298347       -0.0013659044
     1575.0000000000        0.0616913369       -0.0013117504
     1576.0000000000        0.0604050884       -0.0012613352
     1577.0000000000        0.0591675518       -0.0012142660
     1578.0000000000        0.0579755545       -0.0011702041
     1579.0000000000        0.0568262395       -0.0011288557
     1580.0000000000        0.0557170241       -0.0010899652
     1581.0000000000        0.0546455646       -0.0010533089
     1582.0000000000        0.0536097271       -0.0010186906
     1583.0000000000        0.0526075621       -0.0009859370
     1584.0000000000        0.0516372829       -0.0009548949
     1585.0000000000        0.0506972474       -0.0009254281
     1586.0000000000        0.0497859422       -0.0008974153
     1587.0000000000        0.0489019686       -0.0008707478
     1588.0000000000        0.0480440308       -0.0008453281
     1589.0000000000        0.0472109257       -0.0008210685
     1590.0000000000        0.0464015335       -0.0007978897
     1591.0000000000        0.0456148100       -0.0007757198
     1592.0000000000        0.0448497794       -0.0007544937
     1593.0000000000        0.0441055280       -0.0007341518
     1594.0000000000        0.0433811991       -0.0007146401
     1595.0000000000        0.0426759878       -0.0006959087
     1596.0000000000        0.0419891367       -0.0006779123
     1597.0000000000        0.0413199322       -0.0006606090
     1598.0000000000        0.0406677006       -0.0006439601
     1599.0000000000        0.0400318057       -0.0006279300
     1600.0000000000        0.0394116453       -0.0006124859
     1601.0000000000        0.0388066488       -0.0005975971
     1602.0000000000        0.0382162754       -0.0005832353
     1603.0000000000        0.0376400113       -0.0005693742
     1604.0000000000        0.0370773683       -0.0005559891
     1605.0000000000        0.0365278820       -0.0005430572
     1606.0000000000        0.0359911101       -0.0005305570
     1607.0000000000        0.0354666309       -0.0005184684
     1608.0000000000        0.0349540423       -0.0005067728
     1609.0000000000        0.0344529603       -0.0004954524
     1610.0000000000        0.0339630180       -0.0004844906
     1611.0000000000        0.0334838646       -0.0004738720
     1612.0000000000        0.0330151645       -0.0004635818
     1613.0000000000        0.0325565961       -0.0004536063
     1614.0000000000        0.0321078514       -0.0004439322
     1615.0000000000        0.0316686353       -0.0004345473
     1616.0000000000        0.0312386643       -0.0004254400
     1617.0000000000        0.0308176664       -0.0004165991
     1618.0000000000        0.0304053806       -0.0004080143
     1619.0000000000        0.0300015558       -0.0003996755
     1620.0000000000        0.0296059507       -0.0003915734
     1621.0000000000        0.0292183331       -0.0003836990
     1622.0000000000        0.0288384796       -0.0003760438
     1623.0000000000        0.0284661751       -0.0003685998
     1624.0000000000        0.0009635890       -0.0000227563
     1625.0000000000        0.0009412293       -0.0000219694
     1626.0000000000        0.0009196383       -0.0000212183
     1627.0000000000        0.0008987813       -0.0000205011
     1628.0000000000        0.0008786254       -0.0000198158
     1629.0000000000        0.0008591396       -0.0000191607
     1630.0000000000        0.0008402945       -0.0000185342
     1631.0000000000        0.0008220623       -0.0000179346
     1632.0000000000        0.0008044167       -0.0000173606
     1633.0000000000        0.0007873330       -0.0000168109
     1634.0000000000        0.0007707874       -0.0000162841
     1635.0000000000        0.0007547576       -0.0000157790
     1636.0000000000        0.0007392224       -0.0000152946
     1637.0000000000        0.0007241617       -0.0000148299
     1638.0000000000        0.0007095564       -0.0000143838
     1639.0000000000        0.0006953883       -0.0000139553
     1640.0000000000        0.0006816402       -0.0000135437
     1641.0000000000        0.0006682955       -0.0000131482
     1642.0000000000        0.0006553388       -0.0000127679
     1643.0000000000        0.0006427550       -0.0000124021
     1644.0000000000        0.0006305300       -0.0000120501
     1645.0000000000        0.0006186504       -0.0000117113
     1646.0000000000        0.0006071032       -0.0000113851
     1647.0000000000        0.0005958762       -0.0000110709
     1648.0000000000        0.0005849576       -0.0000107682
     1649.0000000000        0.0005743362       -0.0000104763
     1650.0000000000        0.0005640014       -0.0000101950
     1651.0000000000        0.0005539430       -0.0000099236
     1652.0000000000        0.0005441511       -0.0000096617
     1653.0000000000        0.0005346165       -0.0000094090
     1654.0000000000        0.0005253302       -0.0000091650
     1655.0000000000        0.0005162837       -0.0000089294
     1656.0000000000        0.0005074688       -0.0000087018
     1657.0000000000        0.0004988776       -0.0000084818
     1658.0000000000        0.0004905027       -0.0000082692
     1659.0000000000        0.0004823368       -0.0000080637
     1660.0000000000        0.0004743731       -0.0000078649
     1661.0000000000        0.0004666050       -0.0000076725
     1662.0000000000        0.0004590260       -0.0000074864
     1663.0000000000        0.0004516301       -0.0000073063
     1664.0000000000        0.0004444115       -0.0000071319
     1665.0000000000        0.0004373646       -0.0000069630
     1666.0000000000        0.0004304838       -0.0000067994
     1667.0000000000        0.0004237641       -0.0000066408
     1668.0000000000        0.0004172005       -0.0000064872
     1669.0000000000        0.0004107882       -0.0000063383
     1670.0000000000        0.0004045225       -0.0000061938
     1671.0000000000        0.0003983991       -0.0000060538
     1672.0000000000        0.0003924136       -0.0000059179
     1673.0000000000        0.0003865619       -0.0000057861
     1674.0000000000        0.0003808402       -0.0000056581
     1675.0000000000        0.0003752445       -0.0000055339
     1676.0000000000        0.0003697711       -0.0000054133
     1677.0000000000        0.0003644167       -0.0000052962
     1678.0000000000        0.0003591777       -0.0000051824
     1679.0000000000        0.0003540508       -0.0000050719
     1680.0000000000        0.0003490328       -0.0000049645
     1681.0000000000        0.0003441208       -0.0000048601
     1682.0000000000        0.0003393117       -0.0000047586
     1683.0000000000        0.0003346027       -0.0000046599
     1684.0000000000        0.0003299911       -0.0000045639
     1685.0000000000        0.0003254741       -0.0000044705
     1686.0000000000        0.0003210491       -0.0000043797
     1687.0000000000        0.0003167138       -0.0000042913
     1688.0000000000        0.0003124657       -0.0000042053
     1689.0000000000        0.0003083025       -0.0000041215
     1690.0000000000        0.0003042219       -0.0000040400
     1691.0000000000        0.0003002218       -0.0000039606
     1692.0000000000        0.0002963000       -0.0000038833
     1693.0000000000        0.0002924546       -0.0000038079
     1694.0000000000        0.0002886835       -0.0000037345
     1695.0000000000        0.0002849849       -0.0000036630
     1696.0000000000        0.0002813569       -0.0000035933
     1697.0000000000        0.0002777977       -0.0000035254
     1698.0000000000        0.0002743056       -0.0000034591
     1699.0000000000        0.0002708789       -0.0000033945
     1700.0000000000        0.0000000000        0.0000000000
     1701.0000000000        0.0000000000        0.0000000000
     1702.0000000000        0.0000000000        0.0000000000
     1703.0000000000        0.0000000000        0.0000000000
     1704.0000000000        0.0000000000        0.0000000000
     1705.0000000000        0.0000000000        0.0000000000
     1706.0000000000        0.0000000000        0.0000000000
     1707.0000000000        0.0000000000        0.0000000000
     1708.0000000000        0.0000000000        0.0000000000
     1709.0000000000        0.0000000000        0.0000000000
     1710.0000000000        0.0000000000        0.0000000000
     1711.0000000000        0.0000000000        0.0000000000
     1712.0000000000        0.0000000000        0.0000000000
     1713.0000000000        0.0000000000        0.0000000000
     1714.0000000000        0.0000000000        0.0000000000
     1715.0000000000        0.0000000000        0.0000000000
     1716.0000000000        0.0000000000        0.0000000000
     1717.0000000000        0.0000000000        0.0000000000
     1718.0000000000        0.0000000000        0.0000000000
     1719.0000000000        0.0000000000        0.0000000000
     1720.0000000000        0.0000000000        0.0000000000
     1721.0000000000        0.0000000000        0.0000000000
     1722.0000000000        0.0000000000        0.0000000000
     1723.0000000000        0.0000000000        0.0000000000
     1724.0000000000        0.0000000000        0.0000000000
     1725.0000000000        0.0000000000        0.0000000000
     1726.0000000000        0.0000000000        0.0000000000
     1727.0000000000        0.0000000000        0.0000000000
     1728.0000000000        0.0000000000        0.0000000000
     1729.0000000000        0.0000000000        0.0000000000
     1730.0000000000        0.0000000000        0.0000000000
     1731.0000000000        0.0000000000        0.0000000000
     1732.0000000000        0.0000000000        0.0000000000
     1733.0000000000        0.0000000000        0.0000000000
     1734.0000000000        0.0000000000        0.0000000000
     1735.0000000000        0.0000000000        0.0000000000
     1736.0000000000        0.0000000000        0.0000000000
     1737.0000000000        0.0000000000        0.0000000000
     1738.0000000000        0.0000000000        0.0000000000
     1739.0000000000        0.0000000000        0.0000000000
     1740.0000000000        0.0000000000        0.0000000000
     1741.0000000000        0.0000000000        0.0000000000
     1742.0000000000        0.0000000000        0.0000000000
     1743.0000000000        0.0000000000        0.0000000000
     1744.0000000000        0.0000000000        0.0000000000
     1745.0000000000        0.0000000000        0.0000000000
     1746.0000000000        0.0000000000        0.0000000000
     1747.0000000000        0.0000000000        0.0000000000
     1748.0000000000        0.0000000000        0.0000000000
     1749.0000000000        0.0000000000        0.0000000000
     1750.0000000000        0.0000000000        0.0000000000
     1751.0000000000        0.0000000000        0.0000000000
     1752.0000000000        0.0000000000        0.0000000000
     1753.0000000000        0.0000000000        0.0000000000
     1754.0000000000        0.0000000000        0.0000000000
     1755.0000000000        0.0000000000        0.0000000000
     1756.0000000000        0.0000000000        0.0000000000
     1757.0000000000        0.0000000000        0.0000000000
     1758.0000000000        0.0000000000        0.0000000000
     1759.0000000000        0.0000000000        0.0000000000
     1760.0000000000        0.0000000000        0.0000000000
     1761.0000000000        0.0000000000        0.0000000000
     1762.0000000000        0.0000000000        0.0000000000
     1763.0000000000        0.0000000000        0.0000000000
     1764.0000000000        0.0000000000        0.0000000000
     1765.0000000000        0.0000000000        0.0000000000
     1766.0000000000        0.0000000000        0.0000000000
     1767.0000000000        0.0000000000        0.0000000000
     1768.0000000000        0.0000000000        0.0000000000
     1769.0000000000        0.0000000000        0.0000000000
     1770.0000000000        0.0000000000        0.0000000000
     1771.0000000000        0.0000000000        0.0000000000
     1772.0000000000        0.0000000000        0.0000000000
     1773.0000000000        0.0000000000        0.0000000000
     1774.0000000000        0.0000000000        0.0000000000
     1775.0000000000        0.0000000000        0.0000000000
     1776.0000000000        0.0000000000        0.0000000000
     1777.0000000000        0.0000000000        0.0000000000
     1778.0000000000        0.0000000000        0.0000000000
     1779.0000000000        0.0000000000        0.0000000000
     1780.0000000000        0.0000000000        0.0000000000
     1781.0000000000        0.0000000000        0.0000000000
     1782.0000000000        0.0000000000        0.0000000000
     1783.0000000000        0.0000000000        0.0000000000
     1784.0000000000        0.0000000000        0.0000000000
     1785.0000000000        0.0000000000        0.0000000000
     1786.0000000000        0.0000000000        0.0000000000
     1787.0000000000        0.0000000000        0.0000000000
     1788.0000000000        0.0000000000        0.0000000000
     1789.0000000000        0.0000000000        0.0000000000
     1790.0000000000        0.0000000000        0.0000000000
     1791.0000000000        0.0000000000        0.0000000000
     1792.0000000000        0.0000000000        0.0000000000
     1793.0000000000        0.0000000000        0.0000000000
     1794.0000000000        0.0000000000        0.0000000000
     1795.0000000000        0.0000000000        0.0000000000
     1796.0000000000        0.0000000000        0.0000000000
     1797.0000000000        0.0000000000        0.0000000000
     1798.0000000000        0.0000000000        0.0000000000
     1799.0000000000        0.0000000000        0.0000000000
     1800.0000000000        0.0000000000        0.0000000000
     1801.0000000000        0.0000000000        0.0000000000
     1802.0000000000        0.0000000000        0.0000000000
     1803.0000000000        0.0000000000        0.0000000000
     1804.0000000000        0.0000000000        0.0000000000
     1805.0000000000        0.0000000000        0.0000000000
     1806.0000000000        0.0000000000        0.0000000000
     1807.0000000000        0.0000000000        0.0000000000
     1808.0000000000        0.0000000000        0.0000000000
     1809.0000000000        0.0000000000        0.0000000000
     1810.0000000000        0.0000000000        0.0000000000
     1811.0000000000        0.0000000000        0.0000000000
     1812.0000000000        0.0000000000        0.0000000000
     1813.0000000000        0.0000000000        0.0000000000
     1814.0000000000        0.0000000000        0.0000000000
     1815.0000000000        0.0000000000        0.0000000000
     1816.0000000000        0.0000000000        0.0000000000
     1817.0000000000        0.0000000000        0.0000000000
     1818.0000000000        0.0000000000        0.0000000000
     1819.0000000000        0.0000000000        0.0000000000
     1820.0000000000        0.0000000000        0.0000000000
     1821.0000000000        0.0000000000        0.0000000000
     1822.0000000000        0.0000000000        0.0000000000
     1823.0000000000        0.0000000000        0.0000000000
     1824.0000000000        0.0000000000        0.0000000000
     1825.0000000000        0.0000000000        0.0000000000
     1826.0000000000        0.0000000000        0.0000000000
     1827.0000000000        0.0000000000        0.0000000000
     1828.0000000000        0.0000000000        0.0000000000
     1829.0000000000        0.0000000000        0.0000000000
     1830.0000000000        0.0000000000        0.0000000000
     1831.0000000000        0.0000000000        0.0000000000
     1832.0000000000        0.0000000000        0.0000000000
     1833.0000000000        0.0000000000        0.0000000000
     1834.0000000000        0.0000000000        0.0000000000
     1835.0000000000        0.0000000000        0.0000000000
     1836.0000000000        0.0000000000        0.0000000000
     1837.0000000000        0.0000000000        0.0000000000
     1838.0000000000        0.0000000000        0.0000000000
     1839.0000000000        0.0000000000        0.0000000000
     1840.0000000000        0.0000000000        0.0000000000
     1841.0000000000        0.0000000000        0.0000000000
     1842.0000000000        0.0000000000        0.0000000000
     1843.0000000000        0.0000000000        0.0000000000
     1844.0000000000        0.0000000000        0.0000000000
     1845.0000000000        0.0000000000        0.0000000000
     1846.0000000000        0.0000000000        0.0000000000
     1847.0000000000        0.0000000000        0.0000000000
     1848.0000000000        0.0000000000        0.0000000000
     1849.0000000000        0.0000000000        0.0000000000
     1850.0000000000        0.0000000000        0.0000000000
     1851.0000000000        0.0000000000        0.0000000000
     1852.0000000000        0.0000000000        0.0000000000
     1853.0000000000        0.0000000000        0.0000000000
     1854.0000000000        0.0000000000        0.0000000000
     1855.0000000000        0.0000000000        0.0000000000
     1856.0000000000        0.0000000000        0.0000000000
     1857.0000000000        0.0000000000        0.0000000000
     1858.0000000000        0.0000000000        0.0000000000
     1859.0000000000        0.0000000000        0.0000000000
     1860.0000000000        0.0000000000        0.0000000000
     1861.0000000000        0.0000000000        0.0000000000
     1862.0000000000        0.0000000000        0.0000000000
     1863.0000000000        0.0000000000        0.0000000000
     1864.0000000000        0.0000000000        0.0000000000
     1865.0000000000        0.0000000000        0.0000000000
     1866.0000000000        0.0000000000        0.0000000000
     1867.0000000000        0.0000000000        0.0000000000
     1868.0000000000        0.0000000000        0.0000000000
     1869.0000000000        0.0000000000        0.0000000000
     1870.0000000000        0.0000000000        0.0000000000
     1871.0000000000        0.0000000000        0.0000000000
     1872.0000000000        0.0000000000        0.0000000000
     1873.0000000000        0.0000000000        0.0000000000
     1874.0000000000        0.0000000000        0.0000000000
     1875.0000000000        0.0000000000        0.0000000000
     1876.0000000000        0.0000000000        0.0000000000
     1877.0000000000        0.0000000000        0.0000000000
     1878.0000000000        0.0000000000        0.0000000000
     1879.0000000000        0.0000000000        0.0000000000
     1880.0000000000        0.0000000000        0.0000000000
     1881.0000000000        0.0000000000        0.0000000000
     1882.0000000000        0.0000000000        0.0000000000
     1883.0000000000        0.0000000000        0.0000000000
     1884.0000000000        0.0000000000        0.0000000000
     1885.0000000000        0.0000000000        0.0000000000
     1886.0000000000        0.0000000000        0.0000000000
     1887.0000000000        0.0000000000        0.0000000000
     1888.0000000000        0.0000000000        0.0000000000
     1889.0000000000        0.0000000000        0.0000000000
     1890.0000000000        0.0000000000        0.0000000000
     1891.0000000000        0.0000000000        0.0000000000
     1892.0000000000        0.0000000000        0.0000000000
     1893.0000000000        0.0000000000        0.0000000000
     1894.0000000000        0.0000000000        0.0000000000
     1895.0000000000        0.0000000000        0.0000000000
     1896.0000000000        0.0000000000        0.0000000000
     1897.0000000000        0.0000000000        0.0000000000
     1898.0000000000        0.0000000000        0.0000000000
     1899.0000000000        0.0000000000        0.0000000000
     1900.0000000000        0.0000000000        0.0000000000
     1901.0000000000        0.0000000000        0.0000000000
     1902.0000000000        0.0000000000        0.0000000000
     1903.0000000000        0.0000000000        0.0000000000
     1904.0000000000        0.0000000000        0.0000000000
     1905.0000000000        0.0000000000        0.0000000000
     1906.0000000000        0.0000000000        0.0000000000
     1907.0000000000        0.0000000000        0.0000000000
     1908.0000000000        0.0000000000        0.0000000000
     1909.0000000000        0.0000000000        0.0000000000
     1910.0000000000        0.0000000000        0.0000000000
     1911.0000000000        0.0000000000        0.0000000000
     1912.0000000000        0.0000000000        0.0000000000
     1913.0000000000        0.0000000000        0.0000000000
     1914.0000000000        0.0000000000        0.0000000000
     1915.0000000000        0.0000000000        0.0000000000
     1916.0000000000        0.0000000000        0.0000000000
     1917.0000000000        0.0000000000        0.0000000000
     1918.0000000000        0.0000000000        0.0000000000
     1919.0000000000        0.0000000000        0.0000000000
     1920.0000000000        0.0000000000        0.0000000000
     1921.0000000000        0.0000000000        0.0000000000
     1922.0000000000        0.0000000000        0.0000000000
     1923.0000000000        0.0000000000        0.0000000000
     1924.0000000000        0.0000000000        0.0000000000
     1925.0000000000        0.0000000000        0.0000000000
     1926.0000000000        0.0000000000        0.0000000000
     1927.0000000000        0.0000000000        0.0000000000
     1928.0000000000        0.0000000000        0.0000000000
     1929.0000000000        0.0000000000        0.0000000000
     1930.0000000000        0.0000000000        0.0000000000
     1931.0000000000        0.0000000000        0.0000000000
     1932.0000000000        0.0000000000        0.0000000000
     1933.0000000000        0.0000000000        0.0000000000
     1934.0000000000        0.0000000000        0.0000000000
     1935.0000000000        0.0000000000        0.0000000000
     1936.0000000000        0.0000000000        0.0000000000
     1937.0000000000        0.0000000000        0.0000000000
     1938.0000000000        0.0000000000        0.0000000000
     1939.0000000000        0.0000000000        0.0000000000
     1940.0000000000        0.0000000000        0.0000000000
     1941.0000000000        0.0000000000        0.0000000000
     1942.0000000000        0.0000000000        0.0000000000
     1943.0000000000        0.0000000000        0.0000000000
     1944.0000000000        0.0000000000        0.0000000000
     1945.0000000000        0.0000000000        0.0000000000
     1946.0000000000        0.0000000000        0.0000000000
     1947.0000000000        0.0000000000        0.0000000000
     1948.0000000000        0.0000000000        0.0000000000
     1949.0000000000        0.0000000000        0.0000000000
     1950.0000000000        0.0000000000        0.0000000000
     1951.0000000000        0.0000000000        0.0000000000
     1952.0000000000        0.0000000000        0.0000000000
     1953.0000000000        0.0000000000        0.0000000000
     1954.0000000000        0.0000000000        0.0000000000
     1955.0000000000        0.0000000000        0.0000000000
     1956.0000000000        0.0000000000        0.0000000000
     1957.0000000000        0.0000000000        0.0000000000
     1958.0000000000        0.0000000000        0.0000000000
     1959.0000000000        0.0000000000        0.0000000000
     1960.0000000000        0.0000000000        0.0000000000
     1961.0000000000        0.0000000000        0.0000000000
     1962.0000000000        0.0000000000        0.0000000000
     1963.0000000000        0.0000000000        0.0000000000
     1964.0000000000        0.0000000000        0.0000000000
     1965.0000000000        0.0000000000        0.0000000000
     1966.0000000000        0.0000000000        0.0000000000
     1967.0000000000        0.0000000000        0.0000000000
     1968.0000000000        0.0000000000        0.0000000000
     1969.0000000000        0.0000000000        0.0000000000
     1970.0000000000        0.0000000000        0.0000000000
     1971.0000000000        0.0000000000        0.0000000000
     1972.0000000000        0.0000000000        0.0000000000
     1973.0000000000        0.0000000000        0.0000000000
     1974.0000000000        0.0000000000        0.0000000000
     1975.0000000000        0.0000000000        0.0000000000
     1976.0000000000        0.0000000000        0.0000000000
     1977.0000000000        0.0000000000        0.0000000000
     1978.0000000000        0.0000000000        0.0000000000
     1979.0000000000        0.0000000000        0.0000000000
     1980.0000000000        0.0000000000        0.0000000000
     1981.0000000000        0.0000000000        0.0000000000
     1982.0000000000        0.0000000000        0.0000000000
     1983.0000000000        0.0000000000        0.0000000000
     1984.0000000000        0.0000000000        0.0000000000
     1985.0000000000        0.0000000000        0.0000000000
     1986.0000000000        0.0000000000        0.0000000000
     1987.0000000000        0.0000000000        0.0000000000
     1988.0000000000        0.0000000000        0.0000000000
     1989.0000000000        0.0000000000        0.0000000000
     1990.0000000000        0.0000000000        0.0000000000
     1991.0000000000        0.0000000000        0.0000000000
     1992.0000000000        0.0000000000        0.0000000000
     1993.0000000000        0.0000000000        0.0000000000
     1994.0000000000        0.0000000000        0.0000000000
     1995.0000000000        0.0000000000        0.0000000000
     1996.0000000000        0.0000000000        0.0000000000
     1997.0000000000        0.0000000000        0.0000000000
     1998.0000000000        0.0000000000        0.0000000000
     1999.0000000000        0.0000000000        0.0000000000
     2000.0000000000        0.0000000000        0.0000000000
     2001.0000000000        0.0000000000        0.0000000000
     2002.0000000000        0.0000000000        0.0000000000
     2003.0000000000        0.0000000000        0.0000000000
     2004.0000000000        0.0000000000        0.0000000000
     2005.0000000000        0.0000000000        0.0000000000
     2006.0000000000        0.0000000000        0.0000000000
     2007.0000000000        0.0000000000        0.0000000000
     2008.0000000000        0.0000000000        0.0000000000
     2009.0000000000        0.0000000000        0.0000000000
     2010.0000000000        0.0000000000        0.0000000000
     2011.0000000000        0.0000000000        0.0000000000
     2012.0000000000        0.0000000000        0.0000000000
     2013.0000000000        0.0000000000        0.0000000000
     2014.0000000000        0.0000000000        0.0000000000
     2015.0000000000        0.0000000000        0.0000000000
     2016.0000000000        0.0000000000        0.0000000000
     2017.0000000000        0.0000000000        0.0000000000
     2018.0000000000        0.0000000000        0.0000000000
     2019.0000000000        0.0000000000        0.0000000000
     2020.0000000000        0.0000000000        0.0000000000
     2021.0000000000        0.0000000000        0.0000000000
     2022.0000000000        0.0000000000        0.0000000000
     2023.0000000000        0.0000000000        0.0000000000
     2024.0000000000        0.0000000000        0.0000000000
     2025.0000000000        0.0000000000        0.0000000000
     2026.0000000000        0.0000000000        0.0000000000
     2027.0000000000        0.0000000000        0.0000000000
     2028.0000000000        0.0000000000        0.0000000000
     2029.0000000000        0.0000000000        0.0000000000
     2030.0000000000        0.0000000000        0.0000000000
     2031.0000000000        0.0000000000        0.0000000000
     2032.0000000000        0.0000000000        0.0000000000
     2033.0000000000        0.0000000000        0.0000000000
     2034.0000000000        0.0000000000        0.0000000000
     2035.0000000000        0.0000000000        0.0000000000
     2036.0000000000        0.0000000000        0.0000000000
     2037.0000000000        0.0000000000        0.0000000000
     2038.0000000000        0.0000000000        0.0000000000
     2039.0000000000        0.0000000000        0.0000000000
     2040.0000000000        0.0000000000        0.0000000000
     2041.0000000000        0.0000000000        0.0000000000
     2042.0000000000        0.0000000000        0.0000000000
     2043.0000000000        0.0000000000        0.0000000000
     2044.0000000000        0.0000000000        0.0000000000
     2045.0000000000        0.0000000000        0.0000000000
     2046.0000000000        0.0000000000        0.0000000000
     2047.0000000000        0.0000000000        0.0000000000
     2048.0000000000        0.0000000000        0.0000000000
     2049.0000000000        0.0000000000        0.0000000000
     2050.0000000000        0.0000000000        0.0000000000
     2051.0000000000        0.0000000000        0.0000000000
     2052.0000000000        0.0000000000        0.0000000000
     2053.0000000000        0.0000000000        0.0000000000
     2054.0000000000        0.0000000000        0.0000000000
     2055.0000000000        0.0000000000        0.0000000000
     2056.0000000000        0.0000000000        0.0000000000
     2057.0000000000        0.0000000000        0.0000000000
     2058.0000000000        0.0000000000        0.0000000000
     2059.0000000000        0.0000000000        0.0000000000
     2060.0000000000        0.0000000000        0.0000000000
     2061.0000000000        0.0000000000        0.0000000000
     2062.0000000000        0.0000000000        0.0000000000
     2063.0000000000        0.0000000000        0.0000000000
     2064.0000000000        0.0000000000        0.0000000000
     2065.0000000000        0.0000000000        0.0000000000
     2066.0000000000        0.0000000000        0.0000000000
     2067.0000000000        0.0000000000        0.0000000000
     2068.0000000000        0.0000000000        0.0000000000
     2069.0000000000        0.0000000000        0.0000000000
     2070.0000000000        0.0000000000        0.0000000000
     2071.0000000000        0.0000000000        0.0000000000
     2072.0000000000        0.0000000000        0.0000000000
     2073.0000000000        0.0000000000        0.0000000000
     2074.0000000000        0.0000000000        0.0000000000
     2075.0000000000        0.0000000000        0.0000000000
     2076.0000000000        0.0000000000        0.0000000000
     2077.0000000000        0.0000000000        0.0000000000
     2078.0000000000        0.0000000000        0.0000000000
     2079.0000000000        0.0000000000        0.0000000000
     2080.0000000000        0.0000000000        0.0000000000
     2081.0000000000        0.0000000000        0.0000000000
     2082.0000000000        0.0000000000        0.0000000000
     2083.0000000000        0.0000000000        0.0000000000
     2084.0000000000        0.0000000000        0.0000000000
     2085.0000000000        0.0000000000        0.0000000000
     2086.0000000000        0.0000000000        0.0000000000
     2087.0000000000        0.0000000000        0.0000000000
     2088.0000000000        0.0000000000        0.0000000000
     2089.0000000000        0.0000000000        0.0000000000
     2090.0000000000        0.0000000000        0.0000000000
     2091.0000000000        0.0000000000        0.0000000000
     2092.0000000000        0.0000000000        0.0000000000
     2093.0000000000        0.0000000000        0.0000000000
     2094.0000000000        0.0000000000        0.0000000000
     2095.0000000000        0.0000000000        0.0000000000
     2096.0000000000        0.0000000000        0.0000000000
     2097.0000000000        0.0000000000        0.0000000000
     2098.0000000000        0.0000000000        0.0000000000
     2099.0000000000        0.0000000000        0.0000000000
     2100.0000000000        0.0000000000        0.0000000000
     2101.0000000000        0.0000000000        0.0000000000
     2102.0000000000        0.0000000000        0.0000000000
     2103.0000000000        0.0000000000        0.0000000000
     2104.0000000000        0.0000000000        0.0000000000
     2105.0000000000        0.0000000000        0.0000000000
     2106.0000000000        0.0000000000        0.0000000000
     2107.0000000000        0.0000000000        0.0000000000
     2108.0000000000        0.0000000000        0.0000000000
     2109.0000000000        0.0000000000        0.0000000000
     2110.0000000000        0.0000000000        0.0000000000
     2111.0000000000        0.0000000000        0.0000000000
     2112.0000000000        0.0000000000        0.0000000000
     2113.0000000000        0.0000000000        0.0000000000
     2114.0000000000        0.0000000000        0.0000000000
     2115.0000000000        0.0000000000        0.0000000000
     2116.0000000000        0.0000000000        0.0000000000
     2117.0000000000        0.0000000000        0.0000000000
     2118.0000000000        0.0000000000        0.0000000000
     2119.0000000000        0.0000000000        0.0000000000
     2120.0000000000        0.0000000000        0.0000000000
     2121.0000000000        0.0000000000        0.0000000000
     2122.0000000000        0.0000000000        0.0000000000
     2123.0000000000        0.0000000000        0.0000000000
     2124.0000000000        0.0000000000        0.0000000000
     2125.0000000000        0.0000000000        0.0000000000
     2126.0000000000        0.0000000000        0.0000000000
     2127.0000000000        0.0000000000        0.0000000000
     2128.0000000000        0.0000000000        0.0000000000
     2129.0000000000        0.0000000000        0.0000000000
     2130.0000000000        0.0000000000        0.0000000000
     2131.0000000000        0.0000000000        0.0000000000
     2132.0000000000        0.0000000000        0.0000000000
     2133.0000000000        0.0000000000        0.0000000000
     2134.0000000000        0.0000000000        0.0000000000
     2135.0000000000        0.0000000000        0.0000000000
     2136.0000000000        0.0000000000        0.0000000000
     2137.0000000000        0.0000000000        0.0000000000
     2138.0000000000        0.0000000000        0.0000000000
     2139.0000000000        0.0000000000        0.0000000000
     2140.0000000000        0.0000000000        0.0000000000
     2141.0000000000        0.0000000000        0.0000000000
     2142.0000000000        0.0000000000        0.0000000000
     2143.0000000000        0.0000000000        0.0000000000
     2144.0000000000        0.0000000000        0.0000000000
     2145.0000000000        0.0000000000        0.0000000000
     2146.0000000000        0.0000000000        0.0000000000
     2147.0000000000        0.0000000000        0.0000000000
     2148.0000000000        0.0000000000        0.0000000000
     2149.0000000000        0.0000000000        0.0000000000
     2150.0000000000        0.0000000000        0.0000000000
     2151.0000000000        0.0000000000        0.0000000000
     2152.0000000000        0.0000000000        0.0000000000
     2153.0000000000        0.0000000000        0.0000000000
     2154.0000000000        0.0000000000        0.0000000000
     2155.0000000000        0.0000000000        0.0000000000
     2156.0000000000        0.0000000000        0.0000000000
     2157.0000000000        0.0000000000        0.0000000000
     2158.0000000000        0.0000000000        0.0000000000
     2159.0000000000        0.0000000000        0.0000000000
     2160.0000000000        0.0000000000        0.0000000000
     2161.0000000000        0.0000000000        0.0000000000
     2162.0000000000        0.0000000000        0.0000000000
     2163.0000000000        0.0000000000        0.0000000000
     2164.0000000000        0.0000000000        0.0000000000
     2165.0000000000        0.0000000000        0.0000000000
     2166.0000000000        0.0000000000        0.0000000000
     2167.0000000000        0.0000000000        0.0000000000
     2168.0000000000        0.0000000000        0.0000000000
     2169.0000000000        0.0000000000        0.0000000000
     2170.0000000000        0.0000000000        0.0000000000
     2171.0000000000        0.0000000000        0.0000000000
     2172.0000000000        0.0000000000        0.0000000000
     2173.0000000000        0.0000000000        0.0000000000
     2174.0000000000        0.0000000000        0.0000000000
     2175.0000000000        0.0000000000        0.0000000000
     2176.0000000000        0.0000000000        0.0000000000
     2177.0000000000        0.0000000000        0.0000000000
     2178.0000000000        0.0000000000        0.0000000000
     2179.0000000000        0.0000000000        0.0000000000
     2180.0000000000        0.0000000000        0.0000000000
     2181.0000000000        0.0000000000        0.0000000000
     2182.0000000000        0.0000000000        0.0000000000
     2183.0000000000        0.0000000000        0.0000000000
     2184.0000000000        0.0000000000        0.0000000000
     2185.0000000000        0.0000000000        0.0000000000
     2186.0000000000        0.0000000000        0.0000000000
     2187.0000000000        0.0000000000        0.0000000000
     2188.0000000000        0.0000000000        0.0000000000
     2189.0000000000        0.0000000000        0.0000000000
     2190.0000000000        0.0000000000        0.0000000000
     2191.0000000000        0.0000000000        0.0000000000
     2192.0000000000        0.0000000000        0.0000000000
     2193.0000000000        0.0000000000        0.0000000000
     2194.0000000000        0.0000000000        0.0000000000
     2195.0000000000        0.0000000000        0.0000000000
     2196.0000000000        0.0000000000        0.0000000000
     2197.0000000000        0.0000000000        0.0000000000
     2198.0000000000        0.0000000000        0.0000000000
     2199.0000000000        0.0000000000        0.0000000000
     2200.0000000000        0.0000000000        0.0000000000
     2201.0000000000        0.0000000000        0.0000000000
     2202.0000000000        0.0000000000        0.0000000000
     2203.0000000000        0.0000000000        0.0000000000
     2204.0000000000        0.0000000000        0.0000000000
     2205.0000000000        0.0000000000        0.0000000000
     2206.0000000000        0.0000000000        0.0000000000
     2207.0000000000        0.0000000000        0.0000000000
     2208.0000000000        0.0000000000        0.0000000000
     2209.0000000000        0.0000000000        0.0000000000
     2210.0000000000        0.0000000000        0.0000000000
     2211.0000000000        0.0000000000        0.0000000000
     2212.0000000000        0.0000000000        0.0000000000
     2213.0000000000        0.0000000000        0.0000000000
     2214.0000000000        0.0000000000        0.0000000000
     2215.0000000000        0.0000000000        0.0000000000
     2216.0000000000        0.0000000000        0.0000000000
     2217.0000000000        0.0000000000        0.0000000000
     2218.0000000000        0.0000000000        0.0000000000
     2219.0000000000        0.0000000000        0.0000000000
     2220.0000000000        0.0000000000        0.0000000000
     2221.0000000000        0.0000000000        0.0000000000
     2222.0000000000        0.0000000000        0.0000000000
     2223.0000000000        0.0000000000        0.0000000000
     2224.0000000000        0.0000000000        0.0000000000
     2225.0000000000        0.0000000000        0.0000000000
     2226.0000000000        0.0000000000        0.0000000000
     2227.0000000000        0.0000000000        0.0000000000
     2228.0000000000        0.0000000000        0.0000000000
     2229.0000000000        0.0000000000        0.0000000000
     2230.0000000000        0.0000000000        0.0000000000
     2231.0000000000        0.0000000000        0.0000000000
     2232.0000000000        0.0000000000        0.0000000000
     2233.0000000000        0.0000000000        0.0000000000
     2234.0000000000        0.0000000000        0.0000000000
     2235.0000000000        0.0000000000        0.0000000000
     2236.0000000000        0.0000000000        0.0000000000
     2237.0000000000        0.0000000000        0.0000000000
     2238.0000000000        0.0000000000        0.0000000000
     2239.0000000000        0.0000000000        0.0000000000
     2240.0000000000        0.0000000000        0.0000000000
     2241.0000000000        0.0000000000        0.0000000000
     2242.0000000000        0.0000000000        0.0000000000
     2243.0000000000        0.0000000000        0.0000000000
     2244.0000000000        0.0000000000        0.0000000000
     2245.0000000000        0.0000000000        0.0000000000
     2246.0000000000        0.0000000000        0.0000000000
     2247.0000000000        0.0000000000        0.0000000000
     2248.0000000000        0.0000000000        0.0000000000
     2249.0000000000        0.0000000000        0.0000000000
     2250.0000000000        0.0000000000        0.0000000000
     2251.0000000000        0.0000000000        0.0000000000
     2252.0000000000        0.0000000000        0.0000000000
     2253.0000000000        0.0000000000        0.0000000000
     2254.0000000000        0.0000000000        0.0000000000
     2255.0000000000        0.0000000000        0.0000000000
     2256.0000000000        0.0000000000        0.0000000000
     2257.0000000000        0.0000000000        0.0000000000
     2258.0000000000        0.0000000000        0.0000000000
     2259.0000000000        0.0000000000        0.0000000000
     2260.0000000000        0.0000000000        0.0000000000
     2261.0000000000        0.0000000000        0.0000000000
     2262.0000000000        0.0000000000        0.0000000000
     2263.0000000000        0.0000000000        0.0000000000
     2264.0000000000        0.0000000000        0.0000000000
     2265.0000000000        0.0000000000        0.0000000000
     2266.0000000000        0.0000000000        0.0000000000
     2267.0000000000        0.0000000000        0.0000000000
     2268.0000000000        0.0000000000        0.0000000000
     2269.0000000000        0.0000000000        0.0000000000
     2270.0000000000        0.0000000000        0.0000000000
     2271.0000000000        0.0000000000        0.0000000000
     2272.0000000000        0.0000000000        0.0000000000
     2273.0000000000        0.0000000000        0.0000000000
     2274.0000000000        0.0000000000        0.0000000000
     2275.0000000000        0.0000000000        0.0000000000
     2276.0000000000        0.0000000000        0.0000000000
     2277.0000000000        0.0000000000        0.0000000000
     2278.0000000000        0.0000000000        0.0000000000
     2279.0000000000        0.0000000000        0.0000000000
     2280.0000000000        0.0000000000        0.0000000000
     2281.0000000000        0.0000000000        0.0000000000
     2282.0000000000        0.0000000000        0.0000000000
     2283.0000000000        0.0000000000        0.0000000000
     2284.0000000000        0.0000000000        0.0000000000
     2285.0000000000        0.0000000000        0.0000000000
     2286.0000000000        0.0000000000        0.0000000000
     2287.0000000000        0.0000000000        0.0000000000
     2288.0000000000        0.0000000000        0.0000000000
     2289.0000000000        0.0000000000        0.0000000000
     2290.0000000000        0.0000000000        0.0000000000
     2291.0000000000        0.0000000000        0.0000000000
     2292.0000000000        0.0000000000        0.0000000000
     2293.0000000000        0.0000000000        0.0000000000
     2294.0000000000        0.0000000000        0.0000000000
     2295.0000000000        0.0000000000        0.0000000000
     2296.0000000000        0.0000000000        0.0000000000
     2297.0000000000        0.0000000000        0.0000000000
     2298.0000000000        0.0000000000        0.0000000000
     2299.0000000000        0.0000000000        0.0000000000
     2300.0000000000        0.0000000000        0.0000000000
     2301.0000000000        0.0000000000        0.0000000000
     2302.0000000000        0.0000000000        0.0000000000
     2303.0000000000        0.0000000000        0.0000000000
     2304.0000000000        0.0000000000        0.0000000000
     2305.0000000000        0.0000000000        0.0000000000
     2306.0000000000        0.0000000000        0.0000000000
     2307.0000000000        0.0000000000        0.0000000000
     2308.0000000000        0.0000000000        0.0000000000
     2309.0000000000        0.0000000000        0.0000000000
     2310.0000000000        0.0000000000        0.0000000000
     2311.0000000000        0.0000000000        0.0000000000
     2312.0000000000        0.0000000000        0.0000000000
     2313.0000000000        0.0000000000        0.0000000000
     2314.0000000000        0.0000000000        0.0000000000
     2315.0000000000        0.0000000000        0.0000000000
     2316.0000000000        0.0000000000        0.0000000000
     2317.0000000000        0.0000000000        0.0000000000
     2318.0000000000        0.0000000000        0.0000000000
     2319.0000000000        0.0000000000        0.0000000000
     2320.0000000000        0.0000000000        0.0000000000
     2321.0000000000        0.0000000000        0.0000000000
     2322.0000000000        0.0000000000        0.0000000000
     2323.0000000000        0.0000000000        0.0000000000
     2324.0000000000        0.0000000000        0.0000000000
     2325.0000000000        0.0000000000        0.0000000000
     2326.0000000000        0.0000000000        0.0000000000
     2327.0000000000        0.0000000000        0.0000000000
     2328.0000000000        0.0000000000        0.0000000000
     2329.0000000000        0.0000000000        0.0000000000
     2330.0000000000        0.0000000000        0.0000000000
     2331.0000000000        0.0000000000        0.0000000000
     2332.0000000000        0.0000000000        0.0000000000
     2333.0000000000        0.0000000000        0.0000000000
     2334.0000000000        0.0000000000        0.0000000000
     2335.0000000000        0.0000000000        0.0000000000
     2336.0000000000        0.0000000000        0.0000000000
     2337.0000000000        0.0000000000        0.0000000000
     2338.0000000000        0.0000000000        0.0000000000
     2339.0000000000        0.0000000000        0.0000000000
     2340.0000000000        0.0000000000        0.0000000000
     2341.0000000000        0.0000000000        0.0000000000
     2342.0000000000        0.0000000000        0.0000000000
     2343.0000000000        0.0000000000        0.0000000000
     2344.0000000000        0.0000000000        0.0000000000
     2345.0000000000        0.0000000000        0.0000000000
     2346.0000000000        0.0000000000        0.0000000000
     2347.0000000000        0.0000000000        0.0000000000
     2348.0000000000        0.0000000000        0.0000000000
     2349.0000000000        0.0000000000        0.0000000000
     2350.0000000000        0.0000000000        0.0000000000
     2351.0000000000        0.0000000000        0.0000000000
     2352.0000000000        0.0000000000        0.0000000000
     2353.0000000000        0.0000000000        0.0000000000
     2354.0000000000        0.0000000000        0.0000000000
     2355.0000000000        0.0000000000        0.0000000000
     2356.0000000000        0.0000000000        0.0000000000
     2357.0000000000        0.0000000000        0.0000000000
     2358.0000000000        0.0000000000        0.0000000000
     2359.0000000000        0.0000000000        0.0000000000
     2360.0000000000        0.0000000000        0.0000000000
     2361.0000000000        0.0000000000        0.0000000000
     2362.0000000000        0.0000000000        0.0000000000
     2363.0000000000        0.0000000000        0.0000000000
     2364.0000000000        0.0000000000        0.0000000000
     2365.0000000000        0.0000000000        0.0000000000
     2366.0000000000        0.0000000000        0.0000000000
     2367.0000000000        0.0000000000        0.0000000000
     2368.0000000000        0.0000000000        0.0000000000
     2369.0000000000        0.0000000000        0.0000000000
     2370.0000000000        0.0000000000        0.0000000000
     2371.0000000000        0.0000000000        0.0000000000
     2372.0000000000        0.0000000000        0.0000000000
     2373.0000000000        0.0000000000        0.0000000000
     2374.0000000000        0.0000000000        0.0000000000
     2375.0000000000        0.0000000000        0.0000000000
     2376.0000000000        0.0000000000        0.0000000000
     2377.0000000000        0.0000000000        0.0000000000
     2378.0000000000        0.0000000000        0.0000000000
     2379.0000000000        0.0000000000        0.0000000000
     2380.0000000000        0.0000000000        0.0000000000
     2381.0000000000        0.0000000000        0.0000000000
     2382.0000000000        0.0000000000        0.0000000000
     2383.0000000000        0.0000000000        0.0000000000
     2384.0000000000        0.0000000000        0.0000000000
     2385.0000000000        0.0000000000        0.0000000000
     2386.0000000000        0.0000000000        0.0000000000
     2387.0000000000        0.0000000000        0.0000000000
     2388.0000000000        0.0000000000        0.0000000000
     2389.0000000000        0.0000000000        0.0000000000
     2390.0000000000        0.0000000000        0.0000000000
     2391.0000000000        0.0000000000        0.0000000000
     2392.0000000000        0.0000000000        0.0000000000
     2393.0000000000        0.0000000000        0.0000000000
     2394.0000000000        0.0000000000        0.0000000000
     2395.0000000000        0.0000000000        0.0000000000
     2396.0000000000        0.0000000000        0.0000000000
     2397.0000000000        0.0000000000        0.0000000000
     2398.0000000000        0.0000000000        0.0000000000
     2399.0000000000        0.0000000000        0.0000000000
     2400.0000000000        0.0000000000        0.0000000000
     2401.0000000000        0.0000000000        0.0000000000
     2402.0000000000        0.0000000000        0.0000000000
     2403.0000000000        0.0000000000        0.0000000000
     2404.0000000000        0.0000000000        0.0000000000
     2405.0000000000        0.0000000000        0.0000000000
     2406.0000000000        0.0000000000        0.0000000000
     2407.0000000000        0.0000000000        0.0000000000
     2408.0000000000        0.0000000000        0.0000000000
     2409.0000000000        0.0000000000        0.0000000000
     2410.0000000000        0.0000000000        0.0000000000
     2411.0000000000        0.0000000000        0.0000000000
     2412.0000000000        0.0000000000        0.0000000000
     2413.0000000000        0.0000000000        0.0000000000
     2414.0000000000        0.0000000000        0.0000000000
     2415.0000000000        0.0000000000        0.0000000000
     2416.0000000000        0.0000000000        0.0000000000
     2417.0000000000        0.0000000000        0.0000000000
     2418.0000000000        0.0000000000        0.0000000000
     2419.0000000000        0.0000000000        0.0000000000
     2420.0000000000        0.0000000000        0.0000000000
     2421.0000000000        0.0000000000        0.0000000000
     2422.0000000000        0.0000000000        0.0000000000
     2423.0000000000        0.0000000000        0.0000000000
     2424.0000000000        0.0000000000        0.0000000000
     2425.0000000000        0.0000000000        0.0000000000
     2426.0000000000        0.0000000000        0.0000000000
     2427.0000000000        0.0000000000        0.0000000000
     2428.0000000000        0.0000000000        0.0000000000
     2429.0000000000        0.0000000000        0.0000000000
     2430.0000000000        0.0000000000        0.0000000000
     2431.0000000000        0.0000000000        0.0000000000
     2432.0000000000        0.0000000000        0.0000000000
     2433.0000000000        0.0000000000        0.0000000000
     2434.0000000000        0.0000000000        0.0000000000
     2435.0000000000        0.0000000000        0.0000000000
     2436.0000000000        0.0000000000        0.0000000000
     2437.0000000000        0.0000000000        0.0000000000
     2438.0000000000        0.0000000000        0.0000000000
     2439.0000000000        0.0000000000        0.0000000000
     2440.0000000000        0.0000000000        0.0000000000
     2441.0000000000        0.0000000000        0.0000000000
     2442.0000000000        0.0000000000        0.0000000000
     2443.0000000000        0.0000000000        0.0000000000
     2444.0000000000        0.0000000000        0.0000000000
     2445.0000000000        0.0000000000        0.0000000000
     2446.0000000000        0.0000000000        0.0000000000
     2447.0000000000        0.0000000000        0.0000000000
     2448.0000000000        0.0000000000        0.0000000000
     2449.0000000000        0.0000000000        0.0000000000
     2450.0000000000        0.0000000000        0.0000000000
     2451.0000000000        0.0000000000        0.0000000000
     2452.0000000000        0.0000000000        0.0000000000
     2453.0000000000        0.0000000000        0.0000000000
     2454.0000000000        0.0000000000        0.0000000000
     2455.0000000000        0.0000000000        0.0000000000
     2456.0000000000        0.0000000000        0.0000000000
     2457.0000000000        0.0000000000        0.0000000000
     2458.0000000000        0.0000000000        0.0000000000
     2459.0000000000        0.0000000000        0.0000000000
     2460.0000000000        0.0000000000        0.0000000000
     2461.0000000000        0.0000000000        0.0000000000
     2462.0000000000        0.0000000000        0.0000000000
     2463.0000000000        0.0000000000        0.0000000000
     2464.0000000000        0.0000000000        0.0000000000
     2465.0000000000        0.0000000000        0.0000000000
     2466.0000000000        0.0000000000        0.0000000000
     2467.0000000000        0.0000000000        0.0000000000
     2468.0000000000        0.0000000000        0.0000000000
     2469.0000000000        0.0000000000        0.0000000000
     2470.0000000000        0.0000000000        0.0000000000
     2471.0000000000        0.0000000000        0.0000000000
     2472.0000000000        0.0000000000        0.0000000000
     2473.0000000000        0.0000000000        0.0000000000
     2474.0000000000        0.0000000000        0.0000000000
     2475.0000000000        0.0000000000        0.0000000000
     2476.0000000000        0.0000000000        0.0000000000
     2477.0000000000        0.0000000000        0.0000000000
     2478.0000000000        0.0000000000        0.0000000000
     2479.0000000000        0.0000000000        0.0000000000
     2480.0000000000        0.0000000000        0.0000000000
     2481.0000000000        0.0000000000        0.0000000000
     2482.0000000000        0.0000000000        0.0000000000
     2483.0000000000        0.0000000000        0.0000000000
     2484.0000000000        0.0000000000        0.0000000000
     2485.0000000000        0.0000000000        0.0000000000
     2486.0000000000        0.0000000000        0.0000000000
     2487.0000000000        0.0000000000        0.0000000000
     2488.0000000000        0.0000000000        0.0000000000
     2489.0000000000        0.0000000000        0.0000000000
     2490.0000000000        0.0000000000        0.0000000000
     2491.0000000000        0.0000000000        0.0000000000
     2492.0000000000        0.0000000000        0.0000000000
     2493.0000000000        0.0000000000        0.0000000000
     2494.0000000000        0.0000000000        0.0000000000
     2495.0000000000        0.0000000000        0.0000000000
     2496.0000000000        0.0000000000        0.0000000000
     2497.0000000000        0.0000000000        0.0000000000
     2498.0000000000        0.0000000000        0.0000000000
     2499.0000000000        0.0000000000        0.0000000000
     2500.0000000000        0.0000000000        0.0000000000
     2501.0000000000        0.0000000000        0.0000000000
     2502.0000000000        0.0000000000        0.0000000000
     2503.0000000000        0.0000000000        0.0000000000
     2504.0000000000        0.0000000000        0.0000000000
     2505.0000000000        0.0000000000        0.0000000000
     2506.0000000000        0.0000000000        0.0000000000
     2507.0000000000        0.0000000000        0.0000000000
     2508.0000000000        0.0000000000        0.0000000000
     2509.0000000000        0.0000000000        0.0000000000
     2510.0000000000        0.0000000000        0.0000000000
     2511.0000000000        0.0000000000        0.0000000000
     2512.0000000000        0.0000000000        0.0000000000
     2513.0000000000        0.0000000000        0.0000000000
     2514.0000000000        0.0000000000        0.0000000000
     2515.0000000000        0.0000000000        0.0000000000
     2516.0000000000        0.0000000000        0.0000000000
     2517.0000000000        0.0000000000        0.0000000000
     2518.0000000000        0.0000000000        0.0000000000
     2519.0000000000        0.0000000000        0.0000000000
     2520.0000000000        0.0000000000        0.0000000000
     2521.0000000000        0.0000000000        0.0000000000
     2522.0000000000        0.0000000000        0.0000000000
     2523.0000000000        0.0000000000        0.0000000000
     2524.0000000000        0.0000000000        0.0000000000
     2525.0000000000        0.0000000000        0.0000000000
     2526.0000000000        0.0000000000        0.0000000000
     2527.0000000000        0.0000000000        0.0000000000
     2528.0000000000        0.0000000000        0.0000000000
     2529.0000000000        0.0000000000        0.0000000000
     2530.0000000000        0.0000000000        0.0000000000
     2531.0000000000        0.0000000000        0.0000000000
     2532.0000000000        0.0000000000        0.0000000000
     2533.0000000000        0.0000000000        0.0000000000
     2534.0000000000        0.0000000000        0.0000000000
     2535.0000000000        0.0000000000        0.0000000000
     2536.0000000000        0.0000000000        0.0000000000
     2537.0000000000        0.0000000000        0.0000000000
     2538.0000000000        0.0000000000        0.0000000000
     2539.0000000000        0.0000000000        0.0000000000
     2540.0000000000        0.0000000000        0.0000000000
     2541.0000000000        0.0000000000        0.0000000000
     2542.0000000000        0.0000000000        0.0000000000
     2543.0000000000        0.0000000000        0.0000000000
     2544.0000000000        0.0000000000        0.0000000000
     2545.0000000000        0.0000000000        0.0000000000
     2546.0000000000        0.0000000000        0.0000000000
     2547.0000000000        0.0000000000        0.0000000000
     2548.0000000000        0.0000000000        0.0000000000
     2549.0000000000        0.0000000000        0.0000000000
     2550.0000000000        0.0000000000        0.0000000000
     2551.0000000000        0.0000000000        0.0000000000
     2552.0000000000        0.0000000000        0.0000000000
     2553.0000000000        0.0000000000        0.0000000000
     2554.0000000000        0.0000000000        0.0000000000
     2555.0000000000        0.0000000000        0.0000000000
     2556.0000000000        0.0000000000        0.0000000000
     2557.0000000000        0.0000000000        0.0000000000
     2558.0000000000        0.0000000000        0.0000000000
     2559.0000000000        0.0000000000        0.0000000000
     2560.0000000000        0.0000000000        0.0000000000
     2561.0000000000        0.0000000000        0.0000000000
     2562.0000000000        0.0000000000        0.0000000000
     2563.0000000000        0.0000000000        0.0000000000
     2564.0000000000        0.0000000000        0.0000000000
     2565.0000000000        0.0000000000        0.0000000000
     2566.0000000000        0.0000000000        0.0000000000
     2567.0000000000        0.0000000000        0.0000000000
     2568.0000000000        0.0000000000        0.0000000000
     2569.0000000000        0.0000000000        0.0000000000
     2570.0000000000        0.0000000000        0.0000000000
     2571.0000000000        0.0000000000        0.0000000000
     2572.0000000000        0.0000000000        0.0000000000
     2573.0000000000        0.0000000000        0.0000000000
     2574.0000000000        0.0000000000        0.0000000000
     2575.0000000000        0.0000000000        0.0000000000
     2576.0000000000        0.0000000000        0.0000000000
     2577.0000000000        0.0000000000        0.0000000000
     2578.0000000000        0.0000000000        0.0000000000
     2579.0000000000        0.0000000000        0.0000000000
     2580.0000000000        0.0000000000        0.0000000000
     2581.0000000000        0.0000000000        0.0000000000
     2582.0000000000        0.0000000000        0.0000000000
     2583.0000000000        0.0000000000        0.0000000000
     2584.0000000000        0.0000000000        0.0000000000
     2585.0000000000        0.0000000000        0.0000000000
     2586.0000000000        0.0000000000        0.0000000000
     2587.0000000000        0.0000000000        0.0000000000
     2588.0000000000        0.0000000000        0.0000000000
     2589.0000000000        0.0000000000        0.0000000000
     2590.0000000000        0.0000000000        0.0000000000
     2591.0000000000        0.0000000000        0.0000000000
     2592.0000000000        0.0000000000        0.0000000000
     2593.0000000000        0.0000000000        0.0000000000
     2594.0000000000        0.0000000000        0.0000000000
     2595.0000000000        0.0000000000        0.0000000000
     2596.0000000000        0.0000000000        0.0000000000
     2597.0000000000        0.0000000000        0.0000000000
     2598.0000000000        0.0000000000        0.0000000000
     2599.0000000000        0.0000000000        0.0000000000
     2600.0000000000        0.0000000000        0.0000000000
     2601.0000000000        0.0000000000        0.0000000000
     2602.0000000000        0.0000000000        0.0000000000
     2603.0000000000        0.0000000000        0.0000000000
     2604.0000000000        0.0000000000        0.0000000000
     2605.0000000000        0.0000000000        0.0000000000
     2606.0000000000        0.0000000000        0.0000000000
     2607.0000000000        0.0000000000        0.0000000000
     2608.0000000000        0.0000000000        0.0000000000
     2609.0000000000        0.0000000000        0.0000000000
     2610.0000000000        0.0000000000        0.0000000000
     2611.0000000000        0.0000000000        0.0000000000
     2612.0000000000        0.0000000000        0.0000000000
     2613.0000000000        0.0000000000        0.0000000000
     2614.0000000000        0.0000000000        0.0000000000
     2615.0000000000        0.0000000000        0.0000000000
     2616.0000000000        0.0000000000        0.0000000000
     2617.0000000000        0.0000000000        0.0000000000
     2618.0000000000        0.0000000000        0.0000000000
     2619.0000000000        0.0000000000        0.0000000000
     2620.0000000000        0.0000000000        0.0000000000
     2621.0000000000        0.0000000000        0.0000000000
     2622.0000000000        0.0000000000        0.0000000000
     2623.0000000000        0.0000000000        0.0000000000
     2624.0000000000        0.0000000000        0.0000000000
     2625.0000000000        0.0000000000        0.0000000000
     2626.0000000000        0.0000000000        0.0000000000
     2627.0000000000        0.0000000000        0.0000000000
     2628.0000000000        0.0000000000        0.0000000000
     2629.0000000000        0.0000000000        0.0000000000
     2630.0000000000        0.0000000000        0.0000000000
     2631.0000000000        0.0000000000        0.0000000000
     2632.0000000000        0.0000000000        0.0000000000
     2633.0000000000        0.0000000000        0.0000000000
     2634.0000000000        0.0000000000        0.0000000000
     2635.0000000000        0.0000000000        0.0000000000
     2636.0000000000        0.0000000000        0.0000000000
     2637.0000000000        0.0000000000        0.0000000000
     2638.0000000000        0.0000000000        0.0000000000
     2639.0000000000        0.0000000000        0.0000000000
     2640.0000000000        0.0000000000        0.0000000000
     2641.0000000000        0.0000000000        0.0000000000
     2642.0000000000        0.0000000000        0.0000000000
     2643.0000000000        0.0000000000        0.0000000000
     2644.0000000000        0.0000000000        0.0000000000
     2645.0000000000        0.0000000000        0.0000000000
     2646.0000000000        0.0000000000        0.0000000000
     2647.0000000000        0.0000000000        0.0000000000
     2648.0000000000        0.0000000000        0.0000000000
     2649.0000000000        0.0000000000        0.0000000000
     2650.0000000000        0.0000000000        0.0000000000
     2651.0000000000        0.0000000000        0.0000000000
     2652.0000000000        0.0000000000        0.0000000000
     2653.0000000000        0.0000000000        0.0000000000
     2654.0000000000        0.0000000000        0.0000000000
     2655.0000000000        0.0000000000        0.0000000000
     2656.0000000000        0.0000000000        0.0000000000
     2657.0000000000        0.0000000000        0.0000000000
     2658.0000000000        0.0000000000        0.0000000000
     2659.0000000000        0.0000000000        0.0000000000
     2660.0000000000        0.0000000000        0.0000000000
     2661.0000000000        0.0000000000        0.0000000000
     2662.0000000000        0.0000000000        0.0000000000
     2663.0000000000        0.0000000000        0.0000000000
     2664.0000000000        0.0000000000        0.0000000000
     2665.0000000000        0.0000000000        0.0000000000
     2666.0000000000        0.0000000000        0.0000000000
     2667.0000000000        0.0000000000        0.0000000000
     2668.0000000000        0.0000000000        0.0000000000
     2669.0000000000        0.0000000000        0.0000000000
     2670.0000000000        0.0000000000        0.0000000000
     2671.0000000000        0.0000000000        0.0000000000
     2672.0000000000        0.0000000000        0.0000000000
     2673.0000000000        0.0000000000        0.0000000000
     2674.0000000000        0.0000000000        0.0000000000
     2675.0000000000        0.0000000000        0.0000000000
     2676.0000000000        0.0000000000        0.0000000000
     2677.0000000000        0.0000000000        0.0000000000
     2678.0000000000        0.0000000000        0.0000000000
     2679.0000000000        0.0000000000        0.0000000000
     2680.0000000000        0.0000000000        0.0000000000
     2681.0000000000        0.0000000000        0.0000000000
     2682.0000000000        0.0000000000        0.0000000000
     2683.0000000000        0.0000000000        0.0000000000
     2684.0000000000        0.0000000000        0.0000000000
     2685.0000000000        0.0000000000        0.0000000000
     2686.0000000000        0.0000000000        0.0000000000
     2687.0000000000        0.0000000000        0.0000000000
     2688.0000000000        0.0000000000        0.0000000000
     2689.0000000000        0.0000000000        0.0000000000
     2690.0000000000        0.0000000000        0.0000000000
     2691.0000000000        0.0000000000        0.0000000000
     2692.0000000000        0.0000000000        0.0000000000
     2693.0000000000        0.0000000000        0.0000000000
     2694.0000000000        0.0000000000        0.0000000000
     2695.0000000000        0.0000000000        0.0000000000
     2696.0000000000        0.0000000000        0.0000000000
     2697.0000000000        0.0000000000        0.0000000000
     2698.0000000000        0.0000000000        0.0000000000
     2699.0000000000        0.0000000000        0.0000000000
     2700.0000000000        0.0000000000        0.0000000000
     2701.0000000000        0.0000000000        0.0000000000
     2702.0000000000        0.0000000000        0.0000000000
     2703.0000000000        0.0000000000        0.0000000000
     2704.0000000000        0.0000000000        0.0000000000
     2705.0000000000        0.0000000000        0.0000000000
     2706.0000000000        0.0000000000        0.0000000000
     2707.0000000000        0.0000000000        0.0000000000
     2708.0000000000        0.0000000000        0.0000000000
     2709.0000000000        0.0000000000        0.0000000000
     2710.0000000000        0.0000000000        0.0000000000
     2711.0000000000        0.0000000000        0.0000000000
     2712.0000000000        0.0000000000        0.0000000000
     2713.0000000000        0.0000000000        0.0000000000
     2714.0000000000        0.0000000000        0.0000000000
     2715.0000000000        0.0000000000        0.0000000000
     2716.0000000000        0.0000000000        0.0000000000
     2717.0000000000        0.0000000000        0.0000000000
     2718.0000000000        0.0000000000        0.0000000000
     2719.0000000000        0.0000000000        0.0000000000
     2720.0000000000        0.0000000000        0.0000000000
     2721.0000000000        0.0000000000        0.0000000000
     2722.0000000000        0.0000000000        0.0000000000
     2723.0000000000        0.0000000000        0.0000000000
     2724.0000000000        0.0000000000        0.0000000000
     2725.0000000000        0.0000000000        0.0000000000
     2726.0000000000        0.0000000000        0.0000000000
     2727.0000000000        0.0000000000        0.0000000000
     2728.0000000000        0.0000000000        0.0000000000
     2729.0000000000        0.0000000000        0.0000000000
     2730.0000000000        0.0000000000        0.0000000000
     2731.0000000000        0.0000000000        0.0000000000
     2732.0000000000        0.0000000000        0.0000000000
     2733.0000000000        0.0000000000        0.0000000000
     2734.0000000000        0.0000000000        0.0000000000
     2735.0000000000        0.0000000000        0.0000000000
     2736.0000000000        0.0000000000        0.0000000000
     2737.0000000000        0.0000000000        0.0000000000
     2738.0000000000        0.0000000000        0.0000000000
     2739.0000000000        0.0000000000        0.0000000000
     2740.0000000000        0.0000000000        0.0000000000
     2741.0000000000        0.0000000000        0.0000000000
     2742.0000000000        0.0000000000        0.0000000000
     2743.0000000000        0.0000000000        0.0000000000
     2744.0000000000        0.0000000000        0.0000000000
     2745.0000000000        0.0000000000        0.0000000000
     2746.0000000000        0.0000000000        0.0000000000
     2747.0000000000        0.0000000000        0.0000000000
     2748.0000000000        0.0000000000        0.0000000000
     2749.0000000000        0.0000000000        0.0000000000
     2750.0000000000        0.0000000000        0.0000000000
     2751.0000000000        0.0000000000        0.0000000000
     2752.0000000000        0.0000000000        0.0000000000
     2753.0000000000        0.0000000000        0.0000000000
     2754.0000000000        0.0000000000        0.0000000000
     2755.0000000000        0.0000000000        0.0000000000
     2756.0000000000        0.0000000000        0.0000000000
     2757.0000000000        0.0000000000        0.0000000000
     2758.0000000000        0.0000000000        0.0000000000
     2759.0000000000        0.0000000000        0.0000000000
     2760.0000000000        0.0000000000        0.0000000000
     2761.0000000000        0.0000000000        0.0000000000
     2762.0000000000        0.0000000000        0.0000000000
     2763.0000000000        0.0000000000        0.0000000000
     2764.0000000000        0.0000000000        0.0000000000
     2765.0000000000        0.0000000000        0.0000000000
     2766.0000000000        0.0000000000        0.0000000000
     2767.0000000000        0.0000000000        0.0000000000
     2768.0000000000        0.0000000000        0.0000000000
     2769.0000000000        0.0000000000        0.0000000000
     2770.0000000000        0.0000000000        0.0000000000
     2771.0000000000        0.0000000000        0.0000000000
     2772.0000000000        0.0000000000        0.0000000000
     2773.0000000000        0.0000000000        0.0000000000
     2774.0000000000        0.0000000000        0.0000000000
     2775.0000000000        0.0000000000        0.0000000000
     2776.0000000000        0.0000000000        0.0000000000
     2777.0000000000        0.0000000000        0.0000000000
     2778.0000000000        0.0000000000        0.0000000000
     2779.0000000000        0.0000000000        0.0000000000
     2780.0000000000        0.0000000000        0.0000000000
     2781.0000000000        0.0000000000        0.0000000000
     2782.0000000000        0.0000000000        0.0000000000
     2783.0000000000        0.0000000000        0.0000000000
     2784.0000000000        0.0000000000        0.0000000000
     2785.0000000000        0.0000000000        0.0000000000
     2786.0000000000        0.0000000000        0.0000000000
     2787.0000000000        0.0000000000        0.0000000000
     2788.0000000000        0.0000000000        0.0000000000
     2789.0000000000        0.0000000000        0.0000000000
     2790.0000000000        0.0000000000        0.0000000000
     2791.0000000000        0.0000000000        0.0000000000
     2792.0000000000        0.0000000000        0.0000000000
     2793.0000000000        0.0000000000        0.0000000000
     2794.0000000000        0.0000000000        0.0000000000
     2795.0000000000        0.0000000000        0.0000000000
     2796.0000000000        0.0000000000        0.0000000000
     2797.0000000000        0.0000000000        0.0000000000
     2798.0000000000        0.0000000000        0.0000000000
     2799.0000000000        0.0000000000        0.0000000000
     2800.0000000000        0.0000000000        0.0000000000
     2801.0000000000        0.0000000000        0.0000000000
     2802.0000000000        0.0000000000        0.0000000000
     2803.0000000000        0.0000000000        0.0000000000
     2804.0000000000        0.0000000000        0.0000000000
     2805.0000000000        0.0000000000        0.0000000000
     2806.0000000000        0.0000000000        0.0000000000
     2807.0000000000        0.0000000000        0.0000000000
     2808.0000000000        0.0000000000        0.0000000000
     2809.0000000000        0.0000000000        0.0000000000
     2810.0000000000        0.0000000000        0.0000000000
     2811.0000000000        0.0000000000        0.0000000000
     2812.0000000000        0.0000000000        0.0000000000
     2813.0000000000        0.0000000000        0.0000000000
     2814.0000000000        0.0000000000        0.0000000000
     2815.0000000000        0.0000000000        0.0000000000
     2816.0000000000        0.0000000000        0.0000000000
     2817.0000000000        0.0000000000        0.0000000000
     2818.0000000000        0.0000000000        0.0000000000
     2819.0000000000        0.0000000000        0.0000000000
     2820.0000000000        0.0000000000        0.0000000000
     2821.0000000000        0.0000000000        0.0000000000
     2822.0000000000        0.0000000000        0.0000000000
     2823.0000000000        0.0000000000        0.0000000000
     2824.0000000000        0.0000000000        0.0000000000
     2825.0000000000        0.0000000000        0.0000000000
     2826.0000000000        0.0000000000        0.0000000000
     2827.0000000000        0.0000000000        0.0000000000
     2828.0000000000        0.0000000000        0.0000000000
     2829.0000000000        0.0000000000        0.0000000000
     2830.0000000000        0.0000000000        0.0000000000
     2831.0000000000        0.0000000000        0.0000000000
     2832.0000000000        0.0000000000        0.0000000000
     2833.0000000000        0.0000000000        0.0000000000
     2834.0000000000        0.0000000000        0.0000000000
     2835.0000000000        0.0000000000        0.0000000000
     2836.0000000000        0.0000000000        0.0000000000
     2837.0000000000        0.0000000000        0.0000000000
     2838.0000000000        0.0000000000        0.0000000000
     2839.0000000000        0.0000000000        0.0000000000
     2840.0000000000        0.0000000000        0.0000000000
     2841.0000000000        0.0000000000        0.0000000000
     2842.0000000000        0.0000000000        0.0000000000
     2843.0000000000        0.0000000000        0.0000000000
     2844.0000000000        0.0000000000        0.0000000000
     2845.0000000000        0.0000000000        0.0000000000
     2846.0000000000        0.0000000000        0.0000000000
     2847.0000000000        0.0000000000        0.0000000000
     2848.0000000000        0.0000000000        0.0000000000
     2849.0000000000        0.0000000000        0.0000000000
     2850.0000000000        0.0000000000        0.0000000000
     2851.0000000000        0.0000000000        0.0000000000
     2852.0000000000        0.0000000000        0.0000000000
     2853.0000000000        0.0000000000        0.0000000000
     2854.0000000000        0.0000000000        0.0000000000
     2855.0000000000        0.0000000000        0.0000000000
     2856.0000000000        0.0000000000        0.0000000000
     2857.0000000000        0.0000000000        0.0000000000
     2858.0000000000        0.0000000000        0.0000000000
     2859.0000000000        0.0000000000        0.0000000000
     2860.0000000000        0.0000000000        0.0000000000
     2861.0000000000        0.0000000000        0.0000000000
     2862.0000000000        0.0000000000        0.0000000000
     2863.0000000000        0.0000000000        0.0000000000
     2864.0000000000        0.0000000000        0.0000000000
     2865.0000000000        0.0000000000        0.0000000000
     2866.0000000000        0.0000000000        0.0000000000
     2867.0000000000        0.0000000000        0.0000000000
     2868.0000000000        0.0000000000        0.0000000000
     2869.0000000000        0.0000000000        0.0000000000
     2870.0000000000        0.0000000000        0.0000000000
     2871.0000000000        0.0000000000        0.0000000000
     2872.0000000000        0.0000000000        0.0000000000
     2873.0000000000        0.0000000000        0.0000000000
     2874.0000000000        0.0000000000        0.0000000000
     2875.0000000000        0.0000000000        0.0000000000
     2876.0000000000        0.0000000000        0.0000000000
     2877.0000000000        0.0000000000        0.0000000000
     2878.0000000000        0.0000000000        0.0000000000
     2879.0000000000        0.0000000000        0.0000000000
     2880.0000000000        0.0000000000        0.0000000000
     2881.0000000000        0.0000000000        0.0000000000
     2882.0000000000        0.0000000000        0.0000000000
     2883.0000000000        0.0000000000        0.0000000000
     2884.0000000000        0.0000000000        0.0000000000
     2885.0000000000        0.0000000000        0.0000000000
     2886.0000000000        0.0000000000        0.0000000000
     2887.0000000000        0.0000000000        0.0000000000
     2888.0000000000        0.0000000000        0.0000000000
     2889.0000000000        0.0000000000        0.0000000000
     2890.0000000000        0.0000000000        0.0000000000
     2891.0000000000        0.0000000000        0.0000000000
     2892.0000000000        0.0000000000        0.0000000000
     2893.0000000000        0.0000000000        0.0000000000
     2894.0000000000        0.0000000000        0.0000000000
     2895.0000000000        0.0000000000        0.0000000000
     2896.0000000000        0.0000000000        0.0000000000
     2897.0000000000        0.0000000000        0.0000000000
     2898.0000000000        0.0000000000        0.0000000000
     2899.0000000000        0.0000000000        0.0000000000
     2900.0000000000        0.0000000000        0.0000000000
     2901.0000000000        0.0000000000        0.0000000000
     2902.0000000000        0.0000000000        0.0000000000
     2903.0000000000        0.0924238230        0.0011568530
     2904.0000000000        0.0935916251        0.0011788433
     2905.0000000000        0.0947816964        0.0012013942
     2906.0000000000        0.0959946065        0.0012245240
     2907.0000000000        0.0972309435        0.0012482511
     2908.0000000000        0.0984913144        0.0012725951
     2909.0000000000        0.0997763461        0.0012975762
     2910.0000000000        0.1010866860        0.0013232152
     2911.0000000000        0.1024230030        0.0013495340
     2912.0000000000        0.1037859881        0.0013765552
     2913.0000000000        0.1051763554        0.0014043025
     2914.0000000000        0.1065948433        0.0014328004
     2915.0000000000        0.1080422150        0.0014620745
     2916.0000000000        0.1095192598        0.0014921513
     2917.0000000000        0.1110267943        0.0015230585
     2918.0000000000        0.1125656632        0.0015548250
     2919.0000000000        0.1141367407        0.0015874808
     2920.0000000000        0.1157409317        0.0016210574
     2921.0000000000        0.1173791732        0.0016555873
     2922.0000000000        0.1190524354        0.0016911046
     2923.0000000000        0.1207617234        0.0017276449
     2924.0000000000        0.1225080785        0.0017652452
     2925.0000000000        0.1242925800        0.0018039443
     2926.0000000000        0.1261163468        0.0018437825
     2927.0000000000        0.1279805389        0.0018848022
     2928.0000000000        0.1298863597        0.0019270473
     2929.0000000000        0.1318350574        0.0019705641
     2930.0000000000        0.1338279277        0.0020154006
     2931.0000000000        0.1358663154        0.0020616073
     2932.0000000000        0.1379516166        0.0021092369
     2933.0000000000        0.1400852819        0.0021583446
     2934.0000000000        0.1422688178        0.0022089882
     2935.0000000000        0.1445037903        0.0022612281
     2936.0000000000        0.1467918272        0.0023151277
     2937.0000000000        0.1491346211        0.0023707535
     2938.0000000000        0.1515339327        0.0024281750
     2939.0000000000        0.1539915940        0.0024874654
     2940.0000000000        0.1565095118        0.0025487011
     2941.0000000000        0.1590896715        0.0026119627
     2942.0000000000        0.1617341407        0.0026773346
     2943.0000000000        0.1644450737        0.0027449055
     2944.0000000000        0.1672247158        0.0028147686
     2945.0000000000        0.1700754077        0.0028870219
     2946.0000000000        0.1729995906        0.0029617684
     2947.0000000000        0.1759998116        0.0030391166
     2948.0000000000        0.1790787290        0.0031191806
     2949.0000000000        0.1822391181        0.0032020806
     2950.0000000000        0.1854838777        0.0032879433
     2951.0000000000        0.1888160367        0.0033769021
     2952.0000000000        0.1922387608        0.0034690978
     2953.0000000000        0.1957553606        0.0035646789
     2954.0000000000        0.1993692991        0.0036638021
     2955.0000000000        0.2030842006        0.0037666330
     2956.0000000000        0.2069038593        0.0038733466
     2957.0000000000        0.2108322494        0.0039841276
     2958.0000000000        0.2148735353        0.0040991716
     2959.0000000000        0.2190320826        0.0042186857
     2960.0000000000        0.2233124696        0.0043428889
     2961.0000000000        0.2277195006        0.0044720133
     2962.0000000000        0.2322582186        0.0046063050
     2963.0000000000        0.2369339199        0.0047460250
     2964.0000000000        0.2417521700        0.0048914500
     2965.0000000000        0.2467188194        0.0050428742
     2966.0000000000        0.2518400220        0.0052006100
     2967.0000000000        0.2571222537        0.0053649893
     2968.0000000000        0.2625723328        0.0055363656
     2969.0000000000        0.2681974424        0.0057151149
     2970.0000000000        0.2740051535        0.0059016377
     2971.0000000000        0.2800034509        0.0060963609
     2972.0000000000        0.2862007602        0.0062997399
     2973.0000000000        0.2926059776        0.0065122607
     2974.0000000000        0.2992285015        0.0067344425
     2975.0000000000        0.3747031671        0.0078283342
     2976.0000000000        0.3826603561        0.0080879658
     2977.0000000000        0.3908830531        0.0083594621
     2978.0000000000        0.3993834661        0.0086435174
     2979.0000000000        0.4081745216        0.0089408756
     2980.0000000000        0.4172699167        0.0092523342
     2981.0000000000        0.4266841749        0.0095787496
     2982.0000000000        0.4364327073        0.0099210413
     2983.0000000000        0.4465318786        0.0102801984
     2984.0000000000        0.4569990797        0.0106572850
     2985.0000000000        0.4678528061        0.0110534473
     2986.0000000000        0.4791127437        0.0114699213
     2987.0000000000        0.4907998626        0.0119080407
     2988.0000000000        0.5029365193        0.0123692466
     2989.0000000000        0.5155465692        0.0128550971
     2990.0000000000        0.5286554890        0.0133672790
     2991.0000000000        0.5422905120        0.0139076205
     2992.0000000000        0.5564807758        0.0144781048
     2993.0000000000        0.5712574853        0.0150808862
     2994.0000000000        0.5866540923        0.0157183070
     2995.0000000000        0.6027064932        0.0163929175
     2996.0000000000        0.6194532478        0.0171074980
     2997.0000000000        0.6369358208        0.0178650825
     2998.0000000000        0.6551988495        0.0186689874
     2999.0000000000        0.6742904415        0.0195228416
     3000.0000000000        0.6942625040        0.0204306223
     3001.0000000000        0.7151711117        0.0213966940
     3002.0000000000        0.7370769160        0.0224258537
     3003.0000000000        0.7600456025        0.0235233817
     3004.0000000000        0.7841484024        0.0246950991
     3005.0000000000        0.8094626656        0.0259474341
     3006.0000000000        0.8360725047        0.0272874969
     3007.0000000000        0.8640695185        0.0287231656
     3008.0000000000        0.8935536084        0.0302631847
     3009.0000000000        0.9246339004        0.0319172786
     3010.0000000000        0.9574297881        0.0336962820
     3011.0000000000        0.9920721168        0.0356122904
     3012.0000000000        1.0287045294        0.0376788347
     3013.0000000000        1.0674850004        0.0399110838
     3014.0000000000        1.1085875891        0.0423260806
     3015.0000000000        1.1522044474        0.0449430170
     3016.0000000000        1.1985481260        0.0477835570
     3017.0000000000        1.2478542309        0.0508722152
     3018.0000000000        1.3003844908        0.0542368039
     3019.0000000000        1.3564303122        0.0579089612
     3020.0000000000        1.4163169088        0.0619247780
     3021.0000000000        1.4804081175        0.0663255451
     3022.0000000000        1.5491120310        0.0711586462
     3023.0000000000        1.6228876104        0.0764786299
     3024.0000000000        1.7022524763        0.0823485028
     3025.0000000000        1.7877921235        0.0888412939
     3026.0000000000        1.8801708643        0.0960419585
     3027.0000000000        1.9801448782        0.1040497037
     3028.0000000000        2.0885778426        0.1129808459
     3029.0000000000        2.2064597429        0.1229723367
     3030.0000000000        2.3349296170        0.1341861412
     3031.0000000000        2.4753031988        0.1468147037
     3032.0000000000        2.6291066979        0.1610878116
     3033.0000000000        2.7981183099        0.1772812732
     3034.0000000000        2.9844195329        0.1957279585
     3035.0000000000        3.1904590079        0.2168319480
     3036.0000000000        3.4191324675        0.2410867989
     3037.0000000000        3.6738835679        0.2690993111
     3038.0000000000        3.9588320057        0.3016207069
     3039.0000000000        4.2789375947        0.3395878936
     3040.0000000000        4.6402121582        0.3841785755
     3041.0000000000        5.0499956091        0.4368855790
     3042.0000000000        5.5173190573        0.4996181217
     3043.0000000000        6.0533871588        0.5748412786
     3044.0000000000        6.6722256539        0.6657702299
     3045.0000000000        7.3915603978        0.7766439910
     3046.0000000000        8.2340246874        0.9131158349
     3047.0000000000        9.2288378906        1.0828170233
     3048.0000000000       10.4141690073        1.2961807103
     3049.0000000000       11.8405074685        1.5676599390
     3050.0000000000       13.5755310141        1.9175458685
     3051.0000000000       15.7112167705        2.3746990306
     3052.0000000000       18.3743233711        2.9806491894
     3053.0000000000       21.7419017689        3.7956589574
     3054.0000000000       26.0640920291        4.9072884780
     3055.0000000000       31.6966498867        6.4410277685
     3056.0000000000       39.1435526158        8.5683286553
     3057.0000000000       49.0994724747       11.4928101294
     3058.0000000000       62.4447072726       15.3523388877
     3059.0000000000       80.0380825540       19.8739527444
     3060.0000000000      101.9288688027       23.5182024496
     3061.0000000000      125.5061510696       22.3989201056
     3062.0000000000      143.5253834753       11.9158114787
     3063.0000000000      146.8203100152       -5.7278434285
     3064.0000000000      133.3587391799      -19.7242124138
     3065.0000000000      110.7621756974      -23.9223295679
     3066.0000000000       87.7424340412      -21.4521336018
     3067.0000000000       68.4974217925      -16.9680935890
     3068.0000000000       53.6856054721      -12.7897706690
     3069.0000000000       42.6068454734       -9.5253221750
     3070.0000000000       34.3449707418       -7.1270717012
     3071.0000000000       28.1305412745       -5.3961209340
     3072.0000000000       23.3932886752       -4.1451171219
     3073.0000000000       19.7281352386       -3.2320365783
     3074.0000000000       16.8503487114       -2.5565847171
     3075.0000000000       14.5590633313       -2.0495490574
     3076.0000000000       12.7111459211       -1.6633068491
     3077.0000000000       11.2032853498       -1.3648811500
     3078.0000000000        9.9598788186       -1.1311897108
     3079.0000000000        8.9248324622       -0.9458695269
     3080.0000000000        8.0559695993       -0.7971645984
     3081.0000000000        7.3211760562       -0.6765149698
     3082.0000000000        6.6957102839       -0.5776059410
     3083.0000000000        6.1603023275       -0.4957202914
     3084.0000000000        5.6997932467       -0.4272916178
     3085.0000000000        5.3021493585       -0.3695925224
     3086.0000000000        4.9577396616       -0.3205142458
     3087.0000000000        4.6588003262       -0.2784090364
     3088.0000000000        4.3990337421       -0.2419760627
     3089.0000000000        4.1733054858       -0.2101778922
     3090.0000000000        3.9774133566       -0.1821786570
     3091.0000000000        3.8079100492       -0.1572977652
     3092.0000000000        3.6619661952       -0.1349748556
     3093.0000000000        3.5372641364       -0.1147429520
     3094.0000000000        3.4319153823       -0.0962076343
     3095.0000000000        3.3443965682       -0.0790306405
     3096.0000000000        3.2735000952       -0.0629167345
     3097.0000000000        3.2182966442       -0.0476029642
     3098.0000000000        3.1781075219       -0.0328496402
     3099.0000000000        3.1524853930       -0.0184325057
     3100.0000000000        3.1412024320       -0.0041356623
     3101.0000000000        3.1442453280        0.0102551252
     3102.0000000000        3.1618169450        0.0249590978
     3103.0000000000        3.1943447813        0.0402074955
     3104.0000000000        3.2424967423        0.0562512568
     3105.0000000000        3.3072051459        0.0733698643
     3106.0000000000        3.3897003663        0.0918818781
     3107.0000000000        3.4915561349        0.1121578455
     3108.0000000000        3.6147493052        0.1346364952
     3109.0000000000        3.7617379484        0.1598454396
     3110.0000000000        3.9355630792        0.1884280614
     3111.0000000000        4.1399813012        0.2211789225
     3112.0000000000        4.3796384434        0.2590909891
     3113.0000000000        4.6602982179        0.3034193831
     3114.0000000000        4.9891456172        0.3557684675
     3115.0000000000        5.3751930454        0.4182122259
     3116.0000000000        5.8298293618        0.4934626814
     3117.0000000000        6.3675701648        0.5851084304
     3118.0000000000        7.0070949715        0.6979567015
     3119.0000000000        7.7726985286        0.8385299878
     3120.0000000000        8.6963472698        1.0157957892
     3121.0000000000        9.8206302438        1.2422505897
     3122.0000000000       11.2030450693        1.5355436563
     3123.0000000000       12.9222887074        1.9209182343
     3124.0000000000       15.0875558589        2.4348594238
     3125.0000000000       17.8522800248        3.1304040052
     3126.0000000000       21.4341318368        4.0843182131
     3127.0000000000       26.1427252817        5.4048519321
     3128.0000000000       32.4129216315        7.2330879157
     3129.0000000000       40.8271627842        9.7126699337
     3130.0000000000       52.0639674624       12.8532696556
     3131.0000000000       66.5911587279       16.1211585870
     3132.0000000000       83.7431356710       17.6294390482
     3133.0000000000      100.0729638730       13.8399010590
     3134.0000000000      108.9417408808        2.9007876686
     3135.0000000000      105.2141756300       -9.9053425697
     3136.0000000000       91.1729395201      -16.8919860132
     3137.0000000000       73.7082055980      -17.1925117112
     3138.0000000000       57.8212273345      -14.3406630166
     3139.0000000000       45.1619814768      -11.0230286679
     3140.0000000000       35.5874380552       -8.2421685985
     3141.0000000000       28.4461372544       -6.1484984944
     3142.0000000000       23.0990462336       -4.6283975400
     3143.0000000000       19.0483526690       -3.5323224761
     3144.0000000000       15.9345001729       -2.7371131389
     3145.0000000000       13.5039677844       -2.1532866880
     3146.0000000000       11.5784406113       -1.7185588119
     3147.0000000000       10.0315797318       -1.3900781819
     3148.0000000000        8.7728161393       -1.1382960856
     3149.0000000000        7.7363398247       -0.9426562615
     3150.0000000000        6.8736584352       -0.7886878042
     3151.0000000000        6.1485453857       -0.6660695551
     3152.0000000000        5.5335779011       -0.5673410486
     3153.0000000000        5.0077368255       -0.4870382590
     3154.0000000000        4.5547214901       -0.4211083491
     3155.0000000000        4.1617513857       -0.3665087519
     3156.0000000000        3.8187032107       -0.3209291662
     3157.0000000000        3.5174818215       -0.2825964070
     3158.0000000000        3.2515563118       -0.2501357569
     3159.0000000000        3.0156140656       -0.2224713035
     3160.0000000000        2.8053000627       -0.1987534941
     3161.0000000000        2.6170184744       -0.1783059092
     3162.0000000000        2.4477802466       -0.1605857564
     3163.0000000000        2.2950849750       -0.1451542634
     3164.0000000000        2.1568285932       -0.1316542862
     3165.0000000000        2.0312306640       -0.1197932268
     3166.0000000000        1.9167766861       -0.1093298932
     3167.0000000000        1.8121719935       -0.1000643140
     3168.0000000000        1.7163046735       -0.0918297839
     3169.0000000000        1.6282155513       -0.0844866084
     3170.0000000000        1.5470737509       -0.0779171513
     3171.0000000000        1.4721566822       -0.0720218898
     3172.0000000000        1.4028335670       -0.0667162525
     3173.0000000000        1.3385518067       -0.0619280701
     3174.0000000000        1.2788256484       -0.0575955103
     3175.0000000000        1.2232267184       -0.0536653949
     3176.0000000000        1.1713760791       -0.0500918218
     3177.0000000000        1.1229375382       -0.0468350315
     3178.0000000000        1.0776119885       -0.0438604713
     3179.0000000000        1.0351326022       -0.0411380173
     3180.0000000000        0.9952607351       -0.0386413274
     3181.0000000000        0.9577824243       -0.0363472991
     3182.0000000000        0.9225053824       -0.0342356142
     3183.0000000000        0.8892564100       -0.0322883559
     3184.0000000000        0.8578791618       -0.0304896836
     3185.0000000000        0.8282322112       -0.0288255582
     3186.0000000000        0.8001873693       -0.0272835069
     3187.0000000000        0.7736282212       -0.0258524237
     3188.0000000000        0.7484488478       -0.0245223974
     3189.0000000000        0.7245527056       -0.0232845642
     3190.0000000000        0.7018516451       -0.0221309808
     3191.0000000000        0.6802650462       -0.0210545146
     3192.0000000000        0.6597190560       -0.0200487490
     3193.0000000000        0.6401459155       -0.0191079003
     3194.0000000000        0.6214833626       -0.0182267465
     3195.0000000000        0.6036741035       -0.0174005642
     3196.0000000000        0.5866653412       -0.0166250740
     3197.0000000000        0.5704083566       -0.0158963923
     3198.0000000000        0.5548581338       -0.0152109895
     3199.0000000000        0.5399730254       -0.0145656525
     3200.0000000000        0.5257144527       -0.0139574521
     3201.0000000000        0.5120466363       -0.0133837141
     3202.0000000000        0.4989363543       -0.0128419938
     3203.0000000000        0.4863527242       -0.0123300532
     3204.0000000000        0.4742670071       -0.0118458407
     3205.0000000000        0.4626524295       -0.0113874733
     3206.0000000000        0.4514840238       -0.0109532207
     3207.0000000000        0.4407384819       -0.0105414909
     3208.0000000000        0.4303940245       -0.0101508173
     3209.0000000000        0.4204302805       -0.0097798476
     3210.0000000000        0.4108281786       -0.0094273331
     3211.0000000000        0.4015698481       -0.0090921198
     3212.0000000000        0.3926385286       -0.0087731401
     3213.0000000000        0.3840184872       -0.0084694050
     3214.0000000000        0.3756949433       -0.0081799979
     3215.0000000000        0.3676539996       -0.0079040680
     3216.0000000000        0.3598825789       -0.0076408251
     3217.0000000000        0.3523683658       -0.0073895345
     3218.0000000000        0.3450997542       -0.0071495124
     3219.0000000000        0.3380657976       -0.0069201220
     3220.0000000000        0.3312561646       -0.0067007697
     3221.0000000000        0.3246610972       -0.0064909016
     3222.0000000000        0.3182713727       -0.0062900004
     3223.0000000000        0.2203796623       -0.0049543163
     3224.0000000000        0.2155075901       -0.0047910429
     3225.0000000000        0.2107952127       -0.0046348614
     3226.0000000000        0.2062356307       -0.0044853909
     3227.0000000000        0.2018223129       -0.0043422752
     3228.0000000000        0.1975490736       -0.0042051802
     3229.0000000000        0.1934100501       -0.0040737929
     3230.0000000000        0.1893996833       -0.0039478195
     3231.0000000000        0.1855126986       -0.0038269840
     3232.0000000000        0.1817440891       -0.0037110274
     3233.0000000000        0.1780890989       -0.0035997060
     3234.0000000000        0.1745432086       -0.0034927906
     3235.0000000000        0.1711021211       -0.0033900655
     3236.0000000000        0.1677617487       -0.0032913274
     3237.0000000000        0.1645182011       -0.0031963850
     3238.0000000000        0.1613677738       -0.0031050576
     3239.0000000000        0.1583069377       -0.0030171750
     3240.0000000000        0.1553323293       -0.0029325762
     3241.0000000000        0.1524407414       -0.0028511094
     3242.0000000000        0.1496291145       -0.0027726310
     3243.0000000000        0.1468945286       -0.0026970054
     3244.0000000000        0.1442341957       -0.0026241041
     3245.0000000000        0.1416454529       -0.0025538056
     3246.0000000000        0.1391257554       -0.0024859948
     3247.0000000000        0.1366726705       -0.0024205627
     3248.0000000000        0.1342838717       -0.0023574059
     3249.0000000000        0.1319571330       -0.0022964265
     3250.0000000000        0.1296903240       -0.0022375313
     3251.0000000000        0.1274814050       -0.0021806323
     3252.0000000000        0.1253284220       -0.0021256455
     3253.0000000000        0.1232295031       -0.0020724913
     3254.0000000000        0.1211828538       -0.0020210941
     3255.0000000000        0.1191867533       -0.0019713818
     3256.0000000000        0.1172395514       -0.0019232860
     3257.0000000000        0.1153396643       -0.0018767415
     3258.0000000000        0.1134855719       -0.0018316864
     3259.0000000000        0.1116758148       -0.0017880615
     3260.0000000000        0.1099089909       -0.0017458106
     3261.0000000000        0.1081837535       -0.0017048800
     3262.0000000000        0.1064988080       -0.0016652185
     3263.0000000000        0.1048529098       -0.0016267774
     3264.0000000000        0.1032448620       -0.0015895101
     3265.0000000000        0.1016735132       -0.0015533721
     3266.0000000000        0.1001377556       -0.0015183210
     3267.0000000000        0.0986365225       -0.0014843162
     3268.0000000000        0.0971687872       -0.0014513191
     3269.0000000000        0.0957335608       -0.0014192926
     3270.0000000000        0.0943298904       -0.0013882012
     3271.0000000000        0.0929568580       -0.0013580111
     3272.0000000000        0.0916135786       -0.0013286898
     3273.0000000000        0.0902991990       -0.0013002064
     3274.0000000000        0.0890128963       -0.0012725312
     3275.0000000000        0.0877538768       -0.0012456356
     3276.0000000000        0.0865213743       -0.0012194925
     3277.0000000000        0.0853146497       -0.0011940757
     3278.0000000000        0.0841329893       -0.0011693601
     3279.0000000000        0.0829757038       -0.0011453218
     3280.0000000000        0.0818421277       -0.0011219377
     3281.0000000000        0.0807316178       -0.0010991857
     3282.0000000000        0.0796435527       -0.0010770446
     3283.0000000000        0.0785773317       -0.0010554941
     3284.0000000000        0.0775323742       -0.0010345145
     3285.0000000000        0.0765081186       -0.0010140872
     3286.0000000000        0.0755040218       -0.0009941940
     3287.0000000000        0.0745195583       -0.0009748177
     3288.0000000000        0.0735542197       -0.0009559415
     3289.0000000000        0.0726075140       -0.0009375494
     3290.0000000000        0.0716789647       -0.0009196260
     3291.0000000000        0.0707681107       -0.0009021565
     3292.0000000000        0.0698745052       -0.0008851266
     3293.0000000000        0.0689977156       -0.0008685225
     3294.0000000000        0.0681373226       -0.0008523311
     3295.0000000000        0.0000000000        0.0000000000
     3296.0000000000        0.0000000000        0.0000000000
     3297.0000000000        0.0000000000        0.0000000000
     3298.0000000000        0.0000000000        0.0000000000
     3299.0000000000        0.0000000000        0.0000000000
     3300.0000000000        0.0000000000        0.0000000000
     3301.0000000000        0.0000000000        0.0000000000
     3302.0000000000        0.0000000000        0.0000000000
     3303.0000000000        0.0000000000        0.0000000000
     3304.0000000000        0.0000000000        0.0000000000
     3305.0000000000        0.0000000000        0.0000000000
     3306.0000000000        0.0000000000        0.0000000000
     3307.0000000000        0.0000000000        0.0000000000
     3308.0000000000        0.0000000000        0.0000000000
     3309.0000000000        0.0000000000        0.0000000000
     3310.0000000000        0.0000000000        0.0000000000
     3311.0000000000        0.0000000000        0.0000000000
     3312.0000000000        0.0000000000        0.0000000000
     3313.0000000000        0.0000000000        0.0000000000
     3314.0000000000        0.0000000000        0.0000000000
     3315.0000000000        0.0000000000        0.0000000000
     3316.0000000000        0.0000000000        0.0000000000
     3317.0000000000        0.0000000000        0.0000000000
     3318.0000000000        0.0000000000        0.0000000000
     3319.0000000000        0.0000000000        0.0000000000
     3320.0000000000        0.0000000000        0.0000000000
     3321.0000000000        0.0000000000        0.0000000000
     3322.0000000000        0.0000000000        0.0000000000
     3323.0000000000        0.0000000000        0.0000000000
     3324.0000000000        0.0000000000        0.0000000000
     3325.0000000000        0.0000000000        0.0000000000
     3326.0000000000        0.0000000000        0.0000000000
     3327.0000000000        0.0000000000        0.0000000000
     3328.0000000000        0.0000000000        0.0000000000
     3329.0000000000        0.0000000000        0.0000000000
     3330.0000000000        0.0000000000        0.0000000000
     3331.0000000000        0.0000000000        0.0000000000
     3332.0000000000        0.0000000000        0.0000000000
     3333.0000000000        0.0000000000        0.0000000000
     3334.0000000000        0.0000000000        0.0000000000
     3335.0000000000        0.0000000000        0.0000000000
     3336.0000000000        0.0000000000        0.0000000000
     3337.0000000000        0.0000000000        0.0000000000
     3338.0000000000        0.0000000000        0.0000000000
     3339.0000000000        0.0000000000        0.0000000000
     3340.0000000000        0.0000000000        0.0000000000
     3341.0000000000        0.0000000000        0.0000000000
     3342.0000000000        0.0000000000        0.0000000000
     3343.0000000000        0.0000000000        0.0000000000
     3344.0000000000        0.0000000000        0.0000000000
     3345.0000000000        0.0000000000        0.0000000000
     3346.0000000000        0.0000000000        0.0000000000
     3347.0000000000        0.0000000000        0.0000000000
     3348.0000000000        0.0000000000        0.0000000000
     3349.0000000000        0.0000000000        0.0000000000
     3350.0000000000        0.0000000000        0.0000000000
     3351.0000000000        0.0000000000        0.0000000000
     3352.0000000000        0.0000000000        0.0000000000
     3353.0000000000        0.0000000000        0.0000000000
     3354.0000000000        0.0000000000        0.0000000000
     3355.0000000000        0.0000000000        0.0000000000
     3356.0000000000        0.0000000000        0.0000000000
     3357.0000000000        0.0000000000        0.0000000000
     3358.0000000000        0.0000000000        0.0000000000
     3359.0000000000        0.0000000000        0.0000000000
     3360.0000000000        0.0000000000        0.0000000000
     3361.0000000000        0.0000000000        0.0000000000
     3362.0000000000        0.0000000000        0.0000000000
     3363.0000000000        0.0000000000        0.0000000000
     3364.0000000000        0.0000000000        0.0000000000
     3365.0000000000        0.0000000000        0.0000000000
     3366.0000000000        0.0000000000        0.0000000000
     3367.0000000000        0.0000000000        0.0000000000
     3368.0000000000        0.0000000000        0.0000000000
     3369.0000000000        0.0000000000        0.0000000000
     3370.0000000000        0.0000000000        0.0000000000
     3371.0000000000        0.0000000000        0.0000000000
     3372.0000000000        0.0000000000        0.0000000000
     3373.0000000000        0.0000000000        0.0000000000
     3374.0000000000        0.0000000000        0.0000000000
     3375.0000000000        0.0000000000        0.0000000000
     3376.0000000000        0.0000000000        0.0000000000
     3377.0000000000        0.0000000000        0.0000000000
     3378.0000000000        0.0000000000        0.0000000000
     3379.0000000000        0.0000000000        0.0000000000
     3380.0000000000        0.0000000000        0.0000000000
     3381.0000000000        0.0000000000        0.0000000000
     3382.0000000000        0.0000000000        0.0000000000
     3383.0000000000        0.0000000000        0.0000000000
     3384.0000000000        0.0000000000        0.0000000000
     3385.0000000000        0.0000000000        0.0000000000
     3386.0000000000        0.0000000000        0.0000000000
     3387.0000000000        0.0000000000        0.0000000000
     3388.0000000000        0.0000000000        0.0000000000
     3389.0000000000        0.0000000000        0.0000000000
     3390.0000000000        0.0000000000        0.0000000000
     3391.0000000000        0.0000000000        0.0000000000
     3392.0000000000        0.0000000000        0.0000000000
     3393.0000000000        0.0000000000        0.0000000000
     3394.0000000000        0.0000000000        0.0000000000
     3395.0000000000        0.0000000000        0.0000000000
     3396.0000000000        0.0000000000        0.0000000000
     3397.0000000000        0.0000000000        0.0000000000
     3398.0000000000        0.0000000000        0.0000000000
     3399.0000000000        0.0000000000        0.0000000000
     3400.0000000000        0.0000000000        0.0000000000
     3401.0000000000        0.0000000000        0.0000000000
     3402.0000000000        0.0000000000        0.0000000000
     3403.0000000000        0.0000000000        0.0000000000
     3404.0000000000        0.0000000000        0.0000000000
     3405.0000000000        0.0000000000        0.0000000000
     3406.0000000000        0.0000000000        0.0000000000
     3407.0000000000        0.0000000000        0.0000000000
     3408.0000000000        0.0000000000        0.0000000000
     3409.0000000000        0.0000000000        0.0000000000
     3410.0000000000        0.0000000000        0.0000000000
     3411.0000000000        0.0000000000        0.0000000000
     3412.0000000000        0.0000000000        0.0000000000
     3413.0000000000        0.0000000000        0.0000000000
     3414.0000000000        0.0000000000        0.0000000000
     3415.0000000000        0.0000000000        0.0000000000
     3416.0000000000        0.0000000000        0.0000000000
     3417.0000000000        0.0000000000        0.0000000000
     3418.0000000000        0.0000000000        0.0000000000
     3419.0000000000        0.0000000000        0.0000000000
     3420.0000000000        0.0000000000        0.0000000000
     3421.0000000000        0.0000000000        0.0000000000
     3422.0000000000        0.0000000000        0.0000000000
     3423.0000000000        0.0000000000        0.0000000000
     3424.0000000000        0.0000000000        0.0000000000
     3425.0000000000        0.0000000000        0.0000000000
     3426.0000000000        0.0000000000        0.0000000000
     3427.0000000000        0.0000000000        0.0000000000
     3428.0000000000        0.0000000000        0.0000000000
     3429.0000000000        0.0000000000        0.0000000000
     3430.0000000000        0.0000000000        0.0000000000
     3431.0000000000        0.0000000000        0.0000000000
     3432.0000000000        0.0000000000        0.0000000000
     3433.0000000000        0.0000000000        0.0000000000
     3434.0000000000        0.0000000000        0.0000000000
     3435.0000000000        0.0000000000        0.0000000000
     3436.0000000000        0.0000000000        0.0000000000
     3437.0000000000        0.0000000000        0.0000000000
     3438.0000000000        0.0000000000        0.0000000000
     3439.0000000000        0.0000000000        0.0000000000
     3440.0000000000        0.0000000000        0.0000000000
     3441.0000000000        0.0000000000        0.0000000000
     3442.0000000000        0.0000000000        0.0000000000
     3443.0000000000        0.0000000000        0.0000000000
     3444.0000000000        0.0000000000        0.0000000000
     3445.0000000000        0.0000000000        0.0000000000
     3446.0000000000        0.0000000000        0.0000000000
     3447.0000000000        0.0000000000        0.0000000000
     3448.0000000000        0.0000000000        0.0000000000
     3449.0000000000        0.0000000000        0.0000000000
     3450.0000000000        0.0000000000        0.0000000000
     3451.0000000000        0.0000000000        0.0000000000
     3452.0000000000        0.0000000000        0.0000000000
     3453.0000000000        0.0000000000        0.0000000000
     3454.0000000000        0.0000000000        0.0000000000
     3455.0000000000        0.0000000000        0.0000000000
     3456.0000000000        0.0000000000        0.0000000000
     3457.0000000000        0.0000000000        0.0000000000
     3458.0000000000        0.0000000000        0.0000000000
     3459.0000000000        0.0000000000        0.0000000000
     3460.0000000000        0.0000000000        0.0000000000
     3461.0000000000        0.0000000000        0.0000000000
     3462.0000000000        0.0000000000        0.0000000000
     3463.0000000000        0.0000000000        0.0000000000
     3464.0000000000        0.0000000000        0.0000000000
     3465.0000000000        0.0000000000        0.0000000000
     3466.0000000000        0.0000000000        0.0000000000
     3467.0000000000        0.0000000000        0.0000000000
     3468.0000000000        0.0000000000        0.0000000000
     3469.0000000000        0.0000000000        0.0000000000
     3470.0000000000        0.0000000000        0.0000000000
     3471.0000000000        0.0000000000        0.0000000000
     3472.0000000000        0.0000000000        0.0000000000
     3473.0000000000        0.0000000000        0.0000000000
     3474.0000000000        0.0000000000        0.0000000000
     3475.0000000000        0.0000000000        0.0000000000
     3476.0000000000        0.0000000000        0.0000000000
     3477.0000000000        0.0000000000        0.0000000000
     3478.0000000000        0.0000000000        0.0000000000
     3479.0000000000        0.0000000000        0.0000000000
     3480.0000000000        0.0000000000        0.0000000000
     3481.0000000000        0.0000000000        0.0000000000
     3482.0000000000        0.0000000000        0.0000000000
     3483.0000000000        0.0000000000        0.0000000000
     3484.0000000000        0.0000000000        0.0000000000
     3485.0000000000        0.0000000000        0.0000000000
     3486.0000000000        0.0000000000        0.0000000000
     3487.0000000000        0.0000000000        0.0000000000
     3488.0000000000        0.0000000000        0.0000000000
     3489.0000000000        0.0000000000        0.0000000000
     3490.0000000000        0.0000000000        0.0000000000
     3491.0000000000        0.0000000000        0.0000000000
     3492.0000000000        0.0000000000        0.0000000000
     3493.0000000000        0.0000000000        0.0000000000
     3494.0000000000        0.0000000000        0.0000000000
     3495.0000000000        0.0000000000        0.0000000000
     3496.0000000000        0.0000000000        0.0000000000
     3497.0000000000        0.0000000000        0.0000000000
     3498.0000000000        0.0000000000        0.0000000000
     3499.0000000000        0.0000000000        0.0000000000
     3500.0000000000        0.0000000000        0.0000000000
     3501.0000000000        0.0000000000        0.0000000000
     3502.0000000000        0.0000000000        0.0000000000
     3503.0000000000        0.0000000000        0.0000000000
     3504.0000000000        0.0000000000        0.0000000000
     3505.0000000000        0.0000000000        0.0000000000
     3506.0000000000        0.0000000000        0.0000000000
     3507.0000000000        0.0000000000        0.0000000000
     3508.0000000000        0.0000000000        0.0000000000
     3509.0000000000        0.0000000000        0.0000000000
     3510.0000000000        0.0000000000        0.0000000000
     3511.0000000000        0.0000000000        0.0000000000
     3512.0000000000        0.0000000000        0.0000000000
     3513.0000000000        0.0000000000        0.0000000000
     3514.0000000000        0.0000000000        0.0000000000
     3515.0000000000        0.0000000000        0.0000000000
     3516.0000000000        0.0000000000        0.0000000000
     3517.0000000000        0.0000000000        0.0000000000
     3518.0000000000        0.0000000000        0.0000000000
     3519.0000000000        0.0000000000        0.0000000000
     3520.0000000000        0.0000000000        0.0000000000
     3521.0000000000        0.0000000000        0.0000000000
     3522.0000000000        0.0000000000        0.0000000000
     3523.0000000000        0.0000000000        0.0000000000
     3524.0000000000        0.0000000000        0.0000000000
     3525.0000000000        0.0000000000        0.0000000000
     3526.0000000000        0.0000000000        0.0000000000
     3527.0000000000        0.0000000000        0.0000000000
     3528.0000000000        0.0000000000        0.0000000000
     3529.0000000000        0.0000000000        0.0000000000
     3530.0000000000        0.0000000000        0.0000000000
     3531.0000000000        0.0000000000        0.0000000000
     3532.0000000000        0.0000000000        0.0000000000
     3533.0000000000        0.0000000000        0.0000000000
     3534.0000000000        0.0000000000        0.0000000000
     3535.0000000000        0.0000000000        0.0000000000
     3536.0000000000        0.0000000000        0.0000000000
     3537.0000000000        0.0000000000        0.0000000000
     3538.0000000000        0.0000000000        0.0000000000
     3539.0000000000        0.0000000000        0.0000000000
     3540.0000000000        0.0000000000        0.0000000000
     3541.0000000000        0.0000000000        0.0000000000
     3542.0000000000        0.0000000000        0.0000000000
     3543.0000000000        0.0000000000        0.0000000000
     3544.0000000000        0.0000000000        0.0000000000
     3545.0000000000        0.0000000000        0.0000000000
     3546.0000000000        0.0000000000        0.0000000000
     3547.0000000000        0.0000000000        0.0000000000
     3548.0000000000        0.0000000000        0.0000000000
     3549.0000000000        0.0000000000        0.0000000000
     3550.0000000000        0.0000000000        0.0000000000
     3551.0000000000        0.0000000000        0.0000000000
     3552.0000000000        0.0000000000        0.0000000000
     3553.0000000000        0.0000000000        0.0000000000
     3554.0000000000        0.0000000000        0.0000000000
     3555.0000000000        0.0000000000        0.0000000000
     3556.0000000000        0.0000000000        0.0000000000
     3557.0000000000        0.0000000000        0.0000000000
     3558.0000000000        0.0000000000        0.0000000000
     3559.0000000000        0.0000000000        0.0000000000
     3560.0000000000        0.0000000000        0.0000000000
     3561.0000000000        0.0000000000        0.0000000000
     3562.0000000000        0.0000000000        0.0000000000
     3563.0000000000        0.0000000000        0.0000000000
     3564.0000000000        0.0000000000        0.0000000000
     3565.0000000000        0.0000000000        0.0000000000
     3566.0000000000        0.0000000000        0.0000000000
     3567.0000000000        0.0000000000        0.0000000000
     3568.0000000000        0.0000000000        0.0000000000
     3569.0000000000        0.0000000000        0.0000000000
     3570.0000000000        0.0000000000        0.0000000000
     3571.0000000000        0.0000000000        0.0000000000
     3572.0000000000        0.0000000000        0.0000000000
     3573.0000000000        0.0000000000        0.0000000000
     3574.0000000000        0.0000000000        0.0000000000
     3575.0000000000        0.0000000000        0.0000000000
     3576.0000000000        0.0000000000        0.0000000000
     3577.0000000000        0.0000000000        0.0000000000
     3578.0000000000        0.0000000000        0.0000000000
     3579.0000000000        0.0000000000        0.0000000000
     3580.0000000000        0.0000000000        0.0000000000
     3581.0000000000        0.0000000000        0.0000000000
     3582.0000000000        0.0000000000        0.0000000000
     3583.0000000000        0.0000000000        0.0000000000
     3584.0000000000        0.0000000000        0.0000000000
     3585.0000000000        0.0000000000        0.0000000000
     3586.0000000000        0.0000000000        0.0000000000
     3587.0000000000        0.0000000000        0.0000000000
     3588.0000000000        0.0000000000        0.0000000000
     3589.0000000000        0.0000000000        0.0000000000
     3590.0000000000        0.0000000000        0.0000000000
     3591.0000000000        0.0000000000        0.0000000000
     3592.0000000000        0.0000000000        0.0000000000
     3593.0000000000        0.0000000000        0.0000000000
     3594.0000000000        0.0000000000        0.0000000000
     3595.0000000000        0.0000000000        0.0000000000
     3596.0000000000        0.0000000000        0.0000000000
     3597.0000000000        0.0000000000        0.0000000000
     3598.0000000000        0.0000000000        0.0000000000
     3599.0000000000        0.0000000000        0.0000000000
     3600.0000000000        0.0000000000        0.0000000000
     3601.0000000000        0.0000000000        0.0000000000
     3602.0000000000        0.0000000000        0.0000000000
     3603.0000000000        0.0000000000        0.0000000000
     3604.0000000000        0.0000000000        0.0000000000
     3605.0000000000        0.0000000000        0.0000000000
     3606.0000000000        0.0000000000        0.0000000000
     3607.0000000000        0.0000000000        0.0000000000
     3608.0000000000        0.0000000000        0.0000000000
     3609.0000000000        0.0000000000        0.0000000000
     3610.0000000000        0.0000000000        0.0000000000
     3611.0000000000        0.0000000000        0.0000000000
     3612.0000000000        0.0000000000        0.0000000000
     3613.0000000000        0.0000000000        0.0000000000
     3614.0000000000        0.0000000000        0.0000000000
     3615.0000000000        0.0000000000        0.0000000000
     3616.0000000000        0.0000000000        0.0000000000
     3617.0000000000        0.0000000000        0.0000000000
     3618.0000000000        0.0000000000        0.0000000000
     3619.0000000000        0.0000000000        0.0000000000
     3620.0000000000        0.0000000000        0.0000000000
     3621.0000000000        0.0000000000        0.0000000000
     3622.0000000000        0.0000000000        0.0000000000
     3623.0000000000        0.0000000000        0.0000000000
     3624.0000000000        0.0000000000        0.0000000000
     3625.0000000000        0.0000000000        0.0000000000
     3626.0000000000        0.0000000000        0.0000000000
     3627.0000000000        0.0000000000        0.0000000000
     3628.0000000000        0.0000000000        0.0000000000
     3629.0000000000        0.0000000000        0.0000000000
     3630.0000000000        0.0000000000        0.0000000000
     3631.0000000000        0.0000000000        0.0000000000
     3632.0000000000        0.0000000000        0.0000000000
     3633.0000000000        0.0000000000        0.0000000000
     3634.0000000000        0.0000000000        0.0000000000
     3635.0000000000        0.0000000000        0.0000000000
     3636.0000000000        0.0000000000        0.0000000000
     3637.0000000000        0.0000000000        0.0000000000
     3638.0000000000        0.0000000000        0.0000000000
     3639.0000000000        0.0000000000        0.0000000000
     3640.0000000000        0.0000000000        0.0000000000
     3641.0000000000        0.0000000000        0.0000000000
     3642.0000000000        0.0000000000        0.0000000000
     3643.0000000000        0.0000000000        0.0000000000
     3644.0000000000        0.0000000000        0.0000000000
     3645.0000000000        0.0000000000        0.0000000000
     3646.0000000000        0.0000000000        0.0000000000
     3647.0000000000        0.0000000000        0.0000000000
     3648.0000000000        0.0000000000        0.0000000000
     3649.0000000000        0.0000000000        0.0000000000
     3650.0000000000        0.0000000000        0.0000000000
     3651.0000000000        0.0000000000        0.0000000000
     3652.0000000000        0.0000000000        0.0000000000
     3653.0000000000        0.0000000000        0.0000000000
     3654.0000000000        0.0000000000        0.0000000000
     3655.0000000000        0.0000000000        0.0000000000
     3656.0000000000        0.0000000000        0.0000000000
     3657.0000000000        0.0000000000        0.0000000000
     3658.0000000000        0.0000000000        0.0000000000
     3659.0000000000        0.0000000000        0.0000000000
     3660.0000000000        0.0000000000        0.0000000000
     3661.0000000000        0.0000000000        0.0000000000
     3662.0000000000        0.0000000000        0.0000000000
     3663.0000000000        0.0000000000        0.0000000000
     3664.0000000000        0.0000000000        0.0000000000
     3665.0000000000        0.0000000000        0.0000000000
     3666.0000000000        0.0000000000        0.0000000000
     3667.0000000000        0.0000000000        0.0000000000
     3668.0000000000        0.0000000000        0.0000000000
     3669.0000000000        0.0000000000        0.0000000000
     3670.0000000000        0.0000000000        0.0000000000
     3671.0000000000        0.0000000000        0.0000000000
     3672.0000000000        0.0000000000        0.0000000000
     3673.0000000000        0.0000000000        0.0000000000
     3674.0000000000        0.0000000000        0.0000000000
     3675.0000000000        0.0000000000        0.0000000000
     3676.0000000000        0.0000000000        0.0000000000
     3677.0000000000        0.0000000000        0.0000000000
     3678.0000000000        0.0000000000        0.0000000000
     3679.0000000000        0.0000000000        0.0000000000
     3680.0000000000        0.0000000000        0.0000000000
     3681.0000000000        0.0000000000        0.0000000000
     3682.0000000000        0.0000000000        0.0000000000
     3683.0000000000        0.0000000000        0.0000000000
     3684.0000000000        0.0000000000        0.0000000000
     3685.0000000000        0.0000000000        0.0000000000
     3686.0000000000        0.0000000000        0.0000000000
     3687.0000000000        0.0000000000        0.0000000000
     3688.0000000000        0.0000000000        0.0000000000
     3689.0000000000        0.0000000000        0.0000000000
     3690.0000000000        0.0000000000        0.0000000000
     3691.0000000000        0.0000000000        0.0000000000
     3692.0000000000        0.0000000000        0.0000000000
     3693.0000000000        0.0000000000        0.0000000000
     3694.0000000000        0.0000000000        0.0000000000
     3695.0000000000        0.0000000000        0.0000000000
     3696.0000000000        0.0000000000        0.0000000000
     3697.0000000000        0.0000000000        0.0000000000
     3698.0000000000        0.0000000000        0.0000000000
     3699.0000000000        0.0000000000        0.0000000000
     3700.0000000000        0.0000000000        0.0000000000
     3701.0000000000        0.0000000000        0.0000000000
     3702.0000000000        0.0000000000        0.0000000000
     3703.0000000000        0.0000000000        0.0000000000
     3704.0000000000        0.0000000000        0.0000000000
     3705.0000000000        0.0000000000        0.0000000000
     3706.0000000000        0.0000000000        0.0000000000
     3707.0000000000        0.0000000000        0.0000000000
     3708.0000000000        0.0000000000        0.0000000000
     3709.0000000000        0.0000000000        0.0000000000
     3710.0000000000        0.0000000000        0.0000000000
     3711.0000000000        0.0000000000        0.0000000000
     3712.0000000000        0.0000000000        0.0000000000
     3713.0000000000        0.0000000000        0.0000000000
     3714.0000000000        0.0000000000        0.0000000000
     3715.0000000000        0.0000000000        0.0000000000
     3716.0000000000        0.0000000000        0.0000000000
     3717.0000000000        0.0000000000        0.0000000000
     3718.0000000000        0.0000000000        0.0000000000
     3719.0000000000        0.0000000000        0.0000000000
     3720.0000000000        0.0000000000        0.0000000000
     3721.0000000000        0.0000000000        0.0000000000
     3722.0000000000        0.0000000000        0.0000000000
     3723.0000000000        0.0000000000        0.0000000000
     3724.0000000000        0.0000000000        0.0000000000
     3725.0000000000        0.0000000000        0.0000000000
     3726.0000000000        0.0000000000        0.0000000000
     3727.0000000000        0.0000000000        0.0000000000
     3728.0000000000        0.0000000000        0.0000000000
     3729.0000000000        0.0000000000        0.0000000000
     3730.0000000000        0.0000000000        0.0000000000
     3731.0000000000        0.0000000000        0.0000000000
     3732.0000000000        0.0000000000        0.0000000000
     3733.0000000000        0.0000000000        0.0000000000
     3734.0000000000        0.0000000000        0.0000000000
     3735.0000000000        0.0000000000        0.0000000000
     3736.0000000000        0.0000000000        0.0000000000
     3737.0000000000        0.0000000000        0.0000000000
     3738.0000000000        0.0000000000        0.0000000000
     3739.0000000000        0.0000000000        0.0000000000
     3740.0000000000        0.0000000000        0.0000000000
     3741.0000000000        0.0000000000        0.0000000000
     3742.0000000000        0.0000000000        0.0000000000
     3743.0000000000        0.0000000000        0.0000000000
     3744.0000000000        0.0000000000        0.0000000000
     3745.0000000000        0.0000000000        0.0000000000
     3746.0000000000        0.0000000000        0.0000000000
     3747.0000000000        0.0000000000        0.0000000000
     3748.0000000000        0.0000000000        0.0000000000
     3749.0000000000        0.0000000000        0.0000000000
     3750.0000000000        0.0000000000        0.0000000000
     3751.0000000000        0.0000000000        0.0000000000
     3752.0000000000        0.0000000000        0.0000000000
     3753.0000000000        0.0000000000        0.0000000000
     3754.0000000000        0.0000000000        0.0000000000
     3755.0000000000        0.0000000000        0.0000000000
     3756.0000000000        0.0000000000        0.0000000000
     3757.0000000000        0.0000000000        0.0000000000
     3758.0000000000        0.0000000000        0.0000000000
     3759.0000000000        0.0000000000        0.0000000000
     3760.0000000000        0.0000000000        0.0000000000
     3761.0000000000        0.0000000000        0.0000000000
     3762.0000000000        0.0000000000        0.0000000000
     3763.0000000000        0.0000000000        0.0000000000
     3764.0000000000        0.0000000000        0.0000000000
     3765.0000000000        0.0000000000        0.0000000000
     3766.0000000000        0.0000000000        0.0000000000
     3767.0000000000        0.0000000000        0.0000000000
     3768.0000000000        0.0000000000        0.0000000000
     3769.0000000000        0.0000000000        0.0000000000
     3770.0000000000        0.0000000000        0.0000000000
     3771.0000000000        0.0000000000        0.0000000000
     3772.0000000000        0.0000000000        0.0000000000
     3773.0000000000        0.0000000000        0.0000000000
     3774.0000000000        0.0000000000        0.0000000000
     3775.0000000000        0.0000000000        0.0000000000
     3776.0000000000        0.0000000000        0.0000000000
     3777.0000000000        0.0000000000        0.0000000000
     3778.0000000000        0.0000000000        0.0000000000
     3779.0000000000        0.0000000000        0.0000000000
     3780.0000000000        0.0000000000        0.0000000000
     3781.0000000000        0.0000000000        0.0000000000
     3782.0000000000        0.0000000000        0.0000000000
     3783.0000000000        0.0000000000        0.0000000000
     3784.0000000000        0.0000000000        0.0000000000
     3785.0000000000        0.0000000000        0.0000000000
     3786.0000000000        0.0000000000        0.0000000000
     3787.0000000000        0.0000000000        0.0000000000
     3788.0000000000        0.0000000000        0.0000000000
     3789.0000000000        0.0000000000        0.0000000000
     3790.0000000000        0.0000000000        0.0000000000
     3791.0000000000        0.0000000000        0.0000000000
     3792.0000000000        0.0000000000        0.0000000000
     3793.0000000000        0.0000000000        0.0000000000
     3794.0000000000        0.0000000000        0.0000000000
     3795.0000000000        0.0000000000        0.0000000000
     3796.0000000000        0.0000000000        0.0000000000
     3797.0000000000        0.0000000000        0.0000000000
     3798.0000000000        0.0000000000        0.0000000000
     3799.0000000000        0.0000000000        0.0000000000
     3800.0000000000        0.0000000000        0.0000000000
     3801.0000000000        0.0000000000        0.0000000000
     3802.0000000000        0.0000000000        0.0000000000
     3803.0000000000        0.0000000000        0.0000000000
     3804.0000000000        0.0000000000        0.0000000000
     3805.0000000000        0.0000000000        0.0000000000
     3806.0000000000        0.0000000000        0.0000000000
     3807.0000000000        0.0000000000        0.0000000000
     3808.0000000000        0.0000000000        0.0000000000
     3809.0000000000        0.0000000000        0.0000000000
     3810.0000000000        0.0000000000        0.0000000000
     3811.0000000000        0.0000000000        0.0000000000
     3812.0000000000        0.0000000000        0.0000000000
     3813.0000000000        0.0000000000        0.0000000000
     3814.0000000000        0.0000000000        0.0000000000
     3815.0000000000        0.0000000000        0.0000000000
     3816.0000000000        0.0000000000        0.0000000000
     3817.0000000000        0.0000000000        0.0000000000
     3818.0000000000        0.0000000000        0.0000000000
     3819.0000000000        0.0000000000        0.0000000000
     3820.0000000000        0.0000000000        0.0000000000
     3821.0000000000        0.0000000000        0.0000000000
     3822.0000000000        0.0000000000        0.0000000000
     3823.0000000000        0.0000000000        0.0000000000
     3824.0000000000        0.0000000000        0.0000000000
     3825.0000000000        0.0000000000        0.0000000000
     3826.0000000000        0.0000000000        0.0000000000
     3827.0000000000        0.0000000000        0.0000000000
     3828.0000000000        0.0000000000        0.0000000000
     3829.0000000000        0.0000000000        0.0000000000
     3830.0000000000        0.0000000000        0.0000000000
     3831.0000000000        0.0000000000        0.0000000000
     3832.0000000000        0.0000000000        0.0000000000
     3833.0000000000        0.0000000000        0.0000000000
     3834.0000000000        0.0000000000        0.0000000000
     3835.0000000000        0.0000000000        0.0000000000
     3836.0000000000        0.0000000000        0.0000000000
     3837.0000000000        0.0000000000        0.0000000000
     3838.0000000000        0.0000000000        0.0000000000
     3839.0000000000        0.0000000000        0.0000000000
     3840.0000000000        0.0000000000        0.0000000000
     3841.0000000000        0.0000000000        0.0000000000
     3842.0000000000        0.0000000000        0.0000000000
     3843.0000000000        0.0000000000        0.0000000000
     3844.0000000000        0.0000000000        0.0000000000
     3845.0000000000        0.0000000000        0.0000000000
     3846.0000000000        0.0000000000        0.0000000000
     3847.0000000000        0.0000000000        0.0000000000
     3848.0000000000        0.0000000000        0.0000000000
     3849.0000000000        0.0000000000        0.0000000000
     3850.0000000000        0.0000000000        0.0000000000
     3851.0000000000        0.0000000000        0.0000000000
     3852.0000000000        0.0000000000        0.0000000000
     3853.0000000000        0.0000000000        0.0000000000
     3854.0000000000        0.0000000000        0.0000000000
     3855.0000000000        0.0000000000        0.0000000000
     3856.0000000000        0.0000000000        0.0000000000
     3857.0000000000        0.0000000000        0.0000000000
     3858.0000000000        0.0000000000        0.0000000000
     3859.0000000000        0.0000000000        0.0000000000
     3860.0000000000        0.0000000000        0.0000000000
     3861.0000000000        0.0000000000        0.0000000000
     3862.0000000000        0.0000000000        0.0000000000
     3863.0000000000        0.0000000000        0.0000000000
     3864.0000000000        0.0000000000        0.0000000000
     3865.0000000000        0.0000000000        0.0000000000
     3866.0000000000        0.0000000000        0.0000000000
     3867.0000000000        0.0000000000        0.0000000000
     3868.0000000000        0.0000000000        0.0000000000
     3869.0000000000        0.0000000000        0.0000000000
     3870.0000000000        0.0000000000        0.0000000000
     3871.0000000000        0.0000000000        0.0000000000
     3872.0000000000        0.0000000000        0.0000000000
     3873.0000000000        0.0000000000        0.0000000000
     3874.0000000000        0.0000000000        0.0000000000
     3875.0000000000        0.0000000000        0.0000000000
     3876.0000000000        0.0000000000        0.0000000000
     3877.0000000000        0.0000000000        0.0000000000
     3878.0000000000        0.0000000000        0.0000000000
     3879.0000000000        0.0000000000        0.0000000000
     3880.0000000000        0.0000000000        0.0000000000
     3881.0000000000        0.0000000000        0.0000000000
     3882.0000000000        0.0000000000        0.0000000000
     3883.0000000000        0.0000000000        0.0000000000
     3884.0000000000        0.0000000000        0.0000000000
     3885.0000000000        0.0000000000        0.0000000000
     3886.0000000000        0.0000000000        0.0000000000
     3887.0000000000        0.0000000000        0.0000000000
     3888.0000000000        0.0000000000        0.0000000000
     3889.0000000000        0.0000000000        0.0000000000
     3890.0000000000        0.0000000000        0.0000000000
     3891.0000000000        0.0000000000        0.0000000000
     3892.0000000000        0.0000000000        0.0000000000
     3893.0000000000        0.0000000000        0.0000000000
     3894.0000000000        0.0000000000        0.0000000000
     3895.0000000000        0.0000000000        0.0000000000
     3896.0000000000        0.0000000000        0.0000000000
     3897.0000000000        0.0000000000        0.0000000000
     3898.0000000000        0.0000000000        0.0000000000
     3899.0000000000        0.0000000000        0.0000000000
     3900.0000000000        0.0000000000        0.0000000000
     3901.0000000000        0.0000000000        0.0000000000
     3902.0000000000        0.0000000000        0.0000000000
     3903.0000000000        0.0000000000        0.0000000000
     3904.0000000000        0.0000000000        0.0000000000
     3905.0000000000        0.0000000000        0.0000000000
     3906.0000000000        0.0000000000        0.0000000000
     3907.0000000000        0.0000000000        0.0000000000
     3908.0000000000        0.0000000000        0.0000000000
     3909.0000000000        0.0000000000        0.0000000000
     3910.0000000000        0.0000000000        0.0000000000
     3911.0000000000        0.0000000000        0.0000000000
     3912.0000000000        0.0000000000        0.0000000000
     3913.0000000000        0.0000000000        0.0000000000
     3914.0000000000        0.0000000000        0.0000000000
     3915.0000000000        0.0000000000        0.0000000000
     3916.0000000000        0.0000000000        0.0000000000
     3917.0000000000        0.0000000000        0.0000000000
     3918.0000000000        0.0000000000        0.0000000000
     3919.0000000000        0.0000000000        0.0000000000
     3920.0000000000        0.0000000000        0.0000000000
     3921.0000000000        0.0000000000        0.0000000000
     3922.0000000000        0.0000000000        0.0000000000
     3923.0000000000        0.0000000000        0.0000000000
     3924.0000000000        0.0000000000        0.0000000000
     3925.0000000000        0.0000000000        0.0000000000
     3926.0000000000        0.0000000000        0.0000000000
     3927.0000000000        0.0000000000        0.0000000000
     3928.0000000000        0.0000000000        0.0000000000
     3929.0000000000        0.0000000000        0.0000000000
     3930.0000000000        0.0000000000        0.0000000000
     3931.0000000000        0.0000000000        0.0000000000
     3932.0000000000        0.0000000000        0.0000000000
     3933.0000000000        0.0000000000        0.0000000000
     3934.0000000000        0.0000000000        0.0000000000
     3935.0000000000        0.0000000000        0.0000000000
     3936.0000000000        0.0000000000        0.0000000000
     3937.0000000000        0.0000000000        0.0000000000
     3938.0000000000        0.0000000000        0.0000000000
     3939.0000000000        0.0000000000        0.0000000000
     3940.0000000000        0.0000000000        0.0000000000
     3941.0000000000        0.0000000000        0.0000000000
     3942.0000000000        0.0000000000        0.0000000000
     3943.0000000000        0.0000000000        0.0000000000
     3944.0000000000        0.0000000000        0.0000000000
     3945.0000000000        0.0000000000        0.0000000000
     3946.0000000000        0.0000000000        0.0000000000
     3947.0000000000        0.0000000000        0.0000000000
     3948.0000000000        0.0000000000        0.0000000000
     3949.0000000000        0.0000000000        0.0000000000
     3950.0000000000        0.0000000000        0.0000000000
     3951.0000000000        0.0000000000        0.0000000000
     3952.0000000000        0.0000000000        0.0000000000
     3953.0000000000        0.0000000000        0.0000000000
     3954.0000000000        0.0000000000        0.0000000000
     3955.0000000000        0.0000000000        0.0000000000
     3956.0000000000        0.0000000000        0.0000000000
     3957.0000000000        0.0000000000        0.0000000000
     3958.0000000000        0.0000000000        0.0000000000
     3959.0000000000        0.0000000000        0.0000000000
     3960.0000000000        0.0000000000        0.0000000000
     3961.0000000000        0.0000000000        0.0000000000
     3962.0000000000        0.0000000000        0.0000000000
     3963.0000000000        0.0000000000        0.0000000000
     3964.0000000000        0.0000000000        0.0000000000
     3965.0000000000        0.0000000000        0.0000000000
     3966.0000000000        0.0000000000        0.0000000000
     3967.0000000000        0.0000000000        0.0000000000
     3968.0000000000        0.0000000000        0.0000000000
     3969.0000000000        0.0000000000        0.0000000000
     3970.0000000000        0.0000000000        0.0000000000
     3971.0000000000        0.0000000000        0.0000000000
     3972.0000000000        0.0000000000        0.0000000000
     3973.0000000000        0.0000000000        0.0000000000
     3974.0000000000        0.0000000000        0.0000000000
     3975.0000000000        0.0000000000        0.0000000000
     3976.0000000000        0.0000000000        0.0000000000
     3977.0000000000        0.0000000000        0.0000000000
     3978.0000000000        0.0000000000        0.0000000000
     3979.0000000000        0.0000000000        0.0000000000
     3980.0000000000        0.0000000000        0.0000000000
     3981.0000000000        0.0000000000        0.0000000000
     3982.0000000000        0.0000000000        0.0000000000
     3983.0000000000        0.0000000000        0.0000000000
     3984.0000000000        0.0000000000        0.0000000000
     3985.0000000000        0.0000000000        0.0000000000
     3986.0000000000        0.0000000000        0.0000000000
     3987.0000000000        0.0000000000        0.0000000000
     3988.0000000000        0.0000000000        0.0000000000
     3989.0000000000        0.0000000000        0.0000000000
     3990.0000000000        0.0000000000        0.0000000000
     3991.0000000000        0.0000000000        0.0000000000
     3992.0000000000        0.0000000000        0.0000000000
     3993.0000000000        0.0000000000        0.0000000000
     3994.0000000000        0.0000000000        0.0000000000
     3995.0000000000        0.0000000000        0.0000000000
     3996.0000000000        0.0000000000        0.0000000000
     3997.0000000000        0.0000000000        0.0000000000
     3998.0000000000        0.0000000000        0.0000000000
     3999.0000000000        0.0000000000        0.0000000000
